ca65 V2.18 - Ubuntu 2.19-1
Main file   : pascal.asm
Current file: pascal.asm

000000r 1               ; pascal.asm — Pascal/65 Compiler for DOS/65
000000r 1               ;
000000r 1               ; Usage: PASCAL <sourcename>
000000r 1               ;   Reads <sourcename>.PAS, writes <sourcename>.PCD
000000r 1               ;
000000r 1               ; Phase 1 entry point and top-level driver only.
000000r 1               ; Lexer, parser, symbol table, and code generator are in separate files
000000r 1               ; included at the bottom of this file.
000000r 1               
000000r 1               .PC02   ; enable 65C02 (bra/phx/plx) for write_pcd etc.
000000r 1                       ; lexer.asm also asserts this; included files
000000r 1                       ; pick it up after lexer.asm runs.
000000r 1               
000000r 1                       .include        "DEFINITIONS.ASM"
000000r 2               ; definitions.asm — constants, token codes, p-code opcodes, macros
000000r 2               
000000r 2               ; ---------------------------------------------------------------------------
000000r 2               ; DOS/65 system entry points
000000r 2               ; ---------------------------------------------------------------------------
000000r 2               PEM_ENTRY       = $0103         ; JSR here; function # in X
000000r 2               WARM_BOOT       = $0100
000000r 2               DEFAULT_FCB     = $0107         ; DOS/65 dflfcb (parsed argument FCB)
000000r 2               DMA_BUF         = $0128         ; DOS/65 dflbuf (default DMA buffer)
000000r 2               
000000r 2               ; PEM function numbers
000000r 2               PEM_CONIN       = 1             ; console input with echo (blocking)
000000r 2               PEM_CONOUT      = 2             ; console output (A=char)
000000r 2               PEM_DIRCON      = 6             ; direct console I/O (BLOCKING — use fn 11 first)
000000r 2               PEM_CONSTAT     = 11            ; console status (non-blocking)
000000r 2               PEM_OPEN        = 15
000000r 2               PEM_CLOSE       = 16
000000r 2               PEM_SEARCH      = 17
000000r 2               PEM_DELETE      = 19
000000r 2               PEM_READ        = 20
000000r 2               PEM_WRITE       = 21
000000r 2               PEM_MAKE        = 22
000000r 2               PEM_SETDMA      = 26            ; set DMA buffer address (A=lo, Y=hi)
000000r 2               
000000r 2               ; ---------------------------------------------------------------------------
000000r 2               ; P-code opcodes
000000r 2               ; ---------------------------------------------------------------------------
000000r 2               
000000r 2               ; --- Constants ---
000000r 2               OP_LDCI         = $00           ; push sign-extended byte constant
000000r 2               OP_LDCW         = $01           ; push word constant (lo, hi)
000000r 2               OP_LDCC         = $02           ; push char constant
000000r 2               OP_LDCB         = $03           ; push boolean constant (0/1)
000000r 2               OP_LDCS         = $04           ; push string constant (len + bytes)
000000r 2               OP_LDCN         = $05           ; push NIL
000000r 2               
000000r 2               ; --- Local variable access ---
000000r 2               OP_LDL          = $10           ; push 16-bit local (byte offset from MP+8)
000000r 2               OP_STL          = $11           ; pop into 16-bit local
000000r 2               OP_LDA_L        = $12           ; push address of local
000000r 2               OP_LDB_L        = $13           ; push byte/char/bool local
000000r 2               OP_STB_L        = $14           ; pop byte into local
000000r 2               
000000r 2               ; --- Global variable access ---
000000r 2               OP_LDG          = $18           ; push 16-bit global (word offset from BASE)
000000r 2               OP_STG          = $19           ; pop into 16-bit global
000000r 2               OP_LDA_G        = $1A           ; push address of global
000000r 2               OP_LDB_G        = $1B           ; push byte global
000000r 2               OP_STB_G        = $1C           ; pop byte into global
000000r 2               
000000r 2               ; --- Indirect / array ---
000000r 2               OP_LDIND        = $20           ; TOS=addr → push word at addr
000000r 2               OP_STIND        = $21           ; NOS=addr, TOS=val → store
000000r 2               OP_LDB_IND      = $22           ; TOS=addr → push byte at addr
000000r 2               OP_STB_IND      = $23           ; NOS=addr, TOS=val → store byte
000000r 2               OP_INDEX        = $24           ; array index: addr=NOS+TOS*elemsize (word follows)
000000r 2               
000000r 2               ; --- Integer arithmetic ---
000000r 2               OP_ADI          = $30
000000r 2               OP_SBI          = $31
000000r 2               OP_MPI          = $32
000000r 2               OP_DVI          = $33
000000r 2               OP_MOD          = $34
000000r 2               OP_NGI          = $35           ; negate
000000r 2               OP_ABI          = $36           ; absolute value
000000r 2               OP_SQI          = $37           ; square
000000r 2               
000000r 2               ; --- Logical / bitwise ---
000000r 2               OP_LAND         = $38
000000r 2               OP_LOR          = $39
000000r 2               OP_LNOT         = $3A           ; logical NOT ($0000 ↔ $FFFF)
000000r 2               OP_BNOT         = $3B           ; bitwise complement
000000r 2               
000000r 2               ; --- Comparison (push $FFFF=true, $0000=false) ---
000000r 2               OP_EQUI         = $40
000000r 2               OP_NEQI         = $41
000000r 2               OP_LESI         = $42
000000r 2               OP_LEQI         = $43
000000r 2               OP_GTRI         = $44
000000r 2               OP_GEQI         = $45
000000r 2               OP_EQUB         = $46           ; byte equality
000000r 2               OP_EQUS         = $47           ; string equality
000000r 2               
000000r 2               ; --- Control flow ---
000000r 2               OP_UJP          = $50           ; unconditional jump (signed word offset)
000000r 2               OP_FJP          = $51           ; jump if false (pop TOS)
000000r 2               OP_TJP          = $52           ; jump if true  (pop TOS)
000000r 2               OP_IXPJP        = $53           ; case jump table
000000r 2               
000000r 2               ; --- Procedure/function calls ---
000000r 2               OP_CALL         = $60           ; call (signed word offset from current IPC)
000000r 2               OP_CALI         = $61           ; call absolute address (word)
000000r 2               OP_RET          = $62           ; return from procedure
000000r 2               OP_RETF         = $63           ; return from function (leave result on stack)
000000r 2               OP_MRKSTK       = $64           ; set up activation record (byte: local size)
000000r 2               OP_DEPSTK       = $65           ; tear down activation record
000000r 2               OP_STR          = $66           ; pop word, store at MP+AR_RET_VAL (function result)
000000r 2               OP_MRKA         = $67           ; mark+gather: bytes pcount, lsize_extra.
000000r 2                                               ; pcount values on TOS become local slots 0..pcount-1
000000r 2                                               ; in the new frame; lsize_extra reserves body-local space.
000000r 2               
000000r 2               ; --- Heap ---
000000r 2               OP_NEW          = $70           ; allocate (word size follows); push pointer
000000r 2               OP_DISP         = $71           ; free pointer on TOS
000000r 2               
000000r 2               ; --- I/O ---
000000r 2               OP_WRITI        = $80           ; write integer
000000r 2               OP_WRITC        = $81           ; write character
000000r 2               OP_WRITB        = $82           ; write boolean
000000r 2               OP_WRITS        = $83           ; write string
000000r 2               OP_WRITLN       = $84           ; write newline
000000r 2               OP_READI        = $85           ; read integer
000000r 2               OP_READC        = $86           ; read character
000000r 2               OP_READS        = $87           ; read string
000000r 2               OP_WRITR        = $88           ; write real (signed fixed-point, scale 100)
000000r 2               OP_READR        = $89           ; read real  (signed fixed-point, scale 100)
000000r 2               
000000r 2               ; --- Stack manipulation ---
000000r 2               OP_DUP          = $90
000000r 2               OP_POP          = $91
000000r 2               OP_SWAP         = $92
000000r 2               OP_MOVS         = $93           ; copy n bytes (byte count follows)
000000r 2               
000000r 2               ; --- String built-ins ---
000000r 2               OP_LEN          = $A0           ; TOS=strptr -> TOS=length (int)
000000r 2               OP_POS          = $A1           ; NOS=substr, TOS=str -> TOS=1-based pos (0=not found)
000000r 2               OP_COPY         = $A2           ; NNOS=str, NOS=index, TOS=count -> TOS=result strptr
000000r 2               OP_CONCAT       = $A3           ; NOS=s1, TOS=s2 -> TOS=result strptr
000000r 2               OP_INSET        = $A4           ; NOS=elem, TOS=setmask -> TOS=membership bool
000000r 2               OP_MPR          = $A5           ; real multiply (signed fixed-point, scale 100)
000000r 2               OP_DVR          = $A6           ; real divide   (signed fixed-point, scale 100)
000000r 2               
000000r 2               ; --- TEXT file I/O ---
000000r 2               ; All file ops take a file-struct pointer (NOS / TOS).
000000r 2               OP_FASSGN       = $B0           ; NOS=fileptr, TOS=strptr (filename) -> set FCB
000000r 2               OP_FRESET       = $B1           ; TOS=fileptr -> open existing for reading
000000r 2               OP_FREWRT       = $B2           ; TOS=fileptr -> create/truncate for writing
000000r 2               OP_FCLOSE       = $B3           ; TOS=fileptr -> flush and close
000000r 2               OP_FWRC         = $B4           ; NOS=fileptr, TOS=char -> append char
000000r 2               OP_FWRS         = $B5           ; NOS=fileptr, TOS=strptr -> append string
000000r 2               OP_FWRI         = $B6           ; NOS=fileptr, TOS=int   -> append decimal
000000r 2               OP_FWLN         = $B7           ; TOS=fileptr -> append CR+LF
000000r 2               OP_FRDC         = $B8           ; NOS=fileptr, TOS=charvar addr -> read char
000000r 2               OP_FRDI         = $B9           ; NOS=fileptr, TOS=intvar  addr -> read decimal int
000000r 2               OP_FRDLN        = $BA           ; TOS=fileptr -> skip remaining chars to end-of-line
000000r 2               OP_FEOF         = $BB           ; TOS=fileptr -> push EOF flag (0=false, $FFFF=true)
000000r 2               OP_FAPPND       = $BC           ; TOS=fileptr -> open/create for append at EOF
000000r 2               OP_FRDS         = $BD           ; NOS=fileptr, TOS=strvar addr -> read string to EOL
000000r 2               OP_FWRB         = $BE           ; NOS=fileptr, TOS=bool -> append "TRUE"/"FALSE"
000000r 2               OP_FEOLN        = $BF           ; TOS=fileptr -> push EOLN flag (true if at CR/LF/EOF)
000000r 2               OP_FWRR         = $C0           ; NOS=fileptr, TOS=real -> append fixed-point decimal
000000r 2               OP_FRDR         = $C1           ; NOS=fileptr, TOS=realvar addr -> read fixed-point decimal
000000r 2               
000000r 2               ; TEXT-file struct layout (168 bytes per variable)
000000r 2               F_FCB           = 0             ; 36 bytes
000000r 2               F_BUF           = 36            ; 128 bytes
000000r 2               F_MODE          = 164           ; 0=closed, 1=read, 2=write
000000r 2               F_POS           = 165           ; 0..127 buffer position
000000r 2               F_EOF           = 166           ; 0=more data, 1=EOF reached
000000r 2               F_SPARE         = 167
000000r 2               FILE_STRUCT_SZ  = 168
000000r 2               
000000r 2               F_MODE_CLOSED   = 0
000000r 2               F_MODE_READ     = 1
000000r 2               F_MODE_WRITE    = 2
000000r 2               
000000r 2               CTRL_Z          = $1A           ; CP/M text-file end-of-data marker
000000r 2               
000000r 2               ; --- Halt ---
000000r 2               OP_HALT         = $FF
000000r 2               
000000r 2               ; ---------------------------------------------------------------------------
000000r 2               ; .PCD file magic / version
000000r 2               ; ---------------------------------------------------------------------------
000000r 2               PCD_MAGIC_0     = $50           ; 'P'
000000r 2               PCD_MAGIC_1     = $43           ; 'C'
000000r 2               PCD_VERSION     = $01
000000r 2               
000000r 2               ; PCD header offsets
000000r 2               PCD_MAGIC       = 0
000000r 2               PCD_VER         = 2
000000r 2               PCD_CODESZ      = 4             ; word: code section size
000000r 2               PCD_GLOBSZ      = 6             ; word: global data size
000000r 2               PCD_STRSZ       = 8             ; word: string pool size
000000r 2               PCD_ENTRY       = 10            ; word: entry point offset into code
000000r 2               PCD_HEADER_SZ   = 12
000000r 2               
000000r 2               ; ---------------------------------------------------------------------------
000000r 2               ; Token codes (used by compiler lexer/parser)
000000r 2               ; ---------------------------------------------------------------------------
000000r 2               TOK_EOF         = 0
000000r 2               TOK_IDENT       = 1
000000r 2               TOK_INT         = 2
000000r 2               TOK_STRING      = 3
000000r 2               TOK_CHAR        = 4
000000r 2               TOK_REAL        = 5
000000r 2               
000000r 2               ; Operators / punctuation
000000r 2               TOK_PLUS        = $10           ; +
000000r 2               TOK_MINUS       = $11           ; -
000000r 2               TOK_STAR        = $12           ; *
000000r 2               TOK_SLASH       = $13           ; /
000000r 2               TOK_EQ          = $14           ; =
000000r 2               TOK_NEQ         = $15           ; <>
000000r 2               TOK_LT          = $16           ; <
000000r 2               TOK_GT          = $17           ; >
000000r 2               TOK_LEQ         = $18           ; <=
000000r 2               TOK_GEQ         = $19           ; >=
000000r 2               TOK_ASSIGN      = $1A           ; :=
000000r 2               TOK_LPAREN      = $1B           ; (
000000r 2               TOK_RPAREN      = $1C           ; )
000000r 2               TOK_LBRACK      = $1D           ; [
000000r 2               TOK_RBRACK      = $1E           ; ]
000000r 2               TOK_COMMA       = $1F           ; ,
000000r 2               TOK_SEMICOLON   = $20           ; ;
000000r 2               TOK_COLON       = $21           ; :
000000r 2               TOK_DOT         = $22           ; .
000000r 2               TOK_DOTDOT      = $23           ; ..
000000r 2               TOK_CARET       = $24           ; ^
000000r 2               
000000r 2               ; Keywords
000000r 2               TOK_AND         = $40
000000r 2               TOK_ARRAY       = $41
000000r 2               TOK_BEGIN       = $42
000000r 2               TOK_CASE        = $43
000000r 2               TOK_CONST       = $44
000000r 2               TOK_DIV         = $45
000000r 2               TOK_DO          = $46
000000r 2               TOK_DOWNTO      = $47
000000r 2               TOK_ELSE        = $48
000000r 2               TOK_END         = $49
000000r 2               TOK_FOR         = $4A
000000r 2               TOK_FUNCTION    = $4B
000000r 2               TOK_IF          = $4C
000000r 2               TOK_IN          = $4D
000000r 2               TOK_MOD_KW      = $4E
000000r 2               TOK_NIL         = $4F
000000r 2               TOK_NOT         = $50
000000r 2               TOK_OF          = $51
000000r 2               TOK_OR          = $52
000000r 2               TOK_PROCEDURE   = $53
000000r 2               TOK_PROGRAM     = $54
000000r 2               TOK_RECORD      = $55
000000r 2               TOK_REPEAT      = $56
000000r 2               TOK_SET         = $57
000000r 2               TOK_THEN        = $58
000000r 2               TOK_TO          = $59
000000r 2               TOK_TYPE        = $5A
000000r 2               TOK_UNTIL       = $5B
000000r 2               TOK_VAR         = $5C
000000r 2               TOK_WHILE       = $5D
000000r 2               TOK_WITH        = $5E
000000r 2               TOK_IMPLEMENTATION = $5F
000000r 2               TOK_INTERFACE   = $60
000000r 2               TOK_UNIT        = $61
000000r 2               TOK_USES        = $62
000000r 2               
000000r 2               ; ---------------------------------------------------------------------------
000000r 2               ; Useful macros
000000r 2               ; ---------------------------------------------------------------------------
000000r 2               
000000r 2               ; Call PEM with function number in X
000000r 2               .macro PEM func
000000r 2                       ldx     #func
000000r 2                       jsr     PEM_ENTRY
000000r 2               .endmacro
000000r 2               
000000r 1                       .include        "ZEROPAGE.ASM"
000000r 2               ; zeropage.asm — zero-page variable layout for PASCAL.COM and PRUN.COM
000000r 2               ;
000000r 2               ; Avoid $00-$2F (DOS/65 system), $32 (FARFUNCT), $39-$3A (DOS/65).
000000r 2               ; Safe range: $50-$EF
000000r 2               
000000r 2                       .segment        "ZEROPAGE"
000000r 2               
000000r 2  xx xx xx xx          .RES    $50             ; skip $00-$4F (DOS/65 system zero page)
000004r 2  xx xx xx xx  
000008r 2  xx xx xx xx  
000050r 2               
000050r 2               ; ---------------------------------------------------------------------------
000050r 2               ; P-machine registers — start at $50 as noted in comments below
000050r 2               ; ---------------------------------------------------------------------------
000050r 2               
000050r 2               pm_ipc:
000050r 2  xx xx                .RES    2               ; $50-$51  interpreter program counter
000052r 2               pm_sp:
000052r 2  xx xx                .RES    2               ; $52-$53  p-machine stack pointer
000054r 2               pm_mp:
000054r 2  xx xx                .RES    2               ; $54-$55  mark/frame pointer
000056r 2               pm_base:
000056r 2  xx xx                .RES    2               ; $56-$57  global variable base
000058r 2               pm_np:
000058r 2  xx xx                .RES    2               ; $58-$59  heap top (grows downward)
00005Ar 2               
00005Ar 2               ; General-purpose temporaries
00005Ar 2               tmp0:
00005Ar 2  xx xx                .RES    2               ; $5A-$5B
00005Cr 2               tmp1:
00005Cr 2  xx xx                .RES    2               ; $5C-$5D
00005Er 2               tmp2:
00005Er 2  xx xx                .RES    2               ; $5E-$5F
000060r 2               tmp3:
000060r 2  xx xx                .RES    2               ; $60-$61
000062r 2               
000062r 2               ; Byte-width scratch (often used by macros)
000062r 2               scratch:
000062r 2  xx                   .RES    1               ; $62
000063r 2               
000063r 2               ; ---------------------------------------------------------------------------
000063r 2               ; Compiler-specific zero-page variables (only used by PASCAL.COM)
000063r 2               ; ---------------------------------------------------------------------------
000063r 2               
000063r 2               ; Lexer state
000063r 2               lex_line:
000063r 2  xx xx                .RES    2               ; $63-$64  current source line number
000065r 2               lex_col:
000065r 2  xx                   .RES    1               ; $65      current column
000066r 2               lex_char:
000066r 2  xx                   .RES    1               ; $66      lookahead character
000067r 2               tok_type:
000067r 2  xx                   .RES    1               ; $67      current token type
000068r 2               tok_ival_lo:
000068r 2  xx                   .RES    1               ; $68      integer token value (lo)
000069r 2               tok_ival_hi:
000069r 2  xx                   .RES    1               ; $69      integer token value (hi)
00006Ar 2               
00006Ar 2               ; Parser / code generator state
00006Ar 2               cg_pc:
00006Ar 2  xx xx                .RES    2               ; $6A-$6B  current emit offset into code buffer
00006Cr 2               cg_globals:
00006Cr 2  xx xx                .RES    2               ; $6C-$6D  next available global variable offset
00006Er 2               scope_depth:
00006Er 2  xx                   .RES    1               ; $6E      current lexical nesting depth (0=global)
00006Fr 2               sym_chain:
00006Fr 2  xx xx                .RES    2               ; $6F-$70  pointer into symbol table chain
000071r 2               
000071r 2               ; FCB pointers (compiler I/O)
000071r 2               src_fcb:
000071r 2  xx xx                .RES    2               ; $71-$72  pointer to source FCB
000073r 2               out_fcb:
000073r 2  xx xx                .RES    2               ; $73-$74  pointer to output FCB
000075r 2               src_buf_pos:
000075r 2  xx                   .RES    1               ; $75      position within 128-byte sector buffer
000076r 2               src_buf_end:
000076r 2  xx                   .RES    1               ; $76      bytes valid in sector buffer
000077r 2               
000077r 2               ; FOR-loop scratch (parse_for; not nestable)
000077r 2               for_loop_top:
000077r 2  xx xx                .RES    2               ; $77-$78  cg_pc of loop test (back-jump target)
000079r 2               for_patch:
000079r 2  xx xx                .RES    2               ; $79-$7A  FJP exit patch address
00007Br 2               
00007Br 2               ; Result type of the most recently parsed expression (TY_INT/TY_CHAR/
00007Br 2               ; TY_BOOL/TY_STRING/etc.).  Used by parse_write_args to dispatch the
00007Br 2               ; right WRIT* opcode.  Set by parse_factor / parse_simple_expr /
00007Br 2               ; parse_expression as each rule produces its result.
00007Br 2               expr_type:
00007Br 2  xx                   .RES    1               ; $7B
00007Cr 2               
00007Cr 1               
00007Cr 1               ; ---------------------------------------------------------------------------
00007Cr 1               ; FCBs and file buffers
00007Cr 1               ; ---------------------------------------------------------------------------
00007Cr 1                       .segment        "CPMDATA"
000000r 1               
000000r 1               comp_src_fcb:
000000r 1  xx xx xx xx          .RES    36              ; source file FCB (.PAS)
000004r 1  xx xx xx xx  
000008r 1  xx xx xx xx  
000024r 1               comp_out_fcb:
000024r 1  xx xx xx xx          .RES    36              ; output file FCB (.PCD)
000028r 1  xx xx xx xx  
00002Cr 1  xx xx xx xx  
000048r 1               
000048r 1               ; 128-byte sector buffer for source reads
000048r 1               src_sector:
000048r 1  xx xx xx xx          .RES    128
00004Cr 1  xx xx xx xx  
000050r 1  xx xx xx xx  
0000C8r 1               
0000C8r 1               ; Comma-list buffer for parse_var_decls — collects names "A, B, C" before
0000C8r 1               ; the type is known so each can be added to the symbol table with the
0000C8r 1               ; same type code.  8 slots × 16 bytes; excess names are silently dropped.
0000C8r 1               var_name_count:
0000C8r 1  xx                   .RES    1
0000C9r 1               var_name_buf:
0000C9r 1  xx xx xx xx          .RES    128
0000CDr 1  xx xx xx xx  
0000D1r 1  xx xx xx xx  
000149r 1               
000149r 1               ; Field table for RECORD types.  32 entries × 16 bytes each:
000149r 1               ;   [0]    field name length (1-12)
000149r 1               ;   [1-12] field name chars (uppercase, padded with spaces)
000149r 1               ;   [13]   byte offset within the record
000149r 1               ;   [14]   field data type (TY_INT/TY_CHAR/TY_BOOL)
000149r 1               ;   [15]   reserved
000149r 1               field_table_count:
000149r 1  xx                   .RES    1
00014Ar 1               field_table:
00014Ar 1  xx xx xx xx          .RES    512             ; 32 entries × 16 bytes
00014Er 1  xx xx xx xx  
000152r 1  xx xx xx xx  
00034Ar 1               
00034Ar 1               ; Per-field "nested" metadata, parallel to field_table.  Only meaningful
00034Ar 1               ; when the field's type is TY_RECORD: holds the nested record's
00034Ar 1               ; first_field index and field count so chained access (`a.outer.inner`)
00034Ar 1               ; can traverse into the inner record.  Anonymous and named nested
00034Ar 1               ; records are both supported here.
00034Ar 1               field_nested_first:
00034Ar 1  xx xx xx xx          .RES    32
00034Er 1  xx xx xx xx  
000352r 1  xx xx xx xx  
00036Ar 1               field_nested_count:
00036Ar 1  xx xx xx xx          .RES    32
00036Er 1  xx xx xx xx  
000372r 1  xx xx xx xx  
00038Ar 1               
00038Ar 1               ; Separate buffer for collecting field names inside a RECORD declaration.
00038Ar 1               ; Distinct from var_name_buf so inline `VAR x: RECORD ... END` doesn't
00038Ar 1               ; lose the outer "x" while the field group is being parsed. Each active
00038Ar 1               ; RECORD nesting depth gets its own slice so an inner anonymous RECORD
00038Ar 1               ; doesn't overwrite the outer field names that still need to be added.
00038Ar 1               FIELD_NAME_DEPTHS = 8
00038Ar 1               field_name_count:
00038Ar 1  xx xx xx xx          .RES    FIELD_NAME_DEPTHS
00038Er 1  xx xx xx xx  
000392r 1               field_name_buf:
000392r 1  xx xx xx xx          .RES    128 * FIELD_NAME_DEPTHS
000396r 1  xx xx xx xx  
00039Ar 1  xx xx xx xx  
000792r 1               
000792r 1               ; Scratch slots used by @rec_addf to remember the most recently-parsed
000792r 1               ; field's nested-record metadata.  Populated by the wrapper around the
000792r 1               ; recursive parse_type_spec call when the field type is TY_RECORD.
000792r 1               nest_save_first:
000792r 1  xx                   .RES    1
000793r 1               nest_save_count:
000793r 1  xx                   .RES    1
000794r 1               nest_save_size:
000794r 1  xx xx                .RES    2
000796r 1               
000796r 1               ; Nesting depth tracked by parse_type_spec @rec_loop. 0 = outside any
000796r 1               ; RECORD; bumped on entry, decremented on exit. Stored into byte 15 of
000796r 1               ; each field_table entry by field_table_add so field_lookup_in_record
000796r 1               ; can skip slots that belong to a deeper inline record. Without this
000796r 1               ; an outer record whose later fields follow an inline RECORD would
000796r 1               ; have an interleaved layout that count-based scan can't navigate.
000796r 1               field_depth:
000796r 1  xx                   .RES    1
000797r 1               field_lookup_depth:
000797r 1  xx                   .RES    1
000798r 1               
000798r 1               ; Active WITH contexts. Each entry stores a hidden global word that holds
000798r 1               ; the selected record's runtime base address, plus that record's first-field
000798r 1               ; index/count so unqualified identifiers can resolve as fields.
000798r 1               WITH_DEPTHS = 8
000798r 1               with_depth:
000798r 1  xx                   .RES    1
000799r 1               with_base_lo:
000799r 1  xx xx xx xx          .RES    WITH_DEPTHS
00079Dr 1  xx xx xx xx  
0007A1r 1               with_base_hi:
0007A1r 1  xx xx xx xx          .RES    WITH_DEPTHS
0007A5r 1  xx xx xx xx  
0007A9r 1               with_first_field:
0007A9r 1  xx xx xx xx          .RES    WITH_DEPTHS
0007ADr 1  xx xx xx xx  
0007B1r 1               with_field_count:
0007B1r 1  xx xx xx xx          .RES    WITH_DEPTHS
0007B5r 1  xx xx xx xx  
0007B9r 1               
0007B9r 1               ; Record-valued expressions leave an address on the stack and publish the
0007B9r 1               ; matching field-table span here so WITH selectors can reuse it.
0007B9r 1               expr_record_first:
0007B9r 1  xx                   .RES    1
0007BAr 1               expr_record_count:
0007BAr 1  xx                   .RES    1
0007BBr 1               
0007BBr 1               ; Scratch filled by with_lookup_field before parse_with_field_{load,assign}.
0007BBr 1               with_lookup_off:
0007BBr 1  xx                   .RES    1
0007BCr 1               with_lookup_type:
0007BCr 1  xx                   .RES    1
0007BDr 1               with_lookup_base_lo:
0007BDr 1  xx                   .RES    1
0007BEr 1               with_lookup_base_hi:
0007BEr 1  xx                   .RES    1
0007BFr 1               with_lookup_first:
0007BFr 1  xx                   .RES    1
0007C0r 1               with_lookup_count:
0007C0r 1  xx                   .RES    1
0007C1r 1               
0007C1r 1               ; Top-level source mode: 0=plain program, 1=UNIT interface, 2=UNIT
0007C1r 1               ; implementation. Used so interface routine headings can be rebound to
0007C1r 1               ; their later implementation bodies without creating duplicate globals.
0007C1r 1               unit_section:
0007C1r 1  xx                   .RES    1
0007C2r 1               unit_import_mode:
0007C2r 1  xx                   .RES    1               ; 0=standalone source, nonzero=USES-import nesting depth
0007C3r 1               
0007C3r 1               ; Names collected from a single top-level USES clause. Separate from
0007C3r 1               ; var_name_buf because imported unit compilation reuses var_name_buf.
0007C3r 1               USES_NAME_SLOTS = 8
0007C3r 1               uses_name_count:
0007C3r 1  xx                   .RES    1
0007C4r 1               uses_name_buf:
0007C4r 1  xx xx xx xx          .RES    16 * USES_NAME_SLOTS
0007C8r 1  xx xx xx xx  
0007CCr 1  xx xx xx xx  
000844r 1               
000844r 1               ; Imported-unit de-duplication table. Names are stored in uppercase
000844r 1               ; ident_buf layout (length byte + 15 chars) so nested/repeated USES
000844r 1               ; clauses compile a unit at most once.
000844r 1               USED_UNIT_SLOTS = 8
000844r 1               used_unit_count:
000844r 1  xx                   .RES    1
000845r 1               used_unit_buf:
000845r 1  xx xx xx xx          .RES    16 * USED_UNIT_SLOTS
000849r 1  xx xx xx xx  
00084Dr 1  xx xx xx xx  
0008C5r 1               
0008C5r 1               ; Source-context stack for nested USES imports. Each entry saves the
0008C5r 1               ; current source FCB, buffered DMA sector, and lexer position so the
0008C5r 1               ; compiler can suspend one file, compile another, then resume cleanly.
0008C5r 1               SRC_CTX_DEPTHS = 4
0008C5r 1               src_ctx_depth:
0008C5r 1  xx                   .RES    1
0008C6r 1               src_ctx_buf_pos:
0008C6r 1  xx xx xx xx          .RES    SRC_CTX_DEPTHS
0008CAr 1               src_ctx_buf_end:
0008CAr 1  xx xx xx xx          .RES    SRC_CTX_DEPTHS
0008CEr 1               src_ctx_line_lo:
0008CEr 1  xx xx xx xx          .RES    SRC_CTX_DEPTHS
0008D2r 1               src_ctx_line_hi:
0008D2r 1  xx xx xx xx          .RES    SRC_CTX_DEPTHS
0008D6r 1               src_ctx_col:
0008D6r 1  xx xx xx xx          .RES    SRC_CTX_DEPTHS
0008DAr 1               src_ctx_char:
0008DAr 1  xx xx xx xx          .RES    SRC_CTX_DEPTHS
0008DEr 1               src_ctx_fcb:
0008DEr 1  xx xx xx xx          .RES    36 * SRC_CTX_DEPTHS
0008E2r 1  xx xx xx xx  
0008E6r 1  xx xx xx xx  
00096Er 1               src_ctx_dma:
00096Er 1  xx xx xx xx          .RES    128 * SRC_CTX_DEPTHS
000972r 1  xx xx xx xx  
000976r 1  xx xx xx xx  
000B6Er 1               
000B6Er 1               ; Code generation buffer — p-code accumulates here until file write.
000B6Er 1               ; Keep this above the live CPMDATA working set used by the parser.
000B6Er 1               ; This holds up to ~32KB of generated p-code.
000B6Er 1               CODEBUF_BASE    = $4900
000B6Er 1               CODEBUF_MAXSZ   = $8000         ; 32 KB
000B6Er 1               
000B6Er 1               ; Symbol table area
000B6Er 1               SYMTAB_BASE     = $8000
000B6Er 1               SYMTAB_MAXSZ    = $1800         ; 6 KB (≈200 entries at ~30 bytes each)
000B6Er 1               
000B6Er 1               ; String pool for identifier strings and string literals
000B6Er 1               STRPOOL_BASE    = $9800
000B6Er 1               STRPOOL_MAXSZ   = $0800         ; 2 KB
000B6Er 1               
000B6Er 1               ; ---------------------------------------------------------------------------
000B6Er 1               ; Entry point
000B6Er 1               ; ---------------------------------------------------------------------------
000B6Er 1                       .segment        "TEA"
000000r 1               
000000r 1  4C rr rr             JMP     pascal_main
000003r 1               
000003r 1                       .segment        "CODE"
000000r 1               
000000r 1               pascal_main:
000000r 1               ; print banner
000000r 1  A9 rr                LDA     #<msg_banner
000002r 1  85 rr                STA     tmp0
000004r 1  A9 rr                LDA     #>msg_banner
000006r 1  85 rr                STA     tmp0+1
000008r 1  20 rr rr             JSR     console_print_sz
00000Br 1               
00000Br 1               ; build source FCB from DEFAULT_FCB ($0107) argument
00000Br 1  20 rr rr             JSR     build_src_fcb
00000Er 1  90 03                BCC     :+
000010r 1  4C rr rr             JMP     @no_file
000013r 1               :
000013r 1               ; print "Compiling: <name>"
000013r 1  A9 rr                LDA     #<msg_compiling
000015r 1  85 rr                STA     tmp0
000017r 1  A9 rr                LDA     #>msg_compiling
000019r 1  85 rr                STA     tmp0+1
00001Br 1  20 rr rr             JSR     console_print_sz
00001Er 1               
00001Er 1               ; open source file
00001Er 1  A9 rr                LDA     #<comp_src_fcb
000020r 1  85 rr                STA     src_fcb
000022r 1  A9 rr                LDA     #>comp_src_fcb
000024r 1  85 rr                STA     src_fcb+1
000026r 1  A9 rr                LDA     #<comp_src_fcb
000028r 1  85 rr                STA     tmp1
00002Ar 1  A9 rr                LDA     #>comp_src_fcb
00002Cr 1  85 rr                STA     tmp1+1
00002Er 1  20 rr rr             JSR     file_open
000031r 1  C9 FF                CMP     #$FF            ; PEM open: $FF=not found, 0-3=dir entry
000033r 1  D0 03                BNE     :+
000035r 1  4C rr rr             JMP     @no_file
000038r 1               :
000038r 1               
000038r 1               ; create output .PCD file
000038r 1  20 rr rr             JSR     build_out_fcb
00003Br 1  A9 rr                LDA     #<comp_out_fcb
00003Dr 1  85 rr                STA     tmp1
00003Fr 1  A9 rr                LDA     #>comp_out_fcb
000041r 1  85 rr                STA     tmp1+1
000043r 1  20 rr rr             JSR     file_make
000046r 1  C9 FF                CMP     #$FF            ; PEM make: $FF=dir full, 0-3=dir entry
000048r 1  D0 03                BNE     :+
00004Ar 1  4C rr rr             JMP     @out_err
00004Dr 1               :
00004Dr 1               
00004Dr 1               ; initialise compiler state
00004Dr 1  20 rr rr             JSR     compiler_init
000050r 1               
000050r 1               ; run compilation
000050r 1  20 rr rr             JSR     compile_program
000053r 1               
000053r 1               ; write .PCD file
000053r 1  20 rr rr             JSR     write_pcd
000056r 1               
000056r 1               ; close files
000056r 1  A9 rr                LDA     #<comp_src_fcb
000058r 1  85 rr                STA     tmp1
00005Ar 1  A9 rr                LDA     #>comp_src_fcb
00005Cr 1  85 rr                STA     tmp1+1
00005Er 1  20 rr rr             JSR     file_close
000061r 1  A9 rr                LDA     #<comp_out_fcb
000063r 1  85 rr                STA     tmp1
000065r 1  A9 rr                LDA     #>comp_out_fcb
000067r 1  85 rr                STA     tmp1+1
000069r 1  20 rr rr             JSR     file_close
00006Cr 1               
00006Cr 1               ; print result
00006Cr 1  AD rr rr             LDA     error_count
00006Fr 1  0D rr rr             ORA     error_count+1
000072r 1  D0 0E                BNE     @had_errors
000074r 1  A9 rr                LDA     #<msg_ok
000076r 1  85 rr                STA     tmp0
000078r 1  A9 rr                LDA     #>msg_ok
00007Ar 1  85 rr                STA     tmp0+1
00007Cr 1  20 rr rr             JSR     console_print_sz
00007Fr 1  4C 00 01             JMP     WARM_BOOT
000082r 1               
000082r 1               @had_errors:
000082r 1  AD rr rr             LDA     error_count
000085r 1  85 rr                STA     tmp0
000087r 1  AD rr rr             LDA     error_count+1
00008Ar 1  85 rr                STA     tmp0+1
00008Cr 1  20 rr rr             JSR     console_print_dec
00008Fr 1  A9 rr                LDA     #<msg_errors
000091r 1  85 rr                STA     tmp0
000093r 1  A9 rr                LDA     #>msg_errors
000095r 1  85 rr                STA     tmp0+1
000097r 1  20 rr rr             JSR     console_print_sz
00009Ar 1  4C 00 01             JMP     WARM_BOOT
00009Dr 1               
00009Dr 1               @no_file:
00009Dr 1  A9 rr                LDA     #<err_nofile
00009Fr 1  85 rr                STA     tmp0
0000A1r 1  A9 rr                LDA     #>err_nofile
0000A3r 1  85 rr                STA     tmp0+1
0000A5r 1  20 rr rr             JSR     console_print_sz
0000A8r 1  4C 00 01             JMP     WARM_BOOT
0000ABr 1               
0000ABr 1               @out_err:
0000ABr 1  A9 rr                LDA     #<err_outfile
0000ADr 1  85 rr                STA     tmp0
0000AFr 1  A9 rr                LDA     #>err_outfile
0000B1r 1  85 rr                STA     tmp0+1
0000B3r 1  20 rr rr             JSR     console_print_sz
0000B6r 1  4C 00 01             JMP     WARM_BOOT
0000B9r 1               
0000B9r 1               ; ---------------------------------------------------------------------------
0000B9r 1               ; build_src_fcb — populate comp_src_fcb from DEFAULT_FCB ($0107), force ".PAS"
0000B9r 1               ; DOS/65 CCM copies the parsed argument FCB to dflfcb=$0107, not $005C.
0000B9r 1               ; Returns: carry clear = ok, carry set = no filename
0000B9r 1               ; ---------------------------------------------------------------------------
0000B9r 1               build_src_fcb:
0000B9r 1  A2 00                LDX     #0
0000BBr 1               @copy:
0000BBr 1  BD 07 01             LDA     DEFAULT_FCB,x
0000BEr 1  9D rr rr             STA     comp_src_fcb,x
0000C1r 1  E8                   INX
0000C2r 1  E0 0C                CPX     #12
0000C4r 1  90 F5                BCC     @copy
0000C6r 1  A9 00                LDA     #0
0000C8r 1               @zero:
0000C8r 1  9D rr rr             STA     comp_src_fcb,x
0000CBr 1  E8                   INX
0000CCr 1  E0 24                CPX     #36
0000CEr 1  90 F8                BCC     @zero
0000D0r 1  AD rr rr             LDA     comp_src_fcb+1
0000D3r 1  C9 20                CMP     #' '
0000D5r 1  F0 11                BEQ     @noname
0000D7r 1  A9 50                LDA     #'P'
0000D9r 1  8D rr rr             STA     comp_src_fcb+9
0000DCr 1  A9 41                LDA     #'A'
0000DEr 1  8D rr rr             STA     comp_src_fcb+10
0000E1r 1  A9 53                LDA     #'S'
0000E3r 1  8D rr rr             STA     comp_src_fcb+11
0000E6r 1  18                   CLC
0000E7r 1  60                   RTS
0000E8r 1               @noname:
0000E8r 1  38                   SEC
0000E9r 1  60                   RTS
0000EAr 1               
0000EAr 1               ; ---------------------------------------------------------------------------
0000EAr 1               ; build_out_fcb — copy filename from comp_src_fcb, change extension to "PCD"
0000EAr 1               ; ---------------------------------------------------------------------------
0000EAr 1               build_out_fcb:
0000EAr 1  A2 00                LDX     #0
0000ECr 1               @copy:
0000ECr 1  BD rr rr             LDA     comp_src_fcb,x
0000EFr 1  9D rr rr             STA     comp_out_fcb,x
0000F2r 1  E8                   INX
0000F3r 1  E0 24                CPX     #36
0000F5r 1  90 F5                BCC     @copy
0000F7r 1  A9 50                LDA     #'P'
0000F9r 1  8D rr rr             STA     comp_out_fcb+9
0000FCr 1  A9 43                LDA     #'C'
0000FEr 1  8D rr rr             STA     comp_out_fcb+10
000101r 1  A9 44                LDA     #'D'
000103r 1  8D rr rr             STA     comp_out_fcb+11
000106r 1  60                   RTS
000107r 1               
000107r 1               ; ---------------------------------------------------------------------------
000107r 1               ; build_named_src_fcb — populate comp_src_fcb from ident_buf, force ".PAS"
000107r 1               ; The identifier is uppercased already by the lexer. Names longer than 8
000107r 1               ; chars are truncated to fit the FCB filename field.
000107r 1               ; Returns: carry clear = ok, carry set = empty name
000107r 1               ; ---------------------------------------------------------------------------
000107r 1               build_named_src_fcb:
000107r 1  AD rr rr             LDA     ident_buf
00010Ar 1  D0 02                BNE     :+
00010Cr 1  38                   SEC
00010Dr 1  60                   RTS
00010Er 1  A2 00        :       LDX     #0
000110r 1  A9 00                LDA     #0
000112r 1               @zero:
000112r 1  9D rr rr             STA     comp_src_fcb,x
000115r 1  E8                   INX
000116r 1  E0 24                CPX     #36
000118r 1  90 F8                BCC     @zero
00011Ar 1  A2 01                LDX     #1
00011Cr 1  A9 20                LDA     #' '
00011Er 1               @pad_name:
00011Er 1  9D rr rr             STA     comp_src_fcb,x
000121r 1  E8                   INX
000122r 1  E0 0C                CPX     #12
000124r 1  90 F8                BCC     @pad_name
000126r 1  A2 00                LDX     #0
000128r 1               @copy_name:
000128r 1  EC rr rr             CPX     ident_buf
00012Br 1  B0 0D                BCS     @set_ext
00012Dr 1  E0 08                CPX     #8
00012Fr 1  B0 09                BCS     @set_ext
000131r 1  BD rr rr             LDA     ident_buf+1,x
000134r 1  9D rr rr             STA     comp_src_fcb+1,x
000137r 1  E8                   INX
000138r 1  80 EE                BRA     @copy_name
00013Ar 1               @set_ext:
00013Ar 1  A9 50                LDA     #'P'
00013Cr 1  8D rr rr             STA     comp_src_fcb+9
00013Fr 1  A9 41                LDA     #'A'
000141r 1  8D rr rr             STA     comp_src_fcb+10
000144r 1  A9 53                LDA     #'S'
000146r 1  8D rr rr             STA     comp_src_fcb+11
000149r 1  18                   CLC
00014Ar 1  60                   RTS
00014Br 1               
00014Br 1               ; source_ctx_fcb_ptr — A=stack index, returns tmp0 -> saved FCB slot
00014Br 1               source_ctx_fcb_ptr:
00014Br 1  85 rr                STA     scratch
00014Dr 1  A9 rr                LDA     #<src_ctx_fcb
00014Fr 1  85 rr                STA     tmp0
000151r 1  A9 rr                LDA     #>src_ctx_fcb
000153r 1  85 rr                STA     tmp0+1
000155r 1               @scfp_loop:
000155r 1  A5 rr                LDA     scratch
000157r 1  F0 0F                BEQ     @scfp_done
000159r 1  18                   CLC
00015Ar 1  A5 rr                LDA     tmp0
00015Cr 1  69 24                ADC     #36
00015Er 1  85 rr                STA     tmp0
000160r 1  90 02                BCC     :+
000162r 1  E6 rr                INC     tmp0+1
000164r 1  C6 rr        :       DEC     scratch
000166r 1  80 ED                BRA     @scfp_loop
000168r 1               @scfp_done:
000168r 1  60                   RTS
000169r 1               
000169r 1               ; source_ctx_dma_ptr — A=stack index, returns tmp0 -> saved DMA slot
000169r 1               source_ctx_dma_ptr:
000169r 1  85 rr                STA     scratch
00016Br 1  A9 rr                LDA     #<src_ctx_dma
00016Dr 1  85 rr                STA     tmp0
00016Fr 1  A9 rr                LDA     #>src_ctx_dma
000171r 1  85 rr                STA     tmp0+1
000173r 1               @scdp_loop:
000173r 1  A5 rr                LDA     scratch
000175r 1  F0 0F                BEQ     @scdp_done
000177r 1  18                   CLC
000178r 1  A5 rr                LDA     tmp0
00017Ar 1  69 80                ADC     #$80
00017Cr 1  85 rr                STA     tmp0
00017Er 1  90 02                BCC     :+
000180r 1  E6 rr                INC     tmp0+1
000182r 1  C6 rr        :       DEC     scratch
000184r 1  80 ED                BRA     @scdp_loop
000186r 1               @scdp_done:
000186r 1  60                   RTS
000187r 1               
000187r 1               ; ---------------------------------------------------------------------------
000187r 1               ; source_push_current / source_pop_current — save and restore the active
000187r 1               ; source-file context around USES-imported unit compilation.
000187r 1               ; source_push_current returns carry set if the context stack is full.
000187r 1               ; ---------------------------------------------------------------------------
000187r 1               source_push_current:
000187r 1  AE rr rr             LDX     src_ctx_depth
00018Ar 1  E0 04                CPX     #SRC_CTX_DEPTHS
00018Cr 1  90 02                BCC     @spc_room
00018Er 1  38                   SEC
00018Fr 1  60                   RTS
000190r 1               @spc_room:
000190r 1  A5 rr                LDA     src_buf_pos
000192r 1  9D rr rr             STA     src_ctx_buf_pos,x
000195r 1  A5 rr                LDA     src_buf_end
000197r 1  9D rr rr             STA     src_ctx_buf_end,x
00019Ar 1  A5 rr                LDA     lex_line
00019Cr 1  9D rr rr             STA     src_ctx_line_lo,x
00019Fr 1  A5 rr                LDA     lex_line+1
0001A1r 1  9D rr rr             STA     src_ctx_line_hi,x
0001A4r 1  A5 rr                LDA     lex_col
0001A6r 1  9D rr rr             STA     src_ctx_col,x
0001A9r 1  A5 rr                LDA     lex_char
0001ABr 1  9D rr rr             STA     src_ctx_char,x
0001AEr 1  8A                   TXA
0001AFr 1  20 rr rr             JSR     source_ctx_fcb_ptr
0001B2r 1  A0 00                LDY     #0
0001B4r 1               @spc_fcb_copy:
0001B4r 1  B9 rr rr             LDA     comp_src_fcb,y
0001B7r 1  91 rr                STA     (tmp0),y
0001B9r 1  C8                   INY
0001BAr 1  C0 24                CPY     #36
0001BCr 1  90 F6                BCC     @spc_fcb_copy
0001BEr 1  8A                   TXA
0001BFr 1  20 rr rr             JSR     source_ctx_dma_ptr
0001C2r 1  A0 00                LDY     #0
0001C4r 1               @spc_dma_copy:
0001C4r 1  B9 28 01             LDA     DMA_BUF,y
0001C7r 1  91 rr                STA     (tmp0),y
0001C9r 1  C8                   INY
0001CAr 1  C0 80                CPY     #128
0001CCr 1  90 F6                BCC     @spc_dma_copy
0001CEr 1  EE rr rr             INC     src_ctx_depth
0001D1r 1  18                   CLC
0001D2r 1  60                   RTS
0001D3r 1               
0001D3r 1               source_pop_current:
0001D3r 1  AD rr rr             LDA     src_ctx_depth
0001D6r 1  F0 4C                BEQ     @spop_done
0001D8r 1  CE rr rr             DEC     src_ctx_depth
0001DBr 1  AE rr rr             LDX     src_ctx_depth
0001DEr 1  BD rr rr             LDA     src_ctx_buf_pos,x
0001E1r 1  85 rr                STA     src_buf_pos
0001E3r 1  BD rr rr             LDA     src_ctx_buf_end,x
0001E6r 1  85 rr                STA     src_buf_end
0001E8r 1  BD rr rr             LDA     src_ctx_line_lo,x
0001EBr 1  85 rr                STA     lex_line
0001EDr 1  BD rr rr             LDA     src_ctx_line_hi,x
0001F0r 1  85 rr                STA     lex_line+1
0001F2r 1  BD rr rr             LDA     src_ctx_col,x
0001F5r 1  85 rr                STA     lex_col
0001F7r 1  BD rr rr             LDA     src_ctx_char,x
0001FAr 1  85 rr                STA     lex_char
0001FCr 1  8A                   TXA
0001FDr 1  20 rr rr             JSR     source_ctx_fcb_ptr
000200r 1  A0 00                LDY     #0
000202r 1               @spop_fcb_copy:
000202r 1  B1 rr                LDA     (tmp0),y
000204r 1  99 rr rr             STA     comp_src_fcb,y
000207r 1  C8                   INY
000208r 1  C0 24                CPY     #36
00020Ar 1  90 F6                BCC     @spop_fcb_copy
00020Cr 1  8A                   TXA
00020Dr 1  20 rr rr             JSR     source_ctx_dma_ptr
000210r 1  A0 00                LDY     #0
000212r 1               @spop_dma_copy:
000212r 1  B1 rr                LDA     (tmp0),y
000214r 1  99 28 01             STA     DMA_BUF,y
000217r 1  C8                   INY
000218r 1  C0 80                CPY     #128
00021Ar 1  90 F6                BCC     @spop_dma_copy
00021Cr 1  A9 rr                LDA     #<comp_src_fcb
00021Er 1  85 rr                STA     src_fcb
000220r 1  A9 rr                LDA     #>comp_src_fcb
000222r 1  85 rr                STA     src_fcb+1
000224r 1               @spop_done:
000224r 1  60                   RTS
000225r 1               
000225r 1               ; ---------------------------------------------------------------------------
000225r 1               ; compiler_init — zero-out compiler state
000225r 1               ; ---------------------------------------------------------------------------
000225r 1               error_count:
000225r 1  00 00                .WORD   0
000227r 1               
000227r 1               compiler_init:
000227r 1  A9 00                LDA     #0
000229r 1  8D rr rr             STA     error_count
00022Cr 1  8D rr rr             STA     error_count+1
00022Fr 1               ; IPC starts at 0 (offset into code buffer)
00022Fr 1  85 rr                STA     cg_pc
000231r 1  85 rr                STA     cg_pc+1
000233r 1               ; globals start at 0
000233r 1  85 rr                STA     cg_globals
000235r 1  85 rr                STA     cg_globals+1
000237r 1               ; scope depth 0 = global
000237r 1  85 rr                STA     scope_depth
000239r 1  8D rr rr             STA     with_depth
00023Cr 1  8D rr rr             STA     expr_record_first
00023Fr 1  8D rr rr             STA     expr_record_count
000242r 1  8D rr rr             STA     unit_section
000245r 1  8D rr rr             STA     unit_import_mode
000248r 1  8D rr rr             STA     uses_name_count
00024Br 1  8D rr rr             STA     used_unit_count
00024Er 1  8D rr rr             STA     src_ctx_depth
000251r 1               ; main entry-point patch slot — sentinel hi byte = $FF means "none/done"
000251r 1  A9 FF                LDA     #$FF
000253r 1  8D rr rr             STA     main_jmp_patch+1
000256r 1  8D rr rr             STA     body_chain_patch+1
000259r 1               ; init lexer and prime first token
000259r 1  20 rr rr             JSR     lexer_init
00025Cr 1  20 rr rr             JSR     next_token
00025Fr 1  60                   RTS
000260r 1               
000260r 1               ; ---------------------------------------------------------------------------
000260r 1               ; compile_error — print error with line/col; increment error_count
000260r 1               ; tmp0 = pointer to error string
000260r 1               ; ---------------------------------------------------------------------------
000260r 1               compile_error:
000260r 1               ; save caller's message pointer (tmp0) into tmp3
000260r 1  A5 rr                LDA     tmp0
000262r 1  85 rr                STA     tmp3
000264r 1  A5 rr                LDA     tmp0+1
000266r 1  85 rr                STA     tmp3+1
000268r 1               ; print "Line "
000268r 1  A9 rr                LDA     #<msg_line
00026Ar 1  85 rr                STA     tmp0
00026Cr 1  A9 rr                LDA     #>msg_line
00026Er 1  85 rr                STA     tmp0+1
000270r 1  20 rr rr             JSR     console_print_sz
000273r 1               ; print line number
000273r 1  A5 rr                LDA     lex_line
000275r 1  85 rr                STA     tmp0
000277r 1  A5 rr                LDA     lex_line+1
000279r 1  85 rr                STA     tmp0+1
00027Br 1  20 rr rr             JSR     console_print_dec
00027Er 1               ; print ": "
00027Er 1  A9 3A                LDA     #':'
000280r 1  A2 02                LDX     #PEM_CONOUT
000282r 1  20 03 01             JSR     PEM_ENTRY
000285r 1  A9 20                LDA     #' '
000287r 1  A2 02                LDX     #PEM_CONOUT
000289r 1  20 03 01             JSR     PEM_ENTRY
00028Cr 1               ; print the error message text
00028Cr 1  A5 rr                LDA     tmp3
00028Er 1  85 rr                STA     tmp0
000290r 1  A5 rr                LDA     tmp3+1
000292r 1  85 rr                STA     tmp0+1
000294r 1  20 rr rr             JSR     console_print_sz
000297r 1  20 rr rr             JSR     console_newline
00029Ar 1               ; increment error count
00029Ar 1  EE rr rr             INC     error_count
00029Dr 1  D0 03                BNE     :+
00029Fr 1  EE rr rr             INC     error_count+1
0002A2r 1               :
0002A2r 1  60                   RTS
0002A3r 1               
0002A3r 1               ; ---------------------------------------------------------------------------
0002A3r 1               ; write_pcd — write .PCD header + entire code buffer to output file
0002A3r 1               ;   Sector 0:        12-byte header  + first 116 bytes of code  (padded)
0002A3r 1               ;   Sectors 1..N-1:  128 bytes of code each                     (last padded)
0002A3r 1               ;
0002A3r 1               ; Uses tmp0 = source pointer (into CODEBUF_BASE),
0002A3r 1               ;      tmp3 = bytes remaining to write,
0002A3r 1               ;      tmp1 = FCB pointer (re-loaded before each file_write_sector).
0002A3r 1               ; ---------------------------------------------------------------------------
0002A3r 1               write_pcd:
0002A3r 1               ; --- src_ptr = CODEBUF_BASE; remaining = cg_pc ---
0002A3r 1  A9 00                LDA     #<CODEBUF_BASE
0002A5r 1  85 rr                STA     tmp0
0002A7r 1  A9 49                LDA     #>CODEBUF_BASE
0002A9r 1  85 rr                STA     tmp0+1
0002ABr 1  A5 rr                LDA     cg_pc
0002ADr 1  85 rr                STA     tmp3
0002AFr 1  A5 rr                LDA     cg_pc+1
0002B1r 1  85 rr                STA     tmp3+1
0002B3r 1               
0002B3r 1               ; --- header bytes 0..11 directly into DMA_BUF ---
0002B3r 1  A9 50                LDA     #PCD_MAGIC_0
0002B5r 1  8D 28 01             STA     DMA_BUF+0
0002B8r 1  A9 43                LDA     #PCD_MAGIC_1
0002BAr 1  8D 29 01             STA     DMA_BUF+1
0002BDr 1  A9 01                LDA     #PCD_VERSION
0002BFr 1  8D 2A 01             STA     DMA_BUF+2
0002C2r 1  A9 00                LDA     #0
0002C4r 1  8D 2B 01             STA     DMA_BUF+3
0002C7r 1  A5 rr                LDA     cg_pc
0002C9r 1  8D 2C 01             STA     DMA_BUF+PCD_CODESZ
0002CCr 1  A5 rr                LDA     cg_pc+1
0002CEr 1  8D 2D 01             STA     DMA_BUF+PCD_CODESZ+1
0002D1r 1  A5 rr                LDA     cg_globals
0002D3r 1  8D 2E 01             STA     DMA_BUF+PCD_GLOBSZ
0002D6r 1  A5 rr                LDA     cg_globals+1
0002D8r 1  8D 2F 01             STA     DMA_BUF+PCD_GLOBSZ+1
0002DBr 1  A9 00                LDA     #0
0002DDr 1  8D 30 01             STA     DMA_BUF+PCD_STRSZ
0002E0r 1  8D 31 01             STA     DMA_BUF+PCD_STRSZ+1
0002E3r 1  8D 32 01             STA     DMA_BUF+PCD_ENTRY
0002E6r 1  8D 33 01             STA     DMA_BUF+PCD_ENTRY+1
0002E9r 1               
0002E9r 1               ; --- first sector: copy code into DMA_BUF[12..127] ---
0002E9r 1  A0 00                LDY     #0              ; src offset within this batch
0002EBr 1  A2 0C                LDX     #PCD_HEADER_SZ  ; dest offset in DMA
0002EDr 1               @fill1:
0002EDr 1  E0 80                CPX     #128
0002EFr 1  B0 23                BCS     @write1
0002F1r 1  A5 rr                LDA     tmp3
0002F3r 1  05 rr                ORA     tmp3+1
0002F5r 1  F0 11                BEQ     @pad1
0002F7r 1  B1 rr                LDA     (tmp0),y
0002F9r 1  9D 28 01             STA     DMA_BUF,x
0002FCr 1  E8                   INX
0002FDr 1  C8                   INY
0002FEr 1               ; remaining--
0002FEr 1  A5 rr                LDA     tmp3
000300r 1  D0 02                BNE     :+
000302r 1  C6 rr                DEC     tmp3+1
000304r 1               :
000304r 1  C6 rr                DEC     tmp3
000306r 1  80 E5                BRA     @fill1
000308r 1               @pad1:
000308r 1  E0 80                CPX     #128
00030Ar 1  B0 08                BCS     @write1
00030Cr 1  A9 00                LDA     #0
00030Er 1  9D 28 01             STA     DMA_BUF,x
000311r 1  E8                   INX
000312r 1  80 F4                BRA     @pad1
000314r 1               @write1:
000314r 1               ; advance src by Y (bytes consumed from this batch)
000314r 1  84 rr                STY     scratch
000316r 1  18                   CLC
000317r 1  A5 rr                LDA     tmp0
000319r 1  65 rr                ADC     scratch
00031Br 1  85 rr                STA     tmp0
00031Dr 1  90 02                BCC     :+
00031Fr 1  E6 rr                INC     tmp0+1
000321r 1               :
000321r 1  A9 rr                LDA     #<comp_out_fcb
000323r 1  85 rr                STA     tmp1
000325r 1  A9 rr                LDA     #>comp_out_fcb
000327r 1  85 rr                STA     tmp1+1
000329r 1  20 rr rr             JSR     file_write_sector
00032Cr 1               
00032Cr 1               ; --- additional sectors (full 128 bytes each, last pad with 0) ---
00032Cr 1               @next_sec:
00032Cr 1  A5 rr                LDA     tmp3
00032Er 1  05 rr                ORA     tmp3+1
000330r 1  F0 42                BEQ     @done
000332r 1  A0 00                LDY     #0
000334r 1               @fill2:
000334r 1  C0 80                CPY     #128
000336r 1  B0 22                BCS     @write2
000338r 1  A5 rr                LDA     tmp3
00033Ar 1  05 rr                ORA     tmp3+1
00033Cr 1  F0 10                BEQ     @pad2
00033Er 1  B1 rr                LDA     (tmp0),y
000340r 1  99 28 01             STA     DMA_BUF,y
000343r 1  C8                   INY
000344r 1  A5 rr                LDA     tmp3
000346r 1  D0 02                BNE     :+
000348r 1  C6 rr                DEC     tmp3+1
00034Ar 1               :
00034Ar 1  C6 rr                DEC     tmp3
00034Cr 1  80 E6                BRA     @fill2
00034Er 1               @pad2:
00034Er 1  C0 80                CPY     #128
000350r 1  B0 08                BCS     @write2
000352r 1  A9 00                LDA     #0
000354r 1  99 28 01             STA     DMA_BUF,y
000357r 1  C8                   INY
000358r 1  80 F4                BRA     @pad2
00035Ar 1               @write2:
00035Ar 1               ; advance src by 128 (Y is the count copied from src this sector;
00035Ar 1               ; padded bytes at the tail are not source bytes, but remaining is
00035Ar 1               ; already 0 in that case and the loop will exit).
00035Ar 1  84 rr                STY     scratch
00035Cr 1  18                   CLC
00035Dr 1  A5 rr                LDA     tmp0
00035Fr 1  65 rr                ADC     scratch
000361r 1  85 rr                STA     tmp0
000363r 1  90 02                BCC     :+
000365r 1  E6 rr                INC     tmp0+1
000367r 1               :
000367r 1  A9 rr                LDA     #<comp_out_fcb
000369r 1  85 rr                STA     tmp1
00036Br 1  A9 rr                LDA     #>comp_out_fcb
00036Dr 1  85 rr                STA     tmp1+1
00036Fr 1  20 rr rr             JSR     file_write_sector
000372r 1  80 B8                BRA     @next_sec
000374r 1               @done:
000374r 1  60                   RTS
000375r 1               
000375r 1               ; ---------------------------------------------------------------------------
000375r 1               ; Include sub-modules (compiler phases)
000375r 1               ; ---------------------------------------------------------------------------
000375r 1                       .include        "LEXER.ASM"
000375r 2               .PC02
000375r 2               ; lexer.asm — Pascal tokenizer
000375r 2               ;
000375r 2               ; Reads source file through 128-byte sector buffer.
000375r 2               ; Produces token stream via next_token (sets tok_type + value vars in ZP).
000375r 2               
000375r 2               ; ---------------------------------------------------------------------------
000375r 2               ; Keyword table — each entry: length byte, ASCII chars, token code
000375r 2               ; Searched linearly; 18 keywords.
000375r 2               ; ---------------------------------------------------------------------------
000375r 2                       .segment        "CODE"
000375r 2               
000375r 2               keyword_table:
000375r 2               ; length, chars..., token
000375r 2  03 41 4E 44          .BYTE   3, "AND",       TOK_AND
000379r 2  40           
00037Ar 2  05 41 52 52          .BYTE   5, "ARRAY",     TOK_ARRAY
00037Er 2  41 59 41     
000381r 2  05 42 45 47          .BYTE   5, "BEGIN",     TOK_BEGIN
000385r 2  49 4E 42     
000388r 2  04 43 41 53          .BYTE   4, "CASE",      TOK_CASE
00038Cr 2  45 43        
00038Er 2  05 43 4F 4E          .BYTE   5, "CONST",     TOK_CONST
000392r 2  53 54 44     
000395r 2  03 44 49 56          .BYTE   3, "DIV",       TOK_DIV
000399r 2  45           
00039Ar 2  02 44 4F 46          .BYTE   2, "DO",        TOK_DO
00039Er 2  06 44 4F 57          .BYTE   6, "DOWNTO",    TOK_DOWNTO
0003A2r 2  4E 54 4F 47  
0003A6r 2  04 45 4C 53          .BYTE   4, "ELSE",      TOK_ELSE
0003AAr 2  45 48        
0003ACr 2  03 45 4E 44          .BYTE   3, "END",       TOK_END
0003B0r 2  49           
0003B1r 2  03 46 4F 52          .BYTE   3, "FOR",       TOK_FOR
0003B5r 2  4A           
0003B6r 2  08 46 55 4E          .BYTE   8, "FUNCTION",  TOK_FUNCTION
0003BAr 2  43 54 49 4F  
0003BEr 2  4E 4B        
0003C0r 2  02 49 46 4C          .BYTE   2, "IF",        TOK_IF
0003C4r 2  0E 49 4D 50          .BYTE   14, "IMPLEMENTATION", TOK_IMPLEMENTATION
0003C8r 2  4C 45 4D 45  
0003CCr 2  4E 54 41 54  
0003D4r 2  02 49 4E 4D          .BYTE   2, "IN",        TOK_IN
0003D8r 2  09 49 4E 54          .BYTE   9, "INTERFACE", TOK_INTERFACE
0003DCr 2  45 52 46 41  
0003E0r 2  43 45 60     
0003E3r 2  03 4D 4F 44          .BYTE   3, "MOD",       TOK_MOD_KW
0003E7r 2  4E           
0003E8r 2  03 4E 49 4C          .BYTE   3, "NIL",       TOK_NIL
0003ECr 2  4F           
0003EDr 2  03 4E 4F 54          .BYTE   3, "NOT",       TOK_NOT
0003F1r 2  50           
0003F2r 2  02 4F 46 51          .BYTE   2, "OF",        TOK_OF
0003F6r 2  02 4F 52 52          .BYTE   2, "OR",        TOK_OR
0003FAr 2  09 50 52 4F          .BYTE   9, "PROCEDURE", TOK_PROCEDURE
0003FEr 2  43 45 44 55  
000402r 2  52 45 53     
000405r 2  07 50 52 4F          .BYTE   7, "PROGRAM",   TOK_PROGRAM
000409r 2  47 52 41 4D  
00040Dr 2  54           
00040Er 2  06 52 45 43          .BYTE   6, "RECORD",    TOK_RECORD
000412r 2  4F 52 44 55  
000416r 2  06 52 45 50          .BYTE   6, "REPEAT",    TOK_REPEAT
00041Ar 2  45 41 54 56  
00041Er 2  03 53 45 54          .BYTE   3, "SET",       TOK_SET
000422r 2  57           
000423r 2  04 54 48 45          .BYTE   4, "THEN",      TOK_THEN
000427r 2  4E 58        
000429r 2  02 54 4F 59          .BYTE   2, "TO",        TOK_TO
00042Dr 2  04 54 59 50          .BYTE   4, "TYPE",      TOK_TYPE
000431r 2  45 5A        
000433r 2  04 55 4E 49          .BYTE   4, "UNIT",      TOK_UNIT
000437r 2  54 61        
000439r 2  05 55 4E 54          .BYTE   5, "UNTIL",     TOK_UNTIL
00043Dr 2  49 4C 5B     
000440r 2  04 55 53 45          .BYTE   4, "USES",      TOK_USES
000444r 2  53 62        
000446r 2  03 56 41 52          .BYTE   3, "VAR",       TOK_VAR
00044Ar 2  5C           
00044Br 2  05 57 48 49          .BYTE   5, "WHILE",     TOK_WHILE
00044Fr 2  4C 45 5D     
000452r 2  04 57 49 54          .BYTE   4, "WITH",      TOK_WITH
000456r 2  48 5E        
000458r 2  00                   .BYTE   0               ; sentinel
000459r 2               
000459r 2               ; Identifier buffer (max 63 chars + length byte at [0])
000459r 2               ident_buf:
000459r 2  xx xx xx xx          .RES    64
00045Dr 2  xx xx xx xx  
000461r 2  xx xx xx xx  
000499r 2               
000499r 2               ; Saved-name buffer for parser (e.g. var-decl name preservation across
000499r 2               ; parse_type_spec which clobbers ident_buf).
000499r 2               save_name_buf:
000499r 2  xx xx xx xx          .RES    16
00049Dr 2  xx xx xx xx  
0004A1r 2  xx xx xx xx  
0004A9r 2               
0004A9r 2               ; Saved symbol info — used by parse_assign_or_call to preserve symbol
0004A9r 2               ; entry fields across next_token + parse_expression, which clobber tmp3.
0004A9r 2               sym_save_kind:
0004A9r 2  xx                   .RES    1
0004AAr 2               sym_save_type:
0004AAr 2  xx                   .RES    1               ; SYM entry offset 17 (data type: TY_*)
0004ABr 2               sym_save_scope:
0004ABr 2  xx                   .RES    1
0004ACr 2               sym_save_off:
0004ACr 2  xx xx                .RES    2
0004AEr 2               sym_save_pcount:
0004AEr 2  xx                   .RES    1                       ; SYM_PROC param count (entry offset 21)
0004AFr 2               sym_save_vmask:
0004AFr 2  xx                   .RES    1               ; SYM_PROC/SYM_FUNC VAR-param bitmap (entry offset 22)
0004B0r 2               sym_save_lsize:
0004B0r 2  xx                   .RES    1               ; SYM_PROC/SYM_FUNC total local-area size (entry offset 23)
0004B1r 2               sym_param_types:
0004B1r 2  xx xx xx xx          .RES    8               ; formal parameter types 0..7 copied from entry bytes 24..31
0004B5r 2  xx xx xx xx  
0004B9r 2               
0004B9r 2               ; ARRAY type scratch — set by parse_type_spec when it parses an ARRAY type;
0004B9r 2               ; read by parse_var_decls to compute storage size and adjusted offset.
0004B9r 2               array_lo:
0004B9r 2  xx xx                .RES    2               ; lower bound (signed word)
0004BBr 2               array_hi:
0004BBr 2  xx xx                .RES    2               ; upper bound (signed word)
0004BDr 2               array_elem_ty:
0004BDr 2  xx                   .RES    1               ; element base type (TY_INT, TY_CHAR, TY_BOOL …)
0004BEr 2               
0004BEr 2               ; RECORD type scratch — set by parse_type_spec when it parses a RECORD type
0004BEr 2               ; (or resolves a TYPE alias of a RECORD).  Read by parse_var_decls and by
0004BEr 2               ; parse_type_decls to copy into the new SYM_VAR/SYM_TYPE entry.
0004BEr 2               record_size:
0004BEr 2  xx xx                .RES    2               ; total record size in bytes
0004C0r 2               record_first_field:
0004C0r 2  xx                   .RES    1               ; index of first field in field_table
0004C1r 2               record_field_count:
0004C1r 2  xx                   .RES    1               ; number of fields in this record
0004C2r 2               
0004C2r 2               ; Procedure-declaration scratch (parse_proc_decl; not nestable in this build).
0004C2r 2               proc_param_count:
0004C2r 2  xx                   .RES    1               ; running count while parsing param list
0004C3r 2               proc_entry_idx:
0004C3r 2  xx xx                .RES    2               ; symtab entry pointer (legacy name; for backpatch)
0004C5r 2               param_var_mask:
0004C5r 2  xx                   .RES    1               ; bitmap of which params are VAR (bit i ↔ param i, max 8)
0004C6r 2               group_is_var:
0004C6r 2  xx                   .RES    1               ; 1 while parsing the names of a VAR-prefixed group
0004C7r 2               local_alloc_off:
0004C7r 2  xx                   .RES    1               ; next free local-AR offset; init = pcount*2 at proc entry
0004C8r 2               uses_saved_tok:
0004C8r 2  xx                   .RES    1               ; saved top-level lookahead token while USES imports other source files
0004C9r 2               
0004C9r 2               ; Function-call scratch (parse_factor @sym_func_call; nested fn calls in args
0004C9r 2               ; not yet supported — see TODO).
0004C9r 2               fcall_pcount:
0004C9r 2  xx                   .RES    1
0004CAr 2               fcall_lo:
0004CAr 2  xx                   .RES    1
0004CBr 2               fcall_hi:
0004CBr 2  xx                   .RES    1
0004CCr 2               fcall_type:
0004CCr 2  xx                   .RES    1
0004CDr 2               fcall_vmask:
0004CDr 2  xx                   .RES    1               ; the called proc/func's VAR-param bitmap
0004CEr 2               fcall_lsize:
0004CEr 2  xx                   .RES    1               ; the called proc/func's total local-area size (params+locals)
0004CFr 2               fcall_param_types:
0004CFr 2  xx xx xx xx          .RES    8               ; formal parameter types 0..7 for the active function call
0004D3r 2  xx xx xx xx  
0004D7r 2               
0004D7r 2               ; Record-chain scratch (parse_statement / parse_factor). Used while walking
0004D7r 2               ; dotted field access through nested RECORD values.
0004D7r 2               field_chain_type:
0004D7r 2  xx                   .RES    1
0004D8r 2               field_chain_first:
0004D8r 2  xx                   .RES    1
0004D9r 2               field_chain_count:
0004D9r 2  xx                   .RES    1
0004DAr 2               
0004DAr 2               ; SET literal scratch (compile-time only). SET values are 16-bit masks over
0004DAr 2               ; element values 0..15 in this build.
0004DAr 2               set_lit_mask:
0004DAr 2  xx xx                .RES    2
0004DCr 2               set_lit_lo:
0004DCr 2  xx                   .RES    1
0004DDr 2               set_lit_hi:
0004DDr 2  xx                   .RES    1
0004DEr 2               set_lit_cur:
0004DEr 2  xx                   .RES    1
0004DFr 2               real_frac_count:
0004DFr 2  xx                   .RES    1               ; lexer scratch while tokenising fixed-point REAL literals
0004E0r 2               
0004E0r 2               ; Main-program entry-point patch slot. compile_program emits a UJP at code
0004E0r 2               ; offset 0; top-level BEGIN/init blocks patch it to the first startup body
0004E0r 2               ; that should run. Hi byte = $FF means "already patched / none pending"
0004E0r 2               ; (sentinel — never a valid patch addr since cg_pc starts at 0).
0004E0r 2               main_jmp_patch:
0004E0r 2  xx xx                .RES    2
0004E2r 2               
0004E2r 2               ; Pending tail-jump patch for the most recently emitted top-level body.
0004E2r 2               ; Each startup body (unit init or main BEGIN) ends with a UJP placeholder so
0004E2r 2               ; later top-level bodies can be chained together without falling through into
0004E2r 2               ; intervening procedure/function code.
0004E2r 2               body_chain_patch:
0004E2r 2  xx xx                .RES    2
0004E4r 2               
0004E4r 2               ; ---------------------------------------------------------------------------
0004E4r 2               ; lexer_init — reset lexer state; call before compile_program
0004E4r 2               ; ---------------------------------------------------------------------------
0004E4r 2               lexer_init:
0004E4r 2  A9 01                LDA     #1
0004E6r 2  85 rr                STA     lex_line
0004E8r 2  A9 00                LDA     #0
0004EAr 2  85 rr                STA     lex_line+1
0004ECr 2  85 rr                STA     lex_col
0004EEr 2  85 rr                STA     src_buf_pos
0004F0r 2  85 rr                STA     src_buf_end
0004F2r 2               ; prime lex_char
0004F2r 2  20 rr rr             JSR     lexer_getc
0004F5r 2  60                   RTS
0004F6r 2               
0004F6r 2               ; ---------------------------------------------------------------------------
0004F6r 2               ; next_token — advance to next token, set tok_type
0004F6r 2               ; On return:
0004F6r 2               ;   tok_type  = token code
0004F6r 2               ;   tok_ival  = integer value (if TOK_INT)
0004F6r 2               ;   ident_buf = identifier string (if TOK_IDENT)
0004F6r 2               ; ---------------------------------------------------------------------------
0004F6r 2               next_token:
0004F6r 2               ; skip whitespace and comments
0004F6r 2               @skip:
0004F6r 2  A5 rr                LDA     lex_char
0004F8r 2  F0 3B                BEQ     @eof
0004FAr 2  C9 20                CMP     #' '
0004FCr 2  F0 13                BEQ     @ws
0004FEr 2  C9 09                CMP     #$09            ; TAB
000500r 2  F0 0F                BEQ     @ws
000502r 2  C9 0D                CMP     #$0D            ; CR — treat as whitespace, LF counts the line
000504r 2  F0 0B                BEQ     @ws
000506r 2  C9 0A                CMP     #$0A            ; LF
000508r 2  F0 0C                BEQ     @nl
00050Ar 2  C9 7B                CMP     #'{'            ; Pascal comment start
00050Cr 2  F0 17                BEQ     @comment
00050Er 2  4C rr rr             JMP     @not_ws
000511r 2               @ws:
000511r 2  20 rr rr             JSR     lexer_getc
000514r 2  80 E0                BRA     @skip
000516r 2               @nl:
000516r 2  E6 rr                INC     lex_line
000518r 2  D0 02                BNE     :+
00051Ar 2  E6 rr                INC     lex_line+1
00051Cr 2               :
00051Cr 2  A9 00                LDA     #0
00051Er 2  85 rr                STA     lex_col
000520r 2  20 rr rr             JSR     lexer_getc
000523r 2  80 D1                BRA     @skip
000525r 2               @comment:
000525r 2               ; skip { ... }
000525r 2               @cloop:
000525r 2  20 rr rr             JSR     lexer_getc
000528r 2  A5 rr                LDA     lex_char        ; PLY inside lexer_getc clobbers Z; reload to test EOF
00052Ar 2  F0 09                BEQ     @eof
00052Cr 2  C9 7D                CMP     #'}'
00052Er 2  D0 F5                BNE     @cloop
000530r 2  20 rr rr             JSR     lexer_getc
000533r 2  80 C1                BRA     @skip
000535r 2               @eof:
000535r 2  A9 00                LDA     #TOK_EOF
000537r 2  85 rr                STA     tok_type
000539r 2  60                   RTS
00053Ar 2               
00053Ar 2               @not_ws:
00053Ar 2               ; letter → identifier or keyword
00053Ar 2  20 rr rr             JSR     is_letter
00053Dr 2  90 03                BCC     :+
00053Fr 2  4C rr rr             JMP     @ident
000542r 2               :
000542r 2               
000542r 2               ; digit → integer literal
000542r 2  20 rr rr             JSR     is_digit
000545r 2  90 03                BCC     :+
000547r 2  4C rr rr             JMP     @number
00054Ar 2               :
00054Ar 2               
00054Ar 2               ; string → string literal
00054Ar 2  C9 27                CMP     #$27            ; single quote
00054Cr 2  D0 03                BNE     :+
00054Er 2  4C rr rr             JMP     @string
000551r 2               :
000551r 2               
000551r 2               ; operators and punctuation
000551r 2  4C rr rr             JMP     @punct
000554r 2               
000554r 2               ; --- Identifier ---
000554r 2               @ident:
000554r 2  A0 00                LDY     #0
000556r 2               @id_loop:
000556r 2  A5 rr                LDA     lex_char
000558r 2  20 rr rr             JSR     to_upper
00055Br 2  99 rr rr             STA     ident_buf+1,y
00055Er 2  C8                   INY
00055Fr 2  C0 3F                CPY     #63
000561r 2  F0 0F                BEQ     @id_done
000563r 2  20 rr rr             JSR     lexer_getc
000566r 2  A5 rr                LDA     lex_char
000568r 2  20 rr rr             JSR     is_letter
00056Br 2  B0 E9                BCS     @id_loop
00056Dr 2  20 rr rr             JSR     is_digit
000570r 2  B0 E4                BCS     @id_loop
000572r 2               @id_done:
000572r 2  98                   TYA
000573r 2  8D rr rr             STA     ident_buf       ; length
000576r 2               ; check against keyword table
000576r 2  20 rr rr             JSR     lookup_keyword
000579r 2  85 rr                STA     tok_type
00057Br 2  60                   RTS
00057Cr 2               
00057Cr 2               ; --- Numeric literal (integer or fixed-point REAL) ---
00057Cr 2               @number:
00057Cr 2  A9 00                LDA     #0
00057Er 2  85 rr                STA     tok_ival_lo
000580r 2  85 rr                STA     tok_ival_hi
000582r 2               @num_loop:
000582r 2  A5 rr                LDA     lex_char
000584r 2  38                   SEC
000585r 2  E9 30                SBC     #'0'
000587r 2  20 rr rr             JSR     mul10_tokval    ; tokval = tokval*10 + digit
00058Ar 2  20 rr rr             JSR     lexer_getc
00058Dr 2  A5 rr                LDA     lex_char
00058Fr 2  20 rr rr             JSR     is_digit
000592r 2  B0 EE                BCS     @num_loop
000594r 2  A5 rr                LDA     lex_char
000596r 2  C9 2E                CMP     #'.'
000598r 2  D0 5D                BNE     @num_int
00059Ar 2  A5 rr                LDA     src_buf_pos
00059Cr 2  C5 rr                CMP     src_buf_end
00059Er 2  B0 57                BCS     @num_int               ; dot at sector boundary -> treat as integer
0005A0r 2  A8                   TAY
0005A1r 2  B9 28 01             LDA     DMA_BUF,y
0005A4r 2  C9 2E                CMP     #'.'
0005A6r 2  F0 4F                BEQ     @num_int               ; 1..10 range syntax
0005A8r 2  C9 30                CMP     #'0'
0005AAr 2  90 4B                BCC     @num_int
0005ACr 2  C9 3A                CMP     #'9'+1
0005AEr 2  B0 47                BCS     @num_int
0005B0r 2  A9 00                LDA     #0
0005B2r 2  8D rr rr             STA     real_frac_count
0005B5r 2  20 rr rr             JSR     lexer_getc             ; consume '.' -> first fractional digit
0005B8r 2               @real_loop:
0005B8r 2  A5 rr                LDA     lex_char
0005BAr 2  20 rr rr             JSR     is_digit
0005BDr 2  90 17                BCC     @real_done
0005BFr 2  AD rr rr             LDA     real_frac_count
0005C2r 2  C9 02                CMP     #2
0005C4r 2  B0 0B                BCS     @real_skip_digit
0005C6r 2  A5 rr                LDA     lex_char
0005C8r 2  38                   SEC
0005C9r 2  E9 30                SBC     #'0'
0005CBr 2  20 rr rr             JSR     mul10_tokval
0005CEr 2  EE rr rr             INC     real_frac_count
0005D1r 2               @real_skip_digit:
0005D1r 2  20 rr rr             JSR     lexer_getc
0005D4r 2  80 E2                BRA     @real_loop
0005D6r 2               @real_done:
0005D6r 2  AD rr rr             LDA     real_frac_count
0005D9r 2  C9 00                CMP     #0
0005DBr 2  D0 0C                BNE     :+
0005DDr 2  A9 00                LDA     #0
0005DFr 2  20 rr rr             JSR     mul10_tokval
0005E2r 2  A9 00                LDA     #0
0005E4r 2  20 rr rr             JSR     mul10_tokval
0005E7r 2  80 09                BRA     @num_real
0005E9r 2  C9 01        :       CMP     #1
0005EBr 2  D0 05                BNE     @num_real
0005EDr 2  A9 00                LDA     #0
0005EFr 2  20 rr rr             JSR     mul10_tokval
0005F2r 2               @num_real:
0005F2r 2  A9 05                LDA     #TOK_REAL
0005F4r 2  85 rr                STA     tok_type
0005F6r 2  60                   RTS
0005F7r 2               @num_int:
0005F7r 2  A9 02                LDA     #TOK_INT
0005F9r 2  85 rr                STA     tok_type
0005FBr 2  60                   RTS
0005FCr 2               
0005FCr 2               ; --- String literal ---
0005FCr 2               @string:
0005FCr 2  20 rr rr             JSR     lexer_getc      ; skip opening quote
0005FFr 2  A0 00                LDY     #0
000601r 2               @str_loop:
000601r 2  A5 rr                LDA     lex_char
000603r 2  F0 21                BEQ     @str_done       ; EOF
000605r 2  C9 27                CMP     #$27
000607r 2  F0 09                BEQ     @str_close
000609r 2  99 rr rr             STA     ident_buf+1,y
00060Cr 2  C8                   INY
00060Dr 2  20 rr rr             JSR     lexer_getc
000610r 2  80 EF                BRA     @str_loop
000612r 2               @str_close:
000612r 2  20 rr rr             JSR     lexer_getc      ; skip closing quote
000615r 2               ; check for '' (escaped quote)
000615r 2  A5 rr                LDA     lex_char
000617r 2  C9 27                CMP     #$27
000619r 2  D0 0B                BNE     @str_done
00061Br 2  A9 27                LDA     #$27
00061Dr 2  99 rr rr             STA     ident_buf+1,y
000620r 2  C8                   INY
000621r 2  20 rr rr             JSR     lexer_getc
000624r 2  80 DB                BRA     @str_loop
000626r 2               @str_done:
000626r 2  98                   TYA
000627r 2  8D rr rr             STA     ident_buf
00062Ar 2  A9 03                LDA     #TOK_STRING
00062Cr 2  85 rr                STA     tok_type
00062Er 2  60                   RTS
00062Fr 2               
00062Fr 2               ; --- Punctuation / operators ---
00062Fr 2               @punct:
00062Fr 2  A2 00                LDX     #0
000631r 2  A5 rr                LDA     lex_char
000633r 2  C9 2B                CMP     #'+'
000635r 2  D0 02                BNE     :+
000637r 2  A2 10                LDX     #TOK_PLUS
000639r 2               :
000639r 2  C9 2D                CMP     #'-'
00063Br 2  D0 02                BNE     :+
00063Dr 2  A2 11                LDX     #TOK_MINUS
00063Fr 2               :
00063Fr 2  C9 2A                CMP     #'*'
000641r 2  D0 02                BNE     :+
000643r 2  A2 12                LDX     #TOK_STAR
000645r 2               :
000645r 2  C9 2F                CMP     #'/'
000647r 2  D0 02                BNE     :+
000649r 2  A2 13                LDX     #TOK_SLASH
00064Br 2               :
00064Br 2  C9 3D                CMP     #'='
00064Dr 2  D0 02                BNE     :+
00064Fr 2  A2 14                LDX     #TOK_EQ
000651r 2               :
000651r 2  C9 28                CMP     #'('
000653r 2  D0 02                BNE     :+
000655r 2  A2 1B                LDX     #TOK_LPAREN
000657r 2               :
000657r 2  C9 29                CMP     #')'
000659r 2  D0 02                BNE     :+
00065Br 2  A2 1C                LDX     #TOK_RPAREN
00065Dr 2               :
00065Dr 2  C9 5B                CMP     #'['
00065Fr 2  D0 02                BNE     :+
000661r 2  A2 1D                LDX     #TOK_LBRACK
000663r 2               :
000663r 2  C9 5D                CMP     #']'
000665r 2  D0 02                BNE     :+
000667r 2  A2 1E                LDX     #TOK_RBRACK
000669r 2               :
000669r 2  C9 2C                CMP     #','
00066Br 2  D0 02                BNE     :+
00066Dr 2  A2 1F                LDX     #TOK_COMMA
00066Fr 2               :
00066Fr 2  C9 3B                CMP     #';'
000671r 2  D0 02                BNE     :+
000673r 2  A2 20                LDX     #TOK_SEMICOLON
000675r 2               :
000675r 2  C9 5E                CMP     #'^'
000677r 2  D0 02                BNE     :+
000679r 2  A2 24                LDX     #TOK_CARET
00067Br 2               :
00067Br 2  C9 3C                CMP     #'<'
00067Dr 2  D0 22                BNE     @not_lt
00067Fr 2  20 rr rr             JSR     lexer_getc
000682r 2  A5 rr                LDA     lex_char
000684r 2  C9 3D                CMP     #'='
000686r 2  F0 09                BEQ     @leq
000688r 2  C9 3E                CMP     #'>'
00068Ar 2  F0 0D                BEQ     @neq
00068Cr 2  A9 16                LDA     #TOK_LT
00068Er 2  85 rr                STA     tok_type
000690r 2  60                   RTS
000691r 2               @leq:
000691r 2  20 rr rr             JSR     lexer_getc
000694r 2  A9 18                LDA     #TOK_LEQ
000696r 2  85 rr                STA     tok_type
000698r 2  60                   RTS
000699r 2               @neq:
000699r 2  20 rr rr             JSR     lexer_getc
00069Cr 2  A9 15                LDA     #TOK_NEQ
00069Er 2  85 rr                STA     tok_type
0006A0r 2  60                   RTS
0006A1r 2               @not_lt:
0006A1r 2  C9 3E                CMP     #'>'
0006A3r 2  D0 16                BNE     @not_gt
0006A5r 2  20 rr rr             JSR     lexer_getc
0006A8r 2  A5 rr                LDA     lex_char
0006AAr 2  C9 3D                CMP     #'='
0006ACr 2  F0 05                BEQ     @geq
0006AEr 2  A9 17                LDA     #TOK_GT
0006B0r 2  85 rr                STA     tok_type
0006B2r 2  60                   RTS
0006B3r 2               @geq:
0006B3r 2  20 rr rr             JSR     lexer_getc
0006B6r 2  A9 19                LDA     #TOK_GEQ
0006B8r 2  85 rr                STA     tok_type
0006BAr 2  60                   RTS
0006BBr 2               @not_gt:
0006BBr 2  C9 3A                CMP     #':'
0006BDr 2  D0 16                BNE     @not_colon
0006BFr 2  20 rr rr             JSR     lexer_getc
0006C2r 2  A5 rr                LDA     lex_char
0006C4r 2  C9 3D                CMP     #'='
0006C6r 2  F0 05                BEQ     @assign
0006C8r 2  A9 21                LDA     #TOK_COLON
0006CAr 2  85 rr                STA     tok_type
0006CCr 2  60                   RTS
0006CDr 2               @assign:
0006CDr 2  20 rr rr             JSR     lexer_getc
0006D0r 2  A9 1A                LDA     #TOK_ASSIGN
0006D2r 2  85 rr                STA     tok_type
0006D4r 2  60                   RTS
0006D5r 2               @not_colon:
0006D5r 2  C9 2E                CMP     #'.'
0006D7r 2  D0 16                BNE     @not_dot
0006D9r 2  20 rr rr             JSR     lexer_getc
0006DCr 2  A5 rr                LDA     lex_char
0006DEr 2  C9 2E                CMP     #'.'
0006E0r 2  F0 05                BEQ     @dotdot
0006E2r 2  A9 22                LDA     #TOK_DOT
0006E4r 2  85 rr                STA     tok_type
0006E6r 2  60                   RTS
0006E7r 2               @dotdot:
0006E7r 2  20 rr rr             JSR     lexer_getc
0006EAr 2  A9 23                LDA     #TOK_DOTDOT
0006ECr 2  85 rr                STA     tok_type
0006EEr 2  60                   RTS
0006EFr 2               @not_dot:
0006EFr 2               ; If a single-byte operator matched above, X holds its TOK_* code.
0006EFr 2               ; Otherwise X=0 and the character is unknown — skip and retry.
0006EFr 2  E0 00                CPX     #0
0006F1r 2  F0 07                BEQ     @unknown
0006F3r 2  8A                   TXA
0006F4r 2  85 rr                STA     tok_type
0006F6r 2  20 rr rr             JSR     lexer_getc
0006F9r 2  60                   RTS
0006FAr 2               @unknown:
0006FAr 2  20 rr rr             JSR     lexer_getc
0006FDr 2  4C rr rr             JMP     next_token
000700r 2               
000700r 2               ; ---------------------------------------------------------------------------
000700r 2               ; lexer_getc — fetch next character into lex_char
000700r 2               ; Refills sector buffer via file_read_sector when empty
000700r 2               ; ---------------------------------------------------------------------------
000700r 2               lexer_getc:
000700r 2  5A                   PHY                     ; preserve caller's Y across refill + read
000701r 2  A5 rr                LDA     src_buf_pos
000703r 2  C5 rr                CMP     src_buf_end
000705r 2  90 17                BCC     @from_buf       ; still have data
000707r 2               ; refill buffer — set tmp1 to source FCB first
000707r 2               ; (other code paths leave tmp1 pointing at output FCB)
000707r 2  A5 rr                LDA     src_fcb
000709r 2  85 rr                STA     tmp1
00070Br 2  A5 rr                LDA     src_fcb+1
00070Dr 2  85 rr                STA     tmp1+1
00070Fr 2  20 rr rr             JSR     file_read_sector
000712r 2  C9 00                CMP     #0
000714r 2  D0 15                BNE     @eof_char
000716r 2  A9 80                LDA     #128
000718r 2  85 rr                STA     src_buf_end
00071Ar 2  A9 00                LDA     #0
00071Cr 2  85 rr                STA     src_buf_pos
00071Er 2               @from_buf:
00071Er 2  A4 rr                LDY     src_buf_pos
000720r 2  B9 28 01             LDA     DMA_BUF,y
000723r 2  E6 rr                INC     src_buf_pos
000725r 2  85 rr                STA     lex_char
000727r 2  E6 rr                INC     lex_col
000729r 2  7A                   PLY
00072Ar 2  60                   RTS
00072Br 2               @eof_char:
00072Br 2  A9 00                LDA     #0
00072Dr 2  85 rr                STA     lex_char
00072Fr 2  7A                   PLY
000730r 2  60                   RTS
000731r 2               
000731r 2               ; ---------------------------------------------------------------------------
000731r 2               ; lookup_keyword — check ident_buf against keyword_table
000731r 2               ; Returns: A = keyword token code, or TOK_IDENT if not found
000731r 2               ; ---------------------------------------------------------------------------
000731r 2               lookup_keyword:
000731r 2  A9 rr                LDA     #<keyword_table
000733r 2  85 rr                STA     tmp2
000735r 2  A9 rr                LDA     #>keyword_table
000737r 2  85 rr                STA     tmp2+1
000739r 2               @next_kw:
000739r 2  A0 00                LDY     #0
00073Br 2  B1 rr                LDA     (tmp2),y        ; keyword length (0 = sentinel)
00073Dr 2  F0 2C                BEQ     @not_found
00073Fr 2  CD rr rr             CMP     ident_buf       ; compare lengths first
000742r 2  D0 15                BNE     @advance
000744r 2  AA                   TAX                     ; X = length
000745r 2  A0 01                LDY     #1
000747r 2               @cmp_loop:
000747r 2  B1 rr                LDA     (tmp2),y
000749r 2  D9 rr rr             CMP     ident_buf,y
00074Cr 2  D0 0B                BNE     @advance
00074Er 2  C8                   INY
00074Fr 2  CA                   DEX
000750r 2  D0 F5                BNE     @cmp_loop
000752r 2               ; match: token code is at offset length+1
000752r 2  AC rr rr             LDY     ident_buf
000755r 2  C8                   INY
000756r 2  B1 rr                LDA     (tmp2),y
000758r 2  60                   RTS
000759r 2               @advance:
000759r 2               ; skip to next entry: advance tmp2 by (length+2)
000759r 2               ; (Y may be >0 if we got here from @cmp_loop — reset to 0 first)
000759r 2  A0 00                LDY     #0
00075Br 2  B1 rr                LDA     (tmp2),y        ; length byte
00075Dr 2  18                   CLC
00075Er 2  69 02                ADC     #2              ; +1 for length byte, +1 for token byte
000760r 2  18                   CLC
000761r 2  65 rr                ADC     tmp2
000763r 2  85 rr                STA     tmp2
000765r 2  90 02                BCC     :+
000767r 2  E6 rr                INC     tmp2+1
000769r 2               :
000769r 2  80 CE                BRA     @next_kw
00076Br 2               @not_found:
00076Br 2  A9 01                LDA     #TOK_IDENT
00076Dr 2  60                   RTS
00076Er 2               
00076Er 2               ; ---------------------------------------------------------------------------
00076Er 2               ; is_letter — test lex_char; carry set if A-Z or a-z
00076Er 2               ; ---------------------------------------------------------------------------
00076Er 2               is_letter:
00076Er 2  A5 rr                LDA     lex_char
000770r 2  C9 41                CMP     #'A'
000772r 2  90 10                BCC     @no
000774r 2  C9 5B                CMP     #'Z'+1
000776r 2  90 0E                BCC     @yes
000778r 2  C9 61                CMP     #'a'
00077Ar 2  90 08                BCC     @no
00077Cr 2  C9 7B                CMP     #'z'+1
00077Er 2  90 06                BCC     @yes
000780r 2  C9 5F                CMP     #'_'
000782r 2  F0 02                BEQ     @yes
000784r 2               @no:
000784r 2  18                   CLC
000785r 2  60                   RTS
000786r 2               @yes:
000786r 2  38                   SEC
000787r 2  60                   RTS
000788r 2               
000788r 2               ; ---------------------------------------------------------------------------
000788r 2               ; is_digit — test lex_char; carry set if 0-9
000788r 2               ; ---------------------------------------------------------------------------
000788r 2               is_digit:
000788r 2  A5 rr                LDA     lex_char
00078Ar 2  C9 30                CMP     #'0'
00078Cr 2  90 06                BCC     @no
00078Er 2  C9 3A                CMP     #'9'+1
000790r 2  B0 02                BCS     @no
000792r 2  38                   SEC
000793r 2  60                   RTS
000794r 2               @no:
000794r 2  18                   CLC
000795r 2  60                   RTS
000796r 2               
000796r 2               ; ---------------------------------------------------------------------------
000796r 2               ; to_upper — convert A to uppercase (A-Z,a-z only, others pass through)
000796r 2               ; ---------------------------------------------------------------------------
000796r 2               to_upper:
000796r 2  C9 61                CMP     #'a'
000798r 2  90 06                BCC     @done
00079Ar 2  C9 7B                CMP     #'z'+1
00079Cr 2  B0 02                BCS     @done
00079Er 2  29 DF                AND     #$DF
0007A0r 2               @done:
0007A0r 2  60                   RTS
0007A1r 2               
0007A1r 2               ; ---------------------------------------------------------------------------
0007A1r 2               ; mul10_tokval — tokval = tokval*10 + A  (A = digit 0-9)
0007A1r 2               ; ---------------------------------------------------------------------------
0007A1r 2               mul10_tokval:
0007A1r 2  48                   PHA
0007A2r 2               ; multiply tok_ival by 10: x10 = x*8 + x*2
0007A2r 2  A5 rr                LDA     tok_ival_lo
0007A4r 2  0A                   ASL                     ; *2
0007A5r 2  85 rr                STA     tmp2
0007A7r 2  A5 rr                LDA     tok_ival_hi
0007A9r 2  2A                   ROL
0007AAr 2  85 rr                STA     tmp2+1
0007ACr 2  A5 rr                LDA     tmp2            ; *4
0007AEr 2  0A                   ASL
0007AFr 2  85 rr                STA     tmp3
0007B1r 2  A5 rr                LDA     tmp2+1
0007B3r 2  2A                   ROL
0007B4r 2  85 rr                STA     tmp3+1
0007B6r 2  A5 rr                LDA     tmp3            ; *8
0007B8r 2  0A                   ASL
0007B9r 2  85 rr                STA     tmp3
0007BBr 2  A5 rr                LDA     tmp3+1
0007BDr 2  2A                   ROL
0007BEr 2  85 rr                STA     tmp3+1
0007C0r 2               ; *10 = *8 + *2
0007C0r 2  A5 rr                LDA     tmp3
0007C2r 2  18                   CLC
0007C3r 2  65 rr                ADC     tmp2
0007C5r 2  85 rr                STA     tok_ival_lo
0007C7r 2  A5 rr                LDA     tmp3+1
0007C9r 2  65 rr                ADC     tmp2+1
0007CBr 2  85 rr                STA     tok_ival_hi
0007CDr 2               ; add digit
0007CDr 2  68                   PLA
0007CEr 2  18                   CLC
0007CFr 2  65 rr                ADC     tok_ival_lo
0007D1r 2  85 rr                STA     tok_ival_lo
0007D3r 2  90 02                BCC     :+
0007D5r 2  E6 rr                INC     tok_ival_hi
0007D7r 2               :
0007D7r 2  60                   RTS
0007D8r 2               
0007D8r 1                       .include        "PARSER.ASM"
0007D8r 2               ; parser.asm — recursive-descent Pascal parser + single-pass code generator
0007D8r 2               ;
0007D8r 2               ; Entry point: compile_program (called from pascal_main)
0007D8r 2               ;
0007D8r 2               ; This is a skeleton. Each parse routine calls next_token and emits p-code
0007D8r 2               ; directly (no AST nodes). Phase 3 fleshes out the full grammar.
0007D8r 2               
0007D8r 2                       .segment        "CODE"
0007D8r 2               
0007D8r 2               ; ---------------------------------------------------------------------------
0007D8r 2               ; expect — verify current token is `expected_tok`, advance, error if not
0007D8r 2               ; expected_tok passed in X; error string pointer in tmp3 (lo) and A (hi)
0007D8r 2               ; ---------------------------------------------------------------------------
0007D8r 2               expect:
0007D8r 2  A5 rr                LDA     tok_type
0007DAr 2  E4 rr                CPX     tok_type
0007DCr 2  F0 18                BEQ     @ok
0007DEr 2               ; mismatch — report error using tmp3 as message pointer
0007DEr 2  A5 rr                LDA     tmp3
0007E0r 2  85 rr                STA     tmp0
0007E2r 2  A5 rr                LDA     tmp3+1
0007E4r 2  85 rr                STA     tmp0+1
0007E6r 2  20 rr rr             JSR     compile_error
0007E9r 2               ; attempt recovery: skip tokens until we see the expected one or EOF
0007E9r 2               @recover:
0007E9r 2  A5 rr                LDA     tok_type
0007EBr 2  F0 09                BEQ     @ok             ; EOF — stop recovery
0007EDr 2  E4 rr                CPX     tok_type
0007EFr 2  F0 05                BEQ     @ok
0007F1r 2  20 rr rr             JSR     next_token
0007F4r 2  80 F3                BRA     @recover
0007F6r 2               @ok:
0007F6r 2  20 rr rr             JSR     next_token
0007F9r 2  60                   RTS
0007FAr 2               
0007FAr 2               ; Helper macros — not ca65 .macros since they'd be complex; use inline calls.
0007FAr 2               
0007FAr 2               ; ---------------------------------------------------------------------------
0007FAr 2               ; compile_program — top-level dispatcher for PROGRAM or UNIT sources.
0007FAr 2               ; ---------------------------------------------------------------------------
0007FAr 2               compile_program:
0007FAr 2  20 rr rr             JSR     symtab_init
0007FDr 2  A9 00                LDA     #0
0007FFr 2  8D rr rr             STA     unit_section
000802r 2  A5 rr                LDA     tok_type
000804r 2  C9 61                CMP     #TOK_UNIT
000806r 2  F0 03                BEQ     @unit_src
000808r 2  4C rr rr             JMP     @program_src
00080Br 2               @unit_src:
00080Br 2  4C rr rr             JMP     compile_unit
00080Er 2               @program_src:
00080Er 2               ; expect PROGRAM keyword
00080Er 2  A5 rr                LDA     tok_type
000810r 2  C9 54                CMP     #TOK_PROGRAM
000812r 2  D0 0F                BNE     @no_hdr         ; allow missing PROGRAM header (lenient)
000814r 2  20 rr rr             JSR     next_token
000817r 2               ; program name (identifier)
000817r 2  20 rr rr             JSR     next_token
00081Ar 2               ; semicolon
00081Ar 2  A5 rr                LDA     tok_type
00081Cr 2  C9 20                CMP     #TOK_SEMICOLON
00081Er 2  D0 03                BNE     :+
000820r 2  20 rr rr             JSR     next_token
000823r 2               :
000823r 2               @no_hdr:
000823r 2               ; Emit a forward UJP at code offset 0; parse_block patches it to point
000823r 2               ; to the main BEGIN block once all proc bodies have been emitted ahead
000823r 2               ; of it. The .PCD entry point stays at offset 0 (start of code = UJP).
000823r 2  20 rr rr             JSR     emit_UJP        ; A=patch_lo, scratch=patch_hi
000826r 2  8D rr rr             STA     main_jmp_patch
000829r 2  A5 rr                LDA     scratch
00082Br 2  8D rr rr             STA     main_jmp_patch+1
00082Er 2  20 rr rr             JSR     parse_block
000831r 2               ; Emit HALT at end of main program
000831r 2  20 rr rr             JSR     patch_startup_chain_if_needed
000834r 2  20 rr rr             JSR     emit_HALT
000837r 2  60                   RTS
000838r 2               
000838r 2               ; patch_startup_chain_if_needed — patch any pending top-level startup jumps
000838r 2               ; to the current cg_pc. This handles both the entry UJP (jump to the first
000838r 2               ; unit-init/main body) and the tail UJP emitted after each prior top-level
000838r 2               ; body (jump to the next one, or eventually HALT).
000838r 2               patch_startup_chain_if_needed:
000838r 2  AD rr rr             LDA     main_jmp_patch+1
00083Br 2  C9 FF                CMP     #$FF
00083Dr 2  F0 12                BEQ     @pscii_tail
00083Fr 2  AD rr rr             LDA     main_jmp_patch
000842r 2  85 rr                STA     tmp2
000844r 2  AD rr rr             LDA     main_jmp_patch+1
000847r 2  85 rr                STA     tmp2+1
000849r 2  20 rr rr             JSR     patch_jump
00084Cr 2  A9 FF                LDA     #$FF
00084Er 2  8D rr rr             STA     main_jmp_patch+1
000851r 2               @pscii_tail:
000851r 2  AD rr rr             LDA     body_chain_patch+1
000854r 2  C9 FF                CMP     #$FF
000856r 2  F0 12                BEQ     @pscii_done
000858r 2  AD rr rr             LDA     body_chain_patch
00085Br 2  85 rr                STA     tmp2
00085Dr 2  AD rr rr             LDA     body_chain_patch+1
000860r 2  85 rr                STA     tmp2+1
000862r 2  20 rr rr             JSR     patch_jump
000865r 2  A9 FF                LDA     #$FF
000867r 2  8D rr rr             STA     body_chain_patch+1
00086Ar 2               @pscii_done:
00086Ar 2  60                   RTS
00086Br 2               
00086Br 2               ; ---------------------------------------------------------------------------
00086Br 2               ; compile_unit — UNIT name ; INTERFACE ... IMPLEMENTATION ... [BEGIN ...] END.
00086Br 2               ; UNIT sources may be standalone roots or USES-imported. The INTERFACE
00086Br 2               ; section registers globals and routine headings; IMPLEMENTATION provides the
00086Br 2               ; bodies plus an optional init block. Imported units compile inline into the
00086Br 2               ; current .PCD while the startup jump chain preserves init order.
00086Br 2               ; ---------------------------------------------------------------------------
00086Br 2               compile_unit:
00086Br 2  20 rr rr             JSR     next_token              ; consume UNIT
00086Er 2  A5 rr                LDA     tok_type
000870r 2  C9 01                CMP     #TOK_IDENT
000872r 2  D0 21                BNE     :+
000874r 2  AD rr rr             LDA     unit_import_mode
000877r 2  D0 19                BNE     @cu_name_done
000879r 2  AE rr rr             LDX     used_unit_count
00087Cr 2  E0 08                CPX     #USED_UNIT_SLOTS
00087Er 2  B0 12                BCS     @cu_name_done
000880r 2  DA                   PHX
000881r 2  20 rr rr             JSR     used_unit_slot_ptr
000884r 2  A0 0F                LDY     #15
000886r 2               @cu_root_name_copy:
000886r 2  B9 rr rr             LDA     ident_buf,y
000889r 2  91 rr                STA     (tmp2),y
00088Br 2  88                   DEY
00088Cr 2  10 F8                BPL     @cu_root_name_copy
00088Er 2  FA                   PLX
00088Fr 2  EE rr rr             INC     used_unit_count
000892r 2               @cu_name_done:
000892r 2  20 rr rr             JSR     next_token              ; consume unit name
000895r 2  A5 rr        :       LDA     tok_type
000897r 2  C9 20                CMP     #TOK_SEMICOLON
000899r 2  D0 03                BNE     :+
00089Br 2  20 rr rr             JSR     next_token
00089Er 2  A5 rr        :       LDA     tok_type
0008A0r 2  C9 60                CMP     #TOK_INTERFACE
0008A2r 2  F0 0D                BEQ     @cu_have_iface
0008A4r 2  A9 rr                LDA     #<err_unexpected
0008A6r 2  85 rr                STA     tmp0
0008A8r 2  A9 rr                LDA     #>err_unexpected
0008AAr 2  85 rr                STA     tmp0+1
0008ACr 2  20 rr rr             JSR     compile_error
0008AFr 2  80 03                BRA     @cu_after_iface_kw
0008B1r 2               @cu_have_iface:
0008B1r 2  20 rr rr             JSR     next_token              ; consume INTERFACE
0008B4r 2               @cu_after_iface_kw:
0008B4r 2  AD rr rr             LDA     unit_import_mode
0008B7r 2  D0 0B                BNE     @cu_iface_ready
0008B9r 2  20 rr rr             JSR     emit_UJP
0008BCr 2  8D rr rr             STA     main_jmp_patch
0008BFr 2  A5 rr                LDA     scratch
0008C1r 2  8D rr rr             STA     main_jmp_patch+1
0008C4r 2               @cu_iface_ready:
0008C4r 2  A9 01                LDA     #1
0008C6r 2  8D rr rr             STA     unit_section
0008C9r 2  20 rr rr             JSR     parse_interface_block
0008CCr 2  A5 rr                LDA     tok_type
0008CEr 2  C9 5F                CMP     #TOK_IMPLEMENTATION
0008D0r 2  F0 0D                BEQ     @cu_have_impl
0008D2r 2  A9 rr                LDA     #<err_unexpected
0008D4r 2  85 rr                STA     tmp0
0008D6r 2  A9 rr                LDA     #>err_unexpected
0008D8r 2  85 rr                STA     tmp0+1
0008DAr 2  20 rr rr             JSR     compile_error
0008DDr 2  80 03                BRA     @cu_impl_start
0008DFr 2               @cu_have_impl:
0008DFr 2  20 rr rr             JSR     next_token              ; consume IMPLEMENTATION
0008E2r 2               @cu_impl_start:
0008E2r 2  A9 02                LDA     #2
0008E4r 2  8D rr rr             STA     unit_section
0008E7r 2  20 rr rr             JSR     parse_block
0008EAr 2  AD rr rr             LDA     unit_import_mode
0008EDr 2  D0 06                BNE     @cu_done
0008EFr 2  20 rr rr             JSR     patch_startup_chain_if_needed
0008F2r 2  20 rr rr             JSR     emit_HALT
0008F5r 2               @cu_done:
0008F5r 2  A9 00                LDA     #0
0008F7r 2  8D rr rr             STA     unit_section
0008FAr 2  60                   RTS
0008FBr 2               
0008FBr 2               ; ---------------------------------------------------------------------------
0008FBr 2               ; parse_interface_block — top-level INTERFACE declarations only.
0008FBr 2               ; Mirrors parse_block but PROCEDURE/FUNCTION consume headings without bodies.
0008FBr 2               ; Stops when IMPLEMENTATION (or anything unrecognised) is reached.
0008FBr 2               ; ---------------------------------------------------------------------------
0008FBr 2               parse_interface_block:
0008FBr 2               @pib_again:
0008FBr 2  A5 rr                LDA     tok_type
0008FDr 2  C9 62                CMP     #TOK_USES
0008FFr 2  F0 15                BEQ     @pib_uses
000901r 2  C9 44                CMP     #TOK_CONST
000903r 2  F0 16                BEQ     @pib_const
000905r 2  C9 5A                CMP     #TOK_TYPE
000907r 2  F0 1A                BEQ     @pib_type
000909r 2  C9 5C                CMP     #TOK_VAR
00090Br 2  F0 1E                BEQ     @pib_var
00090Dr 2  C9 53                CMP     #TOK_PROCEDURE
00090Fr 2  F0 22                BEQ     @pib_proc
000911r 2  C9 4B                CMP     #TOK_FUNCTION
000913r 2  F0 26                BEQ     @pib_func
000915r 2  60                   RTS
000916r 2               @pib_uses:
000916r 2  20 rr rr             JSR     parse_uses_clause
000919r 2  80 E0                BRA     @pib_again
00091Br 2               @pib_const:
00091Br 2  20 rr rr             JSR     next_token
00091Er 2  20 rr rr             JSR     parse_const_decls
000921r 2  80 D8                BRA     @pib_again
000923r 2               @pib_type:
000923r 2  20 rr rr             JSR     next_token
000926r 2  20 rr rr             JSR     parse_type_decls
000929r 2  80 D0                BRA     @pib_again
00092Br 2               @pib_var:
00092Br 2  20 rr rr             JSR     next_token
00092Er 2  20 rr rr             JSR     parse_var_decls
000931r 2  80 C8                BRA     @pib_again
000933r 2               @pib_proc:
000933r 2  20 rr rr             JSR     next_token
000936r 2  20 rr rr             JSR     parse_proc_iface_decl
000939r 2  80 C0                BRA     @pib_again
00093Br 2               @pib_func:
00093Br 2  20 rr rr             JSR     next_token
00093Er 2  20 rr rr             JSR     parse_func_iface_decl
000941r 2  80 B8                BRA     @pib_again
000943r 2               
000943r 2               ; ---------------------------------------------------------------------------
000943r 2               ; import_unit_by_name — ident_buf names a UNIT source file to compile into the
000943r 2               ; current output. Repeated/nested imports are de-duplicated globally.
000943r 2               ; ---------------------------------------------------------------------------
000943r 2               import_unit_by_name:
000943r 2  A2 00                LDX     #0
000945r 2               @iun_scan:
000945r 2  EC rr rr             CPX     used_unit_count
000948r 2  B0 25                BCS     @iun_add
00094Ar 2  DA                   PHX
00094Br 2  20 rr rr             JSR     used_unit_slot_ptr
00094Er 2  A0 00                LDY     #0
000950r 2  B1 rr                LDA     (tmp2),y
000952r 2  CD rr rr             CMP     ident_buf
000955r 2  D0 12                BNE     @iun_next
000957r 2  85 rr                STA     scratch
000959r 2  A0 01                LDY     #1
00095Br 2               @iun_cmp:
00095Br 2  B1 rr                LDA     (tmp2),y
00095Dr 2  D9 rr rr             CMP     ident_buf,y
000960r 2  D0 07                BNE     @iun_next
000962r 2  C6 rr                DEC     scratch
000964r 2  F0 07                BEQ     @iun_found
000966r 2  C8                   INY
000967r 2  80 F2                BRA     @iun_cmp
000969r 2               @iun_next:
000969r 2  FA                   PLX
00096Ar 2  E8                   INX
00096Br 2  80 D8                BRA     @iun_scan
00096Dr 2               @iun_found:
00096Dr 2  FA                   PLX
00096Er 2  60                   RTS
00096Fr 2               @iun_add:
00096Fr 2  E0 08                CPX     #USED_UNIT_SLOTS
000971r 2  90 0C                BCC     :+
000973r 2  A9 rr                LDA     #<err_too_many
000975r 2  85 rr                STA     tmp0
000977r 2  A9 rr                LDA     #>err_too_many
000979r 2  85 rr                STA     tmp0+1
00097Br 2  20 rr rr             JSR     compile_error
00097Er 2  60                   RTS
00097Fr 2  DA           :       PHX
000980r 2  20 rr rr             JSR     used_unit_slot_ptr
000983r 2  A0 0F                LDY     #15
000985r 2               @iun_copy_name:
000985r 2  B9 rr rr             LDA     ident_buf,y
000988r 2  91 rr                STA     (tmp2),y
00098Ar 2  88                   DEY
00098Br 2  10 F8                BPL     @iun_copy_name
00098Dr 2  FA                   PLX
00098Er 2  EE rr rr             INC     used_unit_count
000991r 2  20 rr rr             JSR     source_push_current
000994r 2  90 0C                BCC     @iun_pushed
000996r 2  A9 rr                LDA     #<err_too_many
000998r 2  85 rr                STA     tmp0
00099Ar 2  A9 rr                LDA     #>err_too_many
00099Cr 2  85 rr                STA     tmp0+1
00099Er 2  20 rr rr             JSR     compile_error
0009A1r 2  60                   RTS
0009A2r 2               @iun_pushed:
0009A2r 2  20 rr rr             JSR     build_named_src_fcb
0009A5r 2  90 04                BCC     :+
0009A7r 2  20 rr rr             JSR     source_pop_current
0009AAr 2  60                   RTS
0009ABr 2  A9 rr        :       LDA     #<comp_src_fcb
0009ADr 2  85 rr                STA     src_fcb
0009AFr 2  85 rr                STA     tmp1
0009B1r 2  A9 rr                LDA     #>comp_src_fcb
0009B3r 2  85 rr                STA     src_fcb+1
0009B5r 2  85 rr                STA     tmp1+1
0009B7r 2  20 rr rr             JSR     file_open
0009BAr 2  C9 FF                CMP     #$FF
0009BCr 2  D0 0F                BNE     @iun_open_ok
0009BEr 2  A9 rr                LDA     #<err_nofile
0009C0r 2  85 rr                STA     tmp0
0009C2r 2  A9 rr                LDA     #>err_nofile
0009C4r 2  85 rr                STA     tmp0+1
0009C6r 2  20 rr rr             JSR     compile_error
0009C9r 2  20 rr rr             JSR     source_pop_current
0009CCr 2  60                   RTS
0009CDr 2               @iun_open_ok:
0009CDr 2  EE rr rr             INC     unit_import_mode
0009D0r 2  20 rr rr             JSR     lexer_init
0009D3r 2  20 rr rr             JSR     next_token
0009D6r 2  20 rr rr             JSR     compile_unit
0009D9r 2  CE rr rr             DEC     unit_import_mode
0009DCr 2  A9 rr                LDA     #<comp_src_fcb
0009DEr 2  85 rr                STA     tmp1
0009E0r 2  A9 rr                LDA     #>comp_src_fcb
0009E2r 2  85 rr                STA     tmp1+1
0009E4r 2  20 rr rr             JSR     file_close
0009E7r 2  20 rr rr             JSR     source_pop_current
0009EAr 2  60                   RTS
0009EBr 2               
0009EBr 2               ; ---------------------------------------------------------------------------
0009EBr 2               ; parse_uses_clause — top-level USES unit1, unit2, ... ;
0009EBr 2               ; Collects the unit names from the current source first, then compiles each
0009EBr 2               ; imported UNIT source while the current file context is suspended.
0009EBr 2               ; ---------------------------------------------------------------------------
0009EBr 2               parse_uses_clause:
0009EBr 2  20 rr rr             JSR     next_token              ; consume USES
0009EEr 2  A9 00                LDA     #0
0009F0r 2  8D rr rr             STA     uses_name_count
0009F3r 2               @puc_collect:
0009F3r 2  A5 rr                LDA     tok_type
0009F5r 2  C9 01                CMP     #TOK_IDENT
0009F7r 2  D0 34                BNE     @puc_done_collect
0009F9r 2  AE rr rr             LDX     uses_name_count
0009FCr 2  E0 08                CPX     #USES_NAME_SLOTS
0009FEr 2  B0 14                BCS     @puc_skip_store
000A00r 2  DA                   PHX
000A01r 2  20 rr rr             JSR     uses_name_slot_ptr
000A04r 2  A0 0F                LDY     #15
000A06r 2               @puc_store:
000A06r 2  B9 rr rr             LDA     ident_buf,y
000A09r 2  91 rr                STA     (tmp2),y
000A0Br 2  88                   DEY
000A0Cr 2  10 F8                BPL     @puc_store
000A0Er 2  FA                   PLX
000A0Fr 2  EE rr rr             INC     uses_name_count
000A12r 2  80 0B                BRA     @puc_after_store
000A14r 2               @puc_skip_store:
000A14r 2  A9 rr                LDA     #<err_too_many
000A16r 2  85 rr                STA     tmp0
000A18r 2  A9 rr                LDA     #>err_too_many
000A1Ar 2  85 rr                STA     tmp0+1
000A1Cr 2  20 rr rr             JSR     compile_error
000A1Fr 2               @puc_after_store:
000A1Fr 2  20 rr rr             JSR     next_token              ; consume unit name
000A22r 2  A5 rr                LDA     tok_type
000A24r 2  C9 1F                CMP     #TOK_COMMA
000A26r 2  D0 05                BNE     @puc_done_collect
000A28r 2  20 rr rr             JSR     next_token
000A2Br 2  80 C6                BRA     @puc_collect
000A2Dr 2               @puc_done_collect:
000A2Dr 2  A5 rr                LDA     tok_type
000A2Fr 2  48                   PHA
000A30r 2  A2 00                LDX     #0
000A32r 2               @puc_import_loop:
000A32r 2  EC rr rr             CPX     uses_name_count
000A35r 2  B0 16                BCS     @puc_resume
000A37r 2  DA                   PHX
000A38r 2  20 rr rr             JSR     uses_name_slot_ptr
000A3Br 2  A0 0F                LDY     #15
000A3Dr 2               @puc_restore_name:
000A3Dr 2  B1 rr                LDA     (tmp2),y
000A3Fr 2  99 rr rr             STA     ident_buf,y
000A42r 2  88                   DEY
000A43r 2  10 F8                BPL     @puc_restore_name
000A45r 2  20 rr rr             JSR     import_unit_by_name
000A48r 2  FA                   PLX
000A49r 2  E8                   INX
000A4Ar 2  4C rr rr             JMP     @puc_import_loop
000A4Dr 2               @puc_resume:
000A4Dr 2  68                   PLA
000A4Er 2  C9 20                CMP     #TOK_SEMICOLON
000A50r 2  D0 04                BNE     @puc_no_semi
000A52r 2  20 rr rr             JSR     next_token
000A55r 2  60                   RTS
000A56r 2               @puc_no_semi:
000A56r 2  85 rr                STA     tok_type
000A58r 2  60                   RTS
000A59r 2               
000A59r 2               ; ---------------------------------------------------------------------------
000A59r 2               ; parse_block — { const_part } { type_part } { var_part } { proc_part } statement_part
000A59r 2               ; ---------------------------------------------------------------------------
000A59r 2               parse_block:
000A59r 2               @again:
000A59r 2  A5 rr                LDA     tok_type
000A5Br 2  C9 62                CMP     #TOK_USES
000A5Dr 2  D0 09                BNE     @blk_chk_const
000A5Fr 2  A5 rr                LDA     scope_depth
000A61r 2  D0 05                BNE     @blk_chk_const
000A63r 2  20 rr rr             JSR     parse_uses_clause
000A66r 2  80 F1                BRA     @again
000A68r 2               @blk_chk_const:
000A68r 2  C9 44                CMP     #TOK_CONST
000A6Ar 2  F0 15                BEQ     @const
000A6Cr 2  C9 5A                CMP     #TOK_TYPE
000A6Er 2  F0 19                BEQ     @type
000A70r 2  C9 5C                CMP     #TOK_VAR
000A72r 2  F0 1D                BEQ     @var
000A74r 2  C9 53                CMP     #TOK_PROCEDURE
000A76r 2  F0 21                BEQ     @proc
000A78r 2  C9 4B                CMP     #TOK_FUNCTION
000A7Ar 2  F0 25                BEQ     @func
000A7Cr 2  C9 42                CMP     #TOK_BEGIN
000A7Er 2  F0 29                BEQ     @body
000A80r 2  60                   RTS                     ; nothing recognisable
000A81r 2               
000A81r 2               @const:
000A81r 2  20 rr rr             JSR     next_token
000A84r 2  20 rr rr             JSR     parse_const_decls
000A87r 2  80 D0                BRA     @again
000A89r 2               @type:
000A89r 2  20 rr rr             JSR     next_token
000A8Cr 2  20 rr rr             JSR     parse_type_decls
000A8Fr 2  80 C8                BRA     @again
000A91r 2               @var:
000A91r 2  20 rr rr             JSR     next_token
000A94r 2  20 rr rr             JSR     parse_var_decls
000A97r 2  80 C0                BRA     @again
000A99r 2               @proc:
000A99r 2  20 rr rr             JSR     next_token
000A9Cr 2  20 rr rr             JSR     parse_proc_decl
000A9Fr 2  80 B8                BRA     @again
000AA1r 2               @func:
000AA1r 2  20 rr rr             JSR     next_token
000AA4r 2  20 rr rr             JSR     parse_func_decl
000AA7r 2  80 B0                BRA     @again
000AA9r 2               @body:  ; If at global scope, patch the startup chain to this body's start
000AA9r 2                       ; before emitting any top-level init/main code.
000AA9r 2  A5 rr                LDA     scope_depth
000AABr 2  D0 03                BNE     @body_emit
000AADr 2  20 rr rr             JSR     patch_startup_chain_if_needed
000AB0r 2               @body_emit:
000AB0r 2  20 rr rr             JSR     parse_compound_stmt
000AB3r 2  A5 rr                LDA     scope_depth
000AB5r 2  D0 0B                BNE     @body_done
000AB7r 2  20 rr rr             JSR     emit_UJP
000ABAr 2  8D rr rr             STA     body_chain_patch
000ABDr 2  A5 rr                LDA     scratch
000ABFr 2  8D rr rr             STA     body_chain_patch+1
000AC2r 2               @body_done:
000AC2r 2  60                   RTS
000AC3r 2               
000AC3r 2               ; ---------------------------------------------------------------------------
000AC3r 2               ; parse_const_decls — name = [-]INT_LIT ;  { name = [-]INT_LIT ; }
000AC3r 2               ; Each constant goes into the symbol table as SYM_CONST with the literal
000AC3r 2               ; value stored at offsets 18-19; references emit LDCW with that value.
000AC3r 2               ; ---------------------------------------------------------------------------
000AC3r 2               parse_const_decls:
000AC3r 2               @loop:
000AC3r 2  A5 rr                LDA     tok_type
000AC5r 2  C9 01                CMP     #TOK_IDENT
000AC7r 2  F0 01                BEQ     @have_ident
000AC9r 2  60                   RTS                     ; done — no more constants
000ACAr 2               @have_ident:
000ACAr 2               ; save const name into save_name_buf
000ACAr 2  A0 0F                LDY     #15
000ACCr 2               @savename:
000ACCr 2  B9 rr rr             LDA     ident_buf,y
000ACFr 2  99 rr rr             STA     save_name_buf,y
000AD2r 2  88                   DEY
000AD3r 2  10 F7                BPL     @savename
000AD5r 2  20 rr rr             JSR     next_token      ; consume name
000AD8r 2               ; expect '='
000AD8r 2  A5 rr                LDA     tok_type
000ADAr 2  C9 14                CMP     #TOK_EQ
000ADCr 2  D0 03                BNE     :+
000ADEr 2  20 rr rr             JSR     next_token
000AE1r 2               :       ; optional unary minus — record in scratch (next_token preserves it)
000AE1r 2  A9 00                LDA     #0
000AE3r 2  85 rr                STA     scratch
000AE5r 2  A5 rr                LDA     tok_type
000AE7r 2  C9 11                CMP     #TOK_MINUS
000AE9r 2  D0 07                BNE     @no_minus
000AEBr 2  A9 FF                LDA     #$FF
000AEDr 2  85 rr                STA     scratch
000AEFr 2  20 rr rr             JSR     next_token
000AF2r 2               @no_minus:
000AF2r 2  A9 01                LDA     #TY_INT
000AF4r 2  85 rr                STA     expr_type
000AF6r 2                       ; expect INT/REAL literal
000AF6r 2  A5 rr                LDA     tok_type
000AF8r 2  C9 02                CMP     #TOK_INT
000AFAr 2  F0 0C                BEQ     @have_int
000AFCr 2  C9 05                CMP     #TOK_REAL
000AFEr 2  F0 15                BEQ     @have_real
000B00r 2                       ; bad value — store 0 and try to recover
000B00r 2  A9 00                LDA     #0
000B02r 2  85 rr                STA     tmp2
000B04r 2  85 rr                STA     tmp2+1
000B06r 2  80 1C                BRA     @add_const
000B08r 2               @have_int:
000B08r 2  A5 rr                LDA     tok_ival_lo
000B0Ar 2  85 rr                STA     tmp2
000B0Cr 2  A5 rr                LDA     tok_ival_hi
000B0Er 2  85 rr                STA     tmp2+1
000B10r 2  20 rr rr             JSR     next_token      ; consume INT
000B13r 2  80 0F                BRA     @add_const
000B15r 2               @have_real:
000B15r 2  A5 rr                LDA     tok_ival_lo
000B17r 2  85 rr                STA     tmp2
000B19r 2  A5 rr                LDA     tok_ival_hi
000B1Br 2  85 rr                STA     tmp2+1
000B1Dr 2  A9 0A                LDA     #TY_REAL
000B1Fr 2  85 rr                STA     expr_type
000B21r 2  20 rr rr             JSR     next_token      ; consume REAL
000B24r 2               @add_const:
000B24r 2               ; apply negate flag if set
000B24r 2  A5 rr                LDA     scratch
000B26r 2  F0 0D                BEQ     @no_neg
000B28r 2  38                   SEC
000B29r 2  A9 00                LDA     #0
000B2Br 2  E5 rr                SBC     tmp2
000B2Dr 2  85 rr                STA     tmp2
000B2Fr 2  A9 00                LDA     #0
000B31r 2  E5 rr                SBC     tmp2+1
000B33r 2  85 rr                STA     tmp2+1
000B35r 2               @no_neg:
000B35r 2               ; install in symbol table — value lives at offsets 18-19
000B35r 2  20 rr rr             JSR     swap_ident_save
000B38r 2  A9 02                LDA     #SYM_CONST
000B3Ar 2  A6 rr                LDX     expr_type
000B3Cr 2  20 rr rr             JSR     symtab_add
000B3Fr 2  20 rr rr             JSR     swap_ident_save
000B42r 2               ; expect ';'
000B42r 2  A5 rr                LDA     tok_type
000B44r 2  C9 20                CMP     #TOK_SEMICOLON
000B46r 2  F0 03                BEQ     @pcd_semi
000B48r 2  4C rr rr             JMP     @loop
000B4Br 2               @pcd_semi:
000B4Br 2  20 rr rr             JSR     next_token
000B4Er 2  4C rr rr             JMP     @loop
000B51r 2               
000B51r 2               ; ---------------------------------------------------------------------------
000B51r 2               ; parse_type_decls — name = type_spec ;  { ... }
000B51r 2               ; Each binding registers a SYM_TYPE entry whose offset-17 byte holds the
000B51r 2               ; base TY_* code.  parse_type_spec resolves later references back to this
000B51r 2               ; base type via symtab_find.
000B51r 2               ; ---------------------------------------------------------------------------
000B51r 2               parse_type_decls:
000B51r 2               @loop:
000B51r 2  A5 rr                LDA     tok_type
000B53r 2  C9 01                CMP     #TOK_IDENT
000B55r 2  F0 01                BEQ     :+
000B57r 2  60                   RTS                     ; done — no more type decls
000B58r 2               :       ; save type name into save_name_buf (parse_type_spec clobbers ident_buf)
000B58r 2  A0 0F                LDY     #15
000B5Ar 2               @savename:
000B5Ar 2  B9 rr rr             LDA     ident_buf,y
000B5Dr 2  99 rr rr             STA     save_name_buf,y
000B60r 2  88                   DEY
000B61r 2  10 F7                BPL     @savename
000B63r 2  20 rr rr             JSR     next_token      ; consume name
000B66r 2               ; expect '='
000B66r 2  A5 rr                LDA     tok_type
000B68r 2  C9 14                CMP     #TOK_EQ
000B6Ar 2  D0 03                BNE     :+
000B6Cr 2  20 rr rr             JSR     next_token
000B6Fr 2               :       ; parse the type definition; A = TY_* code
000B6Fr 2  20 rr rr             JSR     parse_type_spec
000B72r 2  85 rr                STA     scratch         ; save base type code
000B74r 2               ; bring the saved name back into ident_buf for symtab_add
000B74r 2  20 rr rr             JSR     swap_ident_save
000B77r 2               ; SYM_TYPE has no storage; offset bytes are unused (overwritten below
000B77r 2               ; for record types, which need to remember size + field-table location).
000B77r 2  A9 00                LDA     #0
000B79r 2  85 rr                STA     tmp2
000B7Br 2  85 rr                STA     tmp2+1
000B7Dr 2  A9 05                LDA     #SYM_TYPE
000B7Fr 2  A6 rr                LDX     scratch
000B81r 2  20 rr rr             JSR     symtab_add
000B84r 2               ; If this is a RECORD alias, stash record_size in bytes 18-19 and
000B84r 2               ; first_field/field_count in bytes 22-23 so later var-decls and field
000B84r 2               ; lookups can recover it.
000B84r 2  A5 rr                LDA     scratch
000B86r 2  C9 06                CMP     #TY_RECORD
000B88r 2  D0 1C                BNE     @td_no_rec
000B8Ar 2  AD rr rr             LDA     record_size
000B8Dr 2  A0 12                LDY     #18
000B8Fr 2  91 rr                STA     (tmp3),y
000B91r 2  AD rr rr             LDA     record_size+1
000B94r 2  A0 13                LDY     #19
000B96r 2  91 rr                STA     (tmp3),y
000B98r 2  AD rr rr             LDA     record_first_field
000B9Br 2  A0 16                LDY     #22
000B9Dr 2  91 rr                STA     (tmp3),y
000B9Fr 2  AD rr rr             LDA     record_field_count
000BA2r 2  A0 17                LDY     #23
000BA4r 2  91 rr                STA     (tmp3),y
000BA6r 2               @td_no_rec:
000BA6r 2               ; expect ';'
000BA6r 2  A5 rr                LDA     tok_type
000BA8r 2  C9 20                CMP     #TOK_SEMICOLON
000BAAr 2  F0 03                BEQ     @ptd_semi
000BACr 2  4C rr rr             JMP     @loop
000BAFr 2               @ptd_semi:
000BAFr 2  20 rr rr             JSR     next_token
000BB2r 2  4C rr rr             JMP     @loop
000BB5r 2               
000BB5r 2               ; ---------------------------------------------------------------------------
000BB5r 2               ; parse_var_decls — name { , name } : type ;  { ... }
000BB5r 2               ; All names on one line share the same type, allocated in order.
000BB5r 2               ; ---------------------------------------------------------------------------
000BB5r 2               parse_var_decls:
000BB5r 2               @decl_loop:
000BB5r 2  A5 rr                LDA     tok_type
000BB7r 2  C9 01                CMP     #TOK_IDENT
000BB9r 2  F0 01                BEQ     :+
000BBBr 2  60                   RTS                     ; done — no more var decls
000BBCr 2               :       ; --- collect comma-separated names into var_name_buf ---
000BBCr 2  A9 00                LDA     #0
000BBEr 2  8D rr rr             STA     var_name_count
000BC1r 2               @collect:
000BC1r 2  A5 rr                LDA     tok_type
000BC3r 2  C9 01                CMP     #TOK_IDENT
000BC5r 2  D0 31                BNE     @end_collect
000BC7r 2  AD rr rr             LDA     var_name_count
000BCAr 2  C9 08                CMP     #8
000BCCr 2  B0 1C                BCS     @skip_save
000BCEr 2                       ; tmp2 = var_name_buf + count*16   (count<8 → fits without manual carry)
000BCEr 2  0A                   ASL
000BCFr 2  0A                   ASL
000BD0r 2  0A                   ASL
000BD1r 2  0A                   ASL                     ; *16
000BD2r 2  18                   CLC
000BD3r 2  69 rr                ADC     #<var_name_buf
000BD5r 2  85 rr                STA     tmp2
000BD7r 2  A9 00                LDA     #0
000BD9r 2  69 rr                ADC     #>var_name_buf
000BDBr 2  85 rr                STA     tmp2+1
000BDDr 2  A0 0F                LDY     #15
000BDFr 2               @cp_in:
000BDFr 2  B9 rr rr             LDA     ident_buf,y
000BE2r 2  91 rr                STA     (tmp2),y
000BE4r 2  88                   DEY
000BE5r 2  10 F8                BPL     @cp_in
000BE7r 2  EE rr rr             INC     var_name_count
000BEAr 2               @skip_save:
000BEAr 2  20 rr rr             JSR     next_token      ; consume name
000BEDr 2  A5 rr                LDA     tok_type
000BEFr 2  C9 1F                CMP     #TOK_COMMA
000BF1r 2  D0 05                BNE     @end_collect
000BF3r 2  20 rr rr             JSR     next_token      ; consume ','
000BF6r 2  80 C9                BRA     @collect
000BF8r 2               @end_collect:
000BF8r 2               ; expect ':'
000BF8r 2  A5 rr                LDA     tok_type
000BFAr 2  C9 21                CMP     #TOK_COLON
000BFCr 2  D0 03                BNE     :+
000BFEr 2  20 rr rr             JSR     next_token
000C01r 2               :       ; parse type — A = TY_*
000C01r 2  20 rr rr             JSR     parse_type_spec
000C04r 2  85 rr                STA     scratch         ; stash type
000C06r 2               ; --- add each collected name to symbol table ---
000C06r 2               ; NOTE: consume ';' AFTER the add loop so next_token doesn't clobber
000C06r 2               ; ident_buf before @cp_out restores the saved name.
000C06r 2  A2 00                LDX     #0
000C08r 2               @add_loop:
000C08r 2  EC rr rr             CPX     var_name_count
000C0Br 2  90 03                BCC     :+
000C0Dr 2  4C rr rr             JMP     @post_add       ; out-of-range branch — use jmp
000C10r 2               :
000C10r 2  DA                   PHX                     ; preserve loop counter across symtab_add
000C11r 2               ; tmp2 = var_name_buf + X*16
000C11r 2  8A                   TXA
000C12r 2  0A                   ASL
000C13r 2  0A                   ASL
000C14r 2  0A                   ASL
000C15r 2  0A                   ASL
000C16r 2  18                   CLC
000C17r 2  69 rr                ADC     #<var_name_buf
000C19r 2  85 rr                STA     tmp2
000C1Br 2  A9 00                LDA     #0
000C1Dr 2  69 rr                ADC     #>var_name_buf
000C1Fr 2  85 rr                STA     tmp2+1
000C21r 2               ; copy slot → ident_buf so symtab_add sees the right name
000C21r 2  A0 0F                LDY     #15
000C23r 2               @cp_out:
000C23r 2  B1 rr                LDA     (tmp2),Y
000C25r 2  99 rr rr             STA     ident_buf,y
000C28r 2  88                   DEY
000C29r 2  10 F8                BPL     @cp_out
000C2Br 2               ; allocate storage — global if at top level, else from proc local AR
000C2Br 2  A5 rr                LDA     scope_depth
000C2Dr 2  F0 2D                BEQ     @gv_alloc
000C2Fr 2               ; local: tmp2 = local_alloc_off; bump by per-type size
000C2Fr 2  AD rr rr             LDA     local_alloc_off
000C32r 2  85 rr                STA     tmp2
000C34r 2  A9 00                LDA     #0
000C36r 2  85 rr                STA     tmp2+1
000C38r 2  A5 rr                LDA     scratch                 ; type code
000C3Ar 2  C9 06                CMP     #TY_RECORD
000C3Cr 2  F0 0B                BEQ     @lv_rec
000C3Er 2               ; default scalar / pointer / etc — 2 bytes
000C3Er 2  18                   CLC
000C3Fr 2  AD rr rr             LDA     local_alloc_off
000C42r 2  69 02                ADC     #2
000C44r 2  8D rr rr             STA     local_alloc_off
000C47r 2  80 33                BRA     @do_va_add
000C49r 2               @lv_rec:
000C49r 2  18                   CLC
000C4Ar 2  AD rr rr             LDA     local_alloc_off
000C4Dr 2  6D rr rr             ADC     record_size
000C50r 2  8D rr rr             STA     local_alloc_off
000C53r 2                       ; record_size+1 is normally 0 (records < 256 bytes) but
000C53r 2                       ; propagate the carry to be safe.
000C53r 2  A9 00                LDA     #0
000C55r 2  6D rr rr             ADC     record_size+1
000C58r 2  F0 22                BEQ     @do_va_add              ; no high-byte growth
000C5Ar 2                       ; would overflow byte counter; not handled — abort cleanly
000C5Ar 2  80 20                BRA     @do_va_add
000C5Cr 2               @gv_alloc:
000C5Cr 2  A5 rr                LDA     scratch
000C5Er 2  C9 05                CMP     #TY_ARRAY
000C60r 2  F0 0D                BEQ     @gv_array
000C62r 2  C9 06                CMP     #TY_RECORD
000C64r 2  F0 0E                BEQ     @gv_record
000C66r 2  C9 08                CMP     #TY_TEXT
000C68r 2  F0 0F                BEQ     @gv_text
000C6Ar 2  20 rr rr             JSR     codegen_alloc_global    ; scalar: 2 bytes, offset in tmp2
000C6Dr 2  80 0D                BRA     @do_va_add
000C6Fr 2               @gv_array:
000C6Fr 2  20 rr rr             JSR     codegen_alloc_array_global  ; array: right size, adj offset in tmp2
000C72r 2  80 08                BRA     @do_va_add
000C74r 2               @gv_record:
000C74r 2  20 rr rr             JSR     codegen_alloc_record_global ; record: record_size bytes, offset in tmp2
000C77r 2  80 03                BRA     @do_va_add
000C79r 2               @gv_text:
000C79r 2  20 rr rr             JSR     codegen_alloc_text_global   ; TEXT file: 168 bytes, offset in tmp2
000C7Cr 2               @do_va_add:
000C7Cr 2  A5 rr                LDA     scratch         ; type code
000C7Er 2  AA                   TAX
000C7Fr 2  A9 01                LDA     #SYM_VAR
000C81r 2  20 rr rr             JSR     symtab_add      ; tmp3 = pointer to new entry
000C84r 2               ; type-specific metadata in entry bytes 22-23
000C84r 2  A5 rr                LDA     scratch
000C86r 2  C9 05                CMP     #TY_ARRAY
000C88r 2  D0 0F                BNE     @va_chk_rec
000C8Ar 2  AD rr rr             LDA     array_elem_ty
000C8Dr 2  A0 16                LDY     #22
000C8Fr 2  91 rr                STA     (tmp3),y
000C91r 2  A9 02                LDA     #2              ; elemsize = 2 (word)
000C93r 2  A0 17                LDY     #23
000C95r 2  91 rr                STA     (tmp3),y
000C97r 2  80 12                BRA     @va_done
000C99r 2               @va_chk_rec:
000C99r 2  C9 06                CMP     #TY_RECORD
000C9Br 2  D0 0E                BNE     @va_done
000C9Dr 2  AD rr rr             LDA     record_first_field
000CA0r 2  A0 16                LDY     #22
000CA2r 2  91 rr                STA     (tmp3),y
000CA4r 2  AD rr rr             LDA     record_field_count
000CA7r 2  A0 17                LDY     #23
000CA9r 2  91 rr                STA     (tmp3),y
000CABr 2               @va_done:
000CABr 2  FA                   PLX
000CACr 2  E8                   INX
000CADr 2  4C rr rr             JMP     @add_loop       ; jmp — body grew past bra range
000CB0r 2               @post_add:
000CB0r 2               ; now safe to consume ';' — ident_buf already used
000CB0r 2  A5 rr                LDA     tok_type
000CB2r 2  C9 20                CMP     #TOK_SEMICOLON
000CB4r 2  D0 03                BNE     @pva_next
000CB6r 2  20 rr rr             JSR     next_token
000CB9r 2               @pva_next:
000CB9r 2  4C rr rr             JMP     @decl_loop
000CBCr 2               
000CBCr 2               ; swap 16 bytes between ident_buf and save_name_buf
000CBCr 2               swap_ident_save:
000CBCr 2  A0 0F                LDY     #15
000CBEr 2               @sw:
000CBEr 2  B9 rr rr             LDA     ident_buf,y
000CC1r 2  BE rr rr             LDX     save_name_buf,y
000CC4r 2  99 rr rr             STA     save_name_buf,y
000CC7r 2  8A                   TXA
000CC8r 2  99 rr rr             STA     ident_buf,y
000CCBr 2  88                   DEY
000CCCr 2  10 F0                BPL     @sw
000CCEr 2  60                   RTS
000CCFr 2               
000CCFr 2               ; field_name_slot_ptr â€” tmp2 = pointer to the current RECORD depth's
000CCFr 2               ; field-name slot. A = slot index (0..7).
000CCFr 2               field_name_slot_ptr:
000CCFr 2  0A                   ASL
000CD0r 2  0A                   ASL
000CD1r 2  0A                   ASL
000CD2r 2  0A                   ASL                             ; slot * 16
000CD3r 2  85 rr                STA     tmp2
000CD5r 2  A9 00                LDA     #0
000CD7r 2  85 rr                STA     tmp2+1
000CD9r 2  AE rr rr             LDX     field_depth
000CDCr 2  CA                   DEX                             ; 1-based depth -> 0-based slice index
000CDDr 2               @fnsp_depth:
000CDDr 2  E0 00                CPX     #0
000CDFr 2  F0 0E                BEQ     @fnsp_base
000CE1r 2  18                   CLC
000CE2r 2  A5 rr                LDA     tmp2
000CE4r 2  69 80                ADC     #$80
000CE6r 2  85 rr                STA     tmp2
000CE8r 2  90 02                BCC     :+
000CEAr 2  E6 rr                INC     tmp2+1
000CECr 2  CA           :       DEX
000CEDr 2  80 EE                BRA     @fnsp_depth
000CEFr 2               @fnsp_base:
000CEFr 2  18                   CLC
000CF0r 2  A5 rr                LDA     tmp2
000CF2r 2  69 rr                ADC     #<field_name_buf
000CF4r 2  85 rr                STA     tmp2
000CF6r 2  A5 rr                LDA     tmp2+1
000CF8r 2  69 rr                ADC     #>field_name_buf
000CFAr 2  85 rr                STA     tmp2+1
000CFCr 2  60                   RTS
000CFDr 2               
000CFDr 2               ; uses_name_slot_ptr — tmp2 = pointer to USES-name slot X (0..7)
000CFDr 2               uses_name_slot_ptr:
000CFDr 2  8A                   TXA
000CFEr 2  0A                   ASL
000CFFr 2  0A                   ASL
000D00r 2  0A                   ASL
000D01r 2  0A                   ASL
000D02r 2  18                   CLC
000D03r 2  69 rr                ADC     #<uses_name_buf
000D05r 2  85 rr                STA     tmp2
000D07r 2  A9 00                LDA     #0
000D09r 2  69 rr                ADC     #>uses_name_buf
000D0Br 2  85 rr                STA     tmp2+1
000D0Dr 2  60                   RTS
000D0Er 2               
000D0Er 2               ; used_unit_slot_ptr — tmp2 = pointer to imported-unit slot X (0..7)
000D0Er 2               used_unit_slot_ptr:
000D0Er 2  8A                   TXA
000D0Fr 2  0A                   ASL
000D10r 2  0A                   ASL
000D11r 2  0A                   ASL
000D12r 2  0A                   ASL
000D13r 2  18                   CLC
000D14r 2  69 rr                ADC     #<used_unit_buf
000D16r 2  85 rr                STA     tmp2
000D18r 2  A9 00                LDA     #0
000D1Ar 2  69 rr                ADC     #>used_unit_buf
000D1Cr 2  85 rr                STA     tmp2+1
000D1Er 2  60                   RTS
000D1Fr 2               
000D1Fr 2               ; store_proc_param_type — record the current parameter's type code in the
000D1Fr 2               ; owning proc/func entry at byte 24+proc_param_count (up to 8 params).
000D1Fr 2               store_proc_param_type:
000D1Fr 2  48                   PHA
000D20r 2  AC rr rr             LDY     proc_param_count
000D23r 2  C0 08                CPY     #8
000D25r 2  B0 13                BCS     @sppt_drop
000D27r 2  AD rr rr             LDA     proc_entry_idx
000D2Ar 2  85 rr                STA     tmp3
000D2Cr 2  AD rr rr             LDA     proc_entry_idx+1
000D2Fr 2  85 rr                STA     tmp3+1
000D31r 2  98                   TYA
000D32r 2  18                   CLC
000D33r 2  69 18                ADC     #24
000D35r 2  A8                   TAY
000D36r 2  68                   PLA
000D37r 2  91 rr                STA     (tmp3),y
000D39r 2  60                   RTS
000D3Ar 2               @sppt_drop:
000D3Ar 2  68                   PLA
000D3Br 2  60                   RTS
000D3Cr 2               
000D3Cr 2               ; ---------------------------------------------------------------------------
000D3Cr 2               ; parse_type_spec — consume type token(s), return TY_* code in A
000D3Cr 2               ; ---------------------------------------------------------------------------
000D3Cr 2               parse_type_spec:
000D3Cr 2  A5 rr                LDA     tok_type
000D3Er 2  C9 01                CMP     #TOK_IDENT
000D40r 2  F0 03                BEQ     :+
000D42r 2  4C rr rr             JMP     @not_ident
000D45r 2               :
000D45r 2               ; First check for a user-defined SYM_TYPE alias — built-ins like
000D45r 2               ; INTEGER/CHAR/BOOLEAN aren't in the symtab so this lookup falls
000D45r 2               ; through harmlessly when there's no user binding.
000D45r 2  20 rr rr             JSR     symtab_find
000D48r 2  90 34                BCC     @builtin
000D4Ar 2  A0 10                LDY     #16
000D4Cr 2  B1 rr                LDA     (tmp3),y
000D4Er 2  C9 05                CMP     #SYM_TYPE
000D50r 2  D0 2C                BNE     @builtin
000D52r 2  A0 11                LDY     #17
000D54r 2  B1 rr                LDA     (tmp3),y
000D56r 2  85 rr                STA     scratch         ; preserve across next_token
000D58r 2               ; If alias resolves to a RECORD, copy the record metadata back into the
000D58r 2               ; record_* globals so the caller (parse_var_decls) sees it.
000D58r 2  C9 06                CMP     #TY_RECORD
000D5Ar 2  D0 1C                BNE     @sty_no_rec
000D5Cr 2  A0 12                LDY     #18
000D5Er 2  B1 rr                LDA     (tmp3),y
000D60r 2  8D rr rr             STA     record_size
000D63r 2  A0 13                LDY     #19
000D65r 2  B1 rr                LDA     (tmp3),y
000D67r 2  8D rr rr             STA     record_size+1
000D6Ar 2  A0 16                LDY     #22
000D6Cr 2  B1 rr                LDA     (tmp3),y
000D6Er 2  8D rr rr             STA     record_first_field
000D71r 2  A0 17                LDY     #23
000D73r 2  B1 rr                LDA     (tmp3),y
000D75r 2  8D rr rr             STA     record_field_count
000D78r 2               @sty_no_rec:
000D78r 2  20 rr rr             JSR     next_token
000D7Br 2  A5 rr                LDA     scratch
000D7Dr 2  60                   RTS
000D7Er 2               @builtin:
000D7Er 2               ; check for built-in type names
000D7Er 2  AD rr rr             LDA     ident_buf       ; length
000D81r 2  C9 07                CMP     #7
000D83r 2  D0 20                BNE     @chk3
000D85r 2               ; "INTEGER" (7 chars)
000D85r 2  AD rr rr             LDA     ident_buf+1
000D88r 2  C9 49                CMP     #'I'
000D8Ar 2  D0 06                BNE     @chk_bool
000D8Cr 2  20 rr rr             JSR     next_token
000D8Fr 2  A9 01                LDA     #TY_INT
000D91r 2  60                   RTS
000D92r 2               @chk_bool:
000D92r 2  AD rr rr             LDA     ident_buf+1
000D95r 2  C9 42                CMP     #'B'
000D97r 2  D0 06                BNE     @chk_str
000D99r 2  20 rr rr             JSR     next_token
000D9Cr 2  A9 03                LDA     #TY_BOOL
000D9Er 2  60                   RTS
000D9Fr 2               @chk_str:
000D9Fr 2  20 rr rr             JSR     next_token
000DA2r 2  A9 01                LDA     #TY_INT         ; default
000DA4r 2  60                   RTS
000DA5r 2               @chk3:
000DA5r 2  C9 04                CMP     #4
000DA7r 2  D0 27                BNE     @chk6
000DA9r 2               ; 4-char built-in types: "CHAR", "TEXT", or "REAL"
000DA9r 2  AD rr rr             LDA     ident_buf+1
000DACr 2  C9 43                CMP     #'C'
000DAEr 2  D0 06                BNE     @chk_text
000DB0r 2  20 rr rr             JSR     next_token
000DB3r 2  A9 02                LDA     #TY_CHAR
000DB5r 2  60                   RTS
000DB6r 2               @chk_text:
000DB6r 2  C9 54                CMP     #'T'
000DB8r 2  D0 06                BNE     @chk_real
000DBAr 2  20 rr rr             JSR     next_token
000DBDr 2  A9 08                LDA     #TY_TEXT
000DBFr 2  60                   RTS
000DC0r 2               @chk_real:
000DC0r 2  C9 52                CMP     #'R'
000DC2r 2  D0 06                BNE     @chk3b
000DC4r 2  20 rr rr             JSR     next_token
000DC7r 2  A9 0A                LDA     #TY_REAL
000DC9r 2  60                   RTS
000DCAr 2               @chk3b:
000DCAr 2  20 rr rr             JSR     next_token
000DCDr 2  A9 01                LDA     #TY_INT
000DCFr 2  60                   RTS
000DD0r 2               @chk6:
000DD0r 2  C9 06                CMP     #6
000DD2r 2  D0 06                BNE     @default_type
000DD4r 2               ; "STRING" (6)
000DD4r 2  20 rr rr             JSR     next_token
000DD7r 2  A9 04                LDA     #TY_STRING
000DD9r 2  60                   RTS
000DDAr 2               @default_type:
000DDAr 2  20 rr rr             JSR     next_token
000DDDr 2  A9 01                LDA     #TY_INT
000DDFr 2  60                   RTS
000DE0r 2               @not_ident:
000DE0r 2  A5 rr                LDA     tok_type
000DE2r 2  C9 41                CMP     #TOK_ARRAY
000DE4r 2  D0 56                BNE     @not_array
000DE6r 2               ; --- ARRAY [lo..hi] OF basetype ---
000DE6r 2  20 rr rr             JSR     next_token      ; consume ARRAY → expect '['
000DE9r 2  A5 rr                LDA     tok_type
000DEBr 2  C9 1D                CMP     #TOK_LBRACK
000DEDr 2  D0 03                BNE     :+
000DEFr 2  20 rr rr             JSR     next_token      ; consume '['
000DF2r 2               :
000DF2r 2               ; parse lo bound (integer literal)
000DF2r 2  A5 rr                LDA     tok_ival_lo
000DF4r 2  8D rr rr             STA     array_lo
000DF7r 2  A5 rr                LDA     tok_ival_hi
000DF9r 2  8D rr rr             STA     array_lo+1
000DFCr 2  A5 rr                LDA     tok_type
000DFEr 2  C9 02                CMP     #TOK_INT
000E00r 2  D0 03                BNE     :+
000E02r 2  20 rr rr             JSR     next_token      ; consume lo
000E05r 2               :
000E05r 2               ; expect '..'
000E05r 2  A5 rr                LDA     tok_type
000E07r 2  C9 23                CMP     #TOK_DOTDOT
000E09r 2  D0 03                BNE     :+
000E0Br 2  20 rr rr             JSR     next_token      ; consume '..'
000E0Er 2               :
000E0Er 2               ; parse hi bound
000E0Er 2  A5 rr                LDA     tok_ival_lo
000E10r 2  8D rr rr             STA     array_hi
000E13r 2  A5 rr                LDA     tok_ival_hi
000E15r 2  8D rr rr             STA     array_hi+1
000E18r 2  A5 rr                LDA     tok_type
000E1Ar 2  C9 02                CMP     #TOK_INT
000E1Cr 2  D0 03                BNE     :+
000E1Er 2  20 rr rr             JSR     next_token      ; consume hi
000E21r 2               :
000E21r 2               ; expect ']'
000E21r 2  A5 rr                LDA     tok_type
000E23r 2  C9 1E                CMP     #TOK_RBRACK
000E25r 2  D0 03                BNE     :+
000E27r 2  20 rr rr             JSR     next_token      ; consume ']'
000E2Ar 2               :
000E2Ar 2               ; expect 'OF'
000E2Ar 2  A5 rr                LDA     tok_type
000E2Cr 2  C9 51                CMP     #TOK_OF
000E2Er 2  D0 03                BNE     :+
000E30r 2  20 rr rr             JSR     next_token      ; consume 'OF'
000E33r 2               :
000E33r 2               ; parse element type (recursive — handles named types, built-ins)
000E33r 2  20 rr rr             JSR     parse_type_spec
000E36r 2  8D rr rr             STA     array_elem_ty
000E39r 2  A9 05                LDA     #TY_ARRAY
000E3Br 2  60                   RTS
000E3Cr 2               @not_array:
000E3Cr 2  A5 rr                LDA     tok_type
000E3Er 2  C9 57                CMP     #TOK_SET
000E40r 2  F0 03                BEQ     :+
000E42r 2  4C rr rr             JMP     @not_set
000E45r 2               :
000E45r 2               ; --- SET OF lo..hi ---
000E45r 2               ; v1 stores sets as 16-bit masks over element values 0..15, so the
000E45r 2               ; declared bounds must fit within that range. The bounds are validated
000E45r 2               ; here but not otherwise retained for later type-checking.
000E45r 2  20 rr rr             JSR     next_token              ; consume SET
000E48r 2  A5 rr                LDA     tok_type
000E4Ar 2  C9 51                CMP     #TOK_OF
000E4Cr 2  D0 03                BNE     :+
000E4Er 2  20 rr rr             JSR     next_token              ; consume OF
000E51r 2               :
000E51r 2  A5 rr                LDA     tok_type
000E53r 2  C9 02                CMP     #TOK_INT
000E55r 2  D0 37                BNE     @set_bad
000E57r 2  A5 rr                LDA     tok_ival_hi
000E59r 2  D0 33                BNE     @set_bad
000E5Br 2  A5 rr                LDA     tok_ival_lo
000E5Dr 2  8D rr rr             STA     set_lit_lo
000E60r 2  C9 10                CMP     #16
000E62r 2  B0 2A                BCS     @set_bad
000E64r 2  20 rr rr             JSR     next_token
000E67r 2  A5 rr                LDA     tok_type
000E69r 2  C9 23                CMP     #TOK_DOTDOT
000E6Br 2  D0 21                BNE     @set_bad
000E6Dr 2  20 rr rr             JSR     next_token
000E70r 2  A5 rr                LDA     tok_type
000E72r 2  C9 02                CMP     #TOK_INT
000E74r 2  D0 18                BNE     @set_bad
000E76r 2  A5 rr                LDA     tok_ival_hi
000E78r 2  D0 14                BNE     @set_bad
000E7Ar 2  A5 rr                LDA     tok_ival_lo
000E7Cr 2  8D rr rr             STA     set_lit_hi
000E7Fr 2  C9 10                CMP     #16
000E81r 2  B0 0B                BCS     @set_bad
000E83r 2  CD rr rr             CMP     set_lit_lo
000E86r 2  90 06                BCC     @set_bad
000E88r 2  20 rr rr             JSR     next_token
000E8Br 2  A9 09                LDA     #TY_SET
000E8Dr 2  60                   RTS
000E8Er 2               @set_bad:
000E8Er 2  A9 rr                LDA     #<err_type
000E90r 2  85 rr                STA     tmp0
000E92r 2  A9 rr                LDA     #>err_type
000E94r 2  85 rr                STA     tmp0+1
000E96r 2  20 rr rr             JSR     compile_error
000E99r 2  A5 rr                LDA     tok_type
000E9Br 2  C9 02                CMP     #TOK_INT
000E9Dr 2  D0 03                BNE     :+
000E9Fr 2  20 rr rr             JSR     next_token
000EA2r 2  A9 09        :       LDA     #TY_SET
000EA4r 2  60                   RTS
000EA5r 2               @not_set:
000EA5r 2  A5 rr                LDA     tok_type
000EA7r 2  C9 55                CMP     #TOK_RECORD
000EA9r 2  F0 03                BEQ     :+
000EABr 2  4C rr rr             JMP     @not_record
000EAEr 2               :
000EAEr 2               ; --- RECORD field { ; field } END ---
000EAEr 2               ; Each field group: name { , name } : type
000EAEr 2               ; All fields are stored as 2-byte slots; offsets are 0, 2, 4, ...
000EAEr 2  20 rr rr             JSR     next_token              ; consume RECORD
000EB1r 2  EE rr rr             INC     field_depth             ; mark new fields as belonging
000EB4r 2                                                       ; to this nesting level
000EB4r 2  A9 00                LDA     #0
000EB6r 2  8D rr rr             STA     record_size
000EB9r 2  8D rr rr             STA     record_size+1
000EBCr 2  8D rr rr             STA     record_field_count
000EBFr 2  AD rr rr             LDA     field_table_count
000EC2r 2  8D rr rr             STA     record_first_field
000EC5r 2               @rec_loop:
000EC5r 2  A5 rr                LDA     tok_type
000EC7r 2  C9 49                CMP     #TOK_END
000EC9r 2  D0 03                BNE     :+
000ECBr 2  4C rr rr             JMP     @rec_end
000ECEr 2               :
000ECEr 2  C9 01                CMP     #TOK_IDENT
000ED0r 2  F0 03                BEQ     :+
000ED2r 2  4C rr rr             JMP     @rec_end                ; safety — bail on unexpected token
000ED5r 2               :
000ED5r 2               ; --- collect comma-separated field names into field_name_buf ---
000ED5r 2               ;     (separate from var_name_buf so an inline RECORD inside a VAR
000ED5r 2               ;      decl doesn't clobber the outer variable names being collected)
000ED5r 2  AE rr rr             LDX     field_depth
000ED8r 2  CA                   DEX
000ED9r 2  A9 00                LDA     #0
000EDBr 2  9D rr rr             STA     field_name_count,x
000EDEr 2               @rec_collect:
000EDEr 2  A5 rr                LDA     tok_type
000EE0r 2  C9 01                CMP     #TOK_IDENT
000EE2r 2  D0 2D                BNE     @rec_endcol
000EE4r 2  AE rr rr             LDX     field_depth
000EE7r 2  CA                   DEX
000EE8r 2  BD rr rr             LDA     field_name_count,x
000EEBr 2  C9 08                CMP     #8
000EEDr 2  B0 14                BCS     @rec_skip_save
000EEFr 2  20 rr rr             JSR     field_name_slot_ptr
000EF2r 2  A0 0F                LDY     #15
000EF4r 2               @rec_cpin:
000EF4r 2  B9 rr rr             LDA     ident_buf,y
000EF7r 2  91 rr                STA     (tmp2),y
000EF9r 2  88                   DEY
000EFAr 2  10 F8                BPL     @rec_cpin
000EFCr 2  AE rr rr             LDX     field_depth
000EFFr 2  CA                   DEX
000F00r 2  FE rr rr             INC     field_name_count,x
000F03r 2               @rec_skip_save:
000F03r 2  20 rr rr             JSR     next_token              ; consume name
000F06r 2  A5 rr                LDA     tok_type
000F08r 2  C9 1F                CMP     #TOK_COMMA
000F0Ar 2  D0 05                BNE     @rec_endcol
000F0Cr 2  20 rr rr             JSR     next_token              ; consume ','
000F0Fr 2  80 CD                BRA     @rec_collect
000F11r 2               @rec_endcol:
000F11r 2               ; expect ':'
000F11r 2  A5 rr                LDA     tok_type
000F13r 2  C9 21                CMP     #TOK_COLON
000F15r 2  D0 03                BNE     :+
000F17r 2  20 rr rr             JSR     next_token
000F1Ar 2               :       ; parse field type — recurse; result in A.  Save outer record
000F1Ar 2               ; bookkeeping (size + first_field + field_count) so a nested RECORD
000F1Ar 2               ; can use the same globals without losing our state.  After the inner
000F1Ar 2               ; parse, capture the inner's metadata into nest_save_* and restore.
000F1Ar 2  AD rr rr             LDA     record_size
000F1Dr 2  48                   PHA
000F1Er 2  AD rr rr             LDA     record_size+1
000F21r 2  48                   PHA
000F22r 2  AD rr rr             LDA     record_first_field
000F25r 2  48                   PHA
000F26r 2  AD rr rr             LDA     record_field_count
000F29r 2  48                   PHA
000F2Ar 2  20 rr rr             JSR     parse_type_spec         ; may recurse into RECORD
000F2Dr 2  85 rr                STA     scratch                 ; field type code
000F2Fr 2               ; capture inner's metadata for @rec_addf (only meaningful for TY_RECORD)
000F2Fr 2  AD rr rr             LDA     record_size
000F32r 2  8D rr rr             STA     nest_save_size
000F35r 2  AD rr rr             LDA     record_size+1
000F38r 2  8D rr rr             STA     nest_save_size+1
000F3Br 2  AD rr rr             LDA     record_first_field
000F3Er 2  8D rr rr             STA     nest_save_first
000F41r 2  AD rr rr             LDA     record_field_count
000F44r 2  8D rr rr             STA     nest_save_count
000F47r 2               ; restore outer record bookkeeping
000F47r 2  68                   PLA
000F48r 2  8D rr rr             STA     record_field_count
000F4Br 2  68                   PLA
000F4Cr 2  8D rr rr             STA     record_first_field
000F4Fr 2  68                   PLA
000F50r 2  8D rr rr             STA     record_size+1
000F53r 2  68                   PLA
000F54r 2  8D rr rr             STA     record_size
000F57r 2               ; --- add each collected name to field_table at current record_size ---
000F57r 2  A2 00                LDX     #0
000F59r 2               @rec_addf:
000F59r 2  8A                   TXA
000F5Ar 2  AC rr rr             LDY     field_depth
000F5Dr 2  88                   DEY
000F5Er 2  D9 rr rr             CMP     field_name_count,y
000F61r 2  B0 68                BCS     @rec_endf
000F63r 2  DA                   PHX
000F64r 2  8A                   TXA
000F65r 2  20 rr rr             JSR     field_name_slot_ptr
000F68r 2  A0 0F                LDY     #15
000F6Ar 2               @rec_cpout:
000F6Ar 2  B1 rr                LDA     (tmp2),y
000F6Cr 2  99 rr rr             STA     ident_buf,y
000F6Fr 2  88                   DEY
000F70r 2  10 F8                BPL     @rec_cpout
000F72r 2               ; If the previous field group's type was an inline RECORD, its fields
000F72r 2               ; got appended to field_table BEFORE this outer field. Bump
000F72r 2               ; record_first_field past those leading slots so the lookup-scan starts
000F72r 2               ; at the first outer-depth field instead of an inner one. Only applies
000F72r 2               ; when no outer fields have been recorded yet.
000F72r 2  AD rr rr             LDA     record_field_count
000F75r 2  D0 06                BNE     :+
000F77r 2  AD rr rr             LDA     field_table_count
000F7Ar 2  8D rr rr             STA     record_first_field
000F7Dr 2               :
000F7Dr 2               ; field_table_add: A=offset (record_size lo), X=type
000F7Dr 2               ;   Returns: A = newly-assigned field index
000F7Dr 2  AD rr rr             LDA     record_size
000F80r 2  A6 rr                LDX     scratch
000F82r 2  20 rr rr             JSR     field_table_add
000F85r 2               ; If this field's type is TY_RECORD, fold the inner record's
000F85r 2               ; first_field/count (saved in nest_save_*) into the parallel
000F85r 2               ; nested arrays so chained access can traverse it.
000F85r 2  48                   PHA                             ; save field index
000F86r 2  A6 rr                LDX     scratch                 ; field type
000F88r 2  E0 06                CPX     #TY_RECORD
000F8Ar 2  D0 0D                BNE     @rec_no_nest
000F8Cr 2  AA                   TAX                             ; X = field index (A still holds it)
000F8Dr 2  AD rr rr             LDA     nest_save_first
000F90r 2  9D rr rr             STA     field_nested_first,x
000F93r 2  AD rr rr             LDA     nest_save_count
000F96r 2  9D rr rr             STA     field_nested_count,x
000F99r 2               @rec_no_nest:
000F99r 2  68                   PLA                             ; restore (no longer needed)
000F9Ar 2  EE rr rr             INC     record_field_count
000F9Dr 2               ; advance record_size by this field's size:
000F9Dr 2               ;   record fields → nest_save_size (set by inner parse)
000F9Dr 2               ;   anything else → 2 (all scalars are word-sized)
000F9Dr 2  A6 rr                LDX     scratch
000F9Fr 2  E0 06                CPX     #TY_RECORD
000FA1r 2  F0 10                BEQ     @rec_adv_rec
000FA3r 2  18                   CLC
000FA4r 2  AD rr rr             LDA     record_size
000FA7r 2  69 02                ADC     #2
000FA9r 2  8D rr rr             STA     record_size
000FACr 2  90 03                BCC     :+
000FAEr 2  EE rr rr             INC     record_size+1
000FB1r 2  80 13        :       BRA     @rec_advanced
000FB3r 2               @rec_adv_rec:
000FB3r 2  18                   CLC
000FB4r 2  AD rr rr             LDA     record_size
000FB7r 2  6D rr rr             ADC     nest_save_size
000FBAr 2  8D rr rr             STA     record_size
000FBDr 2  AD rr rr             LDA     record_size+1
000FC0r 2  6D rr rr             ADC     nest_save_size+1
000FC3r 2  8D rr rr             STA     record_size+1
000FC6r 2               @rec_advanced:
000FC6r 2  FA                   PLX
000FC7r 2  E8                   INX
000FC8r 2  4C rr rr             JMP     @rec_addf
000FCBr 2               @rec_endf:
000FCBr 2               ; expect ';' between groups, or END
000FCBr 2  A5 rr                LDA     tok_type
000FCDr 2  C9 20                CMP     #TOK_SEMICOLON
000FCFr 2  D0 06                BNE     @rec_check_end
000FD1r 2  20 rr rr             JSR     next_token              ; consume ';'
000FD4r 2  4C rr rr             JMP     @rec_loop
000FD7r 2               @rec_check_end:
000FD7r 2  A5 rr                LDA     tok_type
000FD9r 2  C9 49                CMP     #TOK_END
000FDBr 2  F0 03                BEQ     :+
000FDDr 2  4C rr rr             JMP     @rec_loop               ; recover — try again
000FE0r 2               :
000FE0r 2               @rec_end:
000FE0r 2  20 rr rr             JSR     next_token              ; consume END
000FE3r 2  CE rr rr             DEC     field_depth             ; leaving this nesting level
000FE6r 2               ; record_field_count was per-named-field; recompute as the slot span so
000FE6r 2               ; field_lookup_in_record covers any inline-record sub-fields that got
000FE6r 2               ; physically interleaved between this record's named fields.
000FE6r 2  38                   SEC
000FE7r 2  AD rr rr             LDA     field_table_count
000FEAr 2  ED rr rr             SBC     record_first_field
000FEDr 2  8D rr rr             STA     record_field_count
000FF0r 2  A9 06                LDA     #TY_RECORD
000FF2r 2  60                   RTS
000FF3r 2               @not_record:
000FF3r 2  A5 rr                LDA     tok_type
000FF5r 2  C9 24                CMP     #TOK_CARET
000FF7r 2  D0 09                BNE     @not_caret
000FF9r 2               ; --- ^BASETYPE — pointer type. Element type recorded but not yet
000FF9r 2               ; type-checked; v1 only supports pointer-to-INTEGER (2-byte cell).
000FF9r 2  20 rr rr             JSR     next_token              ; consume '^'
000FFCr 2  20 rr rr             JSR     parse_type_spec         ; consume base type, result in A
000FFFr 2                       ; (base type code intentionally discarded — bump allocator
000FFFr 2                       ;  always grants 2 bytes per NEW; revisit when records land)
000FFFr 2  A9 07                LDA     #TY_PTR
001001r 2  60                   RTS
001002r 2               @not_caret:
001002r 2  20 rr rr             JSR     next_token
001005r 2  A9 01                LDA     #TY_INT
001007r 2  60                   RTS
001008r 2               
001008r 2               ; ---------------------------------------------------------------------------
001008r 2               ; parse_arg_lvalue — used for VAR-by-reference call arguments.  Expects the
001008r 2               ; current token to be an IDENT naming a variable; consumes the ident and
001008r 2               ; emits an opcode that pushes the variable's address.
001008r 2               ;
001008r 2               ;   SYM_VAR    global → OP_LDA_G <wordoff>
001008r 2               ;   SYM_VAR    local  → OP_LDA_L <byteoff>
001008r 2               ;   SYM_VARREF (passing a VAR param through) → OP_LDL <byteoff>   (the
001008r 2               ;              local slot itself already holds the upstream address)
001008r 2               ;
001008r 2               ; Anything else (literal, function call, undefined name) is silently ignored
001008r 2               ; — the argument slot will hold whatever was last on the stack.  Pascal
001008r 2               ; semantics say it's a compile error, but we emit no diagnostic for now.
001008r 2               ; ---------------------------------------------------------------------------
001008r 2               parse_arg_lvalue:
001008r 2  A5 rr                LDA     tok_type
00100Ar 2  C9 01                CMP     #TOK_IDENT
00100Cr 2  F0 01                BEQ     :+
00100Er 2  60                   RTS
00100Fr 2               :
00100Fr 2  20 rr rr             JSR     symtab_find
001012r 2  B0 01                BCS     :+
001014r 2  60                   RTS                     ; undefined — emit nothing
001015r 2               :       ; Snapshot kind, scope, offset before next_token clobbers tmp3.
001015r 2  A0 10                LDY     #16
001017r 2  B1 rr                LDA     (tmp3),y
001019r 2  48                   PHA                     ; kind
00101Ar 2  A0 14                LDY     #20
00101Cr 2  B1 rr                LDA     (tmp3),y
00101Er 2  48                   PHA                     ; scope
00101Fr 2  A0 13                LDY     #19
001021r 2  B1 rr                LDA     (tmp3),y
001023r 2  48                   PHA                     ; off hi
001024r 2  A0 12                LDY     #18
001026r 2  B1 rr                LDA     (tmp3),y
001028r 2  48                   PHA                     ; off lo (top)
001029r 2  20 rr rr             JSR     next_token      ; consume ident
00102Cr 2  68                   PLA                     ; off lo
00102Dr 2  AA                   TAX
00102Er 2  68                   PLA                     ; off hi
00102Fr 2  85 rr                STA     scratch
001031r 2  68                   PLA                     ; scope
001032r 2  A8                   TAY
001033r 2  68                   PLA                     ; kind
001034r 2  C9 08                CMP     #SYM_VARREF
001036r 2  F0 0C                BEQ     @lv_passthrough
001038r 2  C0 00                CPY     #0
00103Ar 2  D0 04                BNE     @lv_local
00103Cr 2  8A                   TXA
00103Dr 2  4C rr rr             JMP     emit_LDA_G
001040r 2               @lv_local:
001040r 2  8A                   TXA
001041r 2  4C rr rr             JMP     emit_LDA_L
001044r 2               @lv_passthrough:
001044r 2  8A                   TXA
001045r 2  4C rr rr             JMP     emit_LDL        ; slot already holds caller's address
001048r 2               
001048r 2               ; ---------------------------------------------------------------------------
001048r 2               ; with_lookup_field — search active WITH contexts for ident_buf as an
001048r 2               ; unqualified field name. Innermost WITH wins.
001048r 2               ; Returns: carry set if found, A=field offset, X=field type
001048r 2               ;          carry clear if not found
001048r 2               ; Side effects on hit:
001048r 2               ;   with_lookup_off/type      = matched field offset/type
001048r 2               ;   with_lookup_base_lo/hi    = hidden global holding the WITH base address
001048r 2               ;   with_lookup_first/count   = nested-record metadata for this field
001048r 2               ; ---------------------------------------------------------------------------
001048r 2               with_lookup_field:
001048r 2  AD rr rr             LDA     with_depth
00104Br 2  D0 02                BNE     :+
00104Dr 2  18                   CLC
00104Er 2  60                   RTS
00104Fr 2  AE rr rr     :       LDX     with_depth
001052r 2  CA                   DEX
001053r 2               @wlf_ctx:
001053r 2  86 rr                STX     tmp1
001055r 2  BC rr rr             LDY     with_field_count,x
001058r 2  BD rr rr             LDA     with_first_field,x
00105Br 2  84 rr                STY     scratch
00105Dr 2  A6 rr                LDX     scratch
00105Fr 2  20 rr rr             JSR     field_lookup_in_record
001062r 2  90 2B                BCC     @wlf_next
001064r 2  8D rr rr             STA     with_lookup_off
001067r 2  8A                   TXA
001068r 2  8D rr rr             STA     with_lookup_type
00106Br 2  A6 rr                LDX     tmp3
00106Dr 2  BD rr rr             LDA     field_nested_first,x
001070r 2  8D rr rr             STA     with_lookup_first
001073r 2  BD rr rr             LDA     field_nested_count,x
001076r 2  8D rr rr             STA     with_lookup_count
001079r 2  A6 rr                LDX     tmp1
00107Br 2  BD rr rr             LDA     with_base_lo,x
00107Er 2  8D rr rr             STA     with_lookup_base_lo
001081r 2  BD rr rr             LDA     with_base_hi,x
001084r 2  8D rr rr             STA     with_lookup_base_hi
001087r 2  AD rr rr             LDA     with_lookup_off
00108Ar 2  AE rr rr             LDX     with_lookup_type
00108Dr 2  38                   SEC
00108Er 2  60                   RTS
00108Fr 2               @wlf_next:
00108Fr 2  A6 rr                LDX     tmp1
001091r 2  E0 00                CPX     #0
001093r 2  F0 03                BEQ     @wlf_nf
001095r 2  CA                   DEX
001096r 2  80 BB                BRA     @wlf_ctx
001098r 2               @wlf_nf:
001098r 2  18                   CLC
001099r 2  60                   RTS
00109Ar 2               
00109Ar 2               ; emit_with_field_base — push the selected WITH record's base address, then
00109Ar 2               ; add the matched field offset (with_lookup_off) if nonzero.
00109Ar 2               emit_with_field_base:
00109Ar 2  AD rr rr             LDA     with_lookup_base_hi
00109Dr 2  85 rr                STA     scratch
00109Fr 2  AD rr rr             LDA     with_lookup_base_lo
0010A2r 2  20 rr rr             JSR     emit_LDG
0010A5r 2  AD rr rr             LDA     with_lookup_off
0010A8r 2  F0 06                BEQ     @ewfb_done
0010AAr 2  20 rr rr             JSR     emit_LDCI
0010ADr 2  20 rr rr             JSR     emit_ADI
0010B0r 2               @ewfb_done:
0010B0r 2  60                   RTS
0010B1r 2               
0010B1r 2               ; ---------------------------------------------------------------------------
0010B1r 2               ; parse_param_list — assumes '(' has already been consumed.  Parses zero or
0010B1r 2               ; more comma/semicolon-separated parameter groups, then ')'.  Each parameter
0010B1r 2               ; is added to symtab as SYM_VAR with offset = proc_param_count*2 and the
0010B1r 2               ; group's type code.  proc_param_count is incremented per param.
0010B1r 2               ;
0010B1r 2               ; Pascal supports two separator forms:
0010B1r 2               ;   ( A, B: INTEGER )            — names sharing one type, COMMA separated
0010B1r 2               ;   ( A: INTEGER; B: CHAR )      — different types, SEMICOLON between groups
0010B1r 2               ;   ( A, B: INTEGER; C: CHAR )   — both forms mixed
0010B1r 2               ;
0010B1r 2               ; Reuses var_name_buf (128 bytes / 8 names per group).  Safe because the
0010B1r 2               ; param list is fully parsed before parse_block runs (which is what calls
0010B1r 2               ; parse_var_decls).
0010B1r 2               ; ---------------------------------------------------------------------------
0010B1r 2               parse_param_list:
0010B1r 2  A9 00                LDA     #0
0010B3r 2  8D rr rr             STA     param_var_mask  ; reset bitmap (set by caller too — paranoia)
0010B6r 2               @group_loop:
0010B6r 2               ; A leading VAR keyword marks the entire group as by-reference.
0010B6r 2  A9 00                LDA     #0
0010B8r 2  8D rr rr             STA     group_is_var
0010BBr 2  A5 rr                LDA     tok_type
0010BDr 2  C9 5C                CMP     #TOK_VAR
0010BFr 2  D0 08                BNE     @no_var_kw
0010C1r 2  A9 01                LDA     #1
0010C3r 2  8D rr rr             STA     group_is_var
0010C6r 2  20 rr rr             JSR     next_token      ; consume VAR
0010C9r 2               @no_var_kw:
0010C9r 2  A5 rr                LDA     tok_type
0010CBr 2  C9 01                CMP     #TOK_IDENT
0010CDr 2  F0 03                BEQ     @have_ident     ; jmp trampoline — body is too big for bra
0010CFr 2  4C rr rr             JMP     @done_params
0010D2r 2               @have_ident:
0010D2r 2               ; --- collect comma-separated names of this group ---
0010D2r 2  A9 00                LDA     #0
0010D4r 2  8D rr rr             STA     var_name_count
0010D7r 2               @gcollect:
0010D7r 2  A5 rr                LDA     tok_type
0010D9r 2  C9 01                CMP     #TOK_IDENT
0010DBr 2  D0 31                BNE     @gend
0010DDr 2  AD rr rr             LDA     var_name_count
0010E0r 2  C9 08                CMP     #8
0010E2r 2  B0 1C                BCS     @gskip          ; buffer full — silently drop name
0010E4r 2  0A                   ASL
0010E5r 2  0A                   ASL
0010E6r 2  0A                   ASL
0010E7r 2  0A                   ASL
0010E8r 2  18                   CLC
0010E9r 2  69 rr                ADC     #<var_name_buf
0010EBr 2  85 rr                STA     tmp2
0010EDr 2  A9 00                LDA     #0
0010EFr 2  69 rr                ADC     #>var_name_buf
0010F1r 2  85 rr                STA     tmp2+1
0010F3r 2  A0 0F                LDY     #15
0010F5r 2               @gcp:
0010F5r 2  B9 rr rr             LDA     ident_buf,y
0010F8r 2  91 rr                STA     (tmp2),y
0010FAr 2  88                   DEY
0010FBr 2  10 F8                BPL     @gcp
0010FDr 2  EE rr rr             INC     var_name_count
001100r 2               @gskip:
001100r 2  20 rr rr             JSR     next_token      ; consume name
001103r 2  A5 rr                LDA     tok_type
001105r 2  C9 1F                CMP     #TOK_COMMA
001107r 2  D0 05                BNE     @gend
001109r 2  20 rr rr             JSR     next_token      ; consume ','
00110Cr 2  80 C9                BRA     @gcollect
00110Er 2               @gend:
00110Er 2               ; expect ':'
00110Er 2  A5 rr                LDA     tok_type
001110r 2  C9 21                CMP     #TOK_COLON
001112r 2  D0 03                BNE     :+
001114r 2  20 rr rr             JSR     next_token
001117r 2               :
001117r 2  20 rr rr             JSR     parse_type_spec
00111Ar 2  85 rr                STA     scratch         ; stash type for this group
00111Cr 2               ; --- add each collected name as SYM_VAR ---
00111Cr 2  A2 00                LDX     #0
00111Er 2               @addloop:
00111Er 2  EC rr rr             CPX     var_name_count
001121r 2  90 03                BCC     :+
001123r 2  4C rr rr             JMP     @groupdone
001126r 2               :
001126r 2  DA                   PHX
001127r 2  A5 rr                LDA     scratch
001129r 2  20 rr rr             JSR     store_proc_param_type
00112Cr 2               ; copy var_name_buf[X*16] → ident_buf
00112Cr 2  8A                   TXA
00112Dr 2  0A                   ASL
00112Er 2  0A                   ASL
00112Fr 2  0A                   ASL
001130r 2  0A                   ASL
001131r 2  18                   CLC
001132r 2  69 rr                ADC     #<var_name_buf
001134r 2  85 rr                STA     tmp2
001136r 2  A9 00                LDA     #0
001138r 2  69 rr                ADC     #>var_name_buf
00113Ar 2  85 rr                STA     tmp2+1
00113Cr 2  A0 0F                LDY     #15
00113Er 2               @cpout:
00113Er 2  B1 rr                LDA     (tmp2),y
001140r 2  99 rr rr             STA     ident_buf,y
001143r 2  88                   DEY
001144r 2  10 F8                BPL     @cpout
001146r 2               ; offset for this param = proc_param_count * 2
001146r 2  AD rr rr             LDA     proc_param_count
001149r 2  0A                   ASL
00114Ar 2  85 rr                STA     tmp2
00114Cr 2  A9 00                LDA     #0
00114Er 2  85 rr                STA     tmp2+1
001150r 2               ; If this is a VAR group, set the matching bit in param_var_mask
001150r 2               ; and use SYM_VARREF instead of SYM_VAR.
001150r 2  AD rr rr             LDA     group_is_var
001153r 2  F0 1E                BEQ     @use_var_kind
001155r 2               ; set bit (1 << proc_param_count) in param_var_mask (max 8 params)
001155r 2  AC rr rr             LDY     proc_param_count
001158r 2  C0 08                CPY     #8
00115Ar 2  B0 10                BCS     @skip_mask      ; >8 params: silently drop bit
00115Cr 2  A9 01                LDA     #1
00115Er 2               @shl:
00115Er 2  C0 00                CPY     #0
001160r 2  F0 04                BEQ     @done_shl
001162r 2  0A                   ASL
001163r 2  88                   DEY
001164r 2  80 F8                BRA     @shl
001166r 2               @done_shl:
001166r 2  0D rr rr             ORA     param_var_mask
001169r 2  8D rr rr             STA     param_var_mask
00116Cr 2               @skip_mask:
00116Cr 2  A5 rr                LDA     scratch         ; type
00116Er 2  AA                   TAX
00116Fr 2  A9 08                LDA     #SYM_VARREF
001171r 2  80 05                BRA     @do_add
001173r 2               @use_var_kind:
001173r 2  A5 rr                LDA     scratch         ; type
001175r 2  AA                   TAX
001176r 2  A9 01                LDA     #SYM_VAR
001178r 2               @do_add:
001178r 2  20 rr rr             JSR     symtab_add
00117Br 2  A5 rr                LDA     scratch
00117Dr 2  C9 05                CMP     #TY_ARRAY
00117Fr 2  D0 0F                BNE     @pl_chk_rec
001181r 2  AD rr rr             LDA     array_elem_ty
001184r 2  A0 16                LDY     #22
001186r 2  91 rr                STA     (tmp3),y
001188r 2  A9 02                LDA     #2
00118Ar 2  A0 17                LDY     #23
00118Cr 2  91 rr                STA     (tmp3),y
00118Er 2  80 12                BRA     @pl_meta_done
001190r 2               @pl_chk_rec:
001190r 2  C9 06                CMP     #TY_RECORD
001192r 2  D0 0E                BNE     @pl_meta_done
001194r 2  AD rr rr             LDA     record_first_field
001197r 2  A0 16                LDY     #22
001199r 2  91 rr                STA     (tmp3),y
00119Br 2  AD rr rr             LDA     record_field_count
00119Er 2  A0 17                LDY     #23
0011A0r 2  91 rr                STA     (tmp3),y
0011A2r 2               @pl_meta_done:
0011A2r 2  EE rr rr             INC     proc_param_count
0011A5r 2  FA                   PLX
0011A6r 2  E8                   INX
0011A7r 2  4C rr rr             JMP     @addloop        ; bra would be out of range now
0011AAr 2               @groupdone:
0011AAr 2               ; SEMICOLON → another group; else fall through to ')'
0011AAr 2  A5 rr                LDA     tok_type
0011ACr 2  C9 20                CMP     #TOK_SEMICOLON
0011AEr 2  D0 06                BNE     @done_params
0011B0r 2  20 rr rr             JSR     next_token      ; consume ';'
0011B3r 2  4C rr rr             JMP     @group_loop
0011B6r 2               @done_params:
0011B6r 2  A5 rr                LDA     tok_type
0011B8r 2  C9 1C                CMP     #TOK_RPAREN
0011BAr 2  D0 03                BNE     :+
0011BCr 2  20 rr rr             JSR     next_token      ; consume ')'
0011BFr 2               :
0011BFr 2  60                   RTS
0011C0r 2               
0011C0r 2               ; ---------------------------------------------------------------------------
0011C0r 2               ; parse_param_sig_list — parse a PROCEDURE/FUNCTION signature parameter list
0011C0r 2               ; without creating SYM_VAR entries. Used by UNIT interface headings so the
0011C0r 2               ; exported routine can record only param-count / VAR-mask metadata.
0011C0r 2               ; ---------------------------------------------------------------------------
0011C0r 2               parse_param_sig_list:
0011C0r 2  A9 00                LDA     #0
0011C2r 2  8D rr rr             STA     param_var_mask
0011C5r 2               @psig_group:
0011C5r 2  A9 00                LDA     #0
0011C7r 2  8D rr rr             STA     group_is_var
0011CAr 2  A5 rr                LDA     tok_type
0011CCr 2  C9 5C                CMP     #TOK_VAR
0011CEr 2  D0 08                BNE     @psig_no_var
0011D0r 2  A9 01                LDA     #1
0011D2r 2  8D rr rr             STA     group_is_var
0011D5r 2  20 rr rr             JSR     next_token
0011D8r 2               @psig_no_var:
0011D8r 2  A5 rr                LDA     tok_type
0011DAr 2  C9 01                CMP     #TOK_IDENT
0011DCr 2  F0 03                BEQ     @psig_have_ident
0011DEr 2  4C rr rr             JMP     @psig_done
0011E1r 2               @psig_have_ident:
0011E1r 2  A9 00                LDA     #0
0011E3r 2  8D rr rr             STA     var_name_count
0011E6r 2               @psig_collect:
0011E6r 2  A5 rr                LDA     tok_type
0011E8r 2  C9 01                CMP     #TOK_IDENT
0011EAr 2  D0 11                BNE     @psig_end_names
0011ECr 2  EE rr rr             INC     var_name_count
0011EFr 2  20 rr rr             JSR     next_token
0011F2r 2  A5 rr                LDA     tok_type
0011F4r 2  C9 1F                CMP     #TOK_COMMA
0011F6r 2  D0 05                BNE     @psig_end_names
0011F8r 2  20 rr rr             JSR     next_token
0011FBr 2  80 E9                BRA     @psig_collect
0011FDr 2               @psig_end_names:
0011FDr 2  A5 rr                LDA     tok_type
0011FFr 2  C9 21                CMP     #TOK_COLON
001201r 2  D0 03                BNE     :+
001203r 2  20 rr rr             JSR     next_token
001206r 2  20 rr rr     :       JSR     parse_type_spec
001209r 2  85 rr                STA     scratch
00120Br 2  A2 00                LDX     #0
00120Dr 2               @psig_add:
00120Dr 2  EC rr rr             CPX     var_name_count
001210r 2  B0 27                BCS     @psig_group_done
001212r 2  A5 rr                LDA     scratch
001214r 2  20 rr rr             JSR     store_proc_param_type
001217r 2  AD rr rr             LDA     group_is_var
00121Ar 2  F0 17                BEQ     @psig_inc
00121Cr 2  AC rr rr             LDY     proc_param_count
00121Fr 2  C0 08                CPY     #8
001221r 2  B0 10                BCS     @psig_inc
001223r 2  A9 01                LDA     #1
001225r 2               @psig_shl:
001225r 2  C0 00                CPY     #0
001227r 2  F0 04                BEQ     @psig_shl_done
001229r 2  0A                   ASL
00122Ar 2  88                   DEY
00122Br 2  80 F8                BRA     @psig_shl
00122Dr 2               @psig_shl_done:
00122Dr 2  0D rr rr             ORA     param_var_mask
001230r 2  8D rr rr             STA     param_var_mask
001233r 2               @psig_inc:
001233r 2  EE rr rr             INC     proc_param_count
001236r 2  E8                   INX
001237r 2  80 D4                BRA     @psig_add
001239r 2               @psig_group_done:
001239r 2  A5 rr                LDA     tok_type
00123Br 2  C9 20                CMP     #TOK_SEMICOLON
00123Dr 2  D0 06                BNE     @psig_done
00123Fr 2  20 rr rr             JSR     next_token
001242r 2  4C rr rr             JMP     @psig_group
001245r 2               @psig_done:
001245r 2  A5 rr                LDA     tok_type
001247r 2  C9 1C                CMP     #TOK_RPAREN
001249r 2  D0 03                BNE     :+
00124Br 2  20 rr rr             JSR     next_token
00124Er 2  60           :       RTS
00124Fr 2               
00124Fr 2               ; ---------------------------------------------------------------------------
00124Fr 2               ; parse_proc_iface_decl — PROCEDURE heading in a UNIT INTERFACE section.
00124Fr 2               ; Registers a global SYM_PROC with placeholder code offset 0 and fills
00124Fr 2               ; param-count / VAR-mask metadata for later callers and implementation.
00124Fr 2               ; ---------------------------------------------------------------------------
00124Fr 2               parse_proc_iface_decl:
00124Fr 2  A5 rr                LDA     tok_type
001251r 2  C9 01                CMP     #TOK_IDENT
001253r 2  F0 01                BEQ     :+
001255r 2  60                   RTS
001256r 2  A9 00        :       LDA     #0
001258r 2  8D rr rr             STA     proc_param_count
00125Br 2  8D rr rr             STA     param_var_mask
00125Er 2  85 rr                STA     tmp2
001260r 2  85 rr                STA     tmp2+1
001262r 2  A9 03                LDA     #SYM_PROC
001264r 2  A2 00                LDX     #TY_NONE
001266r 2  20 rr rr             JSR     symtab_add
001269r 2  A5 rr                LDA     tmp3
00126Br 2  8D rr rr             STA     proc_entry_idx
00126Er 2  A5 rr                LDA     tmp3+1
001270r 2  8D rr rr             STA     proc_entry_idx+1
001273r 2  20 rr rr             JSR     next_token              ; consume name
001276r 2  A5 rr                LDA     tok_type
001278r 2  C9 1B                CMP     #TOK_LPAREN
00127Ar 2  D0 06                BNE     @ppid_patch
00127Cr 2  20 rr rr             JSR     next_token
00127Fr 2  20 rr rr             JSR     parse_param_sig_list
001282r 2               @ppid_patch:
001282r 2  AD rr rr             LDA     proc_entry_idx
001285r 2  85 rr                STA     tmp3
001287r 2  AD rr rr             LDA     proc_entry_idx+1
00128Ar 2  85 rr                STA     tmp3+1
00128Cr 2  A0 15                LDY     #21
00128Er 2  AD rr rr             LDA     proc_param_count
001291r 2  91 rr                STA     (tmp3),y
001293r 2  A0 16                LDY     #22
001295r 2  AD rr rr             LDA     param_var_mask
001298r 2  91 rr                STA     (tmp3),y
00129Ar 2  A5 rr                LDA     tok_type
00129Cr 2  C9 20                CMP     #TOK_SEMICOLON
00129Er 2  D0 03                BNE     :+
0012A0r 2  20 rr rr             JSR     next_token
0012A3r 2  60           :       RTS
0012A4r 2               
0012A4r 2               ; ---------------------------------------------------------------------------
0012A4r 2               ; parse_func_iface_decl — FUNCTION heading in a UNIT INTERFACE section.
0012A4r 2               ; Registers a global SYM_FUNC with placeholder code offset 0 and patches
0012A4r 2               ; the return type plus param-count / VAR-mask metadata.
0012A4r 2               ; ---------------------------------------------------------------------------
0012A4r 2               parse_func_iface_decl:
0012A4r 2  A5 rr                LDA     tok_type
0012A6r 2  C9 01                CMP     #TOK_IDENT
0012A8r 2  F0 01                BEQ     :+
0012AAr 2  60                   RTS
0012ABr 2  A9 00        :       LDA     #0
0012ADr 2  8D rr rr             STA     proc_param_count
0012B0r 2  8D rr rr             STA     param_var_mask
0012B3r 2  85 rr                STA     tmp2
0012B5r 2  85 rr                STA     tmp2+1
0012B7r 2  A9 04                LDA     #SYM_FUNC
0012B9r 2  A2 00                LDX     #TY_NONE
0012BBr 2  20 rr rr             JSR     symtab_add
0012BEr 2  A5 rr                LDA     tmp3
0012C0r 2  8D rr rr             STA     proc_entry_idx
0012C3r 2  A5 rr                LDA     tmp3+1
0012C5r 2  8D rr rr             STA     proc_entry_idx+1
0012C8r 2  20 rr rr             JSR     next_token              ; consume name
0012CBr 2  A5 rr                LDA     tok_type
0012CDr 2  C9 1B                CMP     #TOK_LPAREN
0012CFr 2  D0 06                BNE     @pfid_after_params
0012D1r 2  20 rr rr             JSR     next_token
0012D4r 2  20 rr rr             JSR     parse_param_sig_list
0012D7r 2               @pfid_after_params:
0012D7r 2  A5 rr                LDA     tok_type
0012D9r 2  C9 21                CMP     #TOK_COLON
0012DBr 2  D0 03                BNE     :+
0012DDr 2  20 rr rr             JSR     next_token
0012E0r 2  20 rr rr     :       JSR     parse_type_spec
0012E3r 2  85 rr                STA     scratch
0012E5r 2  AD rr rr             LDA     proc_entry_idx
0012E8r 2  85 rr                STA     tmp3
0012EAr 2  AD rr rr             LDA     proc_entry_idx+1
0012EDr 2  85 rr                STA     tmp3+1
0012EFr 2  A0 11                LDY     #17
0012F1r 2  A5 rr                LDA     scratch
0012F3r 2  91 rr                STA     (tmp3),y
0012F5r 2  A0 15                LDY     #21
0012F7r 2  AD rr rr             LDA     proc_param_count
0012FAr 2  91 rr                STA     (tmp3),y
0012FCr 2  A0 16                LDY     #22
0012FEr 2  AD rr rr             LDA     param_var_mask
001301r 2  91 rr                STA     (tmp3),y
001303r 2  A5 rr                LDA     tok_type
001305r 2  C9 20                CMP     #TOK_SEMICOLON
001307r 2  D0 03                BNE     :+
001309r 2  20 rr rr             JSR     next_token
00130Cr 2  60           :       RTS
00130Dr 2               
00130Dr 2               ; ---------------------------------------------------------------------------
00130Dr 2               ; parse_proc_decl — PROCEDURE name [ ( params ) ] ; <block> ;
00130Dr 2               ; The PROCEDURE keyword has already been consumed by parse_block @proc.
00130Dr 2               ;
00130Dr 2               ; Phase B: value parameters supported.  Each parameter occupies 2 bytes in
00130Dr 2               ; the AR at MP+AR_LOCALS+offset and is stored into the symbol table as
00130Dr 2               ; SYM_VAR in the inner scope.  Param-count is recorded on the proc's symbol
00130Dr 2               ; entry (offset 21) so callers know how many args to push.
00130Dr 2               ; ---------------------------------------------------------------------------
00130Dr 2               parse_proc_decl:
00130Dr 2               ; expect identifier (proc name)
00130Dr 2  A5 rr                LDA     tok_type
00130Fr 2  C9 01                CMP     #TOK_IDENT
001311r 2  F0 01                BEQ     @have_name
001313r 2  60                   RTS
001314r 2               @have_name:
001314r 2               ; Save outer local_alloc_off on 6502 stack — nested procs would
001314r 2               ; otherwise clobber the enclosing proc's allocator state.
001314r 2  AD rr rr             LDA     local_alloc_off
001317r 2  48                   PHA
001318r 2               
001318r 2               ; save proc name into save_name_buf (ident_buf gets clobbered later)
001318r 2  A0 0F                LDY     #15
00131Ar 2               @savename:
00131Ar 2  B9 rr rr             LDA     ident_buf,y
00131Dr 2  99 rr rr             STA     save_name_buf,y
001320r 2  88                   DEY
001321r 2  10 F7                BPL     @savename
001323r 2               
001323r 2               ; UNIT implementation bodies may be preceded by an INTERFACE heading.
001323r 2               ; Reuse that global SYM_PROC entry instead of creating a duplicate.
001323r 2  A5 rr                LDA     scope_depth
001325r 2  D0 2A                BNE     @new_entry
001327r 2  AD rr rr             LDA     unit_section
00132Ar 2  C9 02                CMP     #2
00132Cr 2  D0 23                BNE     @new_entry
00132Er 2  20 rr rr             JSR     symtab_find
001331r 2  90 1E                BCC     @new_entry
001333r 2  A0 10                LDY     #16
001335r 2  B1 rr                LDA     (tmp3),y
001337r 2  C9 03                CMP     #SYM_PROC
001339r 2  D0 16                BNE     @new_entry
00133Br 2  A0 14                LDY     #20
00133Dr 2  B1 rr                LDA     (tmp3),y
00133Fr 2  D0 10                BNE     @new_entry
001341r 2  A5 rr                LDA     tmp3
001343r 2  8D rr rr             STA     proc_entry_idx
001346r 2  A5 rr                LDA     tmp3+1
001348r 2  8D rr rr             STA     proc_entry_idx+1
00134Br 2  20 rr rr             JSR     next_token
00134Er 2  4C rr rr             JMP     @enter_scope
001351r 2               @new_entry:
001351r 2               
001351r 2  20 rr rr             JSR     next_token      ; consume name
001354r 2               
001354r 2               ; Register proc in symbol table NOW so we have an entry to update
001354r 2               ; with the param count once the param list has been parsed.
001354r 2               ; Offset (proc entry point) = current cg_pc.
001354r 2  20 rr rr             JSR     swap_ident_save ; ident_buf <-> save_name_buf
001357r 2  A5 rr                LDA     cg_pc
001359r 2  85 rr                STA     tmp2
00135Br 2  A5 rr                LDA     cg_pc+1
00135Dr 2  85 rr                STA     tmp2+1
00135Fr 2  A9 03                LDA     #SYM_PROC
001361r 2  A2 00                LDX     #TY_NONE
001363r 2  20 rr rr             JSR     symtab_add
001366r 2  A5 rr                LDA     tmp3
001368r 2  8D rr rr             STA     proc_entry_idx
00136Br 2  A5 rr                LDA     tmp3+1
00136Dr 2  8D rr rr             STA     proc_entry_idx+1
001370r 2  20 rr rr             JSR     swap_ident_save
001373r 2               
001373r 2               ; Enter scope: params and any locals belong to the proc's frame.
001373r 2               @enter_scope:
001373r 2  20 rr rr             JSR     symtab_enter_scope
001376r 2               
001376r 2               ; init param count and VAR-mask
001376r 2  A9 00                LDA     #0
001378r 2  8D rr rr             STA     proc_param_count
00137Br 2  8D rr rr             STA     param_var_mask
00137Er 2               
00137Er 2               ; Optional parameter list
00137Er 2  A5 rr                LDA     tok_type
001380r 2  C9 1B                CMP     #TOK_LPAREN
001382r 2  D0 06                BNE     @backpatch_pcount
001384r 2  20 rr rr             JSR     next_token      ; consume '('
001387r 2  20 rr rr             JSR     parse_param_list
00138Ar 2               
00138Ar 2               @backpatch_pcount:
00138Ar 2               ; Write param count into proc's symbol entry (offset 21).
00138Ar 2  AD rr rr             LDA     proc_entry_idx
00138Dr 2  85 rr                STA     tmp3
00138Fr 2  AD rr rr             LDA     proc_entry_idx+1
001392r 2  85 rr                STA     tmp3+1
001394r 2  A0 12                LDY     #18
001396r 2  A5 rr                LDA     cg_pc
001398r 2  91 rr                STA     (tmp3),y
00139Ar 2  C8                   INY
00139Br 2  A5 rr                LDA     cg_pc+1
00139Dr 2  91 rr                STA     (tmp3),y
00139Fr 2  A0 15                LDY     #21
0013A1r 2  AD rr rr             LDA     proc_param_count
0013A4r 2  91 rr                STA     (tmp3),y
0013A6r 2  A0 16                LDY     #22
0013A8r 2  AD rr rr             LDA     param_var_mask
0013ABr 2  91 rr                STA     (tmp3),y
0013ADr 2               
0013ADr 2               ; Initialize local_alloc_off to start right after the params.
0013ADr 2               ; VAR declarations inside the body extend this; final value is
0013ADr 2               ; backpatched into entry offset 23 below as the MRKSTK size.
0013ADr 2  AD rr rr             LDA     proc_param_count
0013B0r 2  0A                   ASL
0013B1r 2  8D rr rr             STA     local_alloc_off
0013B4r 2               
0013B4r 2               ; expect ';'
0013B4r 2  A5 rr                LDA     tok_type
0013B6r 2  C9 20                CMP     #TOK_SEMICOLON
0013B8r 2  D0 03                BNE     :+
0013BAr 2  20 rr rr             JSR     next_token
0013BDr 2               :
0013BDr 2               ; No callee prologue: the caller emits MRKSTK + arg-stores + CALL,
0013BDr 2               ; so by the time we land at the proc entry the activation record
0013BDr 2               ; (and its param slots) already exists.
0013BDr 2               
0013BDr 2               ; Recurse: proc body may have its own const/type/var/proc/begin block.
0013BDr 2  20 rr rr             JSR     parse_block
0013C0r 2               
0013C0r 2               ; Epilogue
0013C0r 2  20 rr rr             JSR     emit_RET
0013C3r 2               
0013C3r 2               ; Backpatch total local-area size (params + declared locals) into
0013C3r 2               ; the proc's symbol entry at offset 23.  The caller reads this and
0013C3r 2               ; emits MRKSTK <lsize> so the AR is large enough to hold all locals
0013C3r 2               ; below pm_sp (otherwise value-stack pushes corrupt local slots).
0013C3r 2  AD rr rr             LDA     proc_entry_idx
0013C6r 2  85 rr                STA     tmp3
0013C8r 2  AD rr rr             LDA     proc_entry_idx+1
0013CBr 2  85 rr                STA     tmp3+1
0013CDr 2  A0 17                LDY     #23
0013CFr 2  AD rr rr             LDA     local_alloc_off
0013D2r 2  91 rr                STA     (tmp3),y
0013D4r 2               
0013D4r 2  20 rr rr             JSR     symtab_leave_scope
0013D7r 2               
0013D7r 2               ; Consume trailing ';' after END
0013D7r 2  A5 rr                LDA     tok_type
0013D9r 2  C9 20                CMP     #TOK_SEMICOLON
0013DBr 2  D0 03                BNE     :+
0013DDr 2  20 rr rr             JSR     next_token
0013E0r 2               :
0013E0r 2  68                   PLA
0013E1r 2  8D rr rr             STA     local_alloc_off ; restore outer allocator state
0013E4r 2  60                   RTS
0013E5r 2               
0013E5r 2               ; ---------------------------------------------------------------------------
0013E5r 2               ; parse_func_decl — FUNCTION name [ ( params ) ] : RETURN_TYPE ; <block> ;
0013E5r 2               ; The FUNCTION keyword has already been consumed by parse_block @func.
0013E5r 2               ; Mirrors parse_proc_decl but registers SYM_FUNC, parses the return type,
0013E5r 2               ; adds a SYM_RETVAL inner-scope binding (so `name := expr` in the body
0013E5r 2               ; emits OP_STR), and emits OP_RETF as the epilogue.
0013E5r 2               ; ---------------------------------------------------------------------------
0013E5r 2               parse_func_decl:
0013E5r 2               ; expect identifier (func name)
0013E5r 2  A5 rr                LDA     tok_type
0013E7r 2  C9 01                CMP     #TOK_IDENT
0013E9r 2  F0 01                BEQ     @have_name
0013EBr 2  60                   RTS
0013ECr 2               @have_name:
0013ECr 2               ; Save outer local_alloc_off on 6502 stack — nested func/proc would
0013ECr 2               ; otherwise clobber the enclosing frame's allocator state.
0013ECr 2  AD rr rr             LDA     local_alloc_off
0013EFr 2  48                   PHA
0013F0r 2               
0013F0r 2               ; save func name into save_name_buf
0013F0r 2  A0 0F                LDY     #15
0013F2r 2               @savename:
0013F2r 2  B9 rr rr             LDA     ident_buf,y
0013F5r 2  99 rr rr             STA     save_name_buf,y
0013F8r 2  88                   DEY
0013F9r 2  10 F7                BPL     @savename
0013FBr 2               
0013FBr 2               ; UNIT implementation bodies may bind to an INTERFACE-declared SYM_FUNC.
0013FBr 2  A5 rr                LDA     scope_depth
0013FDr 2  D0 2A                BNE     @new_entry
0013FFr 2  AD rr rr             LDA     unit_section
001402r 2  C9 02                CMP     #2
001404r 2  D0 23                BNE     @new_entry
001406r 2  20 rr rr             JSR     symtab_find
001409r 2  90 1E                BCC     @new_entry
00140Br 2  A0 10                LDY     #16
00140Dr 2  B1 rr                LDA     (tmp3),y
00140Fr 2  C9 04                CMP     #SYM_FUNC
001411r 2  D0 16                BNE     @new_entry
001413r 2  A0 14                LDY     #20
001415r 2  B1 rr                LDA     (tmp3),y
001417r 2  D0 10                BNE     @new_entry
001419r 2  A5 rr                LDA     tmp3
00141Br 2  8D rr rr             STA     proc_entry_idx
00141Er 2  A5 rr                LDA     tmp3+1
001420r 2  8D rr rr             STA     proc_entry_idx+1
001423r 2  20 rr rr             JSR     next_token
001426r 2  4C rr rr             JMP     @enter_scope
001429r 2               @new_entry:
001429r 2               
001429r 2  20 rr rr             JSR     next_token      ; consume name
00142Cr 2               
00142Cr 2               ; Register SYM_FUNC NOW so we have an entry to backpatch.
00142Cr 2               ; Type backpatched after we parse `: RETURN_TYPE`.
00142Cr 2  20 rr rr             JSR     swap_ident_save ; ident_buf <-> save_name_buf
00142Fr 2  A5 rr                LDA     cg_pc
001431r 2  85 rr                STA     tmp2
001433r 2  A5 rr                LDA     cg_pc+1
001435r 2  85 rr                STA     tmp2+1
001437r 2  A9 04                LDA     #SYM_FUNC
001439r 2  A2 00                LDX     #TY_NONE        ; placeholder
00143Br 2  20 rr rr             JSR     symtab_add
00143Er 2  A5 rr                LDA     tmp3
001440r 2  8D rr rr             STA     proc_entry_idx
001443r 2  A5 rr                LDA     tmp3+1
001445r 2  8D rr rr             STA     proc_entry_idx+1
001448r 2  20 rr rr             JSR     swap_ident_save
00144Br 2               
00144Br 2               ; Enter scope: params, locals, and SYM_RETVAL belong to fn frame.
00144Br 2               @enter_scope:
00144Br 2  20 rr rr             JSR     symtab_enter_scope
00144Er 2               
00144Er 2               ; init param count and VAR-mask
00144Er 2  A9 00                LDA     #0
001450r 2  8D rr rr             STA     proc_param_count
001453r 2  8D rr rr             STA     param_var_mask
001456r 2               
001456r 2               ; Optional parameter list
001456r 2  A5 rr                LDA     tok_type
001458r 2  C9 1B                CMP     #TOK_LPAREN
00145Ar 2  D0 06                BNE     @after_params
00145Cr 2  20 rr rr             JSR     next_token      ; consume '('
00145Fr 2  20 rr rr             JSR     parse_param_list
001462r 2               
001462r 2               @after_params:
001462r 2               ; Expect ':' then return type
001462r 2  A5 rr                LDA     tok_type
001464r 2  C9 21                CMP     #TOK_COLON
001466r 2  D0 03                BNE     :+
001468r 2  20 rr rr             JSR     next_token
00146Br 2               :
00146Br 2  20 rr rr             JSR     parse_type_spec
00146Er 2  85 rr                STA     scratch         ; save return type code
001470r 2               
001470r 2               ; Recompute SYM_FUNC entry pointer from proc_entry_idx and backpatch
001470r 2               ; offset 17 (return type) and offset 21 (param count).
001470r 2  AD rr rr             LDA     proc_entry_idx
001473r 2  85 rr                STA     tmp3
001475r 2  AD rr rr             LDA     proc_entry_idx+1
001478r 2  85 rr                STA     tmp3+1
00147Ar 2  A0 12                LDY     #18
00147Cr 2  A5 rr                LDA     cg_pc
00147Er 2  91 rr                STA     (tmp3),y
001480r 2  C8                   INY
001481r 2  A5 rr                LDA     cg_pc+1
001483r 2  91 rr                STA     (tmp3),y
001485r 2  A0 11                LDY     #17
001487r 2  A5 rr                LDA     scratch
001489r 2  91 rr                STA     (tmp3),y
00148Br 2  A0 15                LDY     #21
00148Dr 2  AD rr rr             LDA     proc_param_count
001490r 2  91 rr                STA     (tmp3),y
001492r 2  A0 16                LDY     #22
001494r 2  AD rr rr             LDA     param_var_mask
001497r 2  91 rr                STA     (tmp3),y
001499r 2               
001499r 2               ; Initialize local_alloc_off to start right after the params.
001499r 2               ; VAR declarations in the body extend this; final value is
001499r 2               ; backpatched into entry offset 23 as the MRKSTK size.
001499r 2  AD rr rr             LDA     proc_param_count
00149Cr 2  0A                   ASL
00149Dr 2  8D rr rr             STA     local_alloc_off
0014A0r 2               
0014A0r 2               ; Add SYM_RETVAL binding: same name as function; assignments to
0014A0r 2               ; this name in the body emit OP_STR (writes MP+AR_RET_VAL).
0014A0r 2               ; save_name_buf still holds the function name (parse_param_list uses
0014A0r 2               ; var_name_buf, not save_name_buf).  Swap it into ident_buf.
0014A0r 2  20 rr rr             JSR     swap_ident_save
0014A3r 2  A9 00                LDA     #0
0014A5r 2  85 rr                STA     tmp2
0014A7r 2  85 rr                STA     tmp2+1
0014A9r 2  A9 07                LDA     #SYM_RETVAL
0014ABr 2  A6 rr                LDX     scratch
0014ADr 2  20 rr rr             JSR     symtab_add
0014B0r 2               
0014B0r 2               ; Expect ';' before body
0014B0r 2  A5 rr                LDA     tok_type
0014B2r 2  C9 20                CMP     #TOK_SEMICOLON
0014B4r 2  D0 03                BNE     :+
0014B6r 2  20 rr rr             JSR     next_token
0014B9r 2               :
0014B9r 2  20 rr rr             JSR     parse_block
0014BCr 2               
0014BCr 2  20 rr rr             JSR     emit_RETF
0014BFr 2               
0014BFr 2               ; Backpatch total local-area size into the func's symbol entry at
0014BFr 2               ; offset 23 (params + declared body locals).  Caller emits MRKSTK
0014BFr 2               ; with this value so the AR holds all locals below pm_sp.
0014BFr 2  AD rr rr             LDA     proc_entry_idx
0014C2r 2  85 rr                STA     tmp3
0014C4r 2  AD rr rr             LDA     proc_entry_idx+1
0014C7r 2  85 rr                STA     tmp3+1
0014C9r 2  A0 17                LDY     #23
0014CBr 2  AD rr rr             LDA     local_alloc_off
0014CEr 2  91 rr                STA     (tmp3),y
0014D0r 2               
0014D0r 2  20 rr rr             JSR     symtab_leave_scope
0014D3r 2               
0014D3r 2               ; Consume trailing ';' after END
0014D3r 2  A5 rr                LDA     tok_type
0014D5r 2  C9 20                CMP     #TOK_SEMICOLON
0014D7r 2  D0 03                BNE     :+
0014D9r 2  20 rr rr             JSR     next_token
0014DCr 2               :
0014DCr 2  68                   PLA
0014DDr 2  8D rr rr             STA     local_alloc_off ; restore outer allocator state
0014E0r 2  60                   RTS
0014E1r 2               
0014E1r 2               ; ---------------------------------------------------------------------------
0014E1r 2               ; parse_compound_stmt — BEGIN { statement ; } END
0014E1r 2               ; ---------------------------------------------------------------------------
0014E1r 2               parse_compound_stmt:
0014E1r 2               ; consume BEGIN
0014E1r 2  A5 rr                LDA     tok_type
0014E3r 2  C9 42                CMP     #TOK_BEGIN
0014E5r 2  D0 36                BNE     @done
0014E7r 2  20 rr rr             JSR     next_token
0014EAr 2               @loop:
0014EAr 2  A5 rr                LDA     tok_type
0014ECr 2  C9 49                CMP     #TOK_END
0014EEr 2  F0 2A                BEQ     @end
0014F0r 2  C9 00                CMP     #TOK_EOF
0014F2r 2  F0 29                BEQ     @done
0014F4r 2               ; remember tok before parse_statement to detect no-progress
0014F4r 2  85 rr                STA     tmp3
0014F6r 2  20 rr rr             JSR     parse_statement
0014F9r 2  A5 rr                LDA     tok_type
0014FBr 2  C9 20                CMP     #TOK_SEMICOLON
0014FDr 2  F0 15                BEQ     @consume_semi
0014FFr 2  C9 49                CMP     #TOK_END
001501r 2  F0 17                BEQ     @end
001503r 2  C9 00                CMP     #TOK_EOF
001505r 2  F0 16                BEQ     @done
001507r 2               ; if parse_statement didn't consume anything, force-advance to avoid
001507r 2               ; an infinite loop on an unrecognised token
001507r 2  C5 rr                CMP     tmp3
001509r 2  F0 03                BEQ     @pcs_force_advance
00150Br 2  4C rr rr             JMP     @loop
00150Er 2               @pcs_force_advance:
00150Er 2  20 rr rr             JSR     next_token
001511r 2  4C rr rr             JMP     @loop
001514r 2               @consume_semi:
001514r 2  20 rr rr             JSR     next_token
001517r 2  4C rr rr             JMP     @loop
00151Ar 2               @end:
00151Ar 2  20 rr rr             JSR     next_token      ; consume END
00151Dr 2               @done:
00151Dr 2  60                   RTS
00151Er 2               
00151Er 2               ; ---------------------------------------------------------------------------
00151Er 2               ; parse_statement — dispatch based on current token
00151Er 2               ; ---------------------------------------------------------------------------
00151Er 2               parse_statement:
00151Er 2  A5 rr                LDA     tok_type
001520r 2  C9 42                CMP     #TOK_BEGIN
001522r 2  F0 19                BEQ     @compound
001524r 2  C9 5E                CMP     #TOK_WITH
001526r 2  F0 18                BEQ     @with
001528r 2  C9 4C                CMP     #TOK_IF
00152Ar 2  F0 1C                BEQ     @if
00152Cr 2  C9 5D                CMP     #TOK_WHILE
00152Er 2  F0 1C                BEQ     @while
001530r 2  C9 4A                CMP     #TOK_FOR
001532r 2  F0 1C                BEQ     @for
001534r 2  C9 56                CMP     #TOK_REPEAT
001536r 2  F0 1C                BEQ     @repeat
001538r 2  C9 01                CMP     #TOK_IDENT
00153Ar 2  F0 08                BEQ     @assign_or_call
00153Cr 2  60                   RTS                     ; empty statement
00153Dr 2               
00153Dr 2               @compound:
00153Dr 2  4C rr rr             JMP     parse_compound_stmt
001540r 2               
001540r 2               @with:
001540r 2  20 rr rr             JSR     parse_with_stmt
001543r 2  60                   RTS
001544r 2               
001544r 2               @assign_or_call:
001544r 2  20 rr rr             JSR     parse_assign_or_call
001547r 2  60                   RTS
001548r 2               
001548r 2               @if:
001548r 2  20 rr rr             JSR     parse_if
00154Br 2  60                   RTS
00154Cr 2               
00154Cr 2               @while:
00154Cr 2  20 rr rr             JSR     parse_while
00154Fr 2  60                   RTS
001550r 2               
001550r 2               @for:
001550r 2  20 rr rr             JSR     parse_for
001553r 2  60                   RTS
001554r 2               
001554r 2               @repeat:
001554r 2  20 rr rr             JSR     parse_repeat
001557r 2  60                   RTS
001558r 2               
001558r 2               ; ---------------------------------------------------------------------------
001558r 2               ; parse_with_stmt — WITH record_expr { , record_expr } DO statement
001558r 2               ; Each selector gets a hidden global word holding the runtime record base
001558r 2               ; address. The compile-time WITH context stack records the matching field
001558r 2               ; table span so unqualified identifiers can resolve as fields.
001558r 2               ; ---------------------------------------------------------------------------
001558r 2               parse_with_stmt:
001558r 2  AD rr rr             LDA     with_depth
00155Br 2  48                   PHA                             ; restore point after the body
00155Cr 2  20 rr rr             JSR     next_token              ; consume WITH
00155Fr 2               @pws_item:
00155Fr 2  20 rr rr             JSR     parse_expression
001562r 2  A5 rr                LDA     expr_type
001564r 2  C9 06                CMP     #TY_RECORD
001566r 2  F0 10                BEQ     @pws_record
001568r 2  A9 rr                LDA     #<err_type
00156Ar 2  85 rr                STA     tmp0
00156Cr 2  A9 rr                LDA     #>err_type
00156Er 2  85 rr                STA     tmp0+1
001570r 2  20 rr rr             JSR     compile_error
001573r 2  20 rr rr             JSR     emit_POP                ; discard non-record expression result
001576r 2  80 43                BRA     @pws_after_item
001578r 2               @pws_record:
001578r 2  A9 02                LDA     #2
00157Ar 2  20 rr rr             JSR     codegen_alloc_global    ; tmp2 = hidden word for base addr
00157Dr 2  A5 rr                LDA     tmp2
00157Fr 2  48                   PHA
001580r 2  A5 rr                LDA     tmp2+1
001582r 2  48                   PHA
001583r 2  A5 rr                LDA     tmp2+1
001585r 2  85 rr                STA     scratch
001587r 2  A5 rr                LDA     tmp2
001589r 2  20 rr rr             JSR     emit_STG                ; save selector address
00158Cr 2  AE rr rr             LDX     with_depth
00158Fr 2  E0 08                CPX     #WITH_DEPTHS
001591r 2  90 0D                BCC     @pws_push
001593r 2  A9 rr                LDA     #<err_too_many
001595r 2  85 rr                STA     tmp0
001597r 2  A9 rr                LDA     #>err_too_many
001599r 2  85 rr                STA     tmp0+1
00159Br 2  20 rr rr             JSR     compile_error
00159Er 2  80 19                BRA     @pws_discard_hidden
0015A0r 2               @pws_push:
0015A0r 2  68                   PLA
0015A1r 2  9D rr rr             STA     with_base_hi,x
0015A4r 2  68                   PLA
0015A5r 2  9D rr rr             STA     with_base_lo,x
0015A8r 2  AD rr rr             LDA     expr_record_first
0015ABr 2  9D rr rr             STA     with_first_field,x
0015AEr 2  AD rr rr             LDA     expr_record_count
0015B1r 2  9D rr rr             STA     with_field_count,x
0015B4r 2  EE rr rr             INC     with_depth
0015B7r 2  80 02                BRA     @pws_after_item
0015B9r 2               @pws_discard_hidden:
0015B9r 2  68                   PLA
0015BAr 2  68                   PLA
0015BBr 2               @pws_after_item:
0015BBr 2  A5 rr                LDA     tok_type
0015BDr 2  C9 1F                CMP     #TOK_COMMA
0015BFr 2  D0 05                BNE     @pws_need_do
0015C1r 2  20 rr rr             JSR     next_token
0015C4r 2  80 99                BRA     @pws_item
0015C6r 2               @pws_need_do:
0015C6r 2  A5 rr                LDA     tok_type
0015C8r 2  C9 46                CMP     #TOK_DO
0015CAr 2  F0 0D                BEQ     @pws_do
0015CCr 2  A9 rr                LDA     #<err_expected_do
0015CEr 2  85 rr                STA     tmp0
0015D0r 2  A9 rr                LDA     #>err_expected_do
0015D2r 2  85 rr                STA     tmp0+1
0015D4r 2  20 rr rr             JSR     compile_error
0015D7r 2  80 03                BRA     @pws_body
0015D9r 2               @pws_do:
0015D9r 2  20 rr rr             JSR     next_token              ; consume DO
0015DCr 2               @pws_body:
0015DCr 2  20 rr rr             JSR     parse_statement
0015DFr 2  68                   PLA
0015E0r 2  8D rr rr             STA     with_depth
0015E3r 2  60                   RTS
0015E4r 2               
0015E4r 2               ; ---------------------------------------------------------------------------
0015E4r 2               ; parse_with_field_assign — current token is the field IDENT already matched
0015E4r 2               ; by with_lookup_field. Handles scalar fields, pointer-field dereference, and
0015E4r 2               ; chained nested-record assignments such as `WITH R DO A.X := 1`.
0015E4r 2               ; ---------------------------------------------------------------------------
0015E4r 2               parse_with_field_assign:
0015E4r 2  20 rr rr             JSR     next_token              ; consume field name
0015E7r 2  20 rr rr             JSR     emit_with_field_base    ; push &field / &subrecord
0015EAr 2  AD rr rr             LDA     with_lookup_type
0015EDr 2  C9 06                CMP     #TY_RECORD
0015EFr 2  F0 30                BEQ     @pwfa_record
0015F1r 2  C9 07                CMP     #TY_PTR
0015F3r 2  D0 1C                BNE     @pwfa_scalar
0015F5r 2  A5 rr                LDA     tok_type
0015F7r 2  C9 24                CMP     #TOK_CARET
0015F9r 2  D0 16                BNE     @pwfa_scalar
0015FBr 2  20 rr rr             JSR     emit_LDIND              ; load pointer value from field cell
0015FEr 2  20 rr rr             JSR     next_token              ; consume '^'
001601r 2  A5 rr                LDA     tok_type
001603r 2  C9 1A                CMP     #TOK_ASSIGN
001605r 2  D0 03                BNE     :+
001607r 2  20 rr rr             JSR     next_token
00160Ar 2  20 rr rr     :       JSR     parse_expression
00160Dr 2  20 rr rr             JSR     emit_STIND
001610r 2  60                   RTS
001611r 2               @pwfa_scalar:
001611r 2  A5 rr                LDA     tok_type
001613r 2  C9 1A                CMP     #TOK_ASSIGN
001615r 2  D0 03                BNE     :+
001617r 2  20 rr rr             JSR     next_token
00161Ar 2  20 rr rr     :       JSR     parse_expression
00161Dr 2  20 rr rr             JSR     emit_STIND
001620r 2  60                   RTS
001621r 2               @pwfa_record:
001621r 2  A5 rr                LDA     tok_type
001623r 2  C9 22                CMP     #TOK_DOT
001625r 2  F0 0F                BEQ     @pwfa_chain_prep
001627r 2  A9 rr                LDA     #<err_type
001629r 2  85 rr                STA     tmp0
00162Br 2  A9 rr                LDA     #>err_type
00162Dr 2  85 rr                STA     tmp0+1
00162Fr 2  20 rr rr             JSR     compile_error
001632r 2  20 rr rr             JSR     emit_POP                ; discard the subrecord address
001635r 2  60                   RTS
001636r 2               @pwfa_chain_prep:
001636r 2  AD rr rr             LDA     with_lookup_first
001639r 2  8D rr rr             STA     fcall_vmask
00163Cr 2  AD rr rr             LDA     with_lookup_count
00163Fr 2  8D rr rr             STA     fcall_lsize
001642r 2               @pwfa_chain:
001642r 2  A5 rr                LDA     tok_type
001644r 2  C9 22                CMP     #TOK_DOT
001646r 2  D0 03                BNE     :+
001648r 2  20 rr rr             JSR     next_token
00164Br 2               :
00164Br 2  AD rr rr             LDA     fcall_vmask
00164Er 2  AE rr rr             LDX     fcall_lsize
001651r 2  20 rr rr             JSR     field_lookup_in_record
001654r 2  90 4B                BCC     @pwfa_nf
001656r 2  48                   PHA
001657r 2  8A                   TXA
001658r 2  8D rr rr             STA     field_chain_type
00165Br 2  A5 rr                LDA     tmp3
00165Dr 2  AA                   TAX
00165Er 2  BD rr rr             LDA     field_nested_first,x
001661r 2  8D rr rr             STA     field_chain_first
001664r 2  BD rr rr             LDA     field_nested_count,x
001667r 2  8D rr rr             STA     field_chain_count
00166Ar 2  68                   PLA
00166Br 2  F0 06                BEQ     @pwfa_no_off
00166Dr 2  20 rr rr             JSR     emit_LDCI
001670r 2  20 rr rr             JSR     emit_ADI
001673r 2               @pwfa_no_off:
001673r 2  20 rr rr             JSR     next_token              ; consume nested field name
001676r 2  AD rr rr             LDA     field_chain_type
001679r 2  C9 06                CMP     #TY_RECORD
00167Br 2  D0 14                BNE     @pwfa_leaf
00167Dr 2  A5 rr                LDA     tok_type
00167Fr 2  C9 22                CMP     #TOK_DOT
001681r 2  D0 0E                BNE     @pwfa_leaf
001683r 2  AD rr rr             LDA     field_chain_first
001686r 2  8D rr rr             STA     fcall_vmask
001689r 2  AD rr rr             LDA     field_chain_count
00168Cr 2  8D rr rr             STA     fcall_lsize
00168Fr 2  80 B1                BRA     @pwfa_chain
001691r 2               @pwfa_leaf:
001691r 2  A5 rr                LDA     tok_type
001693r 2  C9 1A                CMP     #TOK_ASSIGN
001695r 2  D0 03                BNE     :+
001697r 2  20 rr rr             JSR     next_token
00169Ar 2  20 rr rr     :       JSR     parse_expression
00169Dr 2  20 rr rr             JSR     emit_STIND
0016A0r 2  60                   RTS
0016A1r 2               @pwfa_nf:
0016A1r 2  A9 rr                LDA     #<err_undef
0016A3r 2  85 rr                STA     tmp0
0016A5r 2  A9 rr                LDA     #>err_undef
0016A7r 2  85 rr                STA     tmp0+1
0016A9r 2  20 rr rr             JSR     compile_error
0016ACr 2  60                   RTS
0016ADr 2               
0016ADr 2               ; ---------------------------------------------------------------------------
0016ADr 2               ; parse_assign_or_call — identifier already consumed by caller (in ident_buf)
0016ADr 2               ; If next is ':=' → assignment
0016ADr 2               ; If next is '(' → procedure call
0016ADr 2               ; If identifier is WRITE/WRITELN → built-in I/O
0016ADr 2               ; ---------------------------------------------------------------------------
0016ADr 2               parse_assign_or_call:
0016ADr 2               ; Dispatch built-in I/O procedures by length+initial letter.  RECORD/REPEAT
0016ADr 2               ; are reserved keywords so they never reach this dispatch as identifiers.
0016ADr 2               ;   len 3 : NEW
0016ADr 2               ;   len 4 : READ
0016ADr 2               ;   len 5 : WRITE  | RESET  | CLOSE
0016ADr 2               ;   len 6 : READLN | ASSIGN | APPEND
0016ADr 2               ;   len 7 : WRITELN| REWRITE | DISPOSE
0016ADr 2  AD rr rr             LDA     ident_buf       ; length
0016B0r 2  C9 03                CMP     #3
0016B2r 2  F0 16                BEQ     @chk_new
0016B4r 2  C9 04                CMP     #4
0016B6r 2  D0 03                bne     :+
0016B8r 2  4C rr rr             jmp     @chk_read
0016BBr 2               :
0016BBr 2  C9 05                CMP     #5
0016BDr 2  F0 2C                BEQ     @chk_len5
0016BFr 2  C9 06                CMP     #6
0016C1r 2  F0 40                BEQ     @chk_len6
0016C3r 2  C9 07                CMP     #7
0016C5r 2  F0 5B                BEQ     @chk_len7
0016C7r 2  4C rr rr             JMP     @lookup_sym
0016CAr 2               
0016CAr 2               @chk_new:
0016CAr 2               ; "NEW" (3)
0016CAr 2  AD rr rr             LDA     ident_buf+1
0016CDr 2  C9 4E                CMP     #'N'
0016CFr 2  F0 03                beq     :+
0016D1r 2  4C rr rr             JMP     @lookup_sym
0016D4r 2               :
0016D4r 2  AD rr rr             LDA     ident_buf+2
0016D7r 2  C9 45                CMP     #'E'
0016D9r 2  F0 03                beq     :+
0016DBr 2  4C rr rr             JMP     @lookup_sym
0016DEr 2               :
0016DEr 2  AD rr rr             LDA     ident_buf+3
0016E1r 2  C9 57                CMP     #'W'
0016E3r 2  F0 03                BEQ     :+
0016E5r 2  4C rr rr             JMP     @lookup_sym
0016E8r 2               :
0016E8r 2  4C rr rr             JMP     parse_builtin_new
0016EBr 2               
0016EBr 2               @chk_len5:
0016EBr 2  AD rr rr             LDA     ident_buf+1
0016EEr 2  C9 57                CMP     #'W'
0016F0r 2  F0 5A                BEQ     @chk_write
0016F2r 2  C9 52                CMP     #'R'
0016F4r 2  D0 03                BNE     :+
0016F6r 2  4C rr rr             JMP     @chk_reset
0016F9r 2               :
0016F9r 2  C9 43                CMP     #'C'
0016FBr 2  D0 03                BNE     :+
0016FDr 2  4C rr rr             JMP     @chk_close
001700r 2               :
001700r 2  4C rr rr             JMP     @lookup_sym
001703r 2               
001703r 2               @chk_len6:
001703r 2  AD rr rr             LDA     ident_buf+1
001706r 2  C9 52                CMP     #'R'
001708r 2  F0 7B                BEQ     @chk_readln
00170Ar 2  C9 41                CMP     #'A'
00170Cr 2  F0 03                BEQ     @chk_len6_a
00170Er 2  4C rr rr             JMP     @lookup_sym
001711r 2               @chk_len6_a:
001711r 2  AD rr rr             LDA     ident_buf+2
001714r 2  C9 50                CMP     #'P'
001716r 2  D0 03                BNE     :+
001718r 2  4C rr rr             JMP     @chk_append
00171Br 2               :
00171Br 2  C9 53                CMP     #'S'
00171Dr 2  F0 7A                BEQ     @chk_assign
00171Fr 2  4C rr rr             JMP     @lookup_sym
001722r 2               
001722r 2               @chk_len7:
001722r 2  AD rr rr             LDA     ident_buf+1
001725r 2  C9 57                CMP     #'W'
001727r 2  F0 31                BEQ     @chk_writeln
001729r 2  C9 52                CMP     #'R'
00172Br 2  F0 75                BEQ     @chk_rewrite
00172Dr 2  C9 44                CMP     #'D'
00172Fr 2  F0 03                BEQ     @chk_dispose
001731r 2  4C rr rr             JMP     @lookup_sym
001734r 2               
001734r 2               @chk_dispose:
001734r 2               ; "DISPOSE" (7) — verify I,S,P,O,S,E
001734r 2  AD rr rr             LDA     ident_buf+2
001737r 2  C9 49                CMP     #'I'
001739r 2  D0 6D                BNE     @lookup_sym_jmp
00173Br 2  AD rr rr             LDA     ident_buf+3
00173Er 2  C9 53                CMP     #'S'
001740r 2  D0 66                BNE     @lookup_sym_jmp
001742r 2  AD rr rr             LDA     ident_buf+4
001745r 2  C9 50                CMP     #'P'
001747r 2  D0 5F                BNE     @lookup_sym_jmp
001749r 2  4C rr rr             JMP     parse_builtin_dispose
00174Cr 2               
00174Cr 2               @chk_write:
00174Cr 2               ; "WRITE" (5)
00174Cr 2  20 rr rr             JSR     next_token
00174Fr 2  20 rr rr             JSR     parse_write_args        ; X=0 console, X=1 file (file ptr left)
001752r 2  E0 00                CPX     #0
001754r 2  F0 03                BEQ     @w_done
001756r 2  20 rr rr             JSR     emit_POP                ; discard leftover file ptr
001759r 2               @w_done:
001759r 2  60                   RTS
00175Ar 2               
00175Ar 2               @chk_writeln:
00175Ar 2               ; "WRITELN" (7) — first ident_buf char already known 'W'
00175Ar 2  20 rr rr             JSR     next_token
00175Dr 2  A5 rr                LDA     tok_type
00175Fr 2  C9 1B                CMP     #TOK_LPAREN
001761r 2  D0 0A                BNE     @just_nl
001763r 2  20 rr rr             JSR     parse_write_args
001766r 2  E0 00                CPX     #0
001768r 2  F0 03                BEQ     @just_nl
00176Ar 2  4C rr rr             JMP     emit_FWLN               ; file newline; consumes file ptr
00176Dr 2               @just_nl:
00176Dr 2  4C rr rr             JMP     emit_WRITLN
001770r 2               
001770r 2               @chk_read:
001770r 2               ; "READ" (4)
001770r 2  AD rr rr             LDA     ident_buf+1
001773r 2  C9 52                CMP     #'R'
001775r 2  D0 31                BNE     @lookup_sym_jmp
001777r 2  20 rr rr             JSR     next_token
00177Ar 2  20 rr rr             JSR     parse_read_args
00177Dr 2  E0 00                CPX     #0
00177Fr 2  F0 03                BEQ     @r_done
001781r 2  20 rr rr             JSR     emit_POP                ; discard leftover file ptr
001784r 2               @r_done:
001784r 2  60                   RTS
001785r 2               
001785r 2               @chk_readln:
001785r 2               ; "READLN" (6).  Console: read each var.  File: read each var, then skip EOL.
001785r 2  20 rr rr             JSR     next_token
001788r 2  A5 rr                LDA     tok_type
00178Ar 2  C9 1B                CMP     #TOK_LPAREN
00178Cr 2  D0 0A                BNE     @rd_done
00178Er 2  20 rr rr             JSR     parse_read_args
001791r 2  E0 00                CPX     #0
001793r 2  F0 03                BEQ     @rd_done
001795r 2  20 rr rr             JSR     emit_FRDLN              ; consumes file ptr, skips to EOL
001798r 2               @rd_done:
001798r 2  60                   RTS
001799r 2               
001799r 2               @chk_assign:
001799r 2               ; "ASSIGN" (6)
001799r 2  4C rr rr             JMP     parse_builtin_assign
00179Cr 2               @chk_append:
00179Cr 2               ; "APPEND" (6)
00179Cr 2  4C rr rr             JMP     parse_builtin_append
00179Fr 2               @chk_reset:
00179Fr 2               ; "RESET" (5)
00179Fr 2  4C rr rr             JMP     parse_builtin_reset
0017A2r 2               @chk_rewrite:
0017A2r 2               ; "REWRITE" (7)
0017A2r 2  4C rr rr             JMP     parse_builtin_rewrite
0017A5r 2               @chk_close:
0017A5r 2               ; "CLOSE" (5)
0017A5r 2  4C rr rr             JMP     parse_builtin_close
0017A8r 2               
0017A8r 2               @lookup_sym_jmp:
0017A8r 2  4C rr rr             JMP     @lookup_sym
0017ABr 2               
0017ABr 2               @lookup_sym:
0017ABr 2               ; WITH fields behave like an injected inner scope. Check them before the
0017ABr 2               ; real symbol table so `WITH R DO X := 1` binds `X` to the record field.
0017ABr 2  20 rr rr             JSR     with_lookup_field
0017AEr 2  90 04                BCC     @lookup_symtab
0017B0r 2  20 rr rr             JSR     parse_with_field_assign
0017B3r 2  60                   RTS
0017B4r 2               
0017B4r 2               @lookup_symtab:
0017B4r 2               ; look up identifier in symbol table
0017B4r 2  20 rr rr             JSR     symtab_find
0017B7r 2  B0 0F                BCS     @found_sym
0017B9r 2               ; undefined — error
0017B9r 2  A9 rr                LDA     #<err_undef
0017BBr 2  85 rr                STA     tmp0
0017BDr 2  A9 rr                LDA     #>err_undef
0017BFr 2  85 rr                STA     tmp0+1
0017C1r 2  20 rr rr             JSR     compile_error
0017C4r 2               ; skip to semicolon / end
0017C4r 2  20 rr rr             JSR     next_token
0017C7r 2  60                   RTS
0017C8r 2               
0017C8r 2               @found_sym:
0017C8r 2               ; tmp3 = symbol entry pointer. Snapshot the fields we need
0017C8r 2               ; before any next_token / parse_expression call clobbers tmp3.
0017C8r 2  A0 10                LDY     #16
0017CAr 2  B1 rr                LDA     (tmp3),y
0017CCr 2  8D rr rr             STA     sym_save_kind
0017CFr 2  A0 11                LDY     #17
0017D1r 2  B1 rr                LDA     (tmp3),y
0017D3r 2  8D rr rr             STA     sym_save_type
0017D6r 2  A0 14                LDY     #20
0017D8r 2  B1 rr                LDA     (tmp3),y
0017DAr 2  8D rr rr             STA     sym_save_scope
0017DDr 2  A0 12                LDY     #18
0017DFr 2  B1 rr                LDA     (tmp3),y
0017E1r 2  8D rr rr             STA     sym_save_off
0017E4r 2  A0 13                LDY     #19
0017E6r 2  B1 rr                LDA     (tmp3),y
0017E8r 2  8D rr rr             STA     sym_save_off+1
0017EBr 2  A0 15                LDY     #21
0017EDr 2  B1 rr                LDA     (tmp3),y
0017EFr 2  8D rr rr             STA     sym_save_pcount
0017F2r 2  A0 16                LDY     #22
0017F4r 2  B1 rr                LDA     (tmp3),y
0017F6r 2  8D rr rr             STA     sym_save_vmask
0017F9r 2  A0 17                LDY     #23
0017FBr 2  B1 rr                LDA     (tmp3),y
0017FDr 2  8D rr rr             STA     sym_save_lsize
001800r 2  A0 18                LDY     #24
001802r 2  A2 00                LDX     #0
001804r 2               @copy_ptypes:
001804r 2  B1 rr                LDA     (tmp3),y
001806r 2  9D rr rr             STA     sym_param_types,x
001809r 2  C8                   INY
00180Ar 2  E8                   INX
00180Br 2  E0 08                CPX     #8
00180Dr 2  90 F5                BCC     @copy_ptypes
00180Fr 2  AD rr rr             LDA     sym_save_kind
001812r 2  C9 01                CMP     #SYM_VAR
001814r 2  F0 48                BEQ     @do_assign
001816r 2  C9 03                CMP     #SYM_PROC
001818r 2  D0 03                BNE     :+
00181Ar 2  4C rr rr             JMP     @do_call
00181Dr 2               :
00181Dr 2  C9 07                CMP     #SYM_RETVAL
00181Fr 2  F0 05                BEQ     @do_retval_assign
001821r 2  C9 08                CMP     #SYM_VARREF
001823r 2  F0 1A                BEQ     @do_varref_assign
001825r 2  60                   RTS
001826r 2               
001826r 2               @do_retval_assign:
001826r 2               ; `funcname := expr` inside function body — emit OP_STR which writes
001826r 2               ; the popped value to the current AR's AR_RET_VAL slot.
001826r 2  20 rr rr             JSR     next_token      ; consume function name
001829r 2  A5 rr                LDA     tok_type
00182Br 2  C9 1A                CMP     #TOK_ASSIGN
00182Dr 2  D0 03                BNE     :+
00182Fr 2  20 rr rr             JSR     next_token      ; consume ':='
001832r 2               :
001832r 2  20 rr rr             JSR     parse_expression
001835r 2  AD rr rr             LDA     sym_save_type
001838r 2  20 rr rr             JSR     coerce_expr_to_target_type
00183Br 2  20 rr rr             JSR     emit_STR
00183Er 2  60                   RTS
00183Fr 2               
00183Fr 2               @do_varref_assign:
00183Fr 2               ; VAR-by-reference param assignment: `paramname := expr` where the
00183Fr 2               ; param's local slot holds an address.  Emit:
00183Fr 2               ;   LDL <off>          ; push address (the value passed by caller)
00183Fr 2               ;   <expr>             ; push value
00183Fr 2               ;   STIND              ; pop val, pop addr, store
00183Fr 2  20 rr rr             JSR     next_token      ; consume param name
001842r 2  A5 rr                LDA     tok_type
001844r 2  C9 1A                CMP     #TOK_ASSIGN
001846r 2  D0 03                BNE     :+
001848r 2  20 rr rr             JSR     next_token      ; consume ':='
00184Br 2               :
00184Br 2  AD rr rr             LDA     sym_save_off
00184Er 2  20 rr rr             JSR     emit_LDL        ; push address from local slot
001851r 2  20 rr rr             JSR     parse_expression
001854r 2  AD rr rr             LDA     sym_save_type
001857r 2  20 rr rr             JSR     coerce_expr_to_target_type
00185Ar 2  20 rr rr             JSR     emit_STIND
00185Dr 2  60                   RTS
00185Er 2               
00185Er 2               @do_assign:
00185Er 2  20 rr rr             JSR     next_token      ; consume variable name identifier
001861r 2               ; check for compound-type access (array subscript or record field)
001861r 2  AD rr rr             LDA     sym_save_type
001864r 2  C9 05                CMP     #TY_ARRAY
001866r 2  F0 3E                BEQ     @array_assign
001868r 2  C9 06                CMP     #TY_RECORD
00186Ar 2  D0 03                BNE     :+
00186Cr 2  4C rr rr             JMP     @record_assign
00186Fr 2               :
00186Fr 2               ; ptr^ := expr — pointer dereference assignment
00186Fr 2  C9 07                CMP     #TY_PTR
001871r 2  D0 09                BNE     :+
001873r 2  A5 rr                LDA     tok_type
001875r 2  C9 24                CMP     #TOK_CARET
001877r 2  D0 03                BNE     :+
001879r 2  4C rr rr             JMP     @ptr_deref_assign
00187Cr 2               :
00187Cr 2               ; scalar assignment — expect ':='
00187Cr 2  A5 rr                LDA     tok_type
00187Er 2  C9 1A                CMP     #TOK_ASSIGN
001880r 2  D0 03                BNE     :+
001882r 2  20 rr rr             JSR     next_token
001885r 2  20 rr rr     :       JSR     parse_expression
001888r 2  AD rr rr             LDA     sym_save_type
00188Br 2  20 rr rr             JSR     coerce_expr_to_target_type
00188Er 2  AD rr rr             LDA     sym_save_scope
001891r 2  D0 0C                BNE     @local_store
001893r 2  AD rr rr             LDA     sym_save_off+1
001896r 2  85 rr                STA     scratch
001898r 2  AD rr rr             LDA     sym_save_off
00189Br 2  20 rr rr             JSR     emit_STG
00189Er 2  60                   RTS
00189Fr 2               @local_store:
00189Fr 2  AD rr rr             LDA     sym_save_off
0018A2r 2  20 rr rr             JSR     emit_STL
0018A5r 2  60                   RTS
0018A6r 2               
0018A6r 2               @array_assign:
0018A6r 2               ; a[i] := expr
0018A6r 2               ; emit base-address push
0018A6r 2  AD rr rr             LDA     sym_save_scope
0018A9r 2  D0 0D                BNE     @aarr_local
0018ABr 2  AD rr rr             LDA     sym_save_off+1
0018AEr 2  85 rr                STA     scratch
0018B0r 2  AD rr rr             LDA     sym_save_off
0018B3r 2  20 rr rr             JSR     emit_LDA_G
0018B6r 2  80 06                BRA     @aarr_idx
0018B8r 2               @aarr_local:
0018B8r 2  AD rr rr             LDA     sym_save_off
0018BBr 2  20 rr rr             JSR     emit_LDA_L
0018BEr 2               @aarr_idx:
0018BEr 2               ; consume '[', parse index expr, consume ']'
0018BEr 2  A5 rr                LDA     tok_type
0018C0r 2  C9 1D                CMP     #TOK_LBRACK
0018C2r 2  D0 03                BNE     :+
0018C4r 2  20 rr rr             JSR     next_token
0018C7r 2  20 rr rr     :       JSR     parse_expression
0018CAr 2  A5 rr                LDA     tok_type
0018CCr 2  C9 1E                CMP     #TOK_RBRACK
0018CEr 2  D0 03                BNE     :+
0018D0r 2  20 rr rr             JSR     next_token
0018D3r 2               :
0018D3r 2               ; emit INDEX 2 0  (elemsize = 2 words)
0018D3r 2  A9 00                LDA     #0
0018D5r 2  85 rr                STA     scratch
0018D7r 2  A9 02                LDA     #2
0018D9r 2  20 rr rr             JSR     emit_INDEX
0018DCr 2               ; consume ':='
0018DCr 2  A5 rr                LDA     tok_type
0018DEr 2  C9 1A                CMP     #TOK_ASSIGN
0018E0r 2  D0 03                BNE     :+
0018E2r 2  20 rr rr             JSR     next_token
0018E5r 2               :
0018E5r 2               ; parse and emit RHS expression
0018E5r 2  AD rr rr             LDA     sym_save_vmask
0018E8r 2  48                   PHA
0018E9r 2  20 rr rr             JSR     parse_expression
0018ECr 2  68                   PLA
0018EDr 2  20 rr rr             JSR     coerce_expr_to_target_type
0018F0r 2               ; store: NOS=element_addr TOS=value → STIND
0018F0r 2  20 rr rr             JSR     emit_STIND
0018F3r 2  60                   RTS
0018F4r 2               
0018F4r 2               @record_assign:
0018F4r 2               ; v.field := expr
0018F4r 2               ; emit base-address push
0018F4r 2  AD rr rr             LDA     sym_save_scope
0018F7r 2  D0 0D                BNE     @rec_la_local
0018F9r 2  AD rr rr             LDA     sym_save_off+1
0018FCr 2  85 rr                STA     scratch
0018FEr 2  AD rr rr             LDA     sym_save_off
001901r 2  20 rr rr             JSR     emit_LDA_G
001904r 2  80 06                BRA     @rec_la_dot
001906r 2               @rec_la_local:
001906r 2  AD rr rr             LDA     sym_save_off
001909r 2  20 rr rr             JSR     emit_LDA_L
00190Cr 2               @rec_la_dot:
00190Cr 2               ; Chained LHS: TOS = &cur_record_base. Walk into nested records as long
00190Cr 2               ; as the field is RECORD-typed and another '.' follows; the final scalar
00190Cr 2               ; field becomes the STIND target.
00190Cr 2  AD rr rr             LDA     sym_save_vmask
00190Fr 2  8D rr rr             STA     fcall_vmask     ; cur first_field
001912r 2  AD rr rr             LDA     sym_save_lsize
001915r 2  8D rr rr             STA     fcall_lsize     ; cur field count
001918r 2               @rla_chain:
001918r 2               ; consume '.'
001918r 2  A5 rr                LDA     tok_type
00191Ar 2  C9 22                CMP     #TOK_DOT
00191Cr 2  D0 03                BNE     :+
00191Er 2  20 rr rr             JSR     next_token
001921r 2               :
001921r 2               ; look up field name in current record
001921r 2  AD rr rr             LDA     fcall_vmask
001924r 2  AE rr rr             LDX     fcall_lsize
001927r 2  20 rr rr             JSR     field_lookup_in_record
00192Ar 2  B0 03                BCS     :+
00192Cr 2  4C rr rr             JMP     @rec_la_undef
00192Fr 2               :
00192Fr 2               ; A=offset, X=type, tmp3=matched index
00192Fr 2  48                   PHA
001930r 2  8A                   TXA
001931r 2  8D rr rr             STA     field_chain_type
001934r 2  A5 rr                LDA     tmp3
001936r 2  AA                   TAX
001937r 2  BD rr rr             LDA     field_nested_first,x
00193Ar 2  8D rr rr             STA     field_chain_first
00193Dr 2  BD rr rr             LDA     field_nested_count,x
001940r 2  8D rr rr             STA     field_chain_count
001943r 2  68                   PLA
001944r 2  F0 06                BEQ     @rla_no_off
001946r 2  20 rr rr             JSR     emit_LDCI
001949r 2  20 rr rr             JSR     emit_ADI
00194Cr 2               @rla_no_off:
00194Cr 2  20 rr rr             JSR     next_token      ; consume field name
00194Fr 2               ; If field is RECORD and next is '.', chain another level
00194Fr 2  AD rr rr             LDA     field_chain_type
001952r 2  C9 06                CMP     #TY_RECORD
001954r 2  D0 14                BNE     @rla_leaf
001956r 2  A5 rr                LDA     tok_type
001958r 2  C9 22                CMP     #TOK_DOT
00195Ar 2  D0 0E                BNE     @rla_leaf
00195Cr 2  AD rr rr             LDA     field_chain_first
00195Fr 2  8D rr rr             STA     fcall_vmask
001962r 2  AD rr rr             LDA     field_chain_count
001965r 2  8D rr rr             STA     fcall_lsize
001968r 2  80 AE                BRA     @rla_chain
00196Ar 2               @rla_leaf:
00196Ar 2               ; expect ':='; TOS holds &leaf_field
00196Ar 2  A5 rr                LDA     tok_type
00196Cr 2  C9 1A                CMP     #TOK_ASSIGN
00196Er 2  D0 03                BNE     :+
001970r 2  20 rr rr             JSR     next_token
001973r 2               :
001973r 2  AD rr rr             LDA     field_chain_type
001976r 2  48                   PHA
001977r 2  20 rr rr             JSR     parse_expression
00197Ar 2  68                   PLA
00197Br 2  20 rr rr             JSR     coerce_expr_to_target_type
00197Er 2  20 rr rr             JSR     emit_STIND
001981r 2  60                   RTS
001982r 2               @rec_la_undef:
001982r 2  A9 rr                LDA     #<err_undef
001984r 2  85 rr                STA     tmp0
001986r 2  A9 rr                LDA     #>err_undef
001988r 2  85 rr                STA     tmp0+1
00198Ar 2  20 rr rr             JSR     compile_error
00198Dr 2  60                   RTS
00198Er 2               
00198Er 2               @ptr_deref_assign:
00198Er 2               ; p^ := expr  — push p's value (the heap address), parse RHS, then STIND.
00198Er 2               ; sym_save_scope/off identify the pointer variable.
00198Er 2  AD rr rr             LDA     sym_save_scope
001991r 2  D0 0D                BNE     @pda_local
001993r 2  AD rr rr             LDA     sym_save_off+1
001996r 2  85 rr                STA     scratch
001998r 2  AD rr rr             LDA     sym_save_off
00199Br 2  20 rr rr             JSR     emit_LDG                ; push pointer value (addr)
00199Er 2  80 06                BRA     @pda_after_load
0019A0r 2               @pda_local:
0019A0r 2  AD rr rr             LDA     sym_save_off
0019A3r 2  20 rr rr             JSR     emit_LDL                ; push pointer value (addr)
0019A6r 2               @pda_after_load:
0019A6r 2  20 rr rr             JSR     next_token              ; consume '^'
0019A9r 2  A5 rr                LDA     tok_type
0019ABr 2  C9 1A                CMP     #TOK_ASSIGN
0019ADr 2  D0 03                BNE     :+
0019AFr 2  20 rr rr             JSR     next_token              ; consume ':='
0019B2r 2  20 rr rr     :       JSR     parse_expression        ; push RHS value
0019B5r 2  20 rr rr             JSR     emit_STIND              ; *(addr) := value
0019B8r 2  60                   RTS
0019B9r 2               
0019B9r 2               @do_call:
0019B9r 2               ; Phase B: value parameters (INTEGER words, 2 bytes each).
0019B9r 2               ; sym_save_off       = proc's code address
0019B9r 2               ; sym_save_pcount    = declared parameter count
0019B9r 2               ;
0019B9r 2               ; Calling sequence emitted:
0019B9r 2               ;   for each arg i:
0019B9r 2               ;       <expr>                   ; pushes value to TOS (uses CALLER's MP)
0019B9r 2               ;   MRKA <pcount> <lsize_extra>  ; reframe + gather args into local slots
0019B9r 2               ;   CALL <proc>                  ; jump (saves IPC into AR)
0019B9r 2               ;
0019B9r 2               ; Args are evaluated BEFORE MRKA so any LDL/LDA_L inside arg expressions
0019B9r 2               ; reads the caller's frame.  MRKA then shifts the pcount values up by
0019B9r 2               ; AR_LOCALS so they land at local slots 0..pcount-1 of the new frame.
0019B9r 2               ; The procedure body reads params via LDL because they were added to the
0019B9r 2               ; symbol table as SYM_VAR with scope=inner (proc) at offsets 0, 2, 4, ...
0019B9r 2  20 rr rr             JSR     next_token      ; consume the proc-name identifier
0019BCr 2               ; if no params, optionally consume "()" then emit MRKA + CALL
0019BCr 2  AD rr rr             LDA     sym_save_pcount
0019BFr 2  F0 4B                BEQ     @no_args
0019C1r 2               ; expect '(' for arg list
0019C1r 2  A5 rr                LDA     tok_type
0019C3r 2  C9 1B                CMP     #TOK_LPAREN
0019C5r 2  D0 57                BNE     @emit_call      ; missing '(' — caller mistake; emit anyway
0019C7r 2  20 rr rr             JSR     next_token      ; consume '('
0019CAr 2  A2 00                LDX     #0              ; X = current arg index
0019CCr 2               @arg_loop:
0019CCr 2               ; If sym_save_vmask bit X is set, this arg is VAR (push address).
0019CCr 2               ; Otherwise parse_expression (push value).
0019CCr 2  DA                   PHX
0019CDr 2  A9 01                LDA     #1
0019CFr 2               @vbit:
0019CFr 2  E0 00                CPX     #0
0019D1r 2  F0 04                BEQ     @vdone
0019D3r 2  0A                   ASL
0019D4r 2  CA                   DEX
0019D5r 2  80 F8                BRA     @vbit
0019D7r 2               @vdone:
0019D7r 2  FA                   PLX                     ; restore loop counter
0019D8r 2  2D rr rr             AND     sym_save_vmask
0019DBr 2  F0 07                BEQ     @arg_value
0019DDr 2  DA                   PHX
0019DEr 2  20 rr rr             JSR     parse_arg_lvalue
0019E1r 2  FA                   PLX
0019E2r 2  80 0B                BRA     @arg_stored
0019E4r 2               @arg_value:
0019E4r 2  DA                   PHX
0019E5r 2  20 rr rr             JSR     parse_expression
0019E8r 2  FA                   PLX
0019E9r 2  BD rr rr             LDA     sym_param_types,x
0019ECr 2  20 rr rr             JSR     coerce_expr_to_target_type
0019EFr 2               @arg_stored:
0019EFr 2               ; Value (or address for VAR) left on stack — MRKA gathers later.
0019EFr 2  E8                   INX
0019F0r 2  EC rr rr             CPX     sym_save_pcount
0019F3r 2  B0 0C                BCS     @done_args      ; X >= pcount — done
0019F5r 2               ; expect comma between args
0019F5r 2  A5 rr                LDA     tok_type
0019F7r 2  C9 1F                CMP     #TOK_COMMA
0019F9r 2  D0 06                BNE     @done_args
0019FBr 2  20 rr rr             JSR     next_token      ; consume ','
0019FEr 2  4C rr rr             JMP     @arg_loop       ; jmp — body grew past bra range
001A01r 2               @done_args:
001A01r 2  A5 rr                LDA     tok_type
001A03r 2  C9 1C                CMP     #TOK_RPAREN
001A05r 2  D0 17                BNE     @emit_call
001A07r 2  20 rr rr             JSR     next_token      ; consume ')'
001A0Ar 2  80 12                BRA     @emit_call
001A0Cr 2               @no_args:
001A0Cr 2               ; No declared params — accept and skip "()" if present.
001A0Cr 2  A5 rr                LDA     tok_type
001A0Er 2  C9 1B                CMP     #TOK_LPAREN
001A10r 2  D0 0C                BNE     @emit_call
001A12r 2  20 rr rr             JSR     next_token      ; consume '('
001A15r 2  A5 rr                LDA     tok_type
001A17r 2  C9 1C                CMP     #TOK_RPAREN
001A19r 2  D0 03                BNE     @emit_call
001A1Br 2  20 rr rr             JSR     next_token      ; consume ')'
001A1Er 2               @emit_call:
001A1Er 2               ; Emit MRKA <pcount> <lsize_extra>; lsize_extra = sym_save_lsize - 2*pcount.
001A1Er 2  AD rr rr             LDA     sym_save_lsize
001A21r 2  38                   SEC
001A22r 2  ED rr rr             SBC     sym_save_pcount
001A25r 2  ED rr rr             SBC     sym_save_pcount
001A28r 2  AA                   TAX                     ; X = lsize_extra (body locals only)
001A29r 2  AD rr rr             LDA     sym_save_pcount ; A = pcount
001A2Cr 2  20 rr rr             JSR     emit_MRKA
001A2Fr 2               ; Emit CALL <delta>: A=target lo, scratch=target hi
001A2Fr 2  AD rr rr             LDA     sym_save_off
001A32r 2  0D rr rr             ORA     sym_save_off+1
001A35r 2  D0 0B                BNE     :+
001A37r 2  A9 rr                LDA     #<err_undef
001A39r 2  85 rr                STA     tmp0
001A3Br 2  A9 rr                LDA     #>err_undef
001A3Dr 2  85 rr                STA     tmp0+1
001A3Fr 2  20 rr rr             JSR     compile_error
001A42r 2  AD rr rr     :       LDA     sym_save_off+1
001A45r 2  85 rr                STA     scratch
001A47r 2  AD rr rr             LDA     sym_save_off
001A4Ar 2  20 rr rr             JSR     emit_CALL
001A4Dr 2  60                   RTS
001A4Er 2               
001A4Er 2               ; ---------------------------------------------------------------------------
001A4Er 2               ; parse_write_args — WRITE/WRITELN argument list.
001A4Er 2               ;   Returns X=0 if console mode (caller emits WRITLN normally),
001A4Er 2               ;           X=1 if file mode (file ptr left on stack — caller emits FWLN
001A4Er 2               ;               or POP to consume it).
001A4Er 2               ; ---------------------------------------------------------------------------
001A4Er 2               parse_write_args:
001A4Er 2  A5 rr                LDA     tok_type
001A50r 2  C9 1B                CMP     #TOK_LPAREN
001A52r 2  D0 2F                BNE     @done_console
001A54r 2  20 rr rr             JSR     next_token              ; consume '('
001A57r 2  A5 rr                LDA     tok_type
001A59r 2  C9 1C                CMP     #TOK_RPAREN
001A5Br 2  F0 1D                BEQ     @close_console
001A5Dr 2  20 rr rr             JSR     parse_expression        ; parse first arg
001A60r 2               ; If first arg is TY_TEXT, switch to file mode (leave file ptr on stack).
001A60r 2  A5 rr                LDA     expr_type
001A62r 2  C9 08                CMP     #TY_TEXT
001A64r 2  F0 20                BEQ     @file_mode
001A66r 2               ; Console mode — emit appropriate WRIT* for first arg, then loop.
001A66r 2  20 rr rr             JSR     pw_emit_console
001A69r 2               @cons_loop:
001A69r 2  A5 rr                LDA     tok_type
001A6Br 2  C9 1F                CMP     #TOK_COMMA
001A6Dr 2  D0 0B                BNE     @close_console
001A6Fr 2  20 rr rr             JSR     next_token              ; consume ','
001A72r 2  20 rr rr             JSR     parse_expression
001A75r 2  20 rr rr             JSR     pw_emit_console
001A78r 2  80 EF                BRA     @cons_loop
001A7Ar 2               @close_console:
001A7Ar 2  A5 rr                LDA     tok_type
001A7Cr 2  C9 1C                CMP     #TOK_RPAREN
001A7Er 2  D0 03                BNE     :+
001A80r 2  20 rr rr             JSR     next_token              ; consume ')'
001A83r 2               :
001A83r 2               @done_console:
001A83r 2  A2 00                LDX     #0
001A85r 2  60                   RTS
001A86r 2               
001A86r 2               @file_mode:
001A86r 2               @file_loop:
001A86r 2  A5 rr                LDA     tok_type
001A88r 2  C9 1F                CMP     #TOK_COMMA
001A8Ar 2  D0 0E                BNE     @close_file
001A8Cr 2  20 rr rr             JSR     next_token              ; consume ','
001A8Fr 2  20 rr rr             JSR     emit_DUP                ; dup file ptr (consumed by FWRX)
001A92r 2  20 rr rr             JSR     parse_expression        ; arg on top of stack
001A95r 2  20 rr rr             JSR     pw_emit_file
001A98r 2  80 EC                BRA     @file_loop
001A9Ar 2               @close_file:
001A9Ar 2  A5 rr                LDA     tok_type
001A9Cr 2  C9 1C                CMP     #TOK_RPAREN
001A9Er 2  D0 03                BNE     :+
001AA0r 2  20 rr rr             JSR     next_token              ; consume ')'
001AA3r 2               :
001AA3r 2  A2 01                LDX     #1
001AA5r 2  60                   RTS
001AA6r 2               
001AA6r 2               ; pw_emit_console — emit WRITS/WRITC/WRITB/WRITI based on expr_type
001AA6r 2               pw_emit_console:
001AA6r 2  A5 rr                LDA     expr_type
001AA8r 2  C9 04                CMP     #TY_STRING
001AAAr 2  D0 03                BNE     :+
001AACr 2  4C rr rr             JMP     emit_WRITS
001AAFr 2               :
001AAFr 2  C9 02                CMP     #TY_CHAR
001AB1r 2  D0 03                BNE     :+
001AB3r 2  4C rr rr             JMP     emit_WRITC
001AB6r 2               :
001AB6r 2  C9 03                CMP     #TY_BOOL
001AB8r 2  D0 03                BNE     :+
001ABAr 2  4C rr rr             JMP     emit_WRITB
001ABDr 2               :
001ABDr 2  C9 0A                CMP     #TY_REAL
001ABFr 2  D0 03                BNE     :+
001AC1r 2  4C rr rr             JMP     emit_WRITR
001AC4r 2               :
001AC4r 2  4C rr rr             JMP     emit_WRITI
001AC7r 2               
001AC7r 2               ; pw_emit_file — emit FWRS/FWRC/FWRB/FWRI based on expr_type
001AC7r 2               pw_emit_file:
001AC7r 2  A5 rr                LDA     expr_type
001AC9r 2  C9 04                CMP     #TY_STRING
001ACBr 2  D0 03                BNE     :+
001ACDr 2  4C rr rr             JMP     emit_FWRS
001AD0r 2               :
001AD0r 2  C9 02                CMP     #TY_CHAR
001AD2r 2  D0 03                BNE     :+
001AD4r 2  4C rr rr             JMP     emit_FWRC
001AD7r 2               :
001AD7r 2  C9 03                CMP     #TY_BOOL
001AD9r 2  D0 03                BNE     :+
001ADBr 2  4C rr rr             JMP     emit_FWRB
001ADEr 2               :
001ADEr 2  C9 0A                CMP     #TY_REAL
001AE0r 2  D0 03                BNE     :+
001AE2r 2  4C rr rr             JMP     emit_FWRR
001AE5r 2               :
001AE5r 2  4C rr rr             JMP     emit_FWRI
001AE8r 2               
001AE8r 2               ; emit_console_read_arg — current token must be an IDENT naming the target
001AE8r 2               ; variable. CHAR targets compile as:
001AE8r 2               ;   <addr> READC STIND
001AE8r 2               ; so the zero-extended character from OP_READC is stored into the variable's
001AE8r 2               ; 2-byte cell. Everything else currently uses READI.
001AE8r 2               emit_console_read_arg:
001AE8r 2  20 rr rr             JSR     symtab_find
001AEBr 2  90 1E                BCC     @cra_int
001AEDr 2  A0 11                LDY     #17
001AEFr 2  B1 rr                LDA     (tmp3),y
001AF1r 2  C9 0A                CMP     #TY_REAL
001AF3r 2  D0 09                BNE     :+
001AF5r 2  20 rr rr             JSR     parse_arg_lvalue
001AF8r 2  20 rr rr             JSR     emit_READR
001AFBr 2  4C rr rr             JMP     emit_STIND
001AFEr 2               :
001AFEr 2  C9 02                CMP     #TY_CHAR
001B00r 2  D0 09                BNE     @cra_int
001B02r 2  20 rr rr             JSR     parse_arg_lvalue
001B05r 2  20 rr rr             JSR     emit_READC
001B08r 2  4C rr rr             JMP     emit_STIND
001B0Br 2               @cra_int:
001B0Br 2  20 rr rr             JSR     parse_arg_lvalue
001B0Er 2  4C rr rr             JMP     emit_READI
001B11r 2               
001B11r 2               ; ---------------------------------------------------------------------------
001B11r 2               ; parse_read_args — READ/READLN argument list.  Each argument must be a
001B11r 2               ; variable identifier. Console mode dispatches by target type:
001B11r 2               ;   CHAR    -> READC + STIND
001B11r 2               ;   default -> READI
001B11r 2               ; File mode still routes through FRDC / FRDS / FRDI based on target type.
001B11r 2               ; ---------------------------------------------------------------------------
001B11r 2               parse_read_args:
001B11r 2  A5 rr                LDA     tok_type
001B13r 2  C9 1B                CMP     #TOK_LPAREN
001B15r 2  D0 3A                BNE     @rdone_console
001B17r 2  20 rr rr             JSR     next_token              ; consume '('
001B1Ar 2  A5 rr                LDA     tok_type
001B1Cr 2  C9 1C                CMP     #TOK_RPAREN
001B1Er 2  F0 28                BEQ     @rclose_console
001B20r 2  C9 01                CMP     #TOK_IDENT
001B22r 2  D0 24                BNE     @rclose_console
001B24r 2               ; Peek: is the first ident a TY_TEXT variable?
001B24r 2  20 rr rr             JSR     symtab_find
001B27r 2  90 08                BCC     @cons_first
001B29r 2  A0 11                LDY     #17
001B2Br 2  B1 rr                LDA     (tmp3),y
001B2Dr 2  C9 08                CMP     #TY_TEXT
001B2Fr 2  F0 23                BEQ     @file_first
001B31r 2               @cons_first:
001B31r 2  20 rr rr             JSR     emit_console_read_arg
001B34r 2               @cons_loop:
001B34r 2  A5 rr                LDA     tok_type
001B36r 2  C9 1F                CMP     #TOK_COMMA
001B38r 2  D0 0E                BNE     @rclose_console
001B3Ar 2  20 rr rr             JSR     next_token
001B3Dr 2  A5 rr                LDA     tok_type
001B3Fr 2  C9 01                CMP     #TOK_IDENT
001B41r 2  D0 05                BNE     @rclose_console
001B43r 2  20 rr rr             JSR     emit_console_read_arg
001B46r 2  80 EC                BRA     @cons_loop
001B48r 2               @rclose_console:
001B48r 2  A5 rr                LDA     tok_type
001B4Ar 2  C9 1C                CMP     #TOK_RPAREN
001B4Cr 2  D0 03                BNE     :+
001B4Er 2  20 rr rr             JSR     next_token              ; consume ')'
001B51r 2               :
001B51r 2               @rdone_console:
001B51r 2  A2 00                LDX     #0
001B53r 2  60                   RTS
001B54r 2               
001B54r 2               @file_first:
001B54r 2               ; Push the file ptr (struct address) by parsing the ident as an expression —
001B54r 2               ; for TY_TEXT this emits LDA_G/LDA_L which pushes the struct's address.
001B54r 2  20 rr rr             JSR     parse_expression
001B57r 2               @file_loop:
001B57r 2  A5 rr                LDA     tok_type
001B59r 2  C9 1F                CMP     #TOK_COMMA
001B5Br 2  D0 4A                BNE     @close_file
001B5Dr 2  20 rr rr             JSR     next_token              ; consume ','
001B60r 2  A5 rr                LDA     tok_type
001B62r 2  C9 01                CMP     #TOK_IDENT
001B64r 2  D0 41                BNE     @close_file
001B66r 2               ; Peek var type so we know whether to emit FRDC, FRDS, or FRDI.
001B66r 2  20 rr rr             JSR     symtab_find
001B69r 2  90 31                BCC     @file_int_default
001B6Br 2  A0 11                LDY     #17
001B6Dr 2  B1 rr                LDA     (tmp3),y
001B6Fr 2  C9 02                CMP     #TY_CHAR
001B71r 2  D0 0B                BNE     @file_chk_str
001B73r 2  20 rr rr             JSR     emit_DUP                ; dup file ptr
001B76r 2  20 rr rr             JSR     parse_arg_lvalue
001B79r 2  20 rr rr             JSR     emit_FRDC
001B7Cr 2  80 D9                BRA     @file_loop
001B7Er 2               @file_chk_str:
001B7Er 2  C9 04                CMP     #TY_STRING
001B80r 2  D0 0B                BNE     @file_chk_real
001B82r 2  20 rr rr             JSR     emit_DUP                ; dup file ptr
001B85r 2  20 rr rr             JSR     parse_arg_lvalue
001B88r 2  20 rr rr             JSR     emit_FRDS
001B8Br 2  80 CA                BRA     @file_loop
001B8Dr 2               @file_chk_real:
001B8Dr 2  C9 0A                CMP     #TY_REAL
001B8Fr 2  D0 0B                BNE     @file_int_default
001B91r 2  20 rr rr             JSR     emit_DUP                ; dup file ptr
001B94r 2  20 rr rr             JSR     parse_arg_lvalue
001B97r 2  20 rr rr             JSR     emit_FRDR
001B9Ar 2  80 BB                BRA     @file_loop
001B9Cr 2               @file_int_default:
001B9Cr 2  20 rr rr             JSR     emit_DUP                ; dup file ptr
001B9Fr 2  20 rr rr             JSR     parse_arg_lvalue
001BA2r 2  20 rr rr             JSR     emit_FRDI
001BA5r 2  80 B0                BRA     @file_loop
001BA7r 2               @close_file:
001BA7r 2  A5 rr                LDA     tok_type
001BA9r 2  C9 1C                CMP     #TOK_RPAREN
001BABr 2  D0 03                BNE     :+
001BADr 2  20 rr rr             JSR     next_token              ; consume ')'
001BB0r 2               :
001BB0r 2  A2 01                LDX     #1
001BB2r 2  60                   RTS
001BB3r 2               
001BB3r 2               ; ---------------------------------------------------------------------------
001BB3r 2               ; parse_if — IF expr THEN stmt [ ELSE stmt ]
001BB3r 2               ; ---------------------------------------------------------------------------
001BB3r 2               parse_if:
001BB3r 2  20 rr rr             JSR     next_token      ; consume IF
001BB6r 2  20 rr rr             JSR     parse_expression
001BB9r 2               ; emit FJP with placeholder; save patch addr on 6502 stack
001BB9r 2               ; (parse_statement will clobber tmp2 / scratch)
001BB9r 2  20 rr rr             JSR     emit_FJP        ; A=patch_lo, scratch=patch_hi
001BBCr 2  48                   PHA                     ; save FJP patch lo
001BBDr 2  A5 rr                LDA     scratch
001BBFr 2  48                   PHA                     ; save FJP patch hi
001BC0r 2               ; THEN
001BC0r 2  A5 rr                LDA     tok_type
001BC2r 2  C9 58                CMP     #TOK_THEN
001BC4r 2  D0 03                BNE     :+
001BC6r 2  20 rr rr             JSR     next_token
001BC9r 2               :
001BC9r 2  20 rr rr             JSR     parse_statement
001BCCr 2               ; check for ELSE
001BCCr 2  A5 rr                LDA     tok_type
001BCEr 2  C9 48                CMP     #TOK_ELSE
001BD0r 2  D0 28                BNE     @patch_then
001BD2r 2               ; emit UJP over else branch
001BD2r 2  20 rr rr             JSR     emit_UJP        ; A=patch_lo, scratch=patch_hi
001BD5r 2  48                   PHA                     ; save UJP patch lo
001BD6r 2  A5 rr                LDA     scratch
001BD8r 2  48                   PHA                     ; save UJP patch hi
001BD9r 2               ; restore FJP patch addr into tmp2 and patch it to here
001BD9r 2               ; (need to dig under the UJP entries on the stack)
001BD9r 2               ; stack top → bottom: UJP_hi, UJP_lo, FJP_hi, FJP_lo
001BD9r 2  68                   PLA                     ; UJP hi
001BDAr 2  AA                   TAX
001BDBr 2  68                   PLA                     ; UJP lo
001BDCr 2  A8                   TAY
001BDDr 2  68                   PLA                     ; FJP hi
001BDEr 2  85 rr                STA     tmp2+1
001BE0r 2  68                   PLA                     ; FJP lo
001BE1r 2  85 rr                STA     tmp2
001BE3r 2  20 rr rr             JSR     patch_jump      ; patch FJP → start of else branch
001BE6r 2               ; push UJP patch addr back for after-else patching
001BE6r 2  98                   TYA                     ; UJP lo
001BE7r 2  48                   PHA
001BE8r 2  8A                   TXA                     ; UJP hi
001BE9r 2  48                   PHA
001BEAr 2  20 rr rr             JSR     next_token      ; consume ELSE
001BEDr 2  20 rr rr             JSR     parse_statement
001BF0r 2               ; patch UJP to here
001BF0r 2  68                   PLA                     ; UJP hi
001BF1r 2  85 rr                STA     tmp2+1
001BF3r 2  68                   PLA                     ; UJP lo
001BF4r 2  85 rr                STA     tmp2
001BF6r 2  20 rr rr             JSR     patch_jump
001BF9r 2  60                   RTS
001BFAr 2               @patch_then:
001BFAr 2               ; no ELSE — restore FJP patch addr and patch to here
001BFAr 2  68                   PLA                     ; FJP hi
001BFBr 2  85 rr                STA     tmp2+1
001BFDr 2  68                   PLA                     ; FJP lo
001BFEr 2  85 rr                STA     tmp2
001C00r 2  20 rr rr             JSR     patch_jump
001C03r 2  60                   RTS
001C04r 2               
001C04r 2               ; ---------------------------------------------------------------------------
001C04r 2               ; parse_while — WHILE expr DO stmt
001C04r 2               ; ---------------------------------------------------------------------------
001C04r 2               parse_while:
001C04r 2  20 rr rr             JSR     next_token      ; consume WHILE
001C07r 2               ; save loop top
001C07r 2  A5 rr                LDA     cg_pc
001C09r 2  85 rr                STA     tmp2
001C0Br 2  A5 rr                LDA     cg_pc+1
001C0Dr 2  85 rr                STA     tmp2+1
001C0Fr 2               ; we'll need loop_top later; save on 6502 stack
001C0Fr 2  A5 rr                LDA     tmp2+1
001C11r 2  48                   PHA
001C12r 2  A5 rr                LDA     tmp2
001C14r 2  48                   PHA
001C15r 2  20 rr rr             JSR     parse_expression
001C18r 2  20 rr rr             JSR     emit_FJP        ; exit if false
001C1Br 2  48                   PHA
001C1Cr 2  A5 rr                LDA     scratch
001C1Er 2  48                   PHA
001C1Fr 2               ; DO
001C1Fr 2  A5 rr                LDA     tok_type
001C21r 2  C9 46                CMP     #TOK_DO
001C23r 2  D0 03                BNE     :+
001C25r 2  20 rr rr             JSR     next_token
001C28r 2               :
001C28r 2  20 rr rr             JSR     parse_statement
001C2Br 2               ; emit UJP back to loop top
001C2Br 2  A9 50                LDA     #OP_UJP
001C2Dr 2  20 rr rr             JSR     emit_byte
001C30r 2               ; offset = loop_top - (cg_pc + 2)
001C30r 2  68                   PLA
001C31r 2  85 rr                STA     tmp3            ; FJP patch hi
001C33r 2  68                   PLA
001C34r 2  85 rr                STA     tmp3+1          ; FJP patch lo — note: reversed from earlier push
001C36r 2               ; compute back-edge offset
001C36r 2  68                   PLA                     ; loop_top lo
001C37r 2  85 rr                STA     tmp2
001C39r 2  68                   PLA                     ; loop_top hi
001C3Ar 2  85 rr                STA     tmp2+1
001C3Cr 2               ; delta = loop_top - (cg_pc + 2)
001C3Cr 2  38                   SEC
001C3Dr 2  A5 rr                LDA     tmp2
001C3Fr 2  E5 rr                SBC     cg_pc
001C41r 2  85 rr                STA     scratch
001C43r 2  A5 rr                LDA     tmp2+1
001C45r 2  E5 rr                SBC     cg_pc+1
001C47r 2  85 rr                STA     scratch+1
001C49r 2  A5 rr                LDA     scratch
001C4Br 2  38                   SEC
001C4Cr 2  E9 02                SBC     #2
001C4Er 2  85 rr                STA     scratch
001C50r 2  B0 02                BCS     :+
001C52r 2  C6 rr                DEC     scratch+1
001C54r 2               :
001C54r 2  A5 rr                LDA     scratch
001C56r 2  20 rr rr             JSR     emit_byte
001C59r 2  A5 rr                LDA     scratch+1
001C5Br 2  20 rr rr             JSR     emit_byte
001C5Er 2               ; patch FJP exit
001C5Er 2               ; tmp3+1:tmp3 holds FJP patch addr (note push order was lo,hi → pla gets hi first)
001C5Er 2               ; Rebuild properly:
001C5Er 2  A5 rr                LDA     tmp3+1
001C60r 2  85 rr                STA     tmp2
001C62r 2  A5 rr                LDA     tmp3
001C64r 2  85 rr                STA     tmp2+1
001C66r 2  20 rr rr             JSR     patch_jump
001C69r 2  60                   RTS
001C6Ar 2               
001C6Ar 2               ; ---------------------------------------------------------------------------
001C6Ar 2               ; parse_for — FOR id := expr TO|DOWNTO expr DO stmt
001C6Ar 2               ;
001C6Ar 2               ; Codegen layout:
001C6Ar 2               ;   <init>:   parse expr1; STG/STL var
001C6Ar 2               ;             parse expr2; STG hidden_global   (limit, evaluated once)
001C6Ar 2               ;   loop_top: LDG/LDL var; LDG hidden_global
001C6Ar 2               ;             LEQI (TO) | GEQI (DOWNTO)
001C6Ar 2               ;             FJP exit
001C6Ar 2               ;             <body>
001C6Ar 2               ;             LDG/LDL var; LDCI 1; ADI|SBI; STG/STL var
001C6Ar 2               ;             UJP loop_top
001C6Ar 2               ;   exit:
001C6Ar 2               ;
001C6Ar 2               ; State on 6502 stack across body:
001C6Ar 2               ;   var_off_lo, var_off_hi, var_scope, dir, lim_off_hi, lim_off_lo
001C6Ar 2               ; for_loop_top / for_patch live in zp (FOR is not nestable in this build).
001C6Ar 2               ; ---------------------------------------------------------------------------
001C6Ar 2               parse_for:
001C6Ar 2  20 rr rr             JSR     next_token      ; consume FOR
001C6Dr 2               
001C6Dr 2  A5 rr                LDA     tok_type
001C6Fr 2  C9 01                CMP     #TOK_IDENT
001C71r 2  F0 01                BEQ     :+
001C73r 2  60                   RTS                     ; not an ident — silently bail
001C74r 2               :
001C74r 2  20 rr rr             JSR     symtab_find
001C77r 2  B0 04                BCS     :+
001C79r 2  20 rr rr             JSR     next_token      ; consume the bad ident
001C7Cr 2  60                   RTS
001C7Dr 2               :
001C7Dr 2               ; snapshot var info into sym_save_*
001C7Dr 2  A0 14                LDY     #20
001C7Fr 2  B1 rr                LDA     (tmp3),y
001C81r 2  8D rr rr             STA     sym_save_scope
001C84r 2  A0 12                LDY     #18
001C86r 2  B1 rr                LDA     (tmp3),y
001C88r 2  8D rr rr             STA     sym_save_off
001C8Br 2  A0 13                LDY     #19
001C8Dr 2  B1 rr                LDA     (tmp3),y
001C8Fr 2  8D rr rr             STA     sym_save_off+1
001C92r 2  20 rr rr             JSR     next_token      ; consume identifier
001C95r 2               
001C95r 2               ; push var info: scope, off_hi, off_lo (top)
001C95r 2  AD rr rr             LDA     sym_save_scope
001C98r 2  48                   PHA
001C99r 2  AD rr rr             LDA     sym_save_off+1
001C9Cr 2  48                   PHA
001C9Dr 2  AD rr rr             LDA     sym_save_off
001CA0r 2  48                   PHA
001CA1r 2               
001CA1r 2               ; ':='
001CA1r 2  A5 rr                LDA     tok_type
001CA3r 2  C9 1A                CMP     #TOK_ASSIGN
001CA5r 2  D0 03                BNE     :+
001CA7r 2  20 rr rr             JSR     next_token
001CAAr 2               :
001CAAr 2  20 rr rr             JSR     parse_expression; initial value on TOS
001CADr 2               
001CADr 2               ; restore sym_save_* (parse_expression may have clobbered them)
001CADr 2  68                   PLA
001CAEr 2  8D rr rr             STA     sym_save_off
001CB1r 2  68                   PLA
001CB2r 2  8D rr rr             STA     sym_save_off+1
001CB5r 2  68                   PLA
001CB6r 2  8D rr rr             STA     sym_save_scope
001CB9r 2  20 rr rr             JSR     for_emit_store_var
001CBCr 2               
001CBCr 2               ; re-push var info for use after loop
001CBCr 2  AD rr rr             LDA     sym_save_scope
001CBFr 2  48                   PHA
001CC0r 2  AD rr rr             LDA     sym_save_off+1
001CC3r 2  48                   PHA
001CC4r 2  AD rr rr             LDA     sym_save_off
001CC7r 2  48                   PHA
001CC8r 2               
001CC8r 2               ; direction byte: 0 = TO, 1 = DOWNTO
001CC8r 2  A9 00                LDA     #0
001CCAr 2  A6 rr                LDX     tok_type
001CCCr 2  E0 47                CPX     #TOK_DOWNTO
001CCEr 2  D0 02                BNE     :+
001CD0r 2  A9 01                LDA     #1
001CD2r 2               :
001CD2r 2  48                   PHA                     ; push dir
001CD3r 2  20 rr rr             JSR     next_token      ; consume TO / DOWNTO
001CD6r 2               
001CD6r 2               ; parse limit expression and store to a hidden global
001CD6r 2  20 rr rr             JSR     parse_expression
001CD9r 2  20 rr rr             JSR     codegen_alloc_global; tmp2 = hidden offset
001CDCr 2               ; push the offset NOW — emit_STG will clobber tmp2
001CDCr 2  A5 rr                LDA     tmp2+1
001CDEr 2  48                   PHA                     ; lim_hi
001CDFr 2  A5 rr                LDA     tmp2
001CE1r 2  48                   PHA                     ; lim_lo (top)
001CE2r 2               ; reload from stack peek for emit_STG (A = lo, scratch = hi)
001CE2r 2  BA                   TSX
001CE3r 2  BD 02 01             LDA     $0102,x
001CE6r 2  85 rr                STA     scratch
001CE8r 2  BD 01 01             LDA     $0101,x
001CEBr 2  20 rr rr             JSR     emit_STG
001CEEr 2               
001CEEr 2               ; consume DO
001CEEr 2  A5 rr                LDA     tok_type
001CF0r 2  C9 46                CMP     #TOK_DO
001CF2r 2  D0 03                BNE     :+
001CF4r 2  20 rr rr             JSR     next_token
001CF7r 2               :
001CF7r 2               ; --- loop top ---
001CF7r 2  A5 rr                LDA     cg_pc
001CF9r 2  85 rr                STA     for_loop_top
001CFBr 2  A5 rr                LDA     cg_pc+1
001CFDr 2  85 rr                STA     for_loop_top+1
001CFFr 2               
001CFFr 2               ; emit LDG/LDL var — restore sym_save_* via TSX peek
001CFFr 2               ; stack from top: lim_lo, lim_hi, dir, var_lo, var_hi, var_scope
001CFFr 2  BA                   TSX
001D00r 2  BD 04 01             LDA     $0104,x         ; var_lo
001D03r 2  8D rr rr             STA     sym_save_off
001D06r 2  BD 05 01             LDA     $0105,x         ; var_hi
001D09r 2  8D rr rr             STA     sym_save_off+1
001D0Cr 2  BD 06 01             LDA     $0106,x         ; var_scope
001D0Fr 2  8D rr rr             STA     sym_save_scope
001D12r 2  20 rr rr             JSR     for_emit_load_var
001D15r 2               
001D15r 2               ; emit LDG limit — limit hi at $0102,x, lo at $0101,x
001D15r 2  BA                   TSX
001D16r 2  BD 02 01             LDA     $0102,x
001D19r 2  85 rr                STA     scratch
001D1Br 2  BD 01 01             LDA     $0101,x
001D1Er 2  20 rr rr             JSR     emit_LDG
001D21r 2               
001D21r 2               ; comparison: TO → LEQI (var <= limit), DOWNTO → GEQI
001D21r 2  BA                   TSX
001D22r 2  BD 03 01             LDA     $0103,x         ; dir
001D25r 2  F0 05                BEQ     @cmp_to
001D27r 2  20 rr rr             JSR     emit_GEQI
001D2Ar 2  80 03                BRA     @cmp_done
001D2Cr 2               @cmp_to:
001D2Cr 2  20 rr rr             JSR     emit_LEQI
001D2Fr 2               @cmp_done:
001D2Fr 2               
001D2Fr 2               ; FJP exit placeholder
001D2Fr 2  20 rr rr             JSR     emit_FJP        ; A=patch_lo, scratch=patch_hi
001D32r 2  85 rr                STA     for_patch
001D34r 2  A5 rr                LDA     scratch
001D36r 2  85 rr                STA     for_patch+1
001D38r 2               
001D38r 2               ; --- body ---
001D38r 2  20 rr rr             JSR     parse_statement
001D3Br 2               
001D3Br 2               ; --- pop state in reverse push order ---
001D3Br 2  68                   PLA                     ; lim_lo (discard)
001D3Cr 2  68                   PLA                     ; lim_hi (discard)
001D3Dr 2  68                   PLA                     ; direction
001D3Er 2  8D rr rr             STA     sym_save_kind   ; reuse for direction storage
001D41r 2  68                   PLA                     ; var_lo
001D42r 2  8D rr rr             STA     sym_save_off
001D45r 2  68                   PLA                     ; var_hi
001D46r 2  8D rr rr             STA     sym_save_off+1
001D49r 2  68                   PLA                     ; var_scope
001D4Ar 2  8D rr rr             STA     sym_save_scope
001D4Dr 2               
001D4Dr 2               ; emit increment / decrement: LDG var, LDCI 1, ADI|SBI, STG var
001D4Dr 2  20 rr rr             JSR     for_emit_load_var
001D50r 2  A9 01                LDA     #1
001D52r 2  20 rr rr             JSR     emit_LDCI
001D55r 2  AD rr rr             LDA     sym_save_kind   ; direction
001D58r 2  F0 05                BEQ     @inc
001D5Ar 2  20 rr rr             JSR     emit_SBI
001D5Dr 2  80 03                BRA     @inc_done
001D5Fr 2               @inc:
001D5Fr 2  20 rr rr             JSR     emit_ADI
001D62r 2               @inc_done:
001D62r 2  20 rr rr             JSR     for_emit_store_var
001D65r 2               
001D65r 2               ; emit UJP back to loop_top
001D65r 2               ; offset = for_loop_top - (cg_pc_after_opcode + 2)
001D65r 2  A9 50                LDA     #OP_UJP
001D67r 2  20 rr rr             JSR     emit_byte
001D6Ar 2  38                   SEC
001D6Br 2  A5 rr                LDA     for_loop_top
001D6Dr 2  E5 rr                SBC     cg_pc
001D6Fr 2  85 rr                STA     scratch
001D71r 2  A5 rr                LDA     for_loop_top+1
001D73r 2  E5 rr                SBC     cg_pc+1
001D75r 2  85 rr                STA     scratch+1
001D77r 2  38                   SEC
001D78r 2  A5 rr                LDA     scratch
001D7Ar 2  E9 02                SBC     #2
001D7Cr 2  85 rr                STA     scratch
001D7Er 2  B0 02                BCS     :+
001D80r 2  C6 rr                DEC     scratch+1
001D82r 2               :
001D82r 2  A5 rr                LDA     scratch
001D84r 2  20 rr rr             JSR     emit_byte
001D87r 2  A5 rr                LDA     scratch+1
001D89r 2  20 rr rr             JSR     emit_byte
001D8Cr 2               
001D8Cr 2               ; patch FJP exit
001D8Cr 2  A5 rr                LDA     for_patch
001D8Er 2  85 rr                STA     tmp2
001D90r 2  A5 rr                LDA     for_patch+1
001D92r 2  85 rr                STA     tmp2+1
001D94r 2  20 rr rr             JSR     patch_jump
001D97r 2  60                   RTS
001D98r 2               
001D98r 2               ; ---------------------------------------------------------------------------
001D98r 2               ; for_emit_load_var / for_emit_store_var — emit LDG/LDL or STG/STL based on
001D98r 2               ; sym_save_scope (0 = global) and sym_save_off (offset).
001D98r 2               ; ---------------------------------------------------------------------------
001D98r 2               for_emit_load_var:
001D98r 2  AD rr rr             LDA     sym_save_scope
001D9Br 2  D0 0B                BNE     @local
001D9Dr 2  AD rr rr             LDA     sym_save_off+1
001DA0r 2  85 rr                STA     scratch
001DA2r 2  AD rr rr             LDA     sym_save_off
001DA5r 2  4C rr rr             JMP     emit_LDG
001DA8r 2               @local:
001DA8r 2  AD rr rr             LDA     sym_save_off
001DABr 2  4C rr rr             JMP     emit_LDL
001DAEr 2               
001DAEr 2               for_emit_store_var:
001DAEr 2  AD rr rr             LDA     sym_save_scope
001DB1r 2  D0 0B                BNE     @local
001DB3r 2  AD rr rr             LDA     sym_save_off+1
001DB6r 2  85 rr                STA     scratch
001DB8r 2  AD rr rr             LDA     sym_save_off
001DBBr 2  4C rr rr             JMP     emit_STG
001DBEr 2               @local:
001DBEr 2  AD rr rr             LDA     sym_save_off
001DC1r 2  4C rr rr             JMP     emit_STL
001DC4r 2               
001DC4r 2               ; ---------------------------------------------------------------------------
001DC4r 2               ; parse_repeat — REPEAT stmt { ; stmt } UNTIL expr
001DC4r 2               ; ---------------------------------------------------------------------------
001DC4r 2               parse_repeat:
001DC4r 2  20 rr rr             JSR     next_token      ; consume REPEAT
001DC7r 2               ; save top
001DC7r 2  A5 rr                LDA     cg_pc
001DC9r 2  48                   PHA
001DCAr 2  A5 rr                LDA     cg_pc+1
001DCCr 2  48                   PHA
001DCDr 2               @loop:
001DCDr 2  A5 rr                LDA     tok_type
001DCFr 2  C9 5B                CMP     #TOK_UNTIL
001DD1r 2  F0 12                BEQ     @until
001DD3r 2  C9 00                CMP     #TOK_EOF
001DD5r 2  F0 41                BEQ     @done
001DD7r 2  20 rr rr             JSR     parse_statement
001DDAr 2  A5 rr                LDA     tok_type
001DDCr 2  C9 20                CMP     #TOK_SEMICOLON
001DDEr 2  D0 ED                BNE     @loop
001DE0r 2  20 rr rr             JSR     next_token
001DE3r 2  80 E8                BRA     @loop
001DE5r 2               @until:
001DE5r 2  20 rr rr             JSR     next_token      ; consume UNTIL
001DE8r 2  20 rr rr             JSR     parse_expression
001DEBr 2               ; FJP back to top
001DEBr 2  A9 51                LDA     #OP_FJP
001DEDr 2  20 rr rr             JSR     emit_byte
001DF0r 2  68                   PLA
001DF1r 2  85 rr                STA     tmp2+1
001DF3r 2  68                   PLA
001DF4r 2  85 rr                STA     tmp2
001DF6r 2  38                   SEC
001DF7r 2  A5 rr                LDA     tmp2
001DF9r 2  E5 rr                SBC     cg_pc
001DFBr 2  85 rr                STA     scratch
001DFDr 2  A5 rr                LDA     tmp2+1
001DFFr 2  E5 rr                SBC     cg_pc+1
001E01r 2  85 rr                STA     scratch+1
001E03r 2  A5 rr                LDA     scratch
001E05r 2  38                   SEC
001E06r 2  E9 02                SBC     #2
001E08r 2  85 rr                STA     scratch
001E0Ar 2  B0 02                BCS     :+
001E0Cr 2  C6 rr                DEC     scratch+1
001E0Er 2               :
001E0Er 2  A5 rr                LDA     scratch
001E10r 2  20 rr rr             JSR     emit_byte
001E13r 2  A5 rr                LDA     scratch+1
001E15r 2  20 rr rr             JSR     emit_byte
001E18r 2               @done:
001E18r 2  60                   RTS
001E19r 2               
001E19r 2               ; ---------------------------------------------------------------------------
001E19r 2               ; REAL / INTEGER coercion helpers
001E19r 2               ; ---------------------------------------------------------------------------
001E19r 2               
001E19r 2               emit_promote_tos_int_to_real:
001E19r 2  A9 64                LDA     #100
001E1Br 2  20 rr rr             JSR     emit_LDCI
001E1Er 2  4C rr rr             JMP     emit_MPI
001E21r 2               
001E21r 2               emit_promote_tos_real_to_int:
001E21r 2  A9 64                LDA     #100
001E23r 2  20 rr rr             JSR     emit_LDCI
001E26r 2  4C rr rr             JMP     emit_DVI
001E29r 2               
001E29r 2               emit_promote_nos_int_to_real:
001E29r 2  20 rr rr             JSR     emit_SWAP
001E2Cr 2  20 rr rr             JSR     emit_promote_tos_int_to_real
001E2Fr 2  4C rr rr             JMP     emit_SWAP
001E32r 2               
001E32r 2               emit_promote_nos_real_to_int:
001E32r 2  20 rr rr             JSR     emit_SWAP
001E35r 2  20 rr rr             JSR     emit_promote_tos_real_to_int
001E38r 2  4C rr rr             JMP     emit_SWAP
001E3Br 2               
001E3Br 2               ; coerce_expr_to_target_type — A=target TY_*, expr_type=current TOS type.
001E3Br 2               ; Only INTEGER<->REAL coercions are performed; other combinations are left as-is.
001E3Br 2               coerce_expr_to_target_type:
001E3Br 2  AA                   TAX
001E3Cr 2  E0 0A                CPX     #TY_REAL
001E3Er 2  F0 05                BEQ     @cett_real
001E40r 2  E0 01                CPX     #TY_INT
001E42r 2  F0 0F                BEQ     @cett_int
001E44r 2  60                   RTS
001E45r 2               @cett_real:
001E45r 2  A5 rr                LDA     expr_type
001E47r 2  C9 01                CMP     #TY_INT
001E49r 2  D0 07                BNE     @cett_done
001E4Br 2  20 rr rr             JSR     emit_promote_tos_int_to_real
001E4Er 2  A9 0A                LDA     #TY_REAL
001E50r 2  85 rr                STA     expr_type
001E52r 2               @cett_done:
001E52r 2  60                   RTS
001E53r 2               @cett_int:
001E53r 2  A5 rr                LDA     expr_type
001E55r 2  C9 0A                CMP     #TY_REAL
001E57r 2  D0 07                BNE     @cett_done2
001E59r 2  20 rr rr             JSR     emit_promote_tos_real_to_int
001E5Cr 2  A9 01                LDA     #TY_INT
001E5Er 2  85 rr                STA     expr_type
001E60r 2               @cett_done2:
001E60r 2  60                   RTS
001E61r 2               
001E61r 2               ; coerce_binary_numeric_types — A=lhs type, expr_type=rhs type.
001E61r 2               ; Promotes one INTEGER operand to REAL when the other side is REAL.
001E61r 2               ; Returns A=result type (TY_INT or TY_REAL).
001E61r 2               coerce_binary_numeric_types:
001E61r 2  C9 0A                CMP     #TY_REAL
001E63r 2  F0 09                BEQ     @cbnt_lhs_real
001E65r 2  A5 rr                LDA     expr_type
001E67r 2  C9 0A                CMP     #TY_REAL
001E69r 2  F0 0F                BEQ     @cbnt_lhs_int_rhs_real
001E6Br 2  A9 01                LDA     #TY_INT
001E6Dr 2  60                   RTS
001E6Er 2               @cbnt_lhs_real:
001E6Er 2  A5 rr                LDA     expr_type
001E70r 2  C9 01                CMP     #TY_INT
001E72r 2  D0 03                BNE     @cbnt_real_done
001E74r 2  20 rr rr             JSR     emit_promote_tos_int_to_real
001E77r 2               @cbnt_real_done:
001E77r 2  A9 0A                LDA     #TY_REAL
001E79r 2  60                   RTS
001E7Ar 2               @cbnt_lhs_int_rhs_real:
001E7Ar 2  20 rr rr             JSR     emit_promote_nos_int_to_real
001E7Dr 2  A9 0A                LDA     #TY_REAL
001E7Fr 2  60                   RTS
001E80r 2               
001E80r 2               ; coerce_binary_to_real — A=lhs type, expr_type=rhs type.
001E80r 2               ; Ensures both operands are REAL and returns A=TY_REAL.
001E80r 2               coerce_binary_to_real:
001E80r 2  C9 0A                CMP     #TY_REAL
001E82r 2  F0 0F                BEQ     @cbtr_lhs_real
001E84r 2  A5 rr                LDA     expr_type
001E86r 2  C9 0A                CMP     #TY_REAL
001E88r 2  F0 15                BEQ     @cbtr_lhs_int_rhs_real
001E8Ar 2  20 rr rr             JSR     emit_promote_tos_int_to_real
001E8Dr 2  20 rr rr             JSR     emit_promote_nos_int_to_real
001E90r 2  A9 0A                LDA     #TY_REAL
001E92r 2  60                   RTS
001E93r 2               @cbtr_lhs_real:
001E93r 2  A5 rr                LDA     expr_type
001E95r 2  C9 0A                CMP     #TY_REAL
001E97r 2  F0 03                BEQ     @cbtr_done
001E99r 2  20 rr rr             JSR     emit_promote_tos_int_to_real
001E9Cr 2               @cbtr_done:
001E9Cr 2  A9 0A                LDA     #TY_REAL
001E9Er 2  60                   RTS
001E9Fr 2               @cbtr_lhs_int_rhs_real:
001E9Fr 2  20 rr rr             JSR     emit_promote_nos_int_to_real
001EA2r 2  A9 0A                LDA     #TY_REAL
001EA4r 2  60                   RTS
001EA5r 2               
001EA5r 2               ; coerce_binary_to_int — A=lhs type, expr_type=rhs type.
001EA5r 2               ; Truncates REAL operands to INTEGER and returns A=TY_INT.
001EA5r 2               coerce_binary_to_int:
001EA5r 2  C9 0A                CMP     #TY_REAL
001EA7r 2  F0 09                BEQ     @cbti_lhs_real
001EA9r 2  A5 rr                LDA     expr_type
001EABr 2  C9 0A                CMP     #TY_REAL
001EADr 2  F0 12                BEQ     @cbti_rhs_real
001EAFr 2  A9 01                LDA     #TY_INT
001EB1r 2  60                   RTS
001EB2r 2               @cbti_lhs_real:
001EB2r 2  20 rr rr             JSR     emit_promote_nos_real_to_int
001EB5r 2  A5 rr                LDA     expr_type
001EB7r 2  C9 0A                CMP     #TY_REAL
001EB9r 2  D0 03                BNE     @cbti_done
001EBBr 2  20 rr rr             JSR     emit_promote_tos_real_to_int
001EBEr 2               @cbti_done:
001EBEr 2  A9 01                LDA     #TY_INT
001EC0r 2  60                   RTS
001EC1r 2               @cbti_rhs_real:
001EC1r 2  20 rr rr             JSR     emit_promote_tos_real_to_int
001EC4r 2  A9 01                LDA     #TY_INT
001EC6r 2  60                   RTS
001EC7r 2               
001EC7r 2               ; ---------------------------------------------------------------------------
001EC7r 2               ; parse_expression — full expression with operator precedence
001EC7r 2               ; Phase 1: simple additive + comparison; no precedence climbing yet
001EC7r 2               ; ---------------------------------------------------------------------------
001EC7r 2               parse_expression:
001EC7r 2  20 rr rr             JSR     parse_simple_expr
001ECAr 2               ; check for relational operator
001ECAr 2  A5 rr                LDA     tok_type
001ECCr 2  C9 4D                CMP     #TOK_IN
001ECEr 2  F0 19                BEQ     @rel_in
001ED0r 2  C9 14                CMP     #TOK_EQ
001ED2r 2  F0 21                BEQ     @rel_eq
001ED4r 2  C9 15                CMP     #TOK_NEQ
001ED6r 2  F0 30                BEQ     @rel_neq
001ED8r 2  C9 16                CMP     #TOK_LT
001EDAr 2  F0 3F                BEQ     @rel_lt
001EDCr 2  C9 17                CMP     #TOK_GT
001EDEr 2  F0 4E                BEQ     @rel_gt
001EE0r 2  C9 18                CMP     #TOK_LEQ
001EE2r 2  F0 5D                BEQ     @rel_leq
001EE4r 2  C9 19                CMP     #TOK_GEQ
001EE6r 2  F0 6C                BEQ     @rel_geq
001EE8r 2  60                   RTS                     ; expr_type set by parse_simple_expr
001EE9r 2               @rel_in:
001EE9r 2  20 rr rr             JSR     next_token
001EECr 2  20 rr rr             JSR     parse_simple_expr
001EEFr 2  20 rr rr             JSR     emit_INSET
001EF2r 2  4C rr rr             JMP     @rel_done
001EF5r 2               @rel_eq:
001EF5r 2  A5 rr                LDA     expr_type
001EF7r 2  48                   PHA
001EF8r 2  20 rr rr             JSR     next_token
001EFBr 2  20 rr rr             JSR     parse_simple_expr
001EFEr 2  68                   PLA
001EFFr 2  20 rr rr             JSR     coerce_binary_numeric_types
001F02r 2  20 rr rr             JSR     emit_EQUI
001F05r 2  4C rr rr             JMP     @rel_done
001F08r 2               @rel_neq:
001F08r 2  A5 rr                LDA     expr_type
001F0Ar 2  48                   PHA
001F0Br 2  20 rr rr             JSR     next_token
001F0Er 2  20 rr rr             JSR     parse_simple_expr
001F11r 2  68                   PLA
001F12r 2  20 rr rr             JSR     coerce_binary_numeric_types
001F15r 2  20 rr rr             JSR     emit_NEQI
001F18r 2  4C rr rr             JMP     @rel_done
001F1Br 2               @rel_lt:
001F1Br 2  A5 rr                LDA     expr_type
001F1Dr 2  48                   PHA
001F1Er 2  20 rr rr             JSR     next_token
001F21r 2  20 rr rr             JSR     parse_simple_expr
001F24r 2  68                   PLA
001F25r 2  20 rr rr             JSR     coerce_binary_numeric_types
001F28r 2  20 rr rr             JSR     emit_LESI
001F2Br 2  4C rr rr             JMP     @rel_done
001F2Er 2               @rel_gt:
001F2Er 2  A5 rr                LDA     expr_type
001F30r 2  48                   PHA
001F31r 2  20 rr rr             JSR     next_token
001F34r 2  20 rr rr             JSR     parse_simple_expr
001F37r 2  68                   PLA
001F38r 2  20 rr rr             JSR     coerce_binary_numeric_types
001F3Br 2  20 rr rr             JSR     emit_GTRI
001F3Er 2  4C rr rr             JMP     @rel_done
001F41r 2               @rel_leq:
001F41r 2  A5 rr                LDA     expr_type
001F43r 2  48                   PHA
001F44r 2  20 rr rr             JSR     next_token
001F47r 2  20 rr rr             JSR     parse_simple_expr
001F4Ar 2  68                   PLA
001F4Br 2  20 rr rr             JSR     coerce_binary_numeric_types
001F4Er 2  20 rr rr             JSR     emit_LEQI
001F51r 2  4C rr rr             JMP     @rel_done
001F54r 2               @rel_geq:
001F54r 2  A5 rr                LDA     expr_type
001F56r 2  48                   PHA
001F57r 2  20 rr rr             JSR     next_token
001F5Ar 2  20 rr rr             JSR     parse_simple_expr
001F5Dr 2  68                   PLA
001F5Er 2  20 rr rr             JSR     coerce_binary_numeric_types
001F61r 2  20 rr rr             JSR     emit_GEQI
001F64r 2               @rel_done:
001F64r 2  A9 03                LDA     #TY_BOOL
001F66r 2  85 rr                STA     expr_type
001F68r 2  60                   RTS
001F69r 2               
001F69r 2               ; ---------------------------------------------------------------------------
001F69r 2               ; parse_simple_expr — term { (+|-|OR) term }
001F69r 2               ; ---------------------------------------------------------------------------
001F69r 2               parse_simple_expr:
001F69r 2               ; check for unary minus
001F69r 2  A5 rr                LDA     tok_type
001F6Br 2  C9 11                CMP     #TOK_MINUS
001F6Dr 2  D0 0A                BNE     :+
001F6Fr 2  20 rr rr             JSR     next_token
001F72r 2  20 rr rr             JSR     parse_term
001F75r 2  20 rr rr             JSR     emit_NGI
001F78r 2  60                   RTS
001F79r 2               :
001F79r 2  20 rr rr             JSR     parse_term
001F7Cr 2               @addop:
001F7Cr 2  A5 rr                LDA     tok_type
001F7Er 2  C9 10                CMP     #TOK_PLUS
001F80r 2  F0 09                BEQ     @add
001F82r 2  C9 11                CMP     #TOK_MINUS
001F84r 2  F0 28                BEQ     @sub
001F86r 2  C9 52                CMP     #TOK_OR
001F88r 2  F0 4A                BEQ     @or
001F8Ar 2  60                   RTS
001F8Br 2               @add:
001F8Br 2  A5 rr                LDA     expr_type
001F8Dr 2  48                   PHA
001F8Er 2  20 rr rr             JSR     next_token
001F91r 2  20 rr rr             JSR     parse_term
001F94r 2  68                   PLA
001F95r 2  C9 09                CMP     #TY_SET
001F97r 2  F0 0C                BEQ     @add_set
001F99r 2  20 rr rr             JSR     coerce_binary_numeric_types
001F9Cr 2  48                   PHA
001F9Dr 2  20 rr rr             JSR     emit_ADI
001FA0r 2  68                   PLA
001FA1r 2  85 rr                STA     expr_type
001FA3r 2  80 D7                BRA     @addop
001FA5r 2               @add_set:
001FA5r 2  20 rr rr             JSR     emit_LOR
001FA8r 2  A9 09                LDA     #TY_SET
001FAAr 2  85 rr                STA     expr_type
001FACr 2  80 CE                BRA     @addop
001FAEr 2               @sub:
001FAEr 2  A5 rr                LDA     expr_type
001FB0r 2  48                   PHA
001FB1r 2  20 rr rr             JSR     next_token
001FB4r 2  20 rr rr             JSR     parse_term
001FB7r 2  68                   PLA
001FB8r 2  C9 09                CMP     #TY_SET
001FBAr 2  F0 0C                BEQ     @sub_set
001FBCr 2  20 rr rr             JSR     coerce_binary_numeric_types
001FBFr 2  48                   PHA
001FC0r 2  20 rr rr             JSR     emit_SBI
001FC3r 2  68                   PLA
001FC4r 2  85 rr                STA     expr_type
001FC6r 2  80 B4                BRA     @addop
001FC8r 2               @sub_set:
001FC8r 2  20 rr rr             JSR     emit_BNOT
001FCBr 2  20 rr rr             JSR     emit_LAND
001FCEr 2  A9 09                LDA     #TY_SET
001FD0r 2  85 rr                STA     expr_type
001FD2r 2  80 A8                BRA     @addop
001FD4r 2               @or:
001FD4r 2  20 rr rr             JSR     next_token
001FD7r 2  20 rr rr             JSR     parse_term
001FDAr 2  20 rr rr             JSR     emit_LOR
001FDDr 2  A9 03                LDA     #TY_BOOL
001FDFr 2  85 rr                STA     expr_type
001FE1r 2  80 99                BRA     @addop
001FE3r 2               
001FE3r 2               ; ---------------------------------------------------------------------------
001FE3r 2               ; parse_term — factor { (*|DIV|MOD|AND) factor }
001FE3r 2               ; ---------------------------------------------------------------------------
001FE3r 2               parse_term:
001FE3r 2  20 rr rr             JSR     parse_factor
001FE6r 2               @mulop:
001FE6r 2  A5 rr                LDA     tok_type
001FE8r 2  C9 12                CMP     #TOK_STAR
001FEAr 2  F0 15                BEQ     @mul
001FECr 2  C9 13                CMP     #TOK_SLASH
001FEEr 2  F0 44                BEQ     @rdiv
001FF0r 2  C9 45                CMP     #TOK_DIV
001FF2r 2  F0 57                BEQ     @div
001FF4r 2  C9 45                CMP     #TOK_DIV_KW
001FF6r 2  F0 53                BEQ     @div
001FF8r 2  C9 4E                CMP     #TOK_MOD_KW
001FFAr 2  F0 66                BEQ     @mod
001FFCr 2  C9 40                CMP     #TOK_AND
001FFEr 2  F0 79                BEQ     @and
002000r 2  60                   RTS
002001r 2               @mul:
002001r 2  A5 rr                LDA     expr_type
002003r 2  48                   PHA
002004r 2  20 rr rr             JSR     next_token
002007r 2  20 rr rr             JSR     parse_factor
00200Ar 2  68                   PLA
00200Br 2  C9 09                CMP     #TY_SET
00200Dr 2  F0 1B                BEQ     @mul_set
00200Fr 2  20 rr rr             JSR     coerce_binary_numeric_types
002012r 2  C9 0A                CMP     #TY_REAL
002014r 2  F0 0A                BEQ     @mul_real
002016r 2  20 rr rr             JSR     emit_MPI
002019r 2  A9 01                LDA     #TY_INT
00201Br 2  85 rr                STA     expr_type
00201Dr 2  4C rr rr             JMP     @mulop
002020r 2               @mul_real:
002020r 2  20 rr rr             JSR     emit_MPR
002023r 2  A9 0A                LDA     #TY_REAL
002025r 2  85 rr                STA     expr_type
002027r 2  4C rr rr             JMP     @mulop
00202Ar 2               @mul_set:
00202Ar 2  20 rr rr             JSR     emit_LAND
00202Dr 2  A9 09                LDA     #TY_SET
00202Fr 2  85 rr                STA     expr_type
002031r 2  4C rr rr             JMP     @mulop
002034r 2               @rdiv:
002034r 2  A5 rr                LDA     expr_type
002036r 2  48                   PHA
002037r 2  20 rr rr             JSR     next_token
00203Ar 2  20 rr rr             JSR     parse_factor
00203Dr 2  68                   PLA
00203Er 2  20 rr rr             JSR     coerce_binary_to_real
002041r 2  20 rr rr             JSR     emit_DVR
002044r 2  A9 0A                LDA     #TY_REAL
002046r 2  85 rr                STA     expr_type
002048r 2  4C rr rr             JMP     @mulop
00204Br 2               @div:
00204Br 2  A5 rr                LDA     expr_type
00204Dr 2  48                   PHA
00204Er 2  20 rr rr             JSR     next_token
002051r 2  20 rr rr             JSR     parse_factor
002054r 2  68                   PLA
002055r 2  20 rr rr             JSR     coerce_binary_to_int
002058r 2  20 rr rr             JSR     emit_DVI
00205Br 2  A9 01                LDA     #TY_INT
00205Dr 2  85 rr                STA     expr_type
00205Fr 2  4C rr rr             JMP     @mulop
002062r 2               @mod:
002062r 2  A5 rr                LDA     expr_type
002064r 2  48                   PHA
002065r 2  20 rr rr             JSR     next_token
002068r 2  20 rr rr             JSR     parse_factor
00206Br 2  68                   PLA
00206Cr 2  20 rr rr             JSR     coerce_binary_to_int
00206Fr 2  20 rr rr             JSR     emit_MOD
002072r 2  A9 01                LDA     #TY_INT
002074r 2  85 rr                STA     expr_type
002076r 2  4C rr rr             JMP     @mulop
002079r 2               @and:
002079r 2  20 rr rr             JSR     next_token
00207Cr 2  20 rr rr             JSR     parse_factor
00207Fr 2  20 rr rr             JSR     emit_LAND
002082r 2  A9 03                LDA     #TY_BOOL
002084r 2  85 rr                STA     expr_type
002086r 2  4C rr rr             JMP     @mulop
002089r 2               
002089r 2               TOK_DIV_KW      = TOK_DIV       ; alias
002089r 2               
002089r 2               ; maybe_deref_loaded_ptr — a pointer value is already on the stack.
002089r 2               ; If the following token is '^', consume it and load the pointed-to word.
002089r 2               ; v1 pointer dereference still assumes pointer-to-INTEGER.
002089r 2               maybe_deref_loaded_ptr:
002089r 2  A5 rr                LDA     expr_type
00208Br 2  C9 07                CMP     #TY_PTR
00208Dr 2  D0 10                BNE     @mdlp_done
00208Fr 2  A5 rr                LDA     tok_type
002091r 2  C9 24                CMP     #TOK_CARET
002093r 2  D0 0A                BNE     @mdlp_done
002095r 2  20 rr rr             JSR     next_token
002098r 2  20 rr rr             JSR     emit_LDIND
00209Br 2  A9 01                LDA     #TY_INT
00209Dr 2  85 rr                STA     expr_type
00209Fr 2               @mdlp_done:
00209Fr 2  60                   RTS
0020A0r 2               
0020A0r 2               ; parse_with_field_load — current token is the field IDENT already matched by
0020A0r 2               ; with_lookup_field. Emits code for the field expression and leaves expr_type
0020A0r 2               ; set appropriately. Record-valued results stay as addresses on the stack.
0020A0r 2               parse_with_field_load:
0020A0r 2  20 rr rr             JSR     next_token              ; consume field name
0020A3r 2  20 rr rr             JSR     emit_with_field_base
0020A6r 2  AD rr rr             LDA     with_lookup_type
0020A9r 2  85 rr                STA     expr_type
0020ABr 2  C9 06                CMP     #TY_RECORD
0020ADr 2  F0 06                BEQ     @pwfl_record
0020AFr 2  20 rr rr             JSR     emit_LDIND
0020B2r 2  4C rr rr             JMP     maybe_deref_loaded_ptr
0020B5r 2               @pwfl_record:
0020B5r 2  A5 rr                LDA     tok_type
0020B7r 2  C9 22                CMP     #TOK_DOT
0020B9r 2  F0 0D                BEQ     @pwfl_chain_prep
0020BBr 2  AD rr rr             LDA     with_lookup_first
0020BEr 2  8D rr rr             STA     expr_record_first
0020C1r 2  AD rr rr             LDA     with_lookup_count
0020C4r 2  8D rr rr             STA     expr_record_count
0020C7r 2  60                   RTS
0020C8r 2               @pwfl_chain_prep:
0020C8r 2  AD rr rr             LDA     with_lookup_first
0020CBr 2  8D rr rr             STA     fcall_vmask
0020CEr 2  AD rr rr             LDA     with_lookup_count
0020D1r 2  8D rr rr             STA     fcall_lsize
0020D4r 2               @pwfl_chain:
0020D4r 2  A5 rr                LDA     tok_type
0020D6r 2  C9 22                CMP     #TOK_DOT
0020D8r 2  D0 03                BNE     :+
0020DAr 2  20 rr rr             JSR     next_token
0020DDr 2               :
0020DDr 2  AD rr rr             LDA     fcall_vmask
0020E0r 2  AE rr rr             LDX     fcall_lsize
0020E3r 2  20 rr rr             JSR     field_lookup_in_record
0020E6r 2  90 57                BCC     @pwfl_nf
0020E8r 2  48                   PHA
0020E9r 2  8A                   TXA
0020EAr 2  8D rr rr             STA     field_chain_type
0020EDr 2  A5 rr                LDA     tmp3
0020EFr 2  AA                   TAX
0020F0r 2  BD rr rr             LDA     field_nested_first,x
0020F3r 2  8D rr rr             STA     field_chain_first
0020F6r 2  BD rr rr             LDA     field_nested_count,x
0020F9r 2  8D rr rr             STA     field_chain_count
0020FCr 2  68                   PLA
0020FDr 2  F0 06                BEQ     @pwfl_no_off
0020FFr 2  20 rr rr             JSR     emit_LDCI
002102r 2  20 rr rr             JSR     emit_ADI
002105r 2               @pwfl_no_off:
002105r 2  20 rr rr             JSR     next_token              ; consume nested field name
002108r 2  AD rr rr             LDA     field_chain_type
00210Br 2  C9 06                CMP     #TY_RECORD
00210Dr 2  D0 14                BNE     @pwfl_done_chain
00210Fr 2  A5 rr                LDA     tok_type
002111r 2  C9 22                CMP     #TOK_DOT
002113r 2  D0 0E                BNE     @pwfl_done_chain
002115r 2  AD rr rr             LDA     field_chain_first
002118r 2  8D rr rr             STA     fcall_vmask
00211Br 2  AD rr rr             LDA     field_chain_count
00211Er 2  8D rr rr             STA     fcall_lsize
002121r 2  80 B1                BRA     @pwfl_chain
002123r 2               @pwfl_done_chain:
002123r 2  AD rr rr             LDA     field_chain_type
002126r 2  85 rr                STA     expr_type
002128r 2  C9 06                CMP     #TY_RECORD
00212Ar 2  F0 06                BEQ     @pwfl_record_result
00212Cr 2  20 rr rr             JSR     emit_LDIND
00212Fr 2  4C rr rr             JMP     maybe_deref_loaded_ptr
002132r 2               @pwfl_record_result:
002132r 2  AD rr rr             LDA     field_chain_first
002135r 2  8D rr rr             STA     expr_record_first
002138r 2  AD rr rr             LDA     field_chain_count
00213Br 2  8D rr rr             STA     expr_record_count
00213Er 2  60                   RTS
00213Fr 2               @pwfl_nf:
00213Fr 2  A9 rr                LDA     #<err_undef
002141r 2  85 rr                STA     tmp0
002143r 2  A9 rr                LDA     #>err_undef
002145r 2  85 rr                STA     tmp0+1
002147r 2  20 rr rr             JSR     compile_error
00214Ar 2  20 rr rr             JSR     next_token
00214Dr 2  20 rr rr             JSR     emit_LDIND
002150r 2  A9 01                LDA     #TY_INT
002152r 2  85 rr                STA     expr_type
002154r 2  60                   RTS
002155r 2               
002155r 2               ; ---------------------------------------------------------------------------
002155r 2               ; SET literal helpers
002155r 2               ; ---------------------------------------------------------------------------
002155r 2               set_lit_type_error:
002155r 2  A9 rr                LDA     #<err_type
002157r 2  85 rr                STA     tmp0
002159r 2  A9 rr                LDA     #>err_type
00215Br 2  85 rr                STA     tmp0+1
00215Dr 2  20 rr rr             JSR     compile_error
002160r 2  60                   RTS
002161r 2               
002161r 2               ; set_lit_add_value — A=value 0..15. ORs the matching bit into set_lit_mask.
002161r 2               set_lit_add_value:
002161r 2  AA                   TAX
002162r 2  A9 01                LDA     #1
002164r 2  85 rr                STA     tmp0
002166r 2  A9 00                LDA     #0
002168r 2  85 rr                STA     tmp0+1
00216Ar 2               @slav_shift:
00216Ar 2  E0 00                CPX     #0
00216Cr 2  F0 07                BEQ     @slav_merge
00216Er 2  06 rr                ASL     tmp0
002170r 2  26 rr                ROL     tmp0+1
002172r 2  CA                   DEX
002173r 2  80 F5                BRA     @slav_shift
002175r 2               @slav_merge:
002175r 2  AD rr rr             LDA     set_lit_mask
002178r 2  05 rr                ORA     tmp0
00217Ar 2  8D rr rr             STA     set_lit_mask
00217Dr 2  AD rr rr             LDA     set_lit_mask+1
002180r 2  05 rr                ORA     tmp0+1
002182r 2  8D rr rr             STA     set_lit_mask+1
002185r 2  60                   RTS
002186r 2               
002186r 2               ; parse_set_literal — current token is '['. Supports [] and constant integer
002186r 2               ; items/ranges like [1,3,5] and [3..6]. Elements must be 0..15 in this build.
002186r 2               parse_set_literal:
002186r 2  A9 00                LDA     #0
002188r 2  8D rr rr             STA     set_lit_mask
00218Br 2  8D rr rr             STA     set_lit_mask+1
00218Er 2  20 rr rr             JSR     next_token              ; consume '['
002191r 2  A5 rr                LDA     tok_type
002193r 2  C9 1E                CMP     #TOK_RBRACK
002195r 2  D0 03                BNE     @psl_item
002197r 2  4C rr rr             JMP     @psl_close
00219Ar 2               @psl_item:
00219Ar 2  A5 rr                LDA     tok_type
00219Cr 2  C9 02                CMP     #TOK_INT
00219Er 2  D0 55                BNE     @psl_bad_item
0021A0r 2  A5 rr                LDA     tok_ival_hi
0021A2r 2  D0 51                BNE     @psl_bad_item
0021A4r 2  A5 rr                LDA     tok_ival_lo
0021A6r 2  C9 10                CMP     #16
0021A8r 2  B0 4B                BCS     @psl_bad_item
0021AAr 2  8D rr rr             STA     set_lit_lo
0021ADr 2  20 rr rr             JSR     next_token              ; consume item lo
0021B0r 2  A5 rr                LDA     tok_type
0021B2r 2  C9 23                CMP     #TOK_DOTDOT
0021B4r 2  D0 37                BNE     @psl_single
0021B6r 2  20 rr rr             JSR     next_token              ; consume ..
0021B9r 2  A5 rr                LDA     tok_type
0021BBr 2  C9 02                CMP     #TOK_INT
0021BDr 2  D0 3E                BNE     @psl_bad_range
0021BFr 2  A5 rr                LDA     tok_ival_hi
0021C1r 2  D0 3A                BNE     @psl_bad_range
0021C3r 2  A5 rr                LDA     tok_ival_lo
0021C5r 2  C9 10                CMP     #16
0021C7r 2  B0 34                BCS     @psl_bad_range
0021C9r 2  8D rr rr             STA     set_lit_hi
0021CCr 2  CD rr rr             CMP     set_lit_lo
0021CFr 2  90 2C                BCC     @psl_bad_range
0021D1r 2  20 rr rr             JSR     next_token              ; consume item hi
0021D4r 2  AD rr rr             LDA     set_lit_lo
0021D7r 2  8D rr rr             STA     set_lit_cur
0021DAr 2               @psl_range_loop:
0021DAr 2  AD rr rr             LDA     set_lit_cur
0021DDr 2  20 rr rr             JSR     set_lit_add_value
0021E0r 2  AD rr rr             LDA     set_lit_cur
0021E3r 2  CD rr rr             CMP     set_lit_hi
0021E6r 2  F0 21                BEQ     @psl_after_item
0021E8r 2  EE rr rr             INC     set_lit_cur
0021EBr 2  80 ED                BRA     @psl_range_loop
0021EDr 2               @psl_single:
0021EDr 2  AD rr rr             LDA     set_lit_lo
0021F0r 2  20 rr rr             JSR     set_lit_add_value
0021F3r 2  80 14                BRA     @psl_after_item
0021F5r 2               @psl_bad_item:
0021F5r 2  20 rr rr             JSR     set_lit_type_error
0021F8r 2  20 rr rr             JSR     next_token
0021FBr 2  80 0C                BRA     @psl_after_item
0021FDr 2               @psl_bad_range:
0021FDr 2  20 rr rr             JSR     set_lit_type_error
002200r 2  A5 rr                LDA     tok_type
002202r 2  C9 02                CMP     #TOK_INT
002204r 2  D0 03                BNE     @psl_after_item
002206r 2  20 rr rr             JSR     next_token
002209r 2               @psl_after_item:
002209r 2  A5 rr                LDA     tok_type
00220Br 2  C9 1F                CMP     #TOK_COMMA
00220Dr 2  D0 05                BNE     @psl_done_items
00220Fr 2  20 rr rr             JSR     next_token
002212r 2  80 86                BRA     @psl_item
002214r 2               @psl_done_items:
002214r 2  A5 rr                LDA     tok_type
002216r 2  C9 1E                CMP     #TOK_RBRACK
002218r 2  F0 0D                BEQ     @psl_close
00221Ar 2  A9 rr                LDA     #<err_expected_rb
00221Cr 2  85 rr                STA     tmp0
00221Er 2  A9 rr                LDA     #>err_expected_rb
002220r 2  85 rr                STA     tmp0+1
002222r 2  20 rr rr             JSR     compile_error
002225r 2  80 03                BRA     @psl_emit
002227r 2               @psl_close:
002227r 2  20 rr rr             JSR     next_token              ; consume ']'
00222Ar 2               @psl_emit:
00222Ar 2  AD rr rr             LDA     set_lit_mask+1
00222Dr 2  85 rr                STA     scratch
00222Fr 2  AD rr rr             LDA     set_lit_mask
002232r 2  20 rr rr             JSR     emit_LDCW
002235r 2  A9 09                LDA     #TY_SET
002237r 2  85 rr                STA     expr_type
002239r 2  60                   RTS
00223Ar 2               
00223Ar 2               ; ---------------------------------------------------------------------------
00223Ar 2               ; parse_factor — literal | set-literal | variable | ( expr ) | NOT factor
00223Ar 2               ; ---------------------------------------------------------------------------
00223Ar 2               parse_factor:
00223Ar 2  A5 rr                LDA     tok_type
00223Cr 2  C9 02                CMP     #TOK_INT
00223Er 2  D0 03                BNE     :+
002240r 2  4C rr rr             JMP     @int_lit
002243r 2               :
002243r 2  C9 05                CMP     #TOK_REAL
002245r 2  D0 03                BNE     :+
002247r 2  4C rr rr             JMP     @real_lit
00224Ar 2               :
00224Ar 2  C9 04                CMP     #TOK_CHAR
00224Cr 2  D0 03                BNE     :+
00224Er 2  4C rr rr             JMP     @char_lit
002251r 2               :
002251r 2  C9 03                CMP     #TOK_STRING
002253r 2  D0 03                BNE     :+
002255r 2  4C rr rr             JMP     @str_lit
002258r 2               :
002258r 2  C9 1D                CMP     #TOK_LBRACK
00225Ar 2  D0 03                BNE     :+
00225Cr 2  4C rr rr             JMP     @set_lit
00225Fr 2               :
00225Fr 2  C9 01                CMP     #TOK_IDENT
002261r 2  D0 03                BNE     :+
002263r 2  4C rr rr             JMP     @ident_or_call
002266r 2               :
002266r 2  C9 1B                CMP     #TOK_LPAREN
002268r 2  D0 03                BNE     :+
00226Ar 2  4C rr rr             JMP     @paren
00226Dr 2               :
00226Dr 2  C9 50                CMP     #TOK_NOT
00226Fr 2  D0 03                BNE     :+
002271r 2  4C rr rr             JMP     @not_expr
002274r 2               :
002274r 2  C9 4F                CMP     #TOK_NIL
002276r 2  D0 03                BNE     :+
002278r 2  4C rr rr             JMP     @nil
00227Br 2               :
00227Br 2  60                   RTS
00227Cr 2               
00227Cr 2               @int_lit:
00227Cr 2  A5 rr                LDA     tok_ival_lo
00227Er 2  48                   PHA
00227Fr 2  A5 rr                LDA     tok_ival_hi
002281r 2  D0 11                BNE     @big_int
002283r 2  68                   PLA
002284r 2  30 0B                BMI     @big_int_lo     ; lo's bit 7 set — LDCI would sign-extend wrongly
002286r 2  20 rr rr             JSR     emit_LDCI
002289r 2  20 rr rr             JSR     next_token
00228Cr 2  A9 01                LDA     #TY_INT
00228Er 2  85 rr                STA     expr_type
002290r 2  60                   RTS
002291r 2               @big_int_lo:
002291r 2  48                   PHA
002292r 2  A9 00                LDA     #0
002294r 2               @big_int:
002294r 2  85 rr                STA     scratch
002296r 2  68                   PLA
002297r 2  20 rr rr             JSR     emit_LDCW
00229Ar 2  20 rr rr             JSR     next_token
00229Dr 2  A9 01                LDA     #TY_INT
00229Fr 2  85 rr                STA     expr_type
0022A1r 2  60                   RTS
0022A2r 2               
0022A2r 2               @real_lit:
0022A2r 2  A5 rr                LDA     tok_ival_hi
0022A4r 2  85 rr                STA     scratch
0022A6r 2  A5 rr                LDA     tok_ival_lo
0022A8r 2  20 rr rr             JSR     emit_LDCW
0022ABr 2  20 rr rr             JSR     next_token
0022AEr 2  A9 0A                LDA     #TY_REAL
0022B0r 2  85 rr                STA     expr_type
0022B2r 2  60                   RTS
0022B3r 2               
0022B3r 2               @char_lit:
0022B3r 2  A5 rr                LDA     tok_ival_lo
0022B5r 2  20 rr rr             JSR     emit_LDCC
0022B8r 2  20 rr rr             JSR     next_token
0022BBr 2  A9 02                LDA     #TY_CHAR
0022BDr 2  85 rr                STA     expr_type
0022BFr 2  60                   RTS
0022C0r 2               
0022C0r 2               @str_lit:
0022C0r 2               ; Inline string: emit OP_LDCS + length + chars.  Runtime pushes the
0022C0r 2               ; address of the length byte as a Pascal-string pointer.
0022C0r 2  20 rr rr             JSR     emit_LDCS
0022C3r 2  20 rr rr             JSR     next_token
0022C6r 2  A9 04                LDA     #TY_STRING
0022C8r 2  85 rr                STA     expr_type
0022CAr 2  60                   RTS
0022CBr 2               
0022CBr 2               @set_lit:
0022CBr 2  20 rr rr             JSR     parse_set_literal
0022CEr 2  60                   RTS
0022CFr 2               
0022CFr 2               @ident_or_call:
0022CFr 2               ; First check for built-ins (LENGTH/POS/COPY/CONCAT/EOF/EOLN/TRUE/FALSE)
0022CFr 2               ; by length+initial.  These take precedence over user identifiers
0022CFr 2               ; (matching WRITE/READ handling in parse_assign_or_call).  All dispatch
0022CFr 2               ; branches use JMPs because the target blocks are scattered too far for
0022CFr 2               ; ±127 byte BEQ range.
0022CFr 2  AD rr rr             LDA     ident_buf
0022D2r 2  C9 03                CMP     #3
0022D4r 2  D0 03                BNE     @bi_dn3
0022D6r 2  4C rr rr             JMP     @bi_chk3
0022D9r 2               @bi_dn3:
0022D9r 2  C9 04                CMP     #4
0022DBr 2  D0 03                BNE     @bi_dn4
0022DDr 2  4C rr rr             JMP     @bi_chk4
0022E0r 2               @bi_dn4:
0022E0r 2  C9 05                CMP     #5
0022E2r 2  D0 03                BNE     @bi_dn5
0022E4r 2  4C rr rr             JMP     @bi_chk5
0022E7r 2               @bi_dn5:
0022E7r 2  C9 06                CMP     #6
0022E9r 2  D0 03                BNE     @bi_dn6
0022EBr 2  4C rr rr             JMP     @bi_chk_len_or_cat
0022EEr 2               @bi_dn6:
0022EEr 2  4C rr rr             JMP     @do_lookup
0022F1r 2               @bi_chk4:
0022F1r 2               ; 4-letter built-ins: COPY, EOLN, TRUE
0022F1r 2  AD rr rr             LDA     ident_buf+1
0022F4r 2  C9 43                CMP     #'C'
0022F6r 2  D0 03                BNE     :+
0022F8r 2  4C rr rr             JMP     @bi_chk_copy
0022FBr 2               :
0022FBr 2  C9 45                CMP     #'E'
0022FDr 2  F0 07                BEQ     @bi_try_eoln
0022FFr 2  C9 54                CMP     #'T'
002301r 2  F0 1B                BEQ     @bi_try_true
002303r 2  4C rr rr             JMP     @do_lookup
002306r 2               @bi_try_eoln:
002306r 2  AD rr rr             LDA     ident_buf+2
002309r 2  C9 4F                CMP     #'O'
00230Br 2  D0 29                BNE     @bi4_no
00230Dr 2  AD rr rr             LDA     ident_buf+3
002310r 2  C9 4C                CMP     #'L'
002312r 2  D0 22                BNE     @bi4_no
002314r 2  AD rr rr             LDA     ident_buf+4
002317r 2  C9 4E                CMP     #'N'
002319r 2  D0 1B                BNE     @bi4_no
00231Br 2  4C rr rr             JMP     parse_builtin_eoln
00231Er 2               @bi_try_true:
00231Er 2  AD rr rr             LDA     ident_buf+2
002321r 2  C9 52                CMP     #'R'
002323r 2  D0 11                BNE     @bi4_no
002325r 2  AD rr rr             LDA     ident_buf+3
002328r 2  C9 55                CMP     #'U'
00232Ar 2  D0 0A                BNE     @bi4_no
00232Cr 2  AD rr rr             LDA     ident_buf+4
00232Fr 2  C9 45                CMP     #'E'
002331r 2  D0 03                BNE     @bi4_no
002333r 2  4C rr rr             JMP     parse_builtin_true
002336r 2               @bi4_no:
002336r 2  4C rr rr             JMP     @do_lookup
002339r 2               @bi_chk5:
002339r 2               ; 5-letter built-ins: FALSE
002339r 2  AD rr rr             LDA     ident_buf+1
00233Cr 2  C9 46                CMP     #'F'
00233Er 2  D0 1F                BNE     @bi5_no
002340r 2  AD rr rr             LDA     ident_buf+2
002343r 2  C9 41                CMP     #'A'
002345r 2  D0 18                BNE     @bi5_no
002347r 2  AD rr rr             LDA     ident_buf+3
00234Ar 2  C9 4C                CMP     #'L'
00234Cr 2  D0 11                BNE     @bi5_no
00234Er 2  AD rr rr             LDA     ident_buf+4
002351r 2  C9 53                CMP     #'S'
002353r 2  D0 0A                BNE     @bi5_no
002355r 2  AD rr rr             LDA     ident_buf+5
002358r 2  C9 45                CMP     #'E'
00235Ar 2  D0 03                BNE     @bi5_no
00235Cr 2  4C rr rr             JMP     parse_builtin_false
00235Fr 2               @bi5_no:
00235Fr 2  4C rr rr             JMP     @do_lookup
002362r 2               @bi_chk3:
002362r 2               ; 3-letter built-ins: POS, EOF
002362r 2  AD rr rr             LDA     ident_buf+1
002365r 2  C9 50                CMP     #'P'
002367r 2  F0 17                BEQ     @bi_chk_pos
002369r 2  C9 45                CMP     #'E'
00236Br 2  F0 02                BEQ     @bi_chk_eof
00236Dr 2  80 6E                BRA     @do_lookup
00236Fr 2               @bi_chk_eof:
00236Fr 2  AD rr rr             LDA     ident_buf+2
002372r 2  C9 4F                CMP     #'O'
002374r 2  D0 67                BNE     @do_lookup
002376r 2  AD rr rr             LDA     ident_buf+3
002379r 2  C9 46                CMP     #'F'
00237Br 2  D0 60                BNE     @do_lookup
00237Dr 2  4C rr rr             JMP     parse_builtin_eof
002380r 2               @bi_chk_pos:
002380r 2  AD rr rr             LDA     ident_buf+2
002383r 2  C9 4F                CMP     #'O'
002385r 2  D0 56                BNE     @do_lookup
002387r 2  AD rr rr             LDA     ident_buf+3
00238Ar 2  C9 53                CMP     #'S'
00238Cr 2  D0 4F                BNE     @do_lookup
00238Er 2  4C rr rr             JMP     parse_builtin_pos
002391r 2               @bi_chk_copy:
002391r 2  AD rr rr             LDA     ident_buf+1
002394r 2  C9 43                CMP     #'C'
002396r 2  D0 45                BNE     @do_lookup
002398r 2  AD rr rr             LDA     ident_buf+2
00239Br 2  C9 4F                CMP     #'O'
00239Dr 2  D0 3E                BNE     @do_lookup
00239Fr 2  AD rr rr             LDA     ident_buf+3
0023A2r 2  C9 50                CMP     #'P'
0023A4r 2  D0 37                BNE     @do_lookup
0023A6r 2  AD rr rr             LDA     ident_buf+4
0023A9r 2  C9 59                CMP     #'Y'
0023ABr 2  D0 30                BNE     @do_lookup
0023ADr 2  4C rr rr             JMP     parse_builtin_copy
0023B0r 2               @bi_chk_len_or_cat:
0023B0r 2  AD rr rr             LDA     ident_buf+1
0023B3r 2  C9 4C                CMP     #'L'
0023B5r 2  F0 15                BEQ     @bi_try_length
0023B7r 2  C9 43                CMP     #'C'
0023B9r 2  D0 22                BNE     @do_lookup
0023BBr 2               ; CONCAT? check 'O','N','C','A','T'
0023BBr 2  AD rr rr             LDA     ident_buf+2
0023BEr 2  C9 4F                CMP     #'O'
0023C0r 2  D0 1B                BNE     @do_lookup
0023C2r 2  AD rr rr             LDA     ident_buf+3
0023C5r 2  C9 4E                CMP     #'N'
0023C7r 2  D0 14                BNE     @do_lookup
0023C9r 2  4C rr rr             JMP     parse_builtin_concat
0023CCr 2               @bi_try_length:
0023CCr 2  AD rr rr             LDA     ident_buf+2
0023CFr 2  C9 45                CMP     #'E'
0023D1r 2  D0 0A                BNE     @do_lookup
0023D3r 2  AD rr rr             LDA     ident_buf+3
0023D6r 2  C9 4E                CMP     #'N'
0023D8r 2  D0 03                BNE     @do_lookup
0023DAr 2  4C rr rr             JMP     parse_builtin_length
0023DDr 2               @do_lookup:
0023DDr 2  20 rr rr             JSR     with_lookup_field
0023E0r 2  90 03                BCC     @lookup_symtab
0023E2r 2  4C rr rr             JMP     parse_with_field_load
0023E5r 2               @lookup_symtab:
0023E5r 2               ; Look up BEFORE next_token — next_token may overwrite ident_buf
0023E5r 2               ; if the following token is an identifier or keyword (e.g. J THEN).
0023E5r 2  20 rr rr             JSR     symtab_find
0023E8r 2  B0 0F                BCS     @sym_ok
0023EAr 2  20 rr rr             JSR     next_token      ; consume ident
0023EDr 2  A9 00                LDA     #0
0023EFr 2  85 rr                STA     scratch
0023F1r 2  20 rr rr             JSR     emit_LDCW       ; undefined: emit 0
0023F4r 2  A9 01                LDA     #TY_INT
0023F6r 2  85 rr                STA     expr_type
0023F8r 2  60                   RTS
0023F9r 2               @sym_ok:
0023F9r 2               ; Snapshot kind/type/scope/offset/pcount onto the 6502 stack —
0023F9r 2               ; sym_save_* would conflict with parse_assign_or_call when this
0023F9r 2               ; @ident_or_call runs inside a nested parse_expression.
0023F9r 2  A0 16                LDY     #22
0023FBr 2  B1 rr                LDA     (tmp3),y
0023FDr 2  8D rr rr             STA     fcall_vmask     ; (only meaningful for SYM_FUNC)
002400r 2  A0 17                LDY     #23
002402r 2  B1 rr                LDA     (tmp3),y
002404r 2  8D rr rr             STA     fcall_lsize     ; full local-area size for MRKSTK
002407r 2  A0 18                LDY     #24
002409r 2  A2 00                LDX     #0
00240Br 2               @copy_fptypes:
00240Br 2  B1 rr                LDA     (tmp3),y
00240Dr 2  9D rr rr             STA     fcall_param_types,x
002410r 2  C8                   INY
002411r 2  E8                   INX
002412r 2  E0 08                CPX     #8
002414r 2  90 F5                BCC     @copy_fptypes
002416r 2  A0 15                LDY     #21
002418r 2  B1 rr                LDA     (tmp3),y
00241Ar 2  48                   PHA                     ; pcount (deepest)
00241Br 2  A0 10                LDY     #16
00241Dr 2  B1 rr                LDA     (tmp3),y
00241Fr 2  48                   PHA                     ; kind
002420r 2  A0 11                LDY     #17
002422r 2  B1 rr                LDA     (tmp3),y
002424r 2  85 rr                STA     expr_type       ; data type code
002426r 2  A0 14                LDY     #20
002428r 2  B1 rr                LDA     (tmp3),y
00242Ar 2  48                   PHA                     ; scope
00242Br 2  A0 13                LDY     #19
00242Dr 2  B1 rr                LDA     (tmp3),y
00242Fr 2  48                   PHA                     ; off hi
002430r 2  A0 12                LDY     #18
002432r 2  B1 rr                LDA     (tmp3),y
002434r 2  48                   PHA                     ; off lo (top)
002435r 2  20 rr rr             JSR     next_token      ; consume ident (may overwrite ident_buf/tmp3)
002438r 2  68                   PLA                     ; off lo
002439r 2  AA                   TAX                     ; X = off lo
00243Ar 2  68                   PLA                     ; off hi
00243Br 2  85 rr                STA     scratch         ; scratch = off hi
00243Dr 2  68                   PLA                     ; scope
00243Er 2  A8                   TAY                     ; Y = scope (preserved across kind test)
00243Fr 2  68                   PLA                     ; kind
002440r 2  C9 04                CMP     #SYM_FUNC
002442r 2  D0 03                BNE     :+
002444r 2  4C rr rr             JMP     @sym_func_call
002447r 2               :
002447r 2  C9 02                CMP     #SYM_CONST
002449r 2  D0 03                BNE     :+
00244Br 2  4C rr rr             JMP     @const_emit
00244Er 2               :
00244Er 2  C9 08                CMP     #SYM_VARREF
002450r 2  D0 03                BNE     :+
002452r 2  4C rr rr             JMP     @varref_load
002455r 2               :
002455r 2               ; SYM_VAR (default; PROC also falls through here for now)
002455r 2  68                   PLA                     ; discard pcount
002456r 2  C0 00                CPY     #0
002458r 2  D0 25                BNE     @local_load
00245Ar 2               ; global SYM_VAR — check for array subscript, record field, or TEXT file
00245Ar 2  A5 rr                LDA     expr_type
00245Cr 2  C9 05                CMP     #TY_ARRAY
00245Er 2  F0 13                BEQ     @arr_rhs_global
002460r 2  C9 06                CMP     #TY_RECORD
002462r 2  F0 15                BEQ     @rec_rhs_global
002464r 2  C9 08                CMP     #TY_TEXT
002466r 2  F0 07                BEQ     @text_rhs_global
002468r 2  8A                   TXA
002469r 2  20 rr rr             JSR     emit_LDG
00246Cr 2  4C rr rr             JMP     @maybe_deref_ptr
00246Fr 2               @text_rhs_global:
00246Fr 2  8A                   TXA                     ; push struct address, leave expr_type=TY_TEXT
002470r 2  4C rr rr             JMP     emit_LDA_G
002473r 2               @arr_rhs_global:
002473r 2  8A                   TXA                     ; A=off_lo, scratch=off_hi still valid
002474r 2  20 rr rr             JSR     emit_LDA_G
002477r 2  80 23                BRA     @arr_rhs_index
002479r 2               @rec_rhs_global:
002479r 2  8A                   TXA                     ; A=off_lo, scratch=off_hi
00247Ar 2  20 rr rr             JSR     emit_LDA_G
00247Dr 2  80 4A                BRA     @rec_rhs_field
00247Fr 2               @local_load:
00247Fr 2  A5 rr                LDA     expr_type
002481r 2  C9 05                CMP     #TY_ARRAY
002483r 2  F0 13                BEQ     @arr_rhs_local
002485r 2  C9 06                CMP     #TY_RECORD
002487r 2  F0 3C                BEQ     @rec_rhs_local
002489r 2  C9 08                CMP     #TY_TEXT
00248Br 2  F0 07                BEQ     @text_rhs_local
00248Dr 2  8A                   TXA
00248Er 2  20 rr rr             JSR     emit_LDL
002491r 2                       ; fall through to @maybe_deref_ptr
002491r 2               @maybe_deref_ptr:
002491r 2  4C rr rr             JMP     maybe_deref_loaded_ptr
002494r 2               @text_rhs_local:
002494r 2  8A                   TXA
002495r 2  4C rr rr             JMP     emit_LDA_L
002498r 2               @arr_rhs_local:
002498r 2  8A                   TXA
002499r 2  20 rr rr             JSR     emit_LDA_L
00249Cr 2               @arr_rhs_index:
00249Cr 2               ; parse [index], emit INDEX, LDIND
00249Cr 2  AD rr rr             LDA     fcall_vmask
00249Fr 2  48                   PHA
0024A0r 2  A5 rr                LDA     tok_type
0024A2r 2  C9 1D                CMP     #TOK_LBRACK
0024A4r 2  D0 03                BNE     :+
0024A6r 2  20 rr rr             JSR     next_token
0024A9r 2  20 rr rr     :       JSR     parse_expression    ; clobbers expr_type, scratch, tmp*
0024ACr 2  A5 rr                LDA     tok_type
0024AEr 2  C9 1E                CMP     #TOK_RBRACK
0024B0r 2  D0 03                BNE     :+
0024B2r 2  20 rr rr             JSR     next_token
0024B5r 2  A9 00        :       LDA     #0
0024B7r 2  85 rr                STA     scratch
0024B9r 2  A9 02                LDA     #2
0024BBr 2  20 rr rr             JSR     emit_INDEX
0024BEr 2  20 rr rr             JSR     emit_LDIND
0024C1r 2  68                   PLA
0024C2r 2  85 rr                STA     expr_type
0024C4r 2  60                   RTS
0024C5r 2               @rec_rhs_local:
0024C5r 2  8A                   TXA
0024C6r 2  20 rr rr             JSR     emit_LDA_L
0024C9r 2               @rec_rhs_field:
0024C9r 2               ; Chained field access loop: TOS holds &cur_record_base.
0024C9r 2               ; fcall_vmask = current record's first_field, fcall_lsize = its count.
0024C9r 2               ; Each iteration consumes ".name" and walks one level deeper.  When the
0024C9r 2               ; resolved field is itself a RECORD and another '.' follows, repeat;
0024C9r 2               ; otherwise emit LDIND on the final scalar address.
0024C9r 2  A5 rr                LDA     tok_type
0024CBr 2  C9 22                CMP     #TOK_DOT
0024CDr 2  F0 0D                BEQ     @rrf_chain
0024CFr 2  AD rr rr             LDA     fcall_vmask
0024D2r 2  8D rr rr             STA     expr_record_first
0024D5r 2  AD rr rr             LDA     fcall_lsize
0024D8r 2  8D rr rr             STA     expr_record_count
0024DBr 2  60                   RTS
0024DCr 2               @rrf_chain:
0024DCr 2               ; consume '.'
0024DCr 2  A5 rr                LDA     tok_type
0024DEr 2  C9 22                CMP     #TOK_DOT
0024E0r 2  D0 03                BNE     :+
0024E2r 2  20 rr rr             JSR     next_token
0024E5r 2               :
0024E5r 2               ; field name now in ident_buf — look up in current record
0024E5r 2  AD rr rr             LDA     fcall_vmask     ; first_field_idx
0024E8r 2  AE rr rr             LDX     fcall_lsize     ; field_count
0024EBr 2  20 rr rr             JSR     field_lookup_in_record
0024EEr 2  90 5F                BCC     @rec_rhs_nf
0024F0r 2               ; A=offset, X=type, tmp3=matched index. Stash all three across emits.
0024F0r 2  48                   PHA                     ; save offset
0024F1r 2  8A                   TXA
0024F2r 2  8D rr rr             STA     field_chain_type
0024F5r 2  A5 rr                LDA     tmp3
0024F7r 2  AA                   TAX
0024F8r 2  BD rr rr             LDA     field_nested_first,x
0024FBr 2  8D rr rr             STA     field_chain_first
0024FEr 2  BD rr rr             LDA     field_nested_count,x
002501r 2  8D rr rr             STA     field_chain_count
002504r 2  68                   PLA                     ; offset back; PLA sets Z
002505r 2  F0 06                BEQ     @rrf_no_off
002507r 2  20 rr rr             JSR     emit_LDCI
00250Ar 2  20 rr rr             JSR     emit_ADI
00250Dr 2               @rrf_no_off:
00250Dr 2  20 rr rr             JSR     next_token              ; consume field name
002510r 2               ; If field type is RECORD AND next token is '.', chain into it.
002510r 2  AD rr rr             LDA     field_chain_type
002513r 2  C9 06                CMP     #TY_RECORD
002515r 2  D0 14                BNE     @rrf_done_chain
002517r 2  A5 rr                LDA     tok_type
002519r 2  C9 22                CMP     #TOK_DOT
00251Br 2  D0 0E                BNE     @rrf_done_chain
00251Dr 2  AD rr rr             LDA     field_chain_first
002520r 2  8D rr rr             STA     fcall_vmask
002523r 2  AD rr rr             LDA     field_chain_count
002526r 2  8D rr rr             STA     fcall_lsize
002529r 2  80 B1                BRA     @rrf_chain
00252Br 2               @rrf_done_chain:
00252Br 2               ; Final step: scalar fields → LDIND value; record fields stay as
00252Br 2               ; addresses (so calling code sees them as TY_RECORD pointers).
00252Br 2  AD rr rr             LDA     field_chain_type
00252Er 2  C9 06                CMP     #TY_RECORD
002530r 2  F0 0B                BEQ     @rrf_rec_result
002532r 2  20 rr rr             JSR     emit_LDIND
002535r 2  AD rr rr             LDA     field_chain_type
002538r 2  85 rr                STA     expr_type
00253Ar 2  4C rr rr             JMP     maybe_deref_loaded_ptr
00253Dr 2               @rrf_rec_result:
00253Dr 2  AD rr rr             LDA     field_chain_first
002540r 2  8D rr rr             STA     expr_record_first
002543r 2  AD rr rr             LDA     field_chain_count
002546r 2  8D rr rr             STA     expr_record_count
002549r 2  AD rr rr             LDA     field_chain_type
00254Cr 2  85 rr                STA     expr_type
00254Er 2  60                   RTS
00254Fr 2               @rec_rhs_nf:
00254Fr 2  A9 rr                LDA     #<err_undef
002551r 2  85 rr                STA     tmp0
002553r 2  A9 rr                LDA     #>err_undef
002555r 2  85 rr                STA     tmp0+1
002557r 2  20 rr rr             JSR     compile_error
00255Ar 2  20 rr rr             JSR     next_token      ; consume bad field name
00255Dr 2  20 rr rr             JSR     emit_LDIND      ; keep stack balanced
002560r 2  A9 01                LDA     #TY_INT
002562r 2  85 rr                STA     expr_type
002564r 2  60                   RTS
002565r 2               @varref_load:
002565r 2               ; SYM_VARREF: local slot holds an address. Compound types keep that
002565r 2               ; address as their expression result; scalars load through it.
002565r 2  68                   PLA                     ; discard pcount
002566r 2  8A                   TXA
002567r 2  20 rr rr             JSR     emit_LDL        ; push address from slot
00256Ar 2  A5 rr                LDA     expr_type
00256Cr 2  C9 06                CMP     #TY_RECORD
00256Er 2  F0 0E                BEQ     @vrf_addr
002570r 2  C9 05                CMP     #TY_ARRAY
002572r 2  F0 0A                BEQ     @vrf_addr
002574r 2  C9 08                CMP     #TY_TEXT
002576r 2  F0 06                BEQ     @vrf_addr
002578r 2  20 rr rr             JSR     emit_LDIND      ; deref → push word
00257Br 2  4C rr rr             JMP     maybe_deref_loaded_ptr
00257Er 2               @vrf_addr:
00257Er 2  C9 06                CMP     #TY_RECORD
002580r 2  D0 0C                BNE     :+
002582r 2  AD rr rr             LDA     fcall_vmask
002585r 2  8D rr rr             STA     expr_record_first
002588r 2  AD rr rr             LDA     fcall_lsize
00258Br 2  8D rr rr             STA     expr_record_count
00258Er 2  60           :       RTS
00258Fr 2               @const_emit:
00258Fr 2               ; CONST: offset bytes hold the literal value. X=lo, scratch=hi.
00258Fr 2  68                   PLA                     ; discard pcount
002590r 2  8A                   TXA
002591r 2  20 rr rr             JSR     emit_LDCW
002594r 2  60                   RTS
002595r 2               @sym_func_call:
002595r 2               ; SYM_FUNC: emit args, then MRKA + CALL.  Result is left on TOS by op_RETF.
002595r 2               ; expr_type is the function's return type (already set).
002595r 2               ; X=off lo, scratch=off hi, top of 6502 stack = pcount.
002595r 2               ; NOTE: still not nest-safe inside one arg expression — fcall_pcount and
002595r 2               ; fcall_vmask live in zero-page across the loop and a nested function-call
002595r 2               ; arg would clobber them.  Pre-existing limitation; tracked as TODO.
002595r 2               ;
002595r 2               ; Args are evaluated BEFORE MRKA so LDL/LDA_L inside arg expressions
002595r 2               ; addresses the caller's MP (not the callee's).  MRKA then shifts the
002595r 2               ; pcount pushed values up by AR_LOCALS into local slots 0..pcount-1.
002595r 2               ;
002595r 2               ; lsize_extra is computed up-front and stashed on the 6502 hw stack so
002595r 2               ; record-field lookup inside an arg (which scratches fcall_lsize) cannot
002595r 2               ; corrupt the MRKA operand we emit at the end.
002595r 2  8E rr rr             STX     fcall_lo
002598r 2  A5 rr                LDA     scratch
00259Ar 2  8D rr rr             STA     fcall_hi
00259Dr 2  A5 rr                LDA     expr_type
00259Fr 2  8D rr rr             STA     fcall_type      ; preserve across parse_expression
0025A2r 2  68                   PLA                     ; pcount
0025A3r 2  8D rr rr             STA     fcall_pcount
0025A6r 2               ; Compute lsize_extra now (before any parse_expression call may clobber
0025A6r 2               ; fcall_lsize) and push it onto the 6502 hw stack.
0025A6r 2  AD rr rr             LDA     fcall_lsize
0025A9r 2  38                   SEC
0025AAr 2  ED rr rr             SBC     fcall_pcount
0025ADr 2  ED rr rr             SBC     fcall_pcount
0025B0r 2  48                   PHA                     ; saved lsize_extra
0025B1r 2  AD rr rr             LDA     fcall_pcount
0025B4r 2  F0 4B                BEQ     @fc_no_args
0025B6r 2               ; expect '('
0025B6r 2  A5 rr                LDA     tok_type
0025B8r 2  C9 1B                CMP     #TOK_LPAREN
0025BAr 2  D0 57                BNE     @fc_emit_call
0025BCr 2  20 rr rr             JSR     next_token      ; consume '('
0025BFr 2  A2 00                LDX     #0              ; X = arg index
0025C1r 2               @fc_arg_loop:
0025C1r 2               ; Bit X of fcall_vmask → VAR (push address); else value.
0025C1r 2  DA                   PHX
0025C2r 2  A9 01                LDA     #1
0025C4r 2               @fcvbit:
0025C4r 2  E0 00                CPX     #0
0025C6r 2  F0 04                BEQ     @fcvdone
0025C8r 2  0A                   ASL
0025C9r 2  CA                   DEX
0025CAr 2  80 F8                BRA     @fcvbit
0025CCr 2               @fcvdone:
0025CCr 2  FA                   PLX
0025CDr 2  2D rr rr             AND     fcall_vmask
0025D0r 2  F0 07                BEQ     @fc_arg_value
0025D2r 2  DA                   PHX
0025D3r 2  20 rr rr             JSR     parse_arg_lvalue
0025D6r 2  FA                   PLX
0025D7r 2  80 0B                BRA     @fc_arg_stored
0025D9r 2               @fc_arg_value:
0025D9r 2  DA                   PHX
0025DAr 2  20 rr rr             JSR     parse_expression
0025DDr 2  FA                   PLX
0025DEr 2  BD rr rr             LDA     fcall_param_types,x
0025E1r 2  20 rr rr             JSR     coerce_expr_to_target_type
0025E4r 2               @fc_arg_stored:
0025E4r 2               ; Value (or address for VAR) left on stack — MRKA gathers them later.
0025E4r 2  E8                   INX
0025E5r 2  EC rr rr             CPX     fcall_pcount
0025E8r 2  B0 0C                BCS     @fc_done_args
0025EAr 2  A5 rr                LDA     tok_type
0025ECr 2  C9 1F                CMP     #TOK_COMMA
0025EEr 2  D0 06                BNE     @fc_done_args
0025F0r 2  20 rr rr             JSR     next_token      ; consume ','
0025F3r 2  4C rr rr             JMP     @fc_arg_loop    ; jmp — body grew past bra range
0025F6r 2               @fc_done_args:
0025F6r 2  A5 rr                LDA     tok_type
0025F8r 2  C9 1C                CMP     #TOK_RPAREN
0025FAr 2  D0 17                BNE     @fc_emit_call
0025FCr 2  20 rr rr             JSR     next_token      ; consume ')'
0025FFr 2  80 12                BRA     @fc_emit_call
002601r 2               @fc_no_args:
002601r 2               ; Accept optional "()"
002601r 2  A5 rr                LDA     tok_type
002603r 2  C9 1B                CMP     #TOK_LPAREN
002605r 2  D0 0C                BNE     @fc_emit_call
002607r 2  20 rr rr             JSR     next_token
00260Ar 2  A5 rr                LDA     tok_type
00260Cr 2  C9 1C                CMP     #TOK_RPAREN
00260Er 2  D0 03                BNE     @fc_emit_call
002610r 2  20 rr rr             JSR     next_token
002613r 2               @fc_emit_call:
002613r 2               ; Emit MRKA <pcount> <lsize_extra>; pop saved lsize_extra from hw stack
002613r 2               ; (fcall_lsize may have been clobbered by record-field lookup in args).
002613r 2  68                   PLA
002614r 2  AA                   TAX                     ; X = saved lsize_extra
002615r 2  AD rr rr             LDA     fcall_pcount    ; A = pcount
002618r 2  20 rr rr             JSR     emit_MRKA
00261Br 2               ; Emit CALL.
00261Br 2  AD rr rr             LDA     fcall_lo
00261Er 2  0D rr rr             ORA     fcall_hi
002621r 2  D0 0B                BNE     :+
002623r 2  A9 rr                LDA     #<err_undef
002625r 2  85 rr                STA     tmp0
002627r 2  A9 rr                LDA     #>err_undef
002629r 2  85 rr                STA     tmp0+1
00262Br 2  20 rr rr             JSR     compile_error
00262Er 2  AD rr rr     :       LDA     fcall_hi
002631r 2  85 rr                STA     scratch
002633r 2  AD rr rr             LDA     fcall_lo
002636r 2  20 rr rr             JSR     emit_CALL
002639r 2               ; restore expr_type (parse_expression in args may have changed it)
002639r 2  AD rr rr             LDA     fcall_type
00263Cr 2  85 rr                STA     expr_type
00263Er 2  60                   RTS
00263Fr 2               
00263Fr 2               @paren:
00263Fr 2  20 rr rr             JSR     next_token      ; consume '('
002642r 2  20 rr rr             JSR     parse_expression
002645r 2  A5 rr                LDA     tok_type
002647r 2  C9 1C                CMP     #TOK_RPAREN
002649r 2  D0 03                BNE     :+
00264Br 2  20 rr rr             JSR     next_token
00264Er 2               :
00264Er 2  60                   RTS                     ; expr_type already set by parse_expression
00264Fr 2               
00264Fr 2               @not_expr:
00264Fr 2  20 rr rr             JSR     next_token
002652r 2  20 rr rr             JSR     parse_factor
002655r 2  20 rr rr             JSR     emit_LNOT
002658r 2  A9 03                LDA     #TY_BOOL
00265Ar 2  85 rr                STA     expr_type
00265Cr 2  60                   RTS
00265Dr 2               
00265Dr 2               @nil:
00265Dr 2  20 rr rr             JSR     emit_LDCN
002660r 2  20 rr rr             JSR     next_token
002663r 2  A9 07                LDA     #TY_PTR
002665r 2  85 rr                STA     expr_type
002667r 2  60                   RTS
002668r 2               
002668r 2               ; ---------------------------------------------------------------------------
002668r 2               ; String built-in helpers — entered from parse_factor's @ident_or_call.
002668r 2               ; The identifier is still the current token on entry.
002668r 2               ; ---------------------------------------------------------------------------
002668r 2               
002668r 2               ; Skip current token if it matches A; otherwise just fall through.
002668r 2               ; Used to consume optional punctuation like '(' / ')' / ',' without aborting
002668r 2               ; on a missing token (compile_error elsewhere will catch malformed code).
002668r 2               parse_eat_token:
002668r 2  C5 rr                CMP     tok_type
00266Ar 2  D0 03                BNE     :+
00266Cr 2  4C rr rr             JMP     next_token
00266Fr 2  60           :       RTS
002670r 2               
002670r 2               parse_builtin_length:
002670r 2  20 rr rr             JSR     next_token              ; consume LENGTH
002673r 2  A9 1B                LDA     #TOK_LPAREN
002675r 2  20 rr rr             JSR     parse_eat_token
002678r 2  20 rr rr             JSR     parse_expression        ; pushes string ptr
00267Br 2  A9 1C                LDA     #TOK_RPAREN
00267Dr 2  20 rr rr             JSR     parse_eat_token
002680r 2  20 rr rr             JSR     emit_LEN
002683r 2  A9 01                LDA     #TY_INT
002685r 2  85 rr                STA     expr_type
002687r 2  60                   RTS
002688r 2               
002688r 2               parse_builtin_pos:
002688r 2  20 rr rr             JSR     next_token              ; consume POS
00268Br 2  A9 1B                LDA     #TOK_LPAREN
00268Dr 2  20 rr rr             JSR     parse_eat_token
002690r 2  20 rr rr             JSR     parse_expression        ; substr
002693r 2  A9 1F                LDA     #TOK_COMMA
002695r 2  20 rr rr             JSR     parse_eat_token
002698r 2  20 rr rr             JSR     parse_expression        ; mainstr
00269Br 2  A9 1C                LDA     #TOK_RPAREN
00269Dr 2  20 rr rr             JSR     parse_eat_token
0026A0r 2  20 rr rr             JSR     emit_POS
0026A3r 2  A9 01                LDA     #TY_INT
0026A5r 2  85 rr                STA     expr_type
0026A7r 2  60                   RTS
0026A8r 2               
0026A8r 2               parse_builtin_copy:
0026A8r 2  20 rr rr             JSR     next_token              ; consume COPY
0026ABr 2  A9 1B                LDA     #TOK_LPAREN
0026ADr 2  20 rr rr             JSR     parse_eat_token
0026B0r 2  20 rr rr             JSR     parse_expression        ; src string
0026B3r 2  A9 1F                LDA     #TOK_COMMA
0026B5r 2  20 rr rr             JSR     parse_eat_token
0026B8r 2  20 rr rr             JSR     parse_expression        ; index
0026BBr 2  A9 1F                LDA     #TOK_COMMA
0026BDr 2  20 rr rr             JSR     parse_eat_token
0026C0r 2  20 rr rr             JSR     parse_expression        ; count
0026C3r 2  A9 1C                LDA     #TOK_RPAREN
0026C5r 2  20 rr rr             JSR     parse_eat_token
0026C8r 2  20 rr rr             JSR     emit_COPY
0026CBr 2  A9 04                LDA     #TY_STRING
0026CDr 2  85 rr                STA     expr_type
0026CFr 2  60                   RTS
0026D0r 2               
0026D0r 2               ; CONCAT(s1, s2 [, s3, ...]) — emit chained CONCAT2.  Each pair-merge writes
0026D0r 2               ; into the next round-robin work buffer, so 3+ args work as long as the
0026D0r 2               ; intermediate buffer isn't recycled before being consumed.
0026D0r 2               parse_builtin_concat:
0026D0r 2  20 rr rr             JSR     next_token              ; consume CONCAT
0026D3r 2  A9 1B                LDA     #TOK_LPAREN
0026D5r 2  20 rr rr             JSR     parse_eat_token
0026D8r 2  20 rr rr             JSR     parse_expression        ; first arg on stack
0026DBr 2  A5 rr                LDA     tok_type
0026DDr 2  C9 1F                CMP     #TOK_COMMA
0026DFr 2  F0 0A                BEQ     @cat_more
0026E1r 2               ; Single-arg CONCAT — just leave the string on the stack (rare/edge case).
0026E1r 2  A9 1C                LDA     #TOK_RPAREN
0026E3r 2  20 rr rr             JSR     parse_eat_token
0026E6r 2  A9 04                LDA     #TY_STRING
0026E8r 2  85 rr                STA     expr_type
0026EAr 2  60                   RTS
0026EBr 2               @cat_more:
0026EBr 2  20 rr rr             JSR     next_token              ; consume ','
0026EEr 2  20 rr rr             JSR     parse_expression        ; next arg
0026F1r 2  20 rr rr             JSR     emit_CONCAT             ; merge previous + next
0026F4r 2  A5 rr                LDA     tok_type
0026F6r 2  C9 1F                CMP     #TOK_COMMA
0026F8r 2  F0 F1                BEQ     @cat_more
0026FAr 2  A9 1C                LDA     #TOK_RPAREN
0026FCr 2  20 rr rr             JSR     parse_eat_token
0026FFr 2  A9 04                LDA     #TY_STRING
002701r 2  85 rr                STA     expr_type
002703r 2  60                   RTS
002704r 2               
002704r 2               ; ---------------------------------------------------------------------------
002704r 2               ; File built-in helpers — entered from parse_assign_or_call (statement form)
002704r 2               ; or parse_factor's @ident_or_call (EOF as expression).
002704r 2               ; ---------------------------------------------------------------------------
002704r 2               
002704r 2               ; ASSIGN(filevar, namestring)
002704r 2               parse_builtin_assign:
002704r 2  20 rr rr             JSR     next_token              ; consume ASSIGN
002707r 2  A9 1B                LDA     #TOK_LPAREN
002709r 2  20 rr rr             JSR     parse_eat_token
00270Cr 2  20 rr rr             JSR     parse_expression        ; file ptr (TY_TEXT)
00270Fr 2  A9 1F                LDA     #TOK_COMMA
002711r 2  20 rr rr             JSR     parse_eat_token
002714r 2  20 rr rr             JSR     parse_expression        ; filename string
002717r 2  A9 1C                LDA     #TOK_RPAREN
002719r 2  20 rr rr             JSR     parse_eat_token
00271Cr 2  4C rr rr             JMP     emit_FASSGN
00271Fr 2               
00271Fr 2               parse_builtin_reset:
00271Fr 2  20 rr rr             JSR     next_token              ; consume RESET
002722r 2  A9 1B                LDA     #TOK_LPAREN
002724r 2  20 rr rr             JSR     parse_eat_token
002727r 2  20 rr rr             JSR     parse_expression
00272Ar 2  A9 1C                LDA     #TOK_RPAREN
00272Cr 2  20 rr rr             JSR     parse_eat_token
00272Fr 2  4C rr rr             JMP     emit_FRESET
002732r 2               
002732r 2               parse_builtin_rewrite:
002732r 2  20 rr rr             JSR     next_token              ; consume REWRITE
002735r 2  A9 1B                LDA     #TOK_LPAREN
002737r 2  20 rr rr             JSR     parse_eat_token
00273Ar 2  20 rr rr             JSR     parse_expression
00273Dr 2  A9 1C                LDA     #TOK_RPAREN
00273Fr 2  20 rr rr             JSR     parse_eat_token
002742r 2  4C rr rr             JMP     emit_FREWRT
002745r 2               
002745r 2               parse_builtin_append:
002745r 2  20 rr rr             JSR     next_token              ; consume APPEND
002748r 2  A9 1B                LDA     #TOK_LPAREN
00274Ar 2  20 rr rr             JSR     parse_eat_token
00274Dr 2  20 rr rr             JSR     parse_expression
002750r 2  A9 1C                LDA     #TOK_RPAREN
002752r 2  20 rr rr             JSR     parse_eat_token
002755r 2  4C rr rr             JMP     emit_FAPPND
002758r 2               
002758r 2               parse_builtin_close:
002758r 2  20 rr rr             JSR     next_token              ; consume CLOSE
00275Br 2  A9 1B                LDA     #TOK_LPAREN
00275Dr 2  20 rr rr             JSR     parse_eat_token
002760r 2  20 rr rr             JSR     parse_expression
002763r 2  A9 1C                LDA     #TOK_RPAREN
002765r 2  20 rr rr             JSR     parse_eat_token
002768r 2  4C rr rr             JMP     emit_FCLOSE
00276Br 2               
00276Br 2               parse_builtin_eof:
00276Br 2  20 rr rr             JSR     next_token              ; consume EOF
00276Er 2  A9 1B                LDA     #TOK_LPAREN
002770r 2  20 rr rr             JSR     parse_eat_token
002773r 2  20 rr rr             JSR     parse_expression        ; file ptr (TY_TEXT)
002776r 2  A9 1C                LDA     #TOK_RPAREN
002778r 2  20 rr rr             JSR     parse_eat_token
00277Br 2  20 rr rr             JSR     emit_FEOF
00277Er 2  A9 03                LDA     #TY_BOOL
002780r 2  85 rr                STA     expr_type
002782r 2  60                   RTS
002783r 2               
002783r 2               parse_builtin_eoln:
002783r 2  20 rr rr             JSR     next_token              ; consume EOLN
002786r 2  A9 1B                LDA     #TOK_LPAREN
002788r 2  20 rr rr             JSR     parse_eat_token
00278Br 2  20 rr rr             JSR     parse_expression        ; file ptr (TY_TEXT)
00278Er 2  A9 1C                LDA     #TOK_RPAREN
002790r 2  20 rr rr             JSR     parse_eat_token
002793r 2  20 rr rr             JSR     emit_FEOLN
002796r 2  A9 03                LDA     #TY_BOOL
002798r 2  85 rr                STA     expr_type
00279Ar 2  60                   RTS
00279Br 2               
00279Br 2               ; NEW(p) — bump-allocate 2 bytes (pointer-to-INTEGER, v1) and store the
00279Br 2               ; new heap address into pointer variable p.
00279Br 2               ;   parse_arg_lvalue pushes &p; emit_NEW pushes the fresh pointer; STIND
00279Br 2               ;   takes (NOS=addr, TOS=val) and writes val to addr.
00279Br 2               parse_builtin_new:
00279Br 2  20 rr rr             JSR     next_token              ; consume NEW
00279Er 2  A9 1B                LDA     #TOK_LPAREN
0027A0r 2  20 rr rr             JSR     parse_eat_token
0027A3r 2  20 rr rr             JSR     parse_arg_lvalue        ; push &p
0027A6r 2  A9 1C                LDA     #TOK_RPAREN
0027A8r 2  20 rr rr             JSR     parse_eat_token
0027ABr 2  A9 00                LDA     #0
0027ADr 2  85 rr                STA     scratch                 ; size hi = 0
0027AFr 2  A9 02                LDA     #2                      ; v1: always allocate 2 bytes
0027B1r 2  20 rr rr             JSR     emit_NEW
0027B4r 2  4C rr rr             JMP     emit_STIND
0027B7r 2               
0027B7r 2               ; DISPOSE(p) — bump allocator can't free, so just discard the pointer.
0027B7r 2               parse_builtin_dispose:
0027B7r 2  20 rr rr             JSR     next_token              ; consume DISPOSE
0027BAr 2  A9 1B                LDA     #TOK_LPAREN
0027BCr 2  20 rr rr             JSR     parse_eat_token
0027BFr 2  20 rr rr             JSR     parse_expression        ; push p (value)
0027C2r 2  A9 1C                LDA     #TOK_RPAREN
0027C4r 2  20 rr rr             JSR     parse_eat_token
0027C7r 2  4C rr rr             JMP     emit_DISP
0027CAr 2               
0027CAr 2               ; TRUE / FALSE — predefined boolean constants.  Push 1/0 as TY_BOOL so
0027CAr 2               ; pw_emit_file routes to FWRB ("TRUE"/"FALSE") and pw_emit_console to WRITB.
0027CAr 2               parse_builtin_true:
0027CAr 2  20 rr rr             JSR     next_token              ; consume TRUE
0027CDr 2  A9 01                LDA     #1
0027CFr 2  20 rr rr             JSR     emit_LDCB
0027D2r 2  A9 03                LDA     #TY_BOOL
0027D4r 2  85 rr                STA     expr_type
0027D6r 2  60                   RTS
0027D7r 2               
0027D7r 2               parse_builtin_false:
0027D7r 2  20 rr rr             JSR     next_token              ; consume FALSE
0027DAr 2  A9 00                LDA     #0
0027DCr 2  20 rr rr             JSR     emit_LDCB
0027DFr 2  A9 03                LDA     #TY_BOOL
0027E1r 2  85 rr                STA     expr_type
0027E3r 2  60                   RTS
0027E4r 2               
0027E4r 1                       .include        "SYMTAB.ASM"
0027E4r 2               .PC02
0027E4r 2               ; symtab.asm — symbol table for Pascal/65 compiler
0027E4r 2               ;
0027E4r 2               ; Each entry occupies 16 bytes in the SYMTAB_BASE area:
0027E4r 2               ;   [0]    name length (1-15)
0027E4r 2               ;   [1-15] name chars (uppercase, padded with spaces)
0027E4r 2               ;   [16]   symbol kind: SYM_VAR, SYM_CONST, SYM_PROC, SYM_FUNC, SYM_TYPE, SYM_PARAM
0027E4r 2               ;   [17]   data type:   TY_INT, TY_CHAR, TY_BOOL, TY_STRING, TY_ARRAY, TY_RECORD, TY_PTR, TY_TEXT, TY_SET, TY_REAL
0027E4r 2               ;   [18-19] value/offset (word): variable offset from BASE/MP; const value; proc address
0027E4r 2               ;   [20]   scope depth (0=global)
0027E4r 2               ;   [21]   parameter count (for SYM_PROC/SYM_FUNC)
0027E4r 2               ;   [22-23] type info pointer (for array/record types)
0027E4r 2               ;   [24-31] formal parameter types 0..7 (for SYM_PROC/SYM_FUNC)
0027E4r 2               
0027E4r 2               SYM_ENTRY_SZ    = 32
0027E4r 2               
0027E4r 2               ; Symbol kinds
0027E4r 2               SYM_VAR         = 1
0027E4r 2               SYM_CONST       = 2
0027E4r 2               SYM_PROC        = 3
0027E4r 2               SYM_FUNC        = 4
0027E4r 2               SYM_TYPE        = 5
0027E4r 2               SYM_PARAM       = 6
0027E4r 2               SYM_RETVAL      = 7             ; binding for `funcname := expr` in fn body
0027E4r 2               SYM_VARREF      = 8             ; VAR (by-reference) parameter — local slot holds an address
0027E4r 2               
0027E4r 2               ; Data type codes
0027E4r 2               TY_INT          = 1
0027E4r 2               TY_CHAR         = 2
0027E4r 2               TY_BOOL         = 3
0027E4r 2               TY_STRING       = 4
0027E4r 2               TY_ARRAY        = 5
0027E4r 2               TY_RECORD       = 6
0027E4r 2               TY_PTR          = 7
0027E4r 2               TY_TEXT         = 8             ; TEXT file variable (168-byte struct)
0027E4r 2               TY_SET          = 9             ; 16-bit set mask over element values 0..15
0027E4r 2               TY_REAL         = 10            ; signed fixed-point REAL (scale 100, 2 decimal places)
0027E4r 2               TY_NONE         = 0             ; for procedures
0027E4r 2               
0027E4r 2                       .segment        "CODE"
0027E4r 2               
0027E4r 2               ; Number of entries currently in symbol table
0027E4r 2               symtab_count:
0027E4r 2  00 00                .WORD   0
0027E6r 2               
0027E6r 2               ; ---------------------------------------------------------------------------
0027E6r 2               ; symtab_init — clear symbol table
0027E6r 2               ; ---------------------------------------------------------------------------
0027E6r 2               symtab_init:
0027E6r 2  A9 00                LDA     #0
0027E8r 2  8D rr rr             STA     symtab_count
0027EBr 2  8D rr rr             STA     symtab_count+1
0027EEr 2  8D rr rr             STA     field_table_count
0027F1r 2  8D rr rr             STA     field_depth
0027F4r 2  60                   RTS
0027F5r 2               
0027F5r 2               ; ---------------------------------------------------------------------------
0027F5r 2               ; field_table_add — append a record-field entry
0027F5r 2               ; Inputs:
0027F5r 2               ;   ident_buf = field name (length at [0], chars at [1..])
0027F5r 2               ;   A         = byte offset within the record
0027F5r 2               ;   X         = field data type (TY_*)
0027F5r 2               ; Returns: A = newly-assigned field index (current count - 1)
0027F5r 2               ;          carry set if field table is full (entry not added)
0027F5r 2               ; Clobbers: tmp2, tmp3, Y
0027F5r 2               ; ---------------------------------------------------------------------------
0027F5r 2               field_table_add:
0027F5r 2  48                   PHA                     ; save offset
0027F6r 2  8A                   TXA
0027F7r 2  48                   PHA                     ; save type
0027F8r 2               ; capacity check (max 32 entries)
0027F8r 2  AD rr rr             LDA     field_table_count
0027FBr 2  C9 20                CMP     #32
0027FDr 2  90 04                BCC     :+
0027FFr 2  68                   PLA                     ; discard type
002800r 2  68                   PLA                     ; discard offset
002801r 2  38                   SEC
002802r 2  60                   RTS
002803r 2               :
002803r 2               ; compute entry address: field_table + count*16
002803r 2  AD rr rr             LDA     field_table_count
002806r 2  0A                   ASL
002807r 2  0A                   ASL
002808r 2  0A                   ASL
002809r 2  0A                   ASL                     ; *16 (count<64 fits in 10 bits, but we land in low byte; high carry becomes part of address)
00280Ar 2  85 rr                STA     tmp2
00280Cr 2  A9 00                LDA     #0
00280Er 2  2A                   ROL                     ; capture carry into hi
00280Fr 2  18                   CLC
002810r 2  69 rr                ADC     #>field_table
002812r 2  85 rr                STA     tmp2+1
002814r 2  A5 rr                LDA     tmp2
002816r 2  18                   CLC
002817r 2  69 rr                ADC     #<field_table
002819r 2  85 rr                STA     tmp2
00281Br 2  90 02                BCC     :+
00281Dr 2  E6 rr                INC     tmp2+1
00281Fr 2               :
00281Fr 2               ; copy name length + chars
00281Fr 2  A0 00                LDY     #0
002821r 2  AD rr rr             LDA     ident_buf
002824r 2  91 rr                STA     (tmp2),y
002826r 2  AA                   TAX                     ; X = length
002827r 2  A0 01                LDY     #1
002829r 2               @nm:
002829r 2  C0 0D                CPY     #13
00282Br 2  B0 0D                BCS     @padn
00282Dr 2  E0 00                CPX     #0
00282Fr 2  F0 09                BEQ     @padn
002831r 2  B9 rr rr             LDA     ident_buf,y
002834r 2  91 rr                STA     (tmp2),y
002836r 2  CA                   DEX
002837r 2  C8                   INY
002838r 2  80 EF                BRA     @nm
00283Ar 2               @padn:
00283Ar 2  C0 0D                CPY     #13
00283Cr 2  B0 07                BCS     @done_nm
00283Er 2  A9 20                LDA     #' '
002840r 2  91 rr                STA     (tmp2),y
002842r 2  C8                   INY
002843r 2  80 F5                BRA     @padn
002845r 2               @done_nm:
002845r 2               ; offset (was on stack first → second pull)
002845r 2               ; type   (was on stack last  → first pull)
002845r 2  68                   PLA                     ; type
002846r 2  A0 0E                LDY     #14
002848r 2  91 rr                STA     (tmp2),y
00284Ar 2  68                   PLA                     ; offset
00284Br 2  A0 0D                LDY     #13
00284Dr 2  91 rr                STA     (tmp2),y
00284Fr 2  AD rr rr             LDA     field_depth     ; nesting depth so scans can skip
002852r 2  A0 0F                LDY     #15             ; fields owned by deeper inline records
002854r 2  91 rr                STA     (tmp2),y
002856r 2               ; bump count, return new index
002856r 2  AD rr rr             LDA     field_table_count
002859r 2  EE rr rr             INC     field_table_count
00285Cr 2  18                   CLC
00285Dr 2  60                   RTS
00285Er 2               
00285Er 2               ; ---------------------------------------------------------------------------
00285Er 2               ; field_lookup_in_record — find ident_buf among a contiguous range of fields
00285Er 2               ; Inputs:
00285Er 2               ;   ident_buf = field name to find
00285Er 2               ;   A         = first field index in field_table
00285Er 2               ;   X         = number of fields to scan
00285Er 2               ; Returns: carry set = found
00285Er 2               ;            A = byte offset within record
00285Er 2               ;            X = field data type
00285Er 2               ;          carry clear = not found
00285Er 2               ; Clobbers: tmp2, tmp3, Y
00285Er 2               ; ---------------------------------------------------------------------------
00285Er 2               field_lookup_in_record:
00285Er 2  85 rr                STA     tmp3            ; tmp3 = current field index
002860r 2  86 rr                STX     tmp3+1          ; tmp3+1 = remaining count
002862r 2               ; Read the depth of field[tmp3] — the scan's "target depth". Slots
002862r 2               ; deeper than this belong to inline sub-records and are skipped so
002862r 2               ; the scan stays at the record's own nesting level.
002862r 2  A5 rr                LDA     tmp3
002864r 2  0A                   ASL
002865r 2  0A                   ASL
002866r 2  0A                   ASL
002867r 2  0A                   ASL
002868r 2  85 rr                STA     tmp2
00286Ar 2  A9 00                LDA     #0
00286Cr 2  2A                   ROL
00286Dr 2  18                   CLC
00286Er 2  69 rr                ADC     #>field_table
002870r 2  85 rr                STA     tmp2+1
002872r 2  A5 rr                LDA     tmp2
002874r 2  18                   CLC
002875r 2  69 rr                ADC     #<field_table
002877r 2  85 rr                STA     tmp2
002879r 2  90 02                BCC     :+
00287Br 2  E6 rr                INC     tmp2+1
00287Dr 2               :
00287Dr 2  A0 0F                LDY     #15
00287Fr 2  B1 rr                LDA     (tmp2),y
002881r 2  8D rr rr             STA     field_lookup_depth
002884r 2               @scan:
002884r 2  A5 rr                LDA     tmp3+1
002886r 2  F0 4C                BEQ     @nf
002888r 2               ; compute entry addr: field_table + tmp3*16
002888r 2  A5 rr                LDA     tmp3
00288Ar 2  0A                   ASL
00288Br 2  0A                   ASL
00288Cr 2  0A                   ASL
00288Dr 2  0A                   ASL                     ; *16 (low byte; carry → hi)
00288Er 2  85 rr                STA     tmp2
002890r 2  A9 00                LDA     #0
002892r 2  2A                   ROL
002893r 2  18                   CLC
002894r 2  69 rr                ADC     #>field_table
002896r 2  85 rr                STA     tmp2+1
002898r 2  A5 rr                LDA     tmp2
00289Ar 2  18                   CLC
00289Br 2  69 rr                ADC     #<field_table
00289Dr 2  85 rr                STA     tmp2
00289Fr 2  90 02                BCC     :+
0028A1r 2  E6 rr                INC     tmp2+1
0028A3r 2               :
0028A3r 2               ; skip slots whose depth differs from the scan's target depth
0028A3r 2  A0 0F                LDY     #15
0028A5r 2  B1 rr                LDA     (tmp2),y
0028A7r 2  CD rr rr             CMP     field_lookup_depth
0028AAr 2  D0 22                BNE     @next
0028ACr 2               ; compare name length
0028ACr 2  A0 00                LDY     #0
0028AEr 2  B1 rr                LDA     (tmp2),y
0028B0r 2  CD rr rr             CMP     ident_buf
0028B3r 2  D0 19                BNE     @next
0028B5r 2  AA                   TAX                     ; X = length
0028B6r 2  A0 01                LDY     #1
0028B8r 2               @cmpn:
0028B8r 2  B1 rr                LDA     (tmp2),y
0028BAr 2  D9 rr rr             CMP     ident_buf,y
0028BDr 2  D0 0F                BNE     @next
0028BFr 2  C8                   INY
0028C0r 2  CA                   DEX
0028C1r 2  D0 F5                BNE     @cmpn
0028C3r 2               ; match — return offset and type
0028C3r 2  A0 0E                LDY     #14
0028C5r 2  B1 rr                LDA     (tmp2),y        ; type
0028C7r 2  AA                   TAX
0028C8r 2  A0 0D                LDY     #13
0028CAr 2  B1 rr                LDA     (tmp2),y        ; offset
0028CCr 2  38                   SEC
0028CDr 2  60                   RTS
0028CEr 2               @next:
0028CEr 2  E6 rr                INC     tmp3
0028D0r 2  C6 rr                DEC     tmp3+1
0028D2r 2  80 B0                BRA     @scan
0028D4r 2               @nf:
0028D4r 2  18                   CLC
0028D5r 2  60                   RTS
0028D6r 2               
0028D6r 2               ; ---------------------------------------------------------------------------
0028D6r 2               ; symtab_find — look up ident_buf in symbol table
0028D6r 2               ; Returns: carry set = found (tmp3 = pointer to entry)
0028D6r 2               ;          carry clear = not found
0028D6r 2               ; Searches from newest (highest index) to oldest for proper scoping
0028D6r 2               ; ---------------------------------------------------------------------------
0028D6r 2               symtab_find:
0028D6r 2  AD rr rr             LDA     symtab_count
0028D9r 2  0D rr rr             ORA     symtab_count+1
0028DCr 2  D0 02                BNE     :+
0028DEr 2  18                   CLC
0028DFr 2  60                   RTS                     ; empty table
0028E0r 2               :
0028E0r 2               ; start from last entry
0028E0r 2  AD rr rr             LDA     symtab_count
0028E3r 2  85 rr                STA     tmp2
0028E5r 2  AD rr rr             LDA     symtab_count+1
0028E8r 2  85 rr                STA     tmp2+1
0028EAr 2               @loop:
0028EAr 2  A5 rr                LDA     tmp2
0028ECr 2  05 rr                ORA     tmp2+1
0028EEr 2  F0 34                BEQ     @not_found
0028F0r 2               ; decrement tmp2
0028F0r 2  A5 rr                LDA     tmp2
0028F2r 2  D0 02                BNE     :+
0028F4r 2  C6 rr                DEC     tmp2+1
0028F6r 2               :
0028F6r 2  C6 rr                DEC     tmp2
0028F8r 2               ; compute entry address: SYMTAB_BASE + tmp2 * SYM_ENTRY_SZ
0028F8r 2               ; tmp2 * 32 = tmp2 << 5
0028F8r 2  A5 rr                LDA     tmp2
0028FAr 2  0A                   ASL
0028FBr 2  0A                   ASL
0028FCr 2  0A                   ASL
0028FDr 2  0A                   ASL
0028FEr 2  0A                   ASL                     ; *32
0028FFr 2  18                   CLC
002900r 2  69 00                ADC     #<SYMTAB_BASE
002902r 2  85 rr                STA     tmp3
002904r 2  A5 rr                LDA     tmp2+1
002906r 2  2A                   ROL
002907r 2  69 80                ADC     #>SYMTAB_BASE
002909r 2  85 rr                STA     tmp3+1
00290Br 2               ; compare name length
00290Br 2  A0 00                LDY     #0
00290Dr 2  B1 rr                LDA     (tmp3),y
00290Fr 2  CD rr rr             CMP     ident_buf
002912r 2  D0 D6                BNE     @loop
002914r 2               ; compare name chars
002914r 2  AA                   TAX                     ; X = length
002915r 2  A0 00                LDY     #0
002917r 2               @cmp:
002917r 2  C8                   INY
002918r 2  B1 rr                LDA     (tmp3),y
00291Ar 2  D9 rr rr             CMP     ident_buf,y
00291Dr 2  D0 CB                BNE     @loop
00291Fr 2  CA                   DEX
002920r 2  D0 F5                BNE     @cmp
002922r 2  38                   SEC
002923r 2  60                   RTS
002924r 2               @not_found:
002924r 2  18                   CLC
002925r 2  60                   RTS
002926r 2               
002926r 2               ; ---------------------------------------------------------------------------
002926r 2               ; symtab_add — add entry to symbol table
002926r 2               ; Inputs:
002926r 2               ;   ident_buf = name
002926r 2               ;   A = kind (SYM_*)
002926r 2               ;   X = data type (TY_*)
002926r 2               ;   tmp2 = value/offset word (lo in tmp2, hi in tmp2+1)
002926r 2               ; Returns: tmp3 = pointer to new entry; carry set = table full
002926r 2               ; ---------------------------------------------------------------------------
002926r 2               symtab_add:
002926r 2  48                   PHA                     ; save kind (A) — the rest of this routine clobbers A
002927r 2  8A                   TXA
002928r 2  48                   PHA                     ; save data type (X)
002929r 2               ; check capacity
002929r 2  AD rr rr             LDA     symtab_count+1
00292Cr 2  C9 00                CMP     #(SYMTAB_MAXSZ / SYM_ENTRY_SZ) >> 8
00292Er 2  90 0B                BCC     :+
002930r 2  AD rr rr             LDA     symtab_count
002933r 2  C9 C0                CMP     #(SYMTAB_MAXSZ / SYM_ENTRY_SZ) & $FF
002935r 2  90 04                BCC     :+
002937r 2  68                   PLA                     ; discard saved type
002938r 2  68                   PLA                     ; discard saved kind
002939r 2  38                   SEC
00293Ar 2  60                   RTS                     ; table full
00293Br 2               
00293Br 2               :       ; compute address of new entry
00293Br 2  AD rr rr             LDA     symtab_count
00293Er 2  0A                   ASL
00293Fr 2  0A                   ASL
002940r 2  0A                   ASL
002941r 2  0A                   ASL
002942r 2  0A                   ASL                     ; *32
002943r 2  18                   CLC
002944r 2  69 00                ADC     #<SYMTAB_BASE
002946r 2  85 rr                STA     tmp3
002948r 2  AD rr rr             LDA     symtab_count+1
00294Br 2  2A                   ROL
00294Cr 2  69 80                ADC     #>SYMTAB_BASE
00294Er 2  85 rr                STA     tmp3+1
002950r 2               
002950r 2               ; copy name
002950r 2  A0 00                LDY     #0
002952r 2  AD rr rr             LDA     ident_buf       ; length
002955r 2  91 rr                STA     (tmp3),y
002957r 2  AA                   TAX
002958r 2               @name_copy:
002958r 2  C8                   INY
002959r 2  B9 rr rr             LDA     ident_buf,y
00295Cr 2  91 rr                STA     (tmp3),y
00295Er 2  CA                   DEX
00295Fr 2  D0 F7                BNE     @name_copy
002961r 2               
002961r 2               ; fill unused name bytes with space
002961r 2  C8                   INY
002962r 2               @pad:
002962r 2  C0 10                CPY     #16
002964r 2  B0 07                BCS     @done_pad
002966r 2  A9 20                LDA     #' '
002968r 2  91 rr                STA     (tmp3),y
00296Ar 2  C8                   INY
00296Br 2  80 F5                BRA     @pad
00296Dr 2               @done_pad:
00296Dr 2               
00296Dr 2               ; data type (was saved on stack first)
00296Dr 2  68                   PLA
00296Er 2  A0 11                LDY     #17
002970r 2  91 rr                STA     (tmp3),y
002972r 2               
002972r 2               ; kind (was saved on stack second-to-last → on top first)
002972r 2  68                   PLA
002973r 2  A0 10                LDY     #16
002975r 2  91 rr                STA     (tmp3),y
002977r 2               
002977r 2               ; value/offset
002977r 2  A5 rr                LDA     tmp2
002979r 2  A0 12                LDY     #18
00297Br 2  91 rr                STA     (tmp3),y
00297Dr 2  A5 rr                LDA     tmp2+1
00297Fr 2  A0 13                LDY     #19
002981r 2  91 rr                STA     (tmp3),y
002983r 2               
002983r 2               ; scope depth
002983r 2  A5 rr                LDA     scope_depth
002985r 2  A0 14                LDY     #20
002987r 2  91 rr                STA     (tmp3),y
002989r 2               
002989r 2               ; zero rest
002989r 2  A9 00                LDA     #0
00298Br 2  A0 15                LDY     #21
00298Dr 2               @zero:
00298Dr 2  91 rr                STA     (tmp3),y
00298Fr 2  C8                   INY
002990r 2  C0 20                CPY     #SYM_ENTRY_SZ
002992r 2  90 F9                BCC     @zero
002994r 2               
002994r 2               ; increment count
002994r 2  EE rr rr             INC     symtab_count
002997r 2  D0 03                BNE     :+
002999r 2  EE rr rr             INC     symtab_count+1
00299Cr 2               :
00299Cr 2  18                   CLC
00299Dr 2  60                   RTS
00299Er 2               
00299Er 2               ; ---------------------------------------------------------------------------
00299Er 2               ; symtab_enter_scope — increment scope depth
00299Er 2               ; ---------------------------------------------------------------------------
00299Er 2               symtab_enter_scope:
00299Er 2  E6 rr                INC     scope_depth
0029A0r 2  60                   RTS
0029A1r 2               
0029A1r 2               ; ---------------------------------------------------------------------------
0029A1r 2               ; symtab_leave_scope — remove all entries at current scope, decrement depth
0029A1r 2               ; ---------------------------------------------------------------------------
0029A1r 2               symtab_leave_scope:
0029A1r 2               ; Remove all entries added at current scope depth, then decrement depth.
0029A1r 2               ; Entries are appended in order, so trim from the end.
0029A1r 2               @trim:
0029A1r 2  AD rr rr             LDA     symtab_count
0029A4r 2  0D rr rr             ORA     symtab_count+1
0029A7r 2  F0 34                BEQ     @done           ; table empty
0029A9r 2               ; compute address of last entry: SYMTAB_BASE + (count-1)*32
0029A9r 2  AD rr rr             LDA     symtab_count
0029ACr 2  38                   SEC
0029ADr 2  E9 01                SBC     #1
0029AFr 2  85 rr                STA     tmp2
0029B1r 2  AD rr rr             LDA     symtab_count+1
0029B4r 2  E9 00                SBC     #0
0029B6r 2  85 rr                STA     tmp2+1
0029B8r 2               ; tmp2 * 32 (shift left 5) → entry address
0029B8r 2  A5 rr                LDA     tmp2
0029BAr 2  0A                   ASL
0029BBr 2  0A                   ASL
0029BCr 2  0A                   ASL
0029BDr 2  0A                   ASL
0029BEr 2  0A                   ASL
0029BFr 2  18                   CLC
0029C0r 2  69 00                ADC     #<SYMTAB_BASE
0029C2r 2  85 rr                STA     tmp3
0029C4r 2  A5 rr                LDA     tmp2+1
0029C6r 2  2A                   ROL
0029C7r 2  69 80                ADC     #>SYMTAB_BASE
0029C9r 2  85 rr                STA     tmp3+1
0029CBr 2               ; check scope depth field (offset 20 in entry)
0029CBr 2  A0 14                LDY     #20
0029CDr 2  B1 rr                LDA     (tmp3),y
0029CFr 2  C5 rr                CMP     scope_depth
0029D1r 2  D0 0A                BNE     @done           ; entry belongs to an outer scope — stop
0029D3r 2               ; remove this entry
0029D3r 2  CE rr rr             DEC     symtab_count
0029D6r 2  D0 C9                BNE     @trim
0029D8r 2  CE rr rr             DEC     symtab_count+1
0029DBr 2  80 C4                BRA     @trim
0029DDr 2               @done:
0029DDr 2  C6 rr                DEC     scope_depth
0029DFr 2  60                   RTS
0029E0r 2               
0029E0r 1                       .include        "CODEGEN.ASM"
0029E0r 2               ; codegen.asm — p-code emitter for Pascal/65 compiler
0029E0r 2               ;
0029E0r 2               ; All generated p-code accumulates in CODEBUF_BASE.
0029E0r 2               ; cg_pc (zero page) tracks the next write offset.
0029E0r 2               
0029E0r 2                       .segment        "CODE"
0029E0r 2               
0029E0r 2               ; ---------------------------------------------------------------------------
0029E0r 2               ; emit_byte — append byte A to code buffer
0029E0r 2               ; ---------------------------------------------------------------------------
0029E0r 2               emit_byte:
0029E0r 2  48                   PHA                     ; save byte to emit
0029E1r 2               ; check buffer full
0029E1r 2  A5 rr                LDA     cg_pc+1
0029E3r 2  C9 80                CMP     #>CODEBUF_MAXSZ
0029E5r 2  90 13                BCC     :+
0029E7r 2  A5 rr                LDA     cg_pc
0029E9r 2  C9 00                CMP     #<CODEBUF_MAXSZ
0029EBr 2  90 0D                BCC     :+
0029EDr 2               ; error: p-code buffer full
0029EDr 2  68                   PLA
0029EEr 2  A9 rr                LDA     #<err_pcd_full
0029F0r 2  85 rr                STA     tmp0
0029F2r 2  A9 rr                LDA     #>err_pcd_full
0029F4r 2  85 rr                STA     tmp0+1
0029F6r 2  20 rr rr             JSR     compile_error
0029F9r 2  60                   RTS
0029FAr 2               :
0029FAr 2               ; store at CODEBUF_BASE + cg_pc
0029FAr 2  A5 rr                LDA     cg_pc
0029FCr 2  18                   CLC
0029FDr 2  69 00                ADC     #<CODEBUF_BASE
0029FFr 2  85 rr                STA     tmp2
002A01r 2  A5 rr                LDA     cg_pc+1
002A03r 2  69 49                ADC     #>CODEBUF_BASE
002A05r 2  85 rr                STA     tmp2+1
002A07r 2  68                   PLA
002A08r 2  A0 00                LDY     #0
002A0Ar 2  91 rr                STA     (tmp2),y
002A0Cr 2               ; advance cg_pc
002A0Cr 2  E6 rr                INC     cg_pc
002A0Er 2  D0 02                BNE     :+
002A10r 2  E6 rr                INC     cg_pc+1
002A12r 2               :
002A12r 2  60                   RTS
002A13r 2               
002A13r 2               ; ---------------------------------------------------------------------------
002A13r 2               ; emit_word — append word (lo then hi) from tmp2 to code buffer
002A13r 2               ; ---------------------------------------------------------------------------
002A13r 2               emit_word:
002A13r 2  A5 rr                LDA     tmp2
002A15r 2  20 rr rr             JSR     emit_byte
002A18r 2  A5 rr                LDA     tmp2+1
002A1Ar 2  20 rr rr             JSR     emit_byte
002A1Dr 2  60                   RTS
002A1Er 2               
002A1Er 2               ; ---------------------------------------------------------------------------
002A1Er 2               ; emit_opcode — emit single opcode byte in A
002A1Er 2               ; ---------------------------------------------------------------------------
002A1Er 2               emit_opcode:
002A1Er 2  20 rr rr             JSR     emit_byte
002A21r 2  60                   RTS
002A22r 2               
002A22r 2               ; --- Constant emitters ---
002A22r 2               
002A22r 2               emit_LDCI:                      ; push sign-extended byte in A
002A22r 2  48                   PHA
002A23r 2  A9 00                LDA     #OP_LDCI
002A25r 2  20 rr rr             JSR     emit_byte
002A28r 2  68                   PLA
002A29r 2  20 rr rr             JSR     emit_byte
002A2Cr 2  60                   RTS
002A2Dr 2               
002A2Dr 2               emit_LDCW:                      ; push word: lo in A, hi in scratch
002A2Dr 2  48                   PHA
002A2Er 2  A9 01                LDA     #OP_LDCW
002A30r 2  20 rr rr             JSR     emit_byte
002A33r 2  68                   PLA
002A34r 2  20 rr rr             JSR     emit_byte
002A37r 2  A5 rr                LDA     scratch
002A39r 2  20 rr rr             JSR     emit_byte
002A3Cr 2  60                   RTS
002A3Dr 2               
002A3Dr 2               emit_LDCC:                      ; push char in A
002A3Dr 2  48                   PHA
002A3Er 2  A9 02                LDA     #OP_LDCC
002A40r 2  20 rr rr             JSR     emit_byte
002A43r 2  68                   PLA
002A44r 2  20 rr rr             JSR     emit_byte
002A47r 2  60                   RTS
002A48r 2               
002A48r 2               emit_LDCB:                      ; push boolean in A (0=false, 1=true)
002A48r 2  48                   PHA
002A49r 2  A9 03                LDA     #OP_LDCB
002A4Br 2  20 rr rr             JSR     emit_byte
002A4Er 2  68                   PLA
002A4Fr 2  20 rr rr             JSR     emit_byte
002A52r 2  60                   RTS
002A53r 2               
002A53r 2               emit_LDCN:
002A53r 2  A9 05                LDA     #OP_LDCN
002A55r 2  20 rr rr             JSR     emit_byte
002A58r 2  60                   RTS
002A59r 2               
002A59r 2               ; emit_LDCS — emit OP_LDCS followed by length byte and string bytes.
002A59r 2               ; Source string lives in ident_buf (length at [0], chars at [1..N]).
002A59r 2               ; The runtime will inline-fetch length+chars and push the address of
002A59r 2               ; the length byte as a Pascal-style string pointer.
002A59r 2               emit_LDCS:
002A59r 2  A9 04                LDA     #OP_LDCS
002A5Br 2  20 rr rr             JSR     emit_byte
002A5Er 2  AD rr rr             LDA     ident_buf       ; length
002A61r 2  85 rr                STA     scratch         ; counter / length cache
002A63r 2  20 rr rr             JSR     emit_byte       ; emit length byte
002A66r 2  A2 00                LDX     #0
002A68r 2               @loop:
002A68r 2  E4 rr                CPX     scratch
002A6Ar 2  B0 0B                BCS     @done
002A6Cr 2  BD rr rr             LDA     ident_buf+1,x
002A6Fr 2  DA                   PHX
002A70r 2  20 rr rr             JSR     emit_byte       ; clobbers tmp2 only
002A73r 2  FA                   PLX
002A74r 2  E8                   INX
002A75r 2  80 F1                BRA     @loop
002A77r 2               @done:
002A77r 2  60                   RTS
002A78r 2               
002A78r 2               ; --- Local variable emitters ---
002A78r 2               
002A78r 2               emit_LDL:                       ; byte offset in A
002A78r 2  48                   PHA
002A79r 2  A9 10                LDA     #OP_LDL
002A7Br 2  20 rr rr             JSR     emit_byte
002A7Er 2  68                   PLA
002A7Fr 2  20 rr rr             JSR     emit_byte
002A82r 2  60                   RTS
002A83r 2               
002A83r 2               emit_STL:
002A83r 2  48                   PHA
002A84r 2  A9 11                LDA     #OP_STL
002A86r 2  20 rr rr             JSR     emit_byte
002A89r 2  68                   PLA
002A8Ar 2  20 rr rr             JSR     emit_byte
002A8Dr 2  60                   RTS
002A8Er 2               
002A8Er 2               emit_LDA_L:
002A8Er 2  48                   PHA
002A8Fr 2  A9 12                LDA     #OP_LDA_L
002A91r 2  20 rr rr             JSR     emit_byte
002A94r 2  68                   PLA
002A95r 2  20 rr rr             JSR     emit_byte
002A98r 2  60                   RTS
002A99r 2               
002A99r 2               ; --- Global variable emitters ---
002A99r 2               
002A99r 2               emit_LDG:                       ; word offset: lo in A, hi in scratch
002A99r 2  48                   PHA
002A9Ar 2  A9 18                LDA     #OP_LDG
002A9Cr 2  20 rr rr             JSR     emit_byte
002A9Fr 2  68                   PLA
002AA0r 2  20 rr rr             JSR     emit_byte
002AA3r 2  A5 rr                LDA     scratch
002AA5r 2  20 rr rr             JSR     emit_byte
002AA8r 2  60                   RTS
002AA9r 2               
002AA9r 2               emit_STG:
002AA9r 2  48                   PHA
002AAAr 2  A9 19                LDA     #OP_STG
002AACr 2  20 rr rr             JSR     emit_byte
002AAFr 2  68                   PLA
002AB0r 2  20 rr rr             JSR     emit_byte
002AB3r 2  A5 rr                LDA     scratch
002AB5r 2  20 rr rr             JSR     emit_byte
002AB8r 2  60                   RTS
002AB9r 2               
002AB9r 2               emit_LDA_G:                     ; word offset: lo in A, hi in scratch
002AB9r 2  48                   PHA
002ABAr 2  A9 1A                LDA     #OP_LDA_G
002ABCr 2  20 rr rr             JSR     emit_byte
002ABFr 2  68                   PLA
002AC0r 2  20 rr rr             JSR     emit_byte
002AC3r 2  A5 rr                LDA     scratch
002AC5r 2  20 rr rr             JSR     emit_byte
002AC8r 2  60                   RTS
002AC9r 2               
002AC9r 2               ; --- Indirect (VAR-param) emitters ---
002AC9r 2               
002AC9r 2               emit_LDIND:
002AC9r 2  A9 20                LDA     #OP_LDIND
002ACBr 2  4C rr rr             JMP     emit_byte
002ACEr 2               
002ACEr 2               emit_STIND:
002ACEr 2  A9 21                LDA     #OP_STIND
002AD0r 2  4C rr rr             JMP     emit_byte
002AD3r 2               
002AD3r 2               ; emit_INDEX — OP_INDEX + 2-byte element size word (lo in A, hi in scratch)
002AD3r 2               emit_INDEX:
002AD3r 2  48                   PHA
002AD4r 2  A9 24                LDA     #OP_INDEX
002AD6r 2  20 rr rr             JSR     emit_byte
002AD9r 2  68                   PLA
002ADAr 2  20 rr rr             JSR     emit_byte
002ADDr 2  A5 rr                LDA     scratch
002ADFr 2  20 rr rr             JSR     emit_byte
002AE2r 2  60                   RTS
002AE3r 2               
002AE3r 2               ; emit_NEW — OP_NEW + 2-byte allocation size (lo in A, hi in scratch)
002AE3r 2               emit_NEW:
002AE3r 2  48                   PHA
002AE4r 2  A9 70                LDA     #OP_NEW
002AE6r 2  20 rr rr             JSR     emit_byte
002AE9r 2  68                   PLA
002AEAr 2  20 rr rr             JSR     emit_byte
002AEDr 2  A5 rr                LDA     scratch
002AEFr 2  20 rr rr             JSR     emit_byte
002AF2r 2  60                   RTS
002AF3r 2               
002AF3r 2               ; emit_DISP — OP_DISP (no operand)
002AF3r 2               emit_DISP:
002AF3r 2  A9 71                LDA     #OP_DISP
002AF5r 2  4C rr rr             JMP     emit_byte
002AF8r 2               
002AF8r 2               ; ---------------------------------------------------------------------------
002AF8r 2               ; codegen_alloc_array_global — allocate ARRAY [array_lo..array_hi] in globals
002AF8r 2               ; Element size fixed at 2 (all scalars are word-sized).
002AF8r 2               ; Returns: tmp2 = adjusted_offset = raw_base - lo*2
002AF8r 2               ;          cg_globals advanced by (hi - lo + 1) * 2
002AF8r 2               ; Clobbers: tmp2, tmp3
002AF8r 2               ; ---------------------------------------------------------------------------
002AF8r 2               codegen_alloc_array_global:
002AF8r 2               ; count = hi - lo + 1  (16-bit)
002AF8r 2  AD rr rr             LDA     array_hi
002AFBr 2  38                   SEC
002AFCr 2  ED rr rr             SBC     array_lo
002AFFr 2  85 rr                STA     tmp2
002B01r 2  AD rr rr             LDA     array_hi+1
002B04r 2  ED rr rr             SBC     array_lo+1
002B07r 2  85 rr                STA     tmp2+1
002B09r 2  E6 rr                INC     tmp2
002B0Br 2  D0 02                BNE     :+
002B0Dr 2  E6 rr                INC     tmp2+1
002B0Fr 2               :
002B0Fr 2               ; alloc_size = count * 2
002B0Fr 2  06 rr                ASL     tmp2
002B11r 2  26 rr                ROL     tmp2+1
002B13r 2               ; save raw_base = cg_globals before advancing
002B13r 2  A5 rr                LDA     cg_globals
002B15r 2  85 rr                STA     tmp3
002B17r 2  A5 rr                LDA     cg_globals+1
002B19r 2  85 rr                STA     tmp3+1
002B1Br 2               ; advance cg_globals by alloc_size (tmp2)
002B1Br 2  A5 rr                LDA     cg_globals
002B1Dr 2  18                   CLC
002B1Er 2  65 rr                ADC     tmp2
002B20r 2  85 rr                STA     cg_globals
002B22r 2  A5 rr                LDA     cg_globals+1
002B24r 2  65 rr                ADC     tmp2+1
002B26r 2  85 rr                STA     cg_globals+1
002B28r 2               ; adjusted_offset = raw_base (tmp3) - lo*2 (tmp2 reused)
002B28r 2  AD rr rr             LDA     array_lo
002B2Br 2  0A                   ASL
002B2Cr 2  85 rr                STA     tmp2
002B2Er 2  AD rr rr             LDA     array_lo+1
002B31r 2  2A                   ROL
002B32r 2  85 rr                STA     tmp2+1
002B34r 2  A5 rr                LDA     tmp3
002B36r 2  38                   SEC
002B37r 2  E5 rr                SBC     tmp2
002B39r 2  85 rr                STA     tmp2
002B3Br 2  A5 rr                LDA     tmp3+1
002B3Dr 2  E5 rr                SBC     tmp2+1
002B3Fr 2  85 rr                STA     tmp2+1
002B41r 2  60                   RTS
002B42r 2               
002B42r 2               ; ---------------------------------------------------------------------------
002B42r 2               ; codegen_alloc_record_global — reserve record_size bytes in globals
002B42r 2               ; Returns: tmp2 = offset of record's first byte
002B42r 2               ;          cg_globals advanced by record_size
002B42r 2               ; ---------------------------------------------------------------------------
002B42r 2               codegen_alloc_record_global:
002B42r 2  A5 rr                LDA     cg_globals
002B44r 2  85 rr                STA     tmp2
002B46r 2  A5 rr                LDA     cg_globals+1
002B48r 2  85 rr                STA     tmp2+1
002B4Ar 2  18                   CLC
002B4Br 2  A5 rr                LDA     cg_globals
002B4Dr 2  6D rr rr             ADC     record_size
002B50r 2  85 rr                STA     cg_globals
002B52r 2  A5 rr                LDA     cg_globals+1
002B54r 2  6D rr rr             ADC     record_size+1
002B57r 2  85 rr                STA     cg_globals+1
002B59r 2  60                   RTS
002B5Ar 2               
002B5Ar 2               ; ---------------------------------------------------------------------------
002B5Ar 2               ; codegen_alloc_text_global — reserve FILE_STRUCT_SZ (168) bytes for a TEXT
002B5Ar 2               ; variable.  Returns tmp2 = offset of struct's first byte; cg_globals bumped.
002B5Ar 2               ; ---------------------------------------------------------------------------
002B5Ar 2               codegen_alloc_text_global:
002B5Ar 2  A5 rr                LDA     cg_globals
002B5Cr 2  85 rr                STA     tmp2
002B5Er 2  A5 rr                LDA     cg_globals+1
002B60r 2  85 rr                STA     tmp2+1
002B62r 2  18                   CLC
002B63r 2  A5 rr                LDA     cg_globals
002B65r 2  69 A8                ADC     #FILE_STRUCT_SZ
002B67r 2  85 rr                STA     cg_globals
002B69r 2  A5 rr                LDA     cg_globals+1
002B6Br 2  69 00                ADC     #0
002B6Dr 2  85 rr                STA     cg_globals+1
002B6Fr 2  60                   RTS
002B70r 2               
002B70r 2               ; --- Arithmetic emitters ---
002B70r 2               
002B70r 2               emit_ADI:
002B70r 2  A9 30                LDA     #OP_ADI
002B72r 2  4C rr rr             JMP     emit_byte
002B75r 2               
002B75r 2               emit_SBI:
002B75r 2  A9 31                LDA     #OP_SBI
002B77r 2  4C rr rr             JMP     emit_byte
002B7Ar 2               
002B7Ar 2               emit_MPI:
002B7Ar 2  A9 32                LDA     #OP_MPI
002B7Cr 2  4C rr rr             JMP     emit_byte
002B7Fr 2               
002B7Fr 2               emit_DVI:
002B7Fr 2  A9 33                LDA     #OP_DVI
002B81r 2  4C rr rr             JMP     emit_byte
002B84r 2               
002B84r 2               emit_MPR:
002B84r 2  A9 A5                LDA     #OP_MPR
002B86r 2  4C rr rr             JMP     emit_byte
002B89r 2               
002B89r 2               emit_DVR:
002B89r 2  A9 A6                LDA     #OP_DVR
002B8Br 2  4C rr rr             JMP     emit_byte
002B8Er 2               
002B8Er 2               emit_MOD:
002B8Er 2  A9 34                LDA     #OP_MOD
002B90r 2  4C rr rr             JMP     emit_byte
002B93r 2               
002B93r 2               emit_NGI:
002B93r 2  A9 35                LDA     #OP_NGI
002B95r 2  4C rr rr             JMP     emit_byte
002B98r 2               
002B98r 2               ; --- Comparison emitters ---
002B98r 2               
002B98r 2               emit_EQUI:
002B98r 2  A9 40                LDA     #OP_EQUI
002B9Ar 2  4C rr rr             JMP     emit_byte
002B9Dr 2               
002B9Dr 2               emit_NEQI:
002B9Dr 2  A9 41                LDA     #OP_NEQI
002B9Fr 2  4C rr rr             JMP     emit_byte
002BA2r 2               
002BA2r 2               emit_LESI:
002BA2r 2  A9 42                LDA     #OP_LESI
002BA4r 2  4C rr rr             JMP     emit_byte
002BA7r 2               
002BA7r 2               emit_LEQI:
002BA7r 2  A9 43                LDA     #OP_LEQI
002BA9r 2  4C rr rr             JMP     emit_byte
002BACr 2               
002BACr 2               emit_GTRI:
002BACr 2  A9 44                LDA     #OP_GTRI
002BAEr 2  4C rr rr             JMP     emit_byte
002BB1r 2               
002BB1r 2               emit_GEQI:
002BB1r 2  A9 45                LDA     #OP_GEQI
002BB3r 2  4C rr rr             JMP     emit_byte
002BB6r 2               
002BB6r 2               ; --- Logical ---
002BB6r 2               
002BB6r 2               emit_LAND:
002BB6r 2  A9 38                LDA     #OP_LAND
002BB8r 2  4C rr rr             JMP     emit_byte
002BBBr 2               
002BBBr 2               emit_LOR:
002BBBr 2  A9 39                LDA     #OP_LOR
002BBDr 2  4C rr rr             JMP     emit_byte
002BC0r 2               
002BC0r 2               emit_LNOT:
002BC0r 2  A9 3A                LDA     #OP_LNOT
002BC2r 2  4C rr rr             JMP     emit_byte
002BC5r 2               
002BC5r 2               emit_BNOT:
002BC5r 2  A9 3B                LDA     #OP_BNOT
002BC7r 2  4C rr rr             JMP     emit_byte
002BCAr 2               
002BCAr 2               emit_INSET:
002BCAr 2  A9 A4                LDA     #OP_INSET
002BCCr 2  4C rr rr             JMP     emit_byte
002BCFr 2               
002BCFr 2               ; --- Jump emitters ---
002BCFr 2               ; Returns: A/scratch = offset of the word operand in code buffer
002BCFr 2               ; (needed for backpatching)
002BCFr 2               
002BCFr 2               emit_UJP:                       ; emit UJP with placeholder offset
002BCFr 2  A9 50                LDA     #OP_UJP
002BD1r 2  20 rr rr             JSR     emit_byte
002BD4r 2  A5 rr                LDA     cg_pc           ; save patch address
002BD6r 2  48                   PHA
002BD7r 2  A5 rr                LDA     cg_pc+1
002BD9r 2  48                   PHA
002BDAr 2  A9 00                LDA     #$00
002BDCr 2  20 rr rr             JSR     emit_byte       ; placeholder lo
002BDFr 2  A9 00                LDA     #$00
002BE1r 2  20 rr rr             JSR     emit_byte       ; placeholder hi
002BE4r 2  68                   PLA
002BE5r 2  85 rr                STA     scratch
002BE7r 2  68                   PLA                     ; lo of patch address
002BE8r 2  60                   RTS                     ; caller: save A/scratch as patch point
002BE9r 2               
002BE9r 2               emit_FJP:
002BE9r 2  A9 51                LDA     #OP_FJP
002BEBr 2  20 rr rr             JSR     emit_byte
002BEEr 2  A5 rr                LDA     cg_pc
002BF0r 2  48                   PHA
002BF1r 2  A5 rr                LDA     cg_pc+1
002BF3r 2  48                   PHA
002BF4r 2  A9 00                LDA     #$00
002BF6r 2  20 rr rr             JSR     emit_byte
002BF9r 2  A9 00                LDA     #$00
002BFBr 2  20 rr rr             JSR     emit_byte
002BFEr 2  68                   PLA
002BFFr 2  85 rr                STA     scratch
002C01r 2  68                   PLA
002C02r 2  60                   RTS
002C03r 2               
002C03r 2               emit_TJP:
002C03r 2  A9 52                LDA     #OP_TJP
002C05r 2  20 rr rr             JSR     emit_byte
002C08r 2  A5 rr                LDA     cg_pc
002C0Ar 2  48                   PHA
002C0Br 2  A5 rr                LDA     cg_pc+1
002C0Dr 2  48                   PHA
002C0Er 2  A9 00                LDA     #$00
002C10r 2  20 rr rr             JSR     emit_byte
002C13r 2  A9 00                LDA     #$00
002C15r 2  20 rr rr             JSR     emit_byte
002C18r 2  68                   PLA
002C19r 2  85 rr                STA     scratch
002C1Br 2  68                   PLA
002C1Cr 2  60                   RTS
002C1Dr 2               
002C1Dr 2               ; ---------------------------------------------------------------------------
002C1Dr 2               ; patch_jump — fill in jump offset at patch address stored in tmp2 (word)
002C1Dr 2               ; The offset is computed as: (current cg_pc) - (patch_addr + 2)
002C1Dr 2               ; i.e. relative to instruction after the operand word
002C1Dr 2               ; ---------------------------------------------------------------------------
002C1Dr 2               patch_jump:
002C1Dr 2               ; delta = cg_pc - (patch_addr + 2)
002C1Dr 2               ;   compute (cg_pc - 2) first, then subtract patch_addr
002C1Dr 2  A5 rr                LDA     cg_pc
002C1Fr 2  38                   SEC
002C20r 2  E9 02                SBC     #2
002C22r 2  85 rr                STA     scratch         ; lo of (cg_pc - 2)
002C24r 2  A5 rr                LDA     cg_pc+1
002C26r 2  E9 00                SBC     #0
002C28r 2  85 rr                STA     scratch+1       ; hi of (cg_pc - 2)
002C2Ar 2  38                   SEC
002C2Br 2  A5 rr                LDA     scratch
002C2Dr 2  E5 rr                SBC     tmp2
002C2Fr 2  48                   PHA
002C30r 2  A5 rr                LDA     scratch+1
002C32r 2  E5 rr                SBC     tmp2+1
002C34r 2  85 rr                STA     scratch+1       ; high byte of delta
002C36r 2  68                   PLA
002C37r 2  85 rr                STA     scratch         ; low byte of delta
002C39r 2               ; write delta at patch address (CODEBUF_BASE + tmp2)
002C39r 2  A5 rr                LDA     tmp2
002C3Br 2  18                   CLC
002C3Cr 2  69 00                ADC     #<CODEBUF_BASE
002C3Er 2  85 rr                STA     tmp3
002C40r 2  A5 rr                LDA     tmp2+1
002C42r 2  69 49                ADC     #>CODEBUF_BASE
002C44r 2  85 rr                STA     tmp3+1
002C46r 2  A0 00                LDY     #0
002C48r 2  A5 rr                LDA     scratch
002C4Ar 2  91 rr                STA     (tmp3),y
002C4Cr 2  C8                   INY
002C4Dr 2  A5 rr                LDA     scratch+1
002C4Fr 2  91 rr                STA     (tmp3),y
002C51r 2  60                   RTS
002C52r 2               
002C52r 2               ; --- I/O emitters ---
002C52r 2               
002C52r 2               emit_WRITI:
002C52r 2  A9 80                LDA     #OP_WRITI
002C54r 2  4C rr rr             JMP     emit_byte
002C57r 2               
002C57r 2               emit_WRITC:
002C57r 2  A9 81                LDA     #OP_WRITC
002C59r 2  4C rr rr             JMP     emit_byte
002C5Cr 2               
002C5Cr 2               emit_WRITB:
002C5Cr 2  A9 82                LDA     #OP_WRITB
002C5Er 2  4C rr rr             JMP     emit_byte
002C61r 2               
002C61r 2               emit_WRITS:
002C61r 2  A9 83                LDA     #OP_WRITS
002C63r 2  4C rr rr             JMP     emit_byte
002C66r 2               
002C66r 2               emit_WRITLN:
002C66r 2  A9 84                LDA     #OP_WRITLN
002C68r 2  4C rr rr             JMP     emit_byte
002C6Br 2               
002C6Br 2               emit_READI:
002C6Br 2  A9 85                LDA     #OP_READI
002C6Dr 2  4C rr rr             JMP     emit_byte
002C70r 2               
002C70r 2               emit_WRITR:
002C70r 2  A9 88                LDA     #OP_WRITR
002C72r 2  4C rr rr             JMP     emit_byte
002C75r 2               
002C75r 2               emit_READR:
002C75r 2  A9 89                LDA     #OP_READR
002C77r 2  4C rr rr             JMP     emit_byte
002C7Ar 2               
002C7Ar 2               emit_READC:
002C7Ar 2  A9 86                LDA     #OP_READC
002C7Cr 2  4C rr rr             JMP     emit_byte
002C7Fr 2               
002C7Fr 2               ; --- Stack ---
002C7Fr 2               
002C7Fr 2               emit_DUP:
002C7Fr 2  A9 90                LDA     #OP_DUP
002C81r 2  4C rr rr             JMP     emit_byte
002C84r 2               
002C84r 2               emit_POP:
002C84r 2  A9 91                LDA     #OP_POP
002C86r 2  4C rr rr             JMP     emit_byte
002C89r 2               
002C89r 2               emit_SWAP:
002C89r 2  A9 92                LDA     #OP_SWAP
002C8Br 2  4C rr rr             JMP     emit_byte
002C8Er 2               
002C8Er 2               ; --- Calls ---
002C8Er 2               
002C8Er 2               emit_MRKSTK:                    ; local size in A
002C8Er 2  48                   PHA
002C8Fr 2  A9 64                LDA     #OP_MRKSTK
002C91r 2  20 rr rr             JSR     emit_byte
002C94r 2  68                   PLA
002C95r 2  4C rr rr             JMP     emit_byte
002C98r 2               
002C98r 2               ; emit_MRKA — A=pcount, X=lsize_extra
002C98r 2               ; Emits OP_MRKA + pcount byte + lsize_extra byte.  See op_MRKA in prun.asm
002C98r 2               ; for runtime semantics.
002C98r 2               emit_MRKA:
002C98r 2  DA                   PHX                     ; save lsize_extra
002C99r 2  48                   PHA                     ; save pcount
002C9Ar 2  A9 67                LDA     #OP_MRKA
002C9Cr 2  20 rr rr             JSR     emit_byte
002C9Fr 2  68                   PLA                     ; pcount
002CA0r 2  20 rr rr             JSR     emit_byte
002CA3r 2  68                   PLA                     ; lsize_extra
002CA4r 2  4C rr rr             JMP     emit_byte
002CA7r 2               
002CA7r 2               emit_RET:
002CA7r 2  A9 62                LDA     #OP_RET
002CA9r 2  4C rr rr             JMP     emit_byte
002CACr 2               
002CACr 2               emit_RETF:
002CACr 2  A9 63                LDA     #OP_RETF
002CAEr 2  4C rr rr             JMP     emit_byte
002CB1r 2               
002CB1r 2               emit_STR:
002CB1r 2  A9 66                LDA     #OP_STR
002CB3r 2  4C rr rr             JMP     emit_byte
002CB6r 2               
002CB6r 2               ; emit_CALL — A = target absolute code-buffer addr lo, scratch = hi
002CB6r 2               ; Emits OP_CALL + signed 16-bit offset = target - (cg_pc_after_operand)
002CB6r 2               emit_CALL:
002CB6r 2  48                   PHA                     ; target lo
002CB7r 2  A5 rr                LDA     scratch
002CB9r 2  48                   PHA                     ; target hi
002CBAr 2  A9 60                LDA     #OP_CALL
002CBCr 2  20 rr rr             JSR     emit_byte       ; clobbers tmp2; preserves scratch & 6502 stack
002CBFr 2               ; compute offset = target - cg_pc - 2 (16-bit)
002CBFr 2  68                   PLA                     ; target hi
002CC0r 2  AA                   TAX
002CC1r 2  68                   PLA                     ; target lo
002CC2r 2  38                   SEC
002CC3r 2  E9 02                SBC     #2
002CC5r 2  48                   PHA                     ; partial lo
002CC6r 2  8A                   TXA                     ; target hi
002CC7r 2  E9 00                SBC     #0
002CC9r 2  85 rr                STA     scratch         ; partial hi
002CCBr 2  68                   PLA                     ; partial lo
002CCCr 2  38                   SEC
002CCDr 2  E5 rr                SBC     cg_pc
002CCFr 2  48                   PHA                     ; offset lo
002CD0r 2  A5 rr                LDA     scratch
002CD2r 2  E5 rr                SBC     cg_pc+1
002CD4r 2  85 rr                STA     scratch         ; offset hi
002CD6r 2  68                   PLA
002CD7r 2  20 rr rr             JSR     emit_byte       ; emit offset lo
002CDAr 2  A5 rr                LDA     scratch
002CDCr 2  20 rr rr             JSR     emit_byte       ; emit offset hi
002CDFr 2  60                   RTS
002CE0r 2               
002CE0r 2               emit_HALT:
002CE0r 2  A9 FF                LDA     #OP_HALT
002CE2r 2  4C rr rr             JMP     emit_byte
002CE5r 2               
002CE5r 2               ; --- String built-ins ---
002CE5r 2               
002CE5r 2               emit_LEN:
002CE5r 2  A9 A0                LDA     #OP_LEN
002CE7r 2  4C rr rr             JMP     emit_byte
002CEAr 2               
002CEAr 2               emit_POS:
002CEAr 2  A9 A1                LDA     #OP_POS
002CECr 2  4C rr rr             JMP     emit_byte
002CEFr 2               
002CEFr 2               emit_COPY:
002CEFr 2  A9 A2                LDA     #OP_COPY
002CF1r 2  4C rr rr             JMP     emit_byte
002CF4r 2               
002CF4r 2               emit_CONCAT:
002CF4r 2  A9 A3                LDA     #OP_CONCAT
002CF6r 2  4C rr rr             JMP     emit_byte
002CF9r 2               
002CF9r 2               ; --- TEXT file I/O ---
002CF9r 2               
002CF9r 2               emit_FASSGN:
002CF9r 2  A9 B0                LDA     #OP_FASSGN
002CFBr 2  4C rr rr             JMP     emit_byte
002CFEr 2               emit_FRESET:
002CFEr 2  A9 B1                LDA     #OP_FRESET
002D00r 2  4C rr rr             JMP     emit_byte
002D03r 2               emit_FREWRT:
002D03r 2  A9 B2                LDA     #OP_FREWRT
002D05r 2  4C rr rr             JMP     emit_byte
002D08r 2               emit_FCLOSE:
002D08r 2  A9 B3                LDA     #OP_FCLOSE
002D0Ar 2  4C rr rr             JMP     emit_byte
002D0Dr 2               emit_FWRC:
002D0Dr 2  A9 B4                LDA     #OP_FWRC
002D0Fr 2  4C rr rr             JMP     emit_byte
002D12r 2               emit_FWRS:
002D12r 2  A9 B5                LDA     #OP_FWRS
002D14r 2  4C rr rr             JMP     emit_byte
002D17r 2               emit_FWRI:
002D17r 2  A9 B6                LDA     #OP_FWRI
002D19r 2  4C rr rr             JMP     emit_byte
002D1Cr 2               emit_FWRR:
002D1Cr 2  A9 C0                LDA     #OP_FWRR
002D1Er 2  4C rr rr             JMP     emit_byte
002D21r 2               emit_FWLN:
002D21r 2  A9 B7                LDA     #OP_FWLN
002D23r 2  4C rr rr             JMP     emit_byte
002D26r 2               emit_FRDC:
002D26r 2  A9 B8                LDA     #OP_FRDC
002D28r 2  4C rr rr             JMP     emit_byte
002D2Br 2               emit_FRDI:
002D2Br 2  A9 B9                LDA     #OP_FRDI
002D2Dr 2  4C rr rr             JMP     emit_byte
002D30r 2               emit_FRDR:
002D30r 2  A9 C1                LDA     #OP_FRDR
002D32r 2  4C rr rr             JMP     emit_byte
002D35r 2               emit_FRDLN:
002D35r 2  A9 BA                LDA     #OP_FRDLN
002D37r 2  4C rr rr             JMP     emit_byte
002D3Ar 2               emit_FEOF:
002D3Ar 2  A9 BB                LDA     #OP_FEOF
002D3Cr 2  4C rr rr             JMP     emit_byte
002D3Fr 2               emit_FAPPND:
002D3Fr 2  A9 BC                LDA     #OP_FAPPND
002D41r 2  4C rr rr             JMP     emit_byte
002D44r 2               emit_FRDS:
002D44r 2  A9 BD                LDA     #OP_FRDS
002D46r 2  4C rr rr             JMP     emit_byte
002D49r 2               emit_FWRB:
002D49r 2  A9 BE                LDA     #OP_FWRB
002D4Br 2  4C rr rr             JMP     emit_byte
002D4Er 2               emit_FEOLN:
002D4Er 2  A9 BF                LDA     #OP_FEOLN
002D50r 2  4C rr rr             JMP     emit_byte
002D53r 2               
002D53r 2               ; ---------------------------------------------------------------------------
002D53r 2               ; codegen_alloc_global — reserve N bytes in global area; return offset in tmp2
002D53r 2               ; N in A
002D53r 2               ; ---------------------------------------------------------------------------
002D53r 2               codegen_alloc_global:
002D53r 2  A5 rr                LDA     cg_globals
002D55r 2  85 rr                STA     tmp2
002D57r 2  A5 rr                LDA     cg_globals+1
002D59r 2  85 rr                STA     tmp2+1
002D5Br 2               ; advance by N (passed in A — caller puts size here)
002D5Br 2               ; For now allocate 2 bytes (word) per variable
002D5Br 2  A5 rr                LDA     cg_globals
002D5Dr 2  18                   CLC
002D5Er 2  69 02                ADC     #2
002D60r 2  85 rr                STA     cg_globals
002D62r 2  90 02                BCC     :+
002D64r 2  E6 rr                INC     cg_globals+1
002D66r 2               :
002D66r 2  60                   RTS
002D67r 2               
002D67r 1                       .include        "IOLIB.ASM"
002D67r 2               .pc02
002D67r 2               ; iolib.asm — console and file I/O wrappers for DOS/65
002D67r 2               ;
002D67r 2               ; Uses PEM function 2 (CONOUT) for character output.
002D67r 2               ; This routes through DFT_CONSOLE and works on all platforms
002D67r 2               ; (serial, ESP video, memory-mapped video) regardless of which
002D67r 2               ; console driver is active.
002D67r 2               
002D67r 2                       .segment        "CODE"
002D67r 2               
002D67r 2               ; ---------------------------------------------------------------------------
002D67r 2               ; console_putc — output character in A to console via PEM #2
002D67r 2               ; ---------------------------------------------------------------------------
002D67r 2               console_putc:
002D67r 2  48                   PHA
002D68r 2  A2 02                LDX     #PEM_CONOUT
002D6Ar 2  20 03 01             JSR     PEM_ENTRY
002D6Dr 2  68                   PLA
002D6Er 2  60                   RTS
002D6Fr 2               
002D6Fr 2               ; ---------------------------------------------------------------------------
002D6Fr 2               ; console_newline — emit CR+LF
002D6Fr 2               ; ---------------------------------------------------------------------------
002D6Fr 2               console_newline:
002D6Fr 2  A9 0D                LDA     #$0D
002D71r 2  A2 02                LDX     #PEM_CONOUT
002D73r 2  20 03 01             JSR     PEM_ENTRY
002D76r 2  A9 0A                LDA     #$0A
002D78r 2  A2 02                LDX     #PEM_CONOUT
002D7Ar 2  20 03 01             JSR     PEM_ENTRY
002D7Dr 2  60                   RTS
002D7Er 2               
002D7Er 2               ; ---------------------------------------------------------------------------
002D7Er 2               ; console_print_sz — print null-terminated string at tmp0
002D7Er 2               ; ---------------------------------------------------------------------------
002D7Er 2               console_print_sz:
002D7Er 2  A0 00                LDY     #0
002D80r 2               @loop:
002D80r 2  B1 rr                LDA     (tmp0),y
002D82r 2  F0 08                BEQ     @done
002D84r 2  A2 02                LDX     #PEM_CONOUT
002D86r 2  20 03 01             JSR     PEM_ENTRY
002D89r 2  C8                   INY
002D8Ar 2  D0 F4                BNE     @loop
002D8Cr 2               @done:
002D8Cr 2  60                   RTS
002D8Dr 2               
002D8Dr 2               ; ---------------------------------------------------------------------------
002D8Dr 2               ; console_print_pstr — print length-prefixed Pascal string at tmp0
002D8Dr 2               ; ---------------------------------------------------------------------------
002D8Dr 2               console_print_pstr:
002D8Dr 2  A0 00                LDY     #0
002D8Fr 2  B1 rr                LDA     (tmp0),y        ; length byte
002D91r 2  F0 10                BEQ     @done
002D93r 2  AA                   TAX                     ; X = remaining chars — but X used by PEM!
002D94r 2               ; save length, use tmp1 as counter
002D94r 2  85 rr                STA     tmp1
002D96r 2  C8                   INY
002D97r 2               @loop:
002D97r 2  B1 rr                LDA     (tmp0),y
002D99r 2  A2 02                LDX     #PEM_CONOUT
002D9Br 2  20 03 01             JSR     PEM_ENTRY
002D9Er 2  C8                   INY
002D9Fr 2  C6 rr                DEC     tmp1
002DA1r 2  D0 F4                BNE     @loop
002DA3r 2               @done:
002DA3r 2  60                   RTS
002DA4r 2               
002DA4r 2               ; ---------------------------------------------------------------------------
002DA4r 2               ; console_print_dec — print signed 16-bit integer in tmp0:tmp0+1
002DA4r 2               ; ---------------------------------------------------------------------------
002DA4r 2               console_print_dec:
002DA4r 2  A5 rr                LDA     tmp0+1
002DA6r 2  10 14                BPL     @positive
002DA8r 2  A9 2D                LDA     #'-'
002DAAr 2  A2 02                LDX     #PEM_CONOUT
002DACr 2  20 03 01             JSR     PEM_ENTRY
002DAFr 2  A9 00                LDA     #0
002DB1r 2  38                   SEC
002DB2r 2  E5 rr                SBC     tmp0
002DB4r 2  85 rr                STA     tmp0
002DB6r 2  A9 00                LDA     #0
002DB8r 2  E5 rr                SBC     tmp0+1
002DBAr 2  85 rr                STA     tmp0+1
002DBCr 2               @positive:
002DBCr 2  A9 00                LDA     #0
002DBEr 2  48                   PHA                     ; sentinel
002DBFr 2               @div_loop:
002DBFr 2  20 rr rr             JSR     div16_by10      ; quotient→tmp0, remainder→scratch
002DC2r 2  A5 rr                LDA     scratch
002DC4r 2  18                   CLC
002DC5r 2  69 30                ADC     #'0'
002DC7r 2  48                   PHA
002DC8r 2  A5 rr                LDA     tmp0
002DCAr 2  05 rr                ORA     tmp0+1
002DCCr 2  D0 F1                BNE     @div_loop
002DCEr 2               @print_loop:
002DCEr 2  68                   PLA
002DCFr 2  F0 07                BEQ     @done2          ; sentinel
002DD1r 2  A2 02                LDX     #PEM_CONOUT
002DD3r 2  20 03 01             JSR     PEM_ENTRY
002DD6r 2  80 F6                BRA     @print_loop
002DD8r 2               @done2:
002DD8r 2  60                   RTS
002DD9r 2               
002DD9r 2               ; ---------------------------------------------------------------------------
002DD9r 2               ; div16_by10 — divide tmp0:tmp0+1 by 10
002DD9r 2               ; Result: quotient in tmp0:tmp0+1, remainder in scratch
002DD9r 2               ; ---------------------------------------------------------------------------
002DD9r 2               div16_by10:
002DD9r 2  A9 00                LDA     #0
002DDBr 2  85 rr                STA     scratch
002DDDr 2  A2 10                LDX     #16
002DDFr 2               @bit:
002DDFr 2  06 rr                ASL     tmp0
002DE1r 2  26 rr                ROL     tmp0+1
002DE3r 2  26 rr                ROL     scratch
002DE5r 2  A5 rr                LDA     scratch
002DE7r 2  C9 0A                CMP     #10
002DE9r 2  90 06                BCC     @no_sub
002DEBr 2  E9 0A                SBC     #10
002DEDr 2  85 rr                STA     scratch
002DEFr 2  E6 rr                INC     tmp0
002DF1r 2               @no_sub:
002DF1r 2  CA                   DEX
002DF2r 2  D0 EB                BNE     @bit
002DF4r 2  60                   RTS
002DF5r 2               
002DF5r 2               ; ---------------------------------------------------------------------------
002DF5r 2               ; console_read_line — read a line into buffer at tmp0, max len in x_save
002DF5r 2               ; Returns: Y = length (not including CR)
002DF5r 2               ; ---------------------------------------------------------------------------
002DF5r 2               console_read_line:
002DF5r 2  8E rr rr             STX     x_save
002DF8r 2  A0 00                LDY     #0
002DFAr 2               @loop:
002DFAr 2  A2 01                LDX     #PEM_CONIN
002DFCr 2  20 03 01             JSR     PEM_ENTRY
002DFFr 2  C9 0D                CMP     #$0D
002E01r 2  F0 28                BEQ     @done
002E03r 2  C9 08                CMP     #$08            ; backspace
002E05r 2  D0 1C                BNE     @store
002E07r 2  C0 00                CPY     #0
002E09r 2  F0 EF                BEQ     @loop
002E0Br 2  88                   DEY
002E0Cr 2  A9 08                LDA     #$08
002E0Er 2  A2 02                LDX     #PEM_CONOUT
002E10r 2  20 03 01             JSR     PEM_ENTRY
002E13r 2  A9 20                LDA     #' '
002E15r 2  A2 02                LDX     #PEM_CONOUT
002E17r 2  20 03 01             JSR     PEM_ENTRY
002E1Ar 2  A9 08                LDA     #$08
002E1Cr 2  A2 02                LDX     #PEM_CONOUT
002E1Er 2  20 03 01             JSR     PEM_ENTRY
002E21r 2  80 D7                BRA     @loop
002E23r 2               @store:
002E23r 2  91 rr                STA     (tmp0),y
002E25r 2  C8                   INY
002E26r 2  CC rr rr             CPY     x_save
002E29r 2  90 CF                BCC     @loop
002E2Br 2               @done:
002E2Br 2  60                   RTS
002E2Cr 2               x_save:
002E2Cr 2  00                   .BYTE   0
002E2Dr 2               
002E2Dr 2               ; ---------------------------------------------------------------------------
002E2Dr 2               ; file_open — open file via FCB at tmp1; returns A=0 success, $FF=not found
002E2Dr 2               ; PEM calling convention: X=function, A=FCB addr lo, Y=FCB addr hi
002E2Dr 2               ; ---------------------------------------------------------------------------
002E2Dr 2               file_open:
002E2Dr 2  A5 rr                LDA     tmp1
002E2Fr 2  A4 rr                LDY     tmp1+1
002E31r 2  A2 0F                LDX     #PEM_OPEN
002E33r 2  20 03 01             JSR     PEM_ENTRY
002E36r 2  60                   RTS
002E37r 2               
002E37r 2               ; ---------------------------------------------------------------------------
002E37r 2               ; file_make — create/truncate file via FCB at tmp1
002E37r 2               ; ---------------------------------------------------------------------------
002E37r 2               file_make:
002E37r 2  A5 rr                LDA     tmp1
002E39r 2  A4 rr                LDY     tmp1+1
002E3Br 2  A2 16                LDX     #PEM_MAKE
002E3Dr 2  20 03 01             JSR     PEM_ENTRY
002E40r 2  60                   RTS
002E41r 2               
002E41r 2               ; ---------------------------------------------------------------------------
002E41r 2               ; file_read_sector — read 128 bytes into DMA_BUF; returns A=0 ok, A=1 EOF
002E41r 2               ; ---------------------------------------------------------------------------
002E41r 2               file_read_sector:
002E41r 2  A5 rr                LDA     tmp1
002E43r 2  A4 rr                LDY     tmp1+1
002E45r 2  A2 14                LDX     #PEM_READ
002E47r 2  20 03 01             JSR     PEM_ENTRY
002E4Ar 2  60                   RTS
002E4Br 2               
002E4Br 2               ; ---------------------------------------------------------------------------
002E4Br 2               ; file_write_sector — write 128 bytes from DMA_BUF
002E4Br 2               ; ---------------------------------------------------------------------------
002E4Br 2               file_write_sector:
002E4Br 2  A5 rr                LDA     tmp1
002E4Dr 2  A4 rr                LDY     tmp1+1
002E4Fr 2  A2 15                LDX     #PEM_WRITE
002E51r 2  20 03 01             JSR     PEM_ENTRY
002E54r 2  60                   RTS
002E55r 2               
002E55r 2               ; ---------------------------------------------------------------------------
002E55r 2               ; file_close — close FCB at tmp1
002E55r 2               ; ---------------------------------------------------------------------------
002E55r 2               file_close:
002E55r 2  A5 rr                LDA     tmp1
002E57r 2  A4 rr                LDY     tmp1+1
002E59r 2  A2 10                LDX     #PEM_CLOSE
002E5Br 2  20 03 01             JSR     PEM_ENTRY
002E5Er 2  60                   RTS
002E5Fr 2               
002E5Fr 2               ; ---------------------------------------------------------------------------
002E5Fr 2               ; file_setdma — point PEM at the 128-byte buffer at (A:Y)
002E5Fr 2               ; A = lo, Y = hi.  Trashes X.
002E5Fr 2               ; ---------------------------------------------------------------------------
002E5Fr 2               file_setdma:
002E5Fr 2  A2 1A                LDX     #PEM_SETDMA
002E61r 2  4C 03 01             JMP     PEM_ENTRY
002E64r 2               
002E64r 2               ; ---------------------------------------------------------------------------
002E64r 2               ; file_setdma_default — restore PEM DMA pointer to system DMA_BUF
002E64r 2               ; ---------------------------------------------------------------------------
002E64r 2               file_setdma_default:
002E64r 2  A9 28                LDA     #<DMA_BUF
002E66r 2  A0 01                LDY     #>DMA_BUF
002E68r 2  A2 1A                LDX     #PEM_SETDMA
002E6Ar 2  4C 03 01             JMP     PEM_ENTRY
002E6Dr 2               
002E6Dr 1                       .include        "MESSAGES.ASM"
002E6Dr 2               ; messages.asm — compiler error and status strings (null-terminated)
002E6Dr 2               
002E6Dr 2                       .segment  "CODE"
002E6Dr 2               
002E6Dr 2               msg_banner:
002E6Dr 2  50 61 73 63          .BYTE   "Pascal/65 Compiler v0.1 for DOS/65",13,10,0
002E71r 2  61 6C 2F 36  
002E75r 2  35 20 43 6F  
002E92r 2               msg_compiling:
002E92r 2  43 6F 6D 70          .BYTE   "Compiling...",13,10,0
002E96r 2  69 6C 69 6E  
002E9Ar 2  67 2E 2E 2E  
002EA1r 2               msg_ok:
002EA1r 2  4F 4B 0D 0A          .BYTE   "OK",13,10,0
002EA5r 2  00           
002EA6r 2               msg_errors:
002EA6r 2  20 65 72 72          .BYTE   " error(s)",13,10,0
002EAAr 2  6F 72 28 73  
002EAEr 2  29 0D 0A 00  
002EB2r 2               msg_line:
002EB2r 2  20 4C 69 6E          .BYTE   " Line ",0
002EB6r 2  65 20 00     
002EB9r 2               msg_col:
002EB9r 2  20 43 6F 6C          .BYTE   " Col ",0
002EBDr 2  20 00        
002EBFr 2               
002EBFr 2               ; Compiler errors
002EBFr 2               err_unexpected:
002EBFr 2  55 6E 65 78          .BYTE   "Unexpected token",0
002EC3r 2  70 65 63 74  
002EC7r 2  65 64 20 74  
002ED0r 2               err_expected_id:
002ED0r 2  49 44 45 4E          .byte   "IDENTIFIER expected",0
002ED4r 2  54 49 46 49  
002ED8r 2  45 52 20 65  
002EE4r 2               err_expected_eq:
002EE4r 2  27 3D 27 20          .byte   "'=' expected",0
002EE8r 2  65 78 70 65  
002EECr 2  63 74 65 64  
002EF1r 2               err_expected_sm:
002EF1r 2  27 3B 27 20          .byte   "';' expected",0
002EF5r 2  65 78 70 65  
002EF9r 2  63 74 65 64  
002EFEr 2               err_expected_be:
002EFEr 2  27 42 45 47          .byte   "'BEGIN' expected",0
002F02r 2  49 4E 27 20  
002F06r 2  65 78 70 65  
002F0Fr 2               err_expected_en:
002F0Fr 2  27 45 4E 44          .byte "'END' expected",0
002F13r 2  27 20 65 78  
002F17r 2  70 65 63 74  
002F1Er 2               err_expected_do:
002F1Er 2  27 44 4F 27          .byte "'DO' expected",0
002F22r 2  20 65 78 70  
002F26r 2  65 63 74 65  
002F2Cr 2               err_expected_of:
002F2Cr 2  27 4F 46 27          .byte "'OF' expected",0
002F30r 2  20 65 78 70  
002F34r 2  65 63 74 65  
002F3Ar 2               err_expected_th:
002F3Ar 2  27 54 48 45          .byte "'THEN' expected",0
002F3Er 2  4E 27 20 65  
002F42r 2  78 70 65 63  
002F4Ar 2               err_expected_to:
002F4Ar 2  27 54 4F 27          .byte "'TO' or 'DOWNTO' expected",0
002F4Er 2  20 6F 72 20  
002F52r 2  27 44 4F 57  
002F64r 2               err_expected_un:
002F64r 2  27 55 4E 54          .byte "'UNTIL' expected",0
002F68r 2  49 4C 27 20  
002F6Cr 2  65 78 70 65  
002F75r 2               err_expected_lp:
002F75r 2  27 28 27 20          .byte "'(' expected",0
002F79r 2  65 78 70 65  
002F7Dr 2  63 74 65 64  
002F82r 2               err_expected_rp:
002F82r 2  27 29 27 20          .byte "')' expected",0
002F86r 2  65 78 70 65  
002F8Ar 2  63 74 65 64  
002F8Fr 2               err_expected_rb:
002F8Fr 2  27 5D 27 20          .byte "']' expected",0
002F93r 2  65 78 70 65  
002F97r 2  63 74 65 64  
002F9Cr 2               err_expected_co:
002F9Cr 2  27 3A 27 20          .byte "':' expected",0
002FA0r 2  65 78 70 65  
002FA4r 2  63 74 65 64  
002FA9r 2               err_expected_as:
002FA9r 2  27 3A 3D 27          .byte "':=' expected",0
002FADr 2  20 65 78 70  
002FB1r 2  65 63 74 65  
002FB7r 2               err_undef:
002FB7r 2  55 6E 64 65          .byte "Undefined identifier",0
002FBBr 2  66 69 6E 65  
002FBFr 2  64 20 69 64  
002FCCr 2               err_redef:
002FCCr 2  49 64 65 6E          .BYTE   "Identifier redefined",0
002FD0r 2  74 69 66 69  
002FD4r 2  65 72 20 72  
002FE1r 2               err_type:
002FE1r 2  54 79 70 65          .BYTE   "Type mismatch",0
002FE5r 2  20 6D 69 73  
002FE9r 2  6D 61 74 63  
002FEFr 2               err_not_var:
002FEFr 2  56 61 72 69          .BYTE   "Variable expected",0
002FF3r 2  61 62 6C 65  
002FF7r 2  20 65 78 70  
003001r 2               err_not_proc:
003001r 2  50 72 6F 63          .BYTE   "Procedure/function expected",0
003005r 2  65 64 75 72  
003009r 2  65 2F 66 75  
00301Dr 2               err_too_many:
00301Dr 2  54 6F 6F 20          .BYTE   "Too many locals",0
003021r 2  6D 61 6E 79  
003025r 2  20 6C 6F 63  
00302Dr 2               err_overflow:
00302Dr 2  49 6E 74 65          .BYTE   "Integer overflow",0
003031r 2  67 65 72 20  
003035r 2  6F 76 65 72  
00303Er 2               err_string_long:
00303Er 2  53 54 52 49          .byte   "STRING too long",0
003042r 2  4E 47 20 74  
003046r 2  6F 6F 20 6C  
00304Er 2               err_nofile:
00304Er 2  43 61 6E 6E          .byte "Cannot open source file",0
003052r 2  6F 74 20 6F  
003056r 2  70 65 6E 20  
003066r 2               err_outfile:
003066r 2  43 61 6E 6E          .BYTE   "Cannot create output file",0
00306Ar 2  6F 74 20 63  
00306Er 2  72 65 61 74  
003080r 2               err_pcd_full:
003080r 2  50 2D 63 6F          .BYTE   "P-code buffer full",0
003084r 2  64 65 20 62  
003088r 2  75 66 66 65  
003093r 2               
003093r 2               ; Runtime errors (for PRUN.COM)
003093r 2               err_rt_magic:
003093r 2  4E 6F 74 20          .BYTE   "Not a .PCD file",13,10,0
003097r 2  61 20 2E 50  
00309Br 2  43 44 20 66  
0030A5r 2               err_rt_stack:
0030A5r 2  53 74 61 63          .BYTE   "Stack overflow",13,10,0
0030A9r 2  6B 20 6F 76  
0030ADr 2  65 72 66 6C  
0030B6r 2               err_rt_div0:
0030B6r 2  44 69 76 69          .BYTE   "Division by zero",13,10,0
0030BAr 2  73 69 6F 6E  
0030BEr 2  20 62 79 20  
0030C9r 2               err_rt_bounds:
0030C9r 2  41 72 72 61          .BYTE   "Array out of bounds",13,10,0
0030CDr 2  79 20 6F 75  
0030D1r 2  74 20 6F 66  
0030DFr 2               err_rt_nil:
0030DFr 2  4E 69 6C 20          .BYTE   "Nil pointer dereference",13,10,0
0030E3r 2  70 6F 69 6E  
0030E7r 2  74 65 72 20  
0030F9r 2               err_rt_opcode:
0030F9r 2  55 6E 6B 6E          .BYTE   "Unknown opcode ",0
0030FDr 2  6F 77 6E 20  
003101r 2  6F 70 63 6F  
003109r 2               msg_rt_done:
003109r 2  0D 0A 5B 50          .BYTE   13,10,"[Program exited]",13,10,0
00310Dr 2  72 6F 67 72  
003111r 2  61 6D 20 65  
00311Er 2               
00311Er 1               
