ca65 V2.18 - Ubuntu 2.19-1
Main file   : prun.asm
Current file: prun.asm

000000r 1               ; prun.asm — P-Code Runtime for DOS/65
000000r 1               ;
000000r 1               ; Usage: PRUN <filename>   (loads <filename>.PCD and executes it)
000000r 1               ;
000000r 1               ; Memory layout at runtime:
000000r 1               ;   $0800-$17FF  this interpreter (code, dispatch tables, FCB, iolib, msgs)
000000r 1               ;   $1800-$1FFF  p-code loaded from .PCD (2 KB)
000000r 1               ;   $2000-$7FFF  p-machine value stack (grows up)
000000r 1               ;   $8000-$AFFF  heap (grows down from $B000)
000000r 1               ;   $B000-$B7DF  globals + string pool
000000r 1               
000000r 1               .PC02                                   ; enable 65C02 (BRA/PHX/PHY) for string built-ins
000000r 1               
000000r 1                       .include        "DEFINITIONS.ASM"
000000r 2               ; definitions.asm — constants, token codes, p-code opcodes, macros
000000r 2               
000000r 2               ; ---------------------------------------------------------------------------
000000r 2               ; DOS/65 system entry points
000000r 2               ; ---------------------------------------------------------------------------
000000r 2               PEM_ENTRY       = $0103         ; JSR here; function # in X
000000r 2               WARM_BOOT       = $0100
000000r 2               DEFAULT_FCB     = $0107         ; DOS/65 dflfcb (parsed argument FCB)
000000r 2               DMA_BUF         = $0128         ; DOS/65 dflbuf (default DMA buffer)
000000r 2               
000000r 2               ; PEM function numbers
000000r 2               PEM_CONIN       = 1             ; console input with echo (blocking)
000000r 2               PEM_CONOUT      = 2             ; console output (A=char)
000000r 2               PEM_DIRCON      = 6             ; direct console I/O (BLOCKING — use fn 11 first)
000000r 2               PEM_CONSTAT     = 11            ; console status (non-blocking)
000000r 2               PEM_OPEN        = 15
000000r 2               PEM_CLOSE       = 16
000000r 2               PEM_SEARCH      = 17
000000r 2               PEM_DELETE      = 19
000000r 2               PEM_READ        = 20
000000r 2               PEM_WRITE       = 21
000000r 2               PEM_MAKE        = 22
000000r 2               
000000r 2               ; ---------------------------------------------------------------------------
000000r 2               ; P-code opcodes
000000r 2               ; ---------------------------------------------------------------------------
000000r 2               
000000r 2               ; --- Constants ---
000000r 2               OP_LDCI         = $00           ; push sign-extended byte constant
000000r 2               OP_LDCW         = $01           ; push word constant (lo, hi)
000000r 2               OP_LDCC         = $02           ; push char constant
000000r 2               OP_LDCB         = $03           ; push boolean constant (0/1)
000000r 2               OP_LDCS         = $04           ; push string constant (len + bytes)
000000r 2               OP_LDCN         = $05           ; push NIL
000000r 2               
000000r 2               ; --- Local variable access ---
000000r 2               OP_LDL          = $10           ; push 16-bit local (byte offset from MP+8)
000000r 2               OP_STL          = $11           ; pop into 16-bit local
000000r 2               OP_LDA_L        = $12           ; push address of local
000000r 2               OP_LDB_L        = $13           ; push byte/char/bool local
000000r 2               OP_STB_L        = $14           ; pop byte into local
000000r 2               
000000r 2               ; --- Global variable access ---
000000r 2               OP_LDG          = $18           ; push 16-bit global (word offset from BASE)
000000r 2               OP_STG          = $19           ; pop into 16-bit global
000000r 2               OP_LDA_G        = $1A           ; push address of global
000000r 2               OP_LDB_G        = $1B           ; push byte global
000000r 2               OP_STB_G        = $1C           ; pop byte into global
000000r 2               
000000r 2               ; --- Indirect / array ---
000000r 2               OP_LDIND        = $20           ; TOS=addr → push word at addr
000000r 2               OP_STIND        = $21           ; NOS=addr, TOS=val → store
000000r 2               OP_LDB_IND      = $22           ; TOS=addr → push byte at addr
000000r 2               OP_STB_IND      = $23           ; NOS=addr, TOS=val → store byte
000000r 2               OP_INDEX        = $24           ; array index: addr=NOS+TOS*elemsize (word follows)
000000r 2               
000000r 2               ; --- Integer arithmetic ---
000000r 2               OP_ADI          = $30
000000r 2               OP_SBI          = $31
000000r 2               OP_MPI          = $32
000000r 2               OP_DVI          = $33
000000r 2               OP_MOD          = $34
000000r 2               OP_NGI          = $35           ; negate
000000r 2               OP_ABI          = $36           ; absolute value
000000r 2               OP_SQI          = $37           ; square
000000r 2               
000000r 2               ; --- Logical / bitwise ---
000000r 2               OP_LAND         = $38
000000r 2               OP_LOR          = $39
000000r 2               OP_LNOT         = $3A           ; logical NOT ($0000 ↔ $FFFF)
000000r 2               OP_BNOT         = $3B           ; bitwise complement
000000r 2               
000000r 2               ; --- Comparison (push $FFFF=true, $0000=false) ---
000000r 2               OP_EQUI         = $40
000000r 2               OP_NEQI         = $41
000000r 2               OP_LESI         = $42
000000r 2               OP_LEQI         = $43
000000r 2               OP_GTRI         = $44
000000r 2               OP_GEQI         = $45
000000r 2               OP_EQUB         = $46           ; byte equality
000000r 2               OP_EQUS         = $47           ; string equality
000000r 2               
000000r 2               ; --- Control flow ---
000000r 2               OP_UJP          = $50           ; unconditional jump (signed word offset)
000000r 2               OP_FJP          = $51           ; jump if false (pop TOS)
000000r 2               OP_TJP          = $52           ; jump if true  (pop TOS)
000000r 2               OP_IXPJP        = $53           ; case jump table
000000r 2               
000000r 2               ; --- Procedure/function calls ---
000000r 2               OP_CALL         = $60           ; call (signed word offset from current IPC)
000000r 2               OP_CALI         = $61           ; call absolute address (word)
000000r 2               OP_RET          = $62           ; return from procedure
000000r 2               OP_RETF         = $63           ; return from function (leave result on stack)
000000r 2               OP_MRKSTK       = $64           ; set up activation record (byte: local size)
000000r 2               OP_DEPSTK       = $65           ; tear down activation record
000000r 2               OP_STR          = $66           ; pop word, store at MP+AR_RET_VAL (function result)
000000r 2               
000000r 2               ; --- Heap ---
000000r 2               OP_NEW          = $70           ; allocate (word size follows); push pointer
000000r 2               OP_DISP         = $71           ; free pointer on TOS
000000r 2               
000000r 2               ; --- I/O ---
000000r 2               OP_WRITI        = $80           ; write integer
000000r 2               OP_WRITC        = $81           ; write character
000000r 2               OP_WRITB        = $82           ; write boolean
000000r 2               OP_WRITS        = $83           ; write string
000000r 2               OP_WRITLN       = $84           ; write newline
000000r 2               OP_READI        = $85           ; read integer
000000r 2               OP_READC        = $86           ; read character
000000r 2               OP_READS        = $87           ; read string
000000r 2               
000000r 2               ; --- Stack manipulation ---
000000r 2               OP_DUP          = $90
000000r 2               OP_POP          = $91
000000r 2               OP_SWAP         = $92
000000r 2               OP_MOVS         = $93           ; copy n bytes (byte count follows)
000000r 2               
000000r 2               ; --- String built-ins ---
000000r 2               OP_LEN          = $A0           ; TOS=strptr -> TOS=length (int)
000000r 2               OP_POS          = $A1           ; NOS=substr, TOS=str -> TOS=1-based pos (0=not found)
000000r 2               OP_COPY         = $A2           ; NNOS=str, NOS=index, TOS=count -> TOS=result strptr
000000r 2               OP_CONCAT       = $A3           ; NOS=s1, TOS=s2 -> TOS=result strptr
000000r 2               
000000r 2               ; --- Halt ---
000000r 2               OP_HALT         = $FF
000000r 2               
000000r 2               ; ---------------------------------------------------------------------------
000000r 2               ; .PCD file magic / version
000000r 2               ; ---------------------------------------------------------------------------
000000r 2               PCD_MAGIC_0     = $50           ; 'P'
000000r 2               PCD_MAGIC_1     = $43           ; 'C'
000000r 2               PCD_VERSION     = $01
000000r 2               
000000r 2               ; PCD header offsets
000000r 2               PCD_MAGIC       = 0
000000r 2               PCD_VER         = 2
000000r 2               PCD_CODESZ      = 4             ; word: code section size
000000r 2               PCD_GLOBSZ      = 6             ; word: global data size
000000r 2               PCD_STRSZ       = 8             ; word: string pool size
000000r 2               PCD_ENTRY       = 10            ; word: entry point offset into code
000000r 2               PCD_HEADER_SZ   = 12
000000r 2               
000000r 2               ; ---------------------------------------------------------------------------
000000r 2               ; Token codes (used by compiler lexer/parser)
000000r 2               ; ---------------------------------------------------------------------------
000000r 2               TOK_EOF         = 0
000000r 2               TOK_IDENT       = 1
000000r 2               TOK_INT         = 2
000000r 2               TOK_STRING      = 3
000000r 2               TOK_CHAR        = 4
000000r 2               
000000r 2               ; Operators / punctuation
000000r 2               TOK_PLUS        = $10           ; +
000000r 2               TOK_MINUS       = $11           ; -
000000r 2               TOK_STAR        = $12           ; *
000000r 2               TOK_SLASH       = $13           ; /
000000r 2               TOK_EQ          = $14           ; =
000000r 2               TOK_NEQ         = $15           ; <>
000000r 2               TOK_LT          = $16           ; <
000000r 2               TOK_GT          = $17           ; >
000000r 2               TOK_LEQ         = $18           ; <=
000000r 2               TOK_GEQ         = $19           ; >=
000000r 2               TOK_ASSIGN      = $1A           ; :=
000000r 2               TOK_LPAREN      = $1B           ; (
000000r 2               TOK_RPAREN      = $1C           ; )
000000r 2               TOK_LBRACK      = $1D           ; [
000000r 2               TOK_RBRACK      = $1E           ; ]
000000r 2               TOK_COMMA       = $1F           ; ,
000000r 2               TOK_SEMICOLON   = $20           ; ;
000000r 2               TOK_COLON       = $21           ; :
000000r 2               TOK_DOT         = $22           ; .
000000r 2               TOK_DOTDOT      = $23           ; ..
000000r 2               TOK_CARET       = $24           ; ^
000000r 2               
000000r 2               ; Keywords
000000r 2               TOK_AND         = $40
000000r 2               TOK_ARRAY       = $41
000000r 2               TOK_BEGIN       = $42
000000r 2               TOK_CASE        = $43
000000r 2               TOK_CONST       = $44
000000r 2               TOK_DIV         = $45
000000r 2               TOK_DO          = $46
000000r 2               TOK_DOWNTO      = $47
000000r 2               TOK_ELSE        = $48
000000r 2               TOK_END         = $49
000000r 2               TOK_FOR         = $4A
000000r 2               TOK_FUNCTION    = $4B
000000r 2               TOK_IF          = $4C
000000r 2               TOK_MOD_KW      = $4D
000000r 2               TOK_NIL         = $4E
000000r 2               TOK_NOT         = $4F
000000r 2               TOK_OF          = $50
000000r 2               TOK_OR          = $51
000000r 2               TOK_PROCEDURE   = $52
000000r 2               TOK_PROGRAM     = $53
000000r 2               TOK_RECORD      = $54
000000r 2               TOK_REPEAT      = $55
000000r 2               TOK_THEN        = $56
000000r 2               TOK_TO          = $57
000000r 2               TOK_TYPE        = $58
000000r 2               TOK_UNTIL       = $59
000000r 2               TOK_VAR         = $5A
000000r 2               TOK_WHILE       = $5B
000000r 2               TOK_WITH        = $5C
000000r 2               
000000r 2               ; ---------------------------------------------------------------------------
000000r 2               ; Useful macros
000000r 2               ; ---------------------------------------------------------------------------
000000r 2               
000000r 2               ; Call PEM with function number in X
000000r 2               .macro PEM func
000000r 2                       ldx     #func
000000r 2                       jsr     PEM_ENTRY
000000r 2               .endmacro
000000r 2               
000000r 1                       .include        "ZEROPAGE.ASM"
000000r 2               ; zeropage.asm — zero-page variable layout for PASCAL.COM and PRUN.COM
000000r 2               ;
000000r 2               ; Avoid $00-$2F (DOS/65 system), $32 (FARFUNCT), $39-$3A (DOS/65).
000000r 2               ; Safe range: $50-$EF
000000r 2               
000000r 2                       .segment        "ZEROPAGE"
000000r 2               
000000r 2  xx xx xx xx          .RES    $50             ; skip $00-$4F (DOS/65 system zero page)
000004r 2  xx xx xx xx  
000008r 2  xx xx xx xx  
000050r 2               
000050r 2               ; ---------------------------------------------------------------------------
000050r 2               ; P-machine registers — start at $50 as noted in comments below
000050r 2               ; ---------------------------------------------------------------------------
000050r 2               
000050r 2               pm_ipc:
000050r 2  xx xx                .RES    2               ; $50-$51  interpreter program counter
000052r 2               pm_sp:
000052r 2  xx xx                .RES    2               ; $52-$53  p-machine stack pointer
000054r 2               pm_mp:
000054r 2  xx xx                .RES    2               ; $54-$55  mark/frame pointer
000056r 2               pm_base:
000056r 2  xx xx                .RES    2               ; $56-$57  global variable base
000058r 2               pm_np:
000058r 2  xx xx                .RES    2               ; $58-$59  heap top (grows downward)
00005Ar 2               
00005Ar 2               ; General-purpose temporaries
00005Ar 2               tmp0:
00005Ar 2  xx xx                .RES    2               ; $5A-$5B
00005Cr 2               tmp1:
00005Cr 2  xx xx                .RES    2               ; $5C-$5D
00005Er 2               tmp2:
00005Er 2  xx xx                .RES    2               ; $5E-$5F
000060r 2               tmp3:
000060r 2  xx xx                .RES    2               ; $60-$61
000062r 2               
000062r 2               ; Byte-width scratch (often used by macros)
000062r 2               scratch:
000062r 2  xx                   .RES    1               ; $62
000063r 2               
000063r 2               ; ---------------------------------------------------------------------------
000063r 2               ; Compiler-specific zero-page variables (only used by PASCAL.COM)
000063r 2               ; ---------------------------------------------------------------------------
000063r 2               
000063r 2               ; Lexer state
000063r 2               lex_line:
000063r 2  xx xx                .RES    2               ; $63-$64  current source line number
000065r 2               lex_col:
000065r 2  xx                   .RES    1               ; $65      current column
000066r 2               lex_char:
000066r 2  xx                   .RES    1               ; $66      lookahead character
000067r 2               tok_type:
000067r 2  xx                   .RES    1               ; $67      current token type
000068r 2               tok_ival_lo:
000068r 2  xx                   .RES    1               ; $68      integer token value (lo)
000069r 2               tok_ival_hi:
000069r 2  xx                   .RES    1               ; $69      integer token value (hi)
00006Ar 2               
00006Ar 2               ; Parser / code generator state
00006Ar 2               cg_pc:
00006Ar 2  xx xx                .RES    2               ; $6A-$6B  current emit offset into code buffer
00006Cr 2               cg_globals:
00006Cr 2  xx xx                .RES    2               ; $6C-$6D  next available global variable offset
00006Er 2               scope_depth:
00006Er 2  xx                   .RES    1               ; $6E      current lexical nesting depth (0=global)
00006Fr 2               sym_chain:
00006Fr 2  xx xx                .RES    2               ; $6F-$70  pointer into symbol table chain
000071r 2               
000071r 2               ; FCB pointers (compiler I/O)
000071r 2               src_fcb:
000071r 2  xx xx                .RES    2               ; $71-$72  pointer to source FCB
000073r 2               out_fcb:
000073r 2  xx xx                .RES    2               ; $73-$74  pointer to output FCB
000075r 2               src_buf_pos:
000075r 2  xx                   .RES    1               ; $75      position within 128-byte sector buffer
000076r 2               src_buf_end:
000076r 2  xx                   .RES    1               ; $76      bytes valid in sector buffer
000077r 2               
000077r 2               ; FOR-loop scratch (parse_for; not nestable)
000077r 2               for_loop_top:
000077r 2  xx xx                .RES    2               ; $77-$78  cg_pc of loop test (back-jump target)
000079r 2               for_patch:
000079r 2  xx xx                .RES    2               ; $79-$7A  FJP exit patch address
00007Br 2               
00007Br 2               ; Result type of the most recently parsed expression (TY_INT/TY_CHAR/
00007Br 2               ; TY_BOOL/TY_STRING/etc.).  Used by parse_write_args to dispatch the
00007Br 2               ; right WRIT* opcode.  Set by parse_factor / parse_simple_expr /
00007Br 2               ; parse_expression as each rule produces its result.
00007Br 2               expr_type:
00007Br 2  xx                   .RES    1               ; $7B
00007Cr 2               
00007Cr 1               
00007Cr 1               ; ---------------------------------------------------------------------------
00007Cr 1               ; Runtime memory layout constants
00007Cr 1               ; ---------------------------------------------------------------------------
00007Cr 1               ; PCODE_BASE must lie above the end of the CODE segment so that loading
00007Cr 1               ; a .PCD file does not overwrite iolib/messages. CODE has grown past $1400
00007Cr 1               ; (now reaches ~$14CD), so $1800 keeps a comfortable safety margin.
00007Cr 1               PCODE_BASE      = $1800         ; where p-code is loaded
00007Cr 1               STACK_BASE      = $2000         ; bottom of p-machine value stack
00007Cr 1               STACK_TOP       = $8000         ; top of stack (grows up)
00007Cr 1               HEAP_TOP        = $B000         ; heap grows down from here
00007Cr 1               GLOBALS_BASE    = $B000         ; global variable area (below heap top)
00007Cr 1               
00007Cr 1               ; Activation record offsets from MP
00007Cr 1               AR_DYN_LINK     = 0             ; 2 bytes: saved MP
00007Cr 1               AR_RET_ADDR     = 2             ; 2 bytes: saved IPC
00007Cr 1               AR_STAT_LINK    = 4             ; 2 bytes: static link
00007Cr 1               AR_RET_VAL      = 6             ; 2 bytes: function return value slot
00007Cr 1               AR_LOCALS       = 8             ; start of local variables
00007Cr 1               
00007Cr 1               ; ---------------------------------------------------------------------------
00007Cr 1               ; P-code load buffer (at PCODE_BASE, filled by loader)
00007Cr 1               ; Actual code lives at runtime in $1000 range.
00007Cr 1               ; FCB and other data live in CODE segment (placed by ld65 after dispatch
00007Cr 1               ; tables) — keeping them out of the $2000+ stack region.
00007Cr 1               ; ---------------------------------------------------------------------------
00007Cr 1               
00007Cr 1                       .segment        "TEA"
000000r 1               
000000r 1               ; ---------------------------------------------------------------------------
000000r 1               ; Entry point — DOS/65 loads .COM at $0800 and jumps here
000000r 1               ; ---------------------------------------------------------------------------
000000r 1  4C rr rr             JMP     prun_main
000003r 1               
000003r 1               ; ---------------------------------------------------------------------------
000003r 1               ; prun_main
000003r 1               ; ---------------------------------------------------------------------------
000003r 1                       .segment        "CODE"
000000r 1               prun_main:
000000r 1               ; print banner
000000r 1  A9 rr                LDA     #<msg_rt_banner
000002r 1  85 rr                STA     tmp0
000004r 1  A9 rr                LDA     #>msg_rt_banner
000006r 1  85 rr                STA     tmp0+1
000008r 1  20 rr rr             JSR     console_print_sz
00000Br 1               
00000Br 1               ; build FCB from DEFAULT_FCB (DOS/65 fills $0107 with first argument)
00000Br 1  20 rr rr             JSR     build_pcd_fcb   ; copy $0107 → pcd_fcb, append .PCD extension
00000Er 1  B0 30                BCS     @no_file
000010r 1               
000010r 1               ; open the .PCD file
000010r 1  A9 rr                LDA     #<pcd_fcb
000012r 1  85 rr                STA     tmp1
000014r 1  A9 rr                LDA     #>pcd_fcb
000016r 1  85 rr                STA     tmp1+1
000018r 1  20 rr rr             JSR     file_open
00001Br 1  C9 FF                CMP     #$FF            ; PEM open returns $FF=not found, 0-3=dir entry
00001Dr 1  F0 21                BEQ     @no_file
00001Fr 1               
00001Fr 1               ; load p-code into memory starting at PCODE_BASE
00001Fr 1  20 rr rr             JSR     load_pcd
000022r 1  B0 2A                BCS     @load_err
000024r 1               
000024r 1               ; execute
000024r 1  20 rr rr             JSR     prun_execute
000027r 1               
000027r 1               ; clean exit
000027r 1  A9 rr                LDA     #<pcd_fcb
000029r 1  85 rr                STA     tmp1
00002Br 1  A9 rr                LDA     #>pcd_fcb
00002Dr 1  85 rr                STA     tmp1+1
00002Fr 1  20 rr rr             JSR     file_close
000032r 1  A9 rr                LDA     #<msg_rt_done
000034r 1  85 rr                STA     tmp0
000036r 1  A9 rr                LDA     #>msg_rt_done
000038r 1  85 rr                STA     tmp0+1
00003Ar 1  20 rr rr             JSR     console_print_sz
00003Dr 1  4C 00 01             JMP     WARM_BOOT
000040r 1               
000040r 1               @no_file:
000040r 1  A9 rr                LDA     #<err_nofile
000042r 1  85 rr                STA     tmp0
000044r 1  A9 rr                LDA     #>err_nofile
000046r 1  85 rr                STA     tmp0+1
000048r 1  20 rr rr             JSR     console_print_sz
00004Br 1  4C 00 01             JMP     WARM_BOOT
00004Er 1               
00004Er 1               @load_err:
00004Er 1  A9 rr                LDA     #<err_rt_magic
000050r 1  85 rr                STA     tmp0
000052r 1  A9 rr                LDA     #>err_rt_magic
000054r 1  85 rr                STA     tmp0+1
000056r 1  20 rr rr             JSR     console_print_sz
000059r 1  4C 00 01             JMP     WARM_BOOT
00005Cr 1               
00005Cr 1               ; ---------------------------------------------------------------------------
00005Cr 1               ; build_pcd_fcb — copy DEFAULT_FCB ($0107) to pcd_fcb, force extension "PCD"
00005Cr 1               ; DOS/65 CCM copies the parsed argument FCB to dflfcb=$0107, not $005C.
00005Cr 1               ; Returns: carry clear = ok, carry set = no filename given
00005Cr 1               ; ---------------------------------------------------------------------------
00005Cr 1               build_pcd_fcb:
00005Cr 1  A2 00                LDX     #0
00005Er 1               @copy:
00005Er 1  BD 07 01             LDA     DEFAULT_FCB,x
000061r 1  9D rr rr             STA     pcd_fcb,x
000064r 1  E8                   INX
000065r 1  E0 0C                CPX     #12
000067r 1  90 F5                BCC     @copy
000069r 1               ; zero the rest of FCB
000069r 1  A9 00                LDA     #0
00006Br 1               @zero:
00006Br 1  9D rr rr             STA     pcd_fcb,x
00006Er 1  E8                   INX
00006Fr 1  E0 24                CPX     #36
000071r 1  90 F8                BCC     @zero
000073r 1               ; check filename is non-blank
000073r 1  AD rr rr             LDA     pcd_fcb+1       ; first char of filename field
000076r 1  C9 20                CMP     #' '
000078r 1  F0 11                BEQ     @noname
00007Ar 1               ; force extension bytes 9-11 to "PCD"
00007Ar 1  A9 50                LDA     #'P'
00007Cr 1  8D rr rr             STA     pcd_fcb+9
00007Fr 1  A9 43                LDA     #'C'
000081r 1  8D rr rr             STA     pcd_fcb+10
000084r 1  A9 44                LDA     #'D'
000086r 1  8D rr rr             STA     pcd_fcb+11
000089r 1  18                   CLC
00008Ar 1  60                   RTS
00008Br 1               @noname:
00008Br 1  38                   SEC
00008Cr 1  60                   RTS
00008Dr 1               
00008Dr 1               ; ---------------------------------------------------------------------------
00008Dr 1               ; load_pcd — read .PCD header, validate, load code + globals + strings
00008Dr 1               ; Returns: carry clear = ok, carry set = error
00008Dr 1               ; ---------------------------------------------------------------------------
00008Dr 1               load_pcd:
00008Dr 1               ; ensure tmp1 points to pcd_fcb for all file I/O calls
00008Dr 1  A9 rr                LDA     #<pcd_fcb
00008Fr 1  85 rr                STA     tmp1
000091r 1  A9 rr                LDA     #>pcd_fcb
000093r 1  85 rr                STA     tmp1+1
000095r 1               ; Read first sector (contains header + start of code)
000095r 1  20 rr rr             JSR     file_read_sector
000098r 1  C9 00                CMP     #0
00009Ar 1  D0 62                BNE     @err
00009Cr 1               
00009Cr 1               ; validate magic
00009Cr 1  AD 28 01             LDA     DMA_BUF+0
00009Fr 1  C9 50                CMP     #PCD_MAGIC_0
0000A1r 1  D0 5B                BNE     @err
0000A3r 1  AD 29 01             LDA     DMA_BUF+1
0000A6r 1  C9 43                CMP     #PCD_MAGIC_1
0000A8r 1  D0 54                BNE     @err
0000AAr 1               
0000AAr 1               ; entry point — preserved in tmp3 for prun_execute
0000AAr 1  AD 32 01             LDA     DMA_BUF+PCD_ENTRY
0000ADr 1  85 rr                STA     tmp3
0000AFr 1  AD 33 01             LDA     DMA_BUF+PCD_ENTRY+1
0000B2r 1  85 rr                STA     tmp3+1
0000B4r 1               
0000B4r 1               ; remaining bytes still to copy = code size
0000B4r 1  AD 2C 01             LDA     DMA_BUF+PCD_CODESZ
0000B7r 1  85 rr                STA     tmp2
0000B9r 1  AD 2D 01             LDA     DMA_BUF+PCD_CODESZ+1
0000BCr 1  85 rr                STA     tmp2+1
0000BEr 1               
0000BEr 1               ; dest = PCODE_BASE - PCD_HEADER_SZ so that for the first sector
0000BEr 1               ; (tmp0),Y with Y=12..127 lands at PCODE_BASE+0..115.
0000BEr 1  38                   SEC
0000BFr 1  A9 00                LDA     #<PCODE_BASE
0000C1r 1  E9 0C                SBC     #PCD_HEADER_SZ
0000C3r 1  85 rr                STA     tmp0
0000C5r 1  A9 18                LDA     #>PCODE_BASE
0000C7r 1  E9 00                SBC     #0
0000C9r 1  85 rr                STA     tmp0+1
0000CBr 1               
0000CBr 1  A0 0C                LDY     #PCD_HEADER_SZ
0000CDr 1               @cloop:
0000CDr 1  A5 rr                LDA     tmp2
0000CFr 1  05 rr                ORA     tmp2+1
0000D1r 1  F0 29                BEQ     @done_ok
0000D3r 1  C0 80                CPY     #128
0000D5r 1  90 14                BCC     @cbyte
0000D7r 1               ; sector exhausted — advance dest by 128 and read the next one
0000D7r 1  18                   CLC
0000D8r 1  A5 rr                LDA     tmp0
0000DAr 1  69 80                ADC     #128
0000DCr 1  85 rr                STA     tmp0
0000DEr 1  90 02                BCC     :+
0000E0r 1  E6 rr                INC     tmp0+1
0000E2r 1               :
0000E2r 1  20 rr rr             JSR     file_read_sector
0000E5r 1  C9 00                CMP     #0
0000E7r 1  D0 15                BNE     @err
0000E9r 1  A0 00                LDY     #0
0000EBr 1               @cbyte:
0000EBr 1  B9 28 01             LDA     DMA_BUF,y
0000EEr 1  91 rr                STA     (tmp0),y
0000F0r 1  C8                   INY
0000F1r 1  A5 rr                LDA     tmp2
0000F3r 1  D0 02                BNE     :+
0000F5r 1  C6 rr                DEC     tmp2+1
0000F7r 1               :
0000F7r 1  C6 rr                DEC     tmp2
0000F9r 1  4C rr rr             JMP     @cloop
0000FCr 1               
0000FCr 1               @done_ok:
0000FCr 1  18                   CLC
0000FDr 1  60                   RTS
0000FEr 1               @err:
0000FEr 1  38                   SEC
0000FFr 1  60                   RTS
000100r 1               
000100r 1               ; ---------------------------------------------------------------------------
000100r 1               ; prun_execute — main fetch-decode-execute loop
000100r 1               ; ---------------------------------------------------------------------------
000100r 1               prun_execute:
000100r 1               ; initialise p-machine registers
000100r 1  A9 00                LDA     #<PCODE_BASE
000102r 1  18                   CLC
000103r 1  65 rr                ADC     tmp3            ; entry offset lo
000105r 1  85 rr                STA     pm_ipc
000107r 1  A9 18                LDA     #>PCODE_BASE
000109r 1  65 rr                ADC     tmp3+1
00010Br 1  85 rr                STA     pm_ipc+1
00010Dr 1               
00010Dr 1  A9 00                LDA     #<STACK_BASE
00010Fr 1  85 rr                STA     pm_sp
000111r 1  A9 20                LDA     #>STACK_BASE
000113r 1  85 rr                STA     pm_sp+1
000115r 1               
000115r 1  A9 00                LDA     #<STACK_BASE    ; first frame at bottom of stack
000117r 1  85 rr                STA     pm_mp
000119r 1  A9 20                LDA     #>STACK_BASE
00011Br 1  85 rr                STA     pm_mp+1
00011Dr 1               
00011Dr 1  A9 00                LDA     #<GLOBALS_BASE
00011Fr 1  85 rr                STA     pm_base
000121r 1  A9 B0                LDA     #>GLOBALS_BASE
000123r 1  85 rr                STA     pm_base+1
000125r 1               
000125r 1  A9 00                LDA     #<HEAP_TOP
000127r 1  85 rr                STA     pm_np
000129r 1  A9 B0                LDA     #>HEAP_TOP
00012Br 1  85 rr                STA     pm_np+1
00012Dr 1               
00012Dr 1  A9 00                LDA     #0                      ; reset string work-buffer cursor
00012Fr 1  8D rr rr             STA     str_work_idx
000132r 1               
000132r 1               ; ---------------------------------------------------------------------------
000132r 1               ; Fetch-decode-execute inner loop
000132r 1               ; ---------------------------------------------------------------------------
000132r 1               prun_loop:
000132r 1               ; fetch opcode at pm_ipc
000132r 1  A0 00                LDY     #0
000134r 1  B1 rr                LDA     (pm_ipc),y
000136r 1               ; advance IPC
000136r 1  E6 rr                INC     pm_ipc
000138r 1  D0 02                BNE     :+
00013Ar 1  E6 rr                INC     pm_ipc+1
00013Cr 1               :
00013Cr 1               ; dispatch via jump table
00013Cr 1  AA                   TAX                     ; X = opcode
00013Dr 1  BD rr rr             LDA     dispatch_lo,x
000140r 1  85 rr                STA     tmp0
000142r 1  BD rr rr             LDA     dispatch_hi,x
000145r 1  85 rr                STA     tmp0+1
000147r 1  6C rr rr             JMP     (tmp0)
00014Ar 1               
00014Ar 1               ; ---------------------------------------------------------------------------
00014Ar 1               ; Stack helpers
00014Ar 1               ; push 16-bit value in A(lo) / scratch(hi) onto p-machine stack
00014Ar 1               ; ---------------------------------------------------------------------------
00014Ar 1               pm_push:
00014Ar 1  A0 00                LDY     #0
00014Cr 1  91 rr                STA     (pm_sp),y
00014Er 1  C8                   INY
00014Fr 1  A5 rr                LDA     scratch
000151r 1  91 rr                STA     (pm_sp),y
000153r 1  18                   CLC
000154r 1  A5 rr                LDA     pm_sp
000156r 1  69 02                ADC     #2
000158r 1  85 rr                STA     pm_sp
00015Ar 1  90 02                BCC     :+
00015Cr 1  E6 rr                INC     pm_sp+1
00015Er 1               :
00015Er 1  60                   RTS
00015Fr 1               
00015Fr 1               ; pop 16-bit value from p-machine stack → A(lo) / scratch(hi)
00015Fr 1               pm_pop:
00015Fr 1  38                   SEC
000160r 1  A5 rr                LDA     pm_sp
000162r 1  E9 02                SBC     #2
000164r 1  85 rr                STA     pm_sp
000166r 1  B0 02                BCS     :+
000168r 1  C6 rr                DEC     pm_sp+1
00016Ar 1               :
00016Ar 1  A0 00                LDY     #0
00016Cr 1  B1 rr                LDA     (pm_sp),y
00016Er 1  48                   PHA
00016Fr 1  C8                   INY
000170r 1  B1 rr                LDA     (pm_sp),y
000172r 1  85 rr                STA     scratch
000174r 1  68                   PLA
000175r 1  60                   RTS
000176r 1               
000176r 1               ; peek at TOS without popping → A(lo) / scratch(hi)
000176r 1               pm_peek:
000176r 1  A5 rr                LDA     pm_sp
000178r 1  38                   SEC
000179r 1  E9 02                SBC     #2
00017Br 1  85 rr                STA     tmp1
00017Dr 1  A5 rr                LDA     pm_sp+1
00017Fr 1  E9 00                SBC     #0
000181r 1  85 rr                STA     tmp1+1
000183r 1  A0 00                LDY     #0
000185r 1  B1 rr                LDA     (tmp1),y
000187r 1  48                   PHA
000188r 1  C8                   INY
000189r 1  B1 rr                LDA     (tmp1),y
00018Br 1  85 rr                STA     scratch
00018Dr 1  68                   PLA
00018Er 1  60                   RTS
00018Fr 1               
00018Fr 1               ; fetch inline byte at IPC (advances IPC), returns in A
00018Fr 1               pm_fetch_byte:
00018Fr 1  A0 00                LDY     #0
000191r 1  B1 rr                LDA     (pm_ipc),y
000193r 1  E6 rr                INC     pm_ipc
000195r 1  D0 02                BNE     :+
000197r 1  E6 rr                INC     pm_ipc+1
000199r 1               :
000199r 1  60                   RTS
00019Ar 1               
00019Ar 1               ; fetch inline word (lo then hi) at IPC, returns lo in A, hi in scratch
00019Ar 1               pm_fetch_word:
00019Ar 1  20 rr rr             JSR     pm_fetch_byte
00019Dr 1  48                   PHA
00019Er 1  20 rr rr             JSR     pm_fetch_byte
0001A1r 1  85 rr                STA     scratch
0001A3r 1  68                   PLA
0001A4r 1  60                   RTS
0001A5r 1               
0001A5r 1               ; ---------------------------------------------------------------------------
0001A5r 1               ; Runtime error handler
0001A5r 1               ; ---------------------------------------------------------------------------
0001A5r 1               rt_error:
0001A5r 1               ; tmp0 already points to error string (caller's responsibility)
0001A5r 1  20 rr rr             JSR     console_print_sz
0001A8r 1  4C 00 01             JMP     WARM_BOOT
0001ABr 1               
0001ABr 1               ; ---------------------------------------------------------------------------
0001ABr 1               ; Opcode handlers
0001ABr 1               ; ---------------------------------------------------------------------------
0001ABr 1               
0001ABr 1               ; OP_HALT ($FF) — stop execution
0001ABr 1               op_HALT:
0001ABr 1  60                   RTS                     ; return to prun_main
0001ACr 1               
0001ACr 1               ; OP_LDCI ($00) — push sign-extended byte constant
0001ACr 1               op_LDCI:
0001ACr 1  20 rr rr             JSR     pm_fetch_byte
0001AFr 1  48                   PHA
0001B0r 1               ; sign-extend: if bit 7 set, high byte = $FF else $00
0001B0r 1  29 80                AND     #$80
0001B2r 1  F0 04                BEQ     :+
0001B4r 1  A9 FF                LDA     #$FF
0001B6r 1  D0 02                BNE     :++
0001B8r 1               :
0001B8r 1  A9 00                LDA     #$00
0001BAr 1               :
0001BAr 1  85 rr                STA     scratch
0001BCr 1  68                   PLA
0001BDr 1  20 rr rr             JSR     pm_push
0001C0r 1  4C rr rr             JMP     prun_loop
0001C3r 1               
0001C3r 1               ; OP_LDCW ($01) — push word constant
0001C3r 1               op_LDCW:
0001C3r 1  20 rr rr             JSR     pm_fetch_word   ; A=lo, scratch=hi
0001C6r 1  20 rr rr             JSR     pm_push
0001C9r 1  4C rr rr             JMP     prun_loop
0001CCr 1               
0001CCr 1               ; OP_LDCC ($02) — push char constant (zero-extended)
0001CCr 1               op_LDCC:
0001CCr 1  20 rr rr             JSR     pm_fetch_byte
0001CFr 1  48                   PHA
0001D0r 1  A9 00                LDA     #0
0001D2r 1  85 rr                STA     scratch
0001D4r 1  68                   PLA
0001D5r 1  20 rr rr             JSR     pm_push
0001D8r 1  4C rr rr             JMP     prun_loop
0001DBr 1               
0001DBr 1               ; OP_LDCB ($03) — push boolean constant
0001DBr 1               op_LDCB:
0001DBr 1  20 rr rr             JSR     pm_fetch_byte
0001DEr 1  F0 0C                BEQ     :+
0001E0r 1  A9 FF                LDA     #$FF            ; TRUE = $FFFF
0001E2r 1  85 rr                STA     scratch
0001E4r 1  A9 FF                LDA     #$FF
0001E6r 1  20 rr rr             JSR     pm_push
0001E9r 1  4C rr rr             JMP     prun_loop
0001ECr 1               :
0001ECr 1  A9 00                LDA     #0
0001EEr 1  85 rr                STA     scratch
0001F0r 1  20 rr rr             JSR     pm_push
0001F3r 1  4C rr rr             JMP     prun_loop
0001F6r 1               
0001F6r 1               ; OP_LDCN ($05) — push NIL ($0000)
0001F6r 1               op_LDCN:
0001F6r 1  A9 00                LDA     #0
0001F8r 1  85 rr                STA     scratch
0001FAr 1  20 rr rr             JSR     pm_push
0001FDr 1  4C rr rr             JMP     prun_loop
000200r 1               
000200r 1               ; OP_LDCS ($04) — inline string constant.  IPC currently points at the
000200r 1               ; length byte (after opcode fetch).  Push that address as a Pascal-style
000200r 1               ; string pointer, then advance IPC past length+chars.
000200r 1               op_LDCS:
000200r 1               ; save current IPC as the string pointer
000200r 1  A5 rr                LDA     pm_ipc
000202r 1  85 rr                STA     tmp1
000204r 1  A5 rr                LDA     pm_ipc+1
000206r 1  85 rr                STA     tmp1+1
000208r 1               ; advance IPC by (length + 1)
000208r 1  A0 00                LDY     #0
00020Ar 1  B1 rr                LDA     (pm_ipc),y      ; length
00020Cr 1  38                   SEC                     ; +1 for the length byte
00020Dr 1  65 rr                ADC     pm_ipc
00020Fr 1  85 rr                STA     pm_ipc
000211r 1  90 02                BCC     :+
000213r 1  E6 rr                INC     pm_ipc+1
000215r 1               :       ; push the saved string pointer
000215r 1  A5 rr                LDA     tmp1+1
000217r 1  85 rr                STA     scratch
000219r 1  A5 rr                LDA     tmp1
00021Br 1  20 rr rr             JSR     pm_push
00021Er 1  4C rr rr             JMP     prun_loop
000221r 1               
000221r 1               ; OP_LDL ($10) — push 16-bit local var
000221r 1               op_LDL:
000221r 1  20 rr rr             JSR     pm_fetch_byte   ; byte offset
000224r 1  18                   CLC
000225r 1  69 08                ADC     #AR_LOCALS      ; offset from MP
000227r 1  48                   PHA
000228r 1  A5 rr                LDA     pm_mp
00022Ar 1  18                   CLC
00022Br 1  68                   PLA
00022Cr 1  65 rr                ADC     pm_mp
00022Er 1  85 rr                STA     tmp1
000230r 1  A5 rr                LDA     pm_mp+1
000232r 1  69 00                ADC     #0
000234r 1  85 rr                STA     tmp1+1
000236r 1  A0 00                LDY     #0
000238r 1  B1 rr                LDA     (tmp1),y
00023Ar 1  48                   PHA
00023Br 1  C8                   INY
00023Cr 1  B1 rr                LDA     (tmp1),y
00023Er 1  85 rr                STA     scratch
000240r 1  68                   PLA
000241r 1  20 rr rr             JSR     pm_push
000244r 1  4C rr rr             JMP     prun_loop
000247r 1               
000247r 1               ; OP_STL ($11) — pop into 16-bit local var
000247r 1               op_STL:
000247r 1  20 rr rr             JSR     pm_fetch_byte   ; byte offset
00024Ar 1  18                   CLC
00024Br 1  69 08                ADC     #AR_LOCALS
00024Dr 1  18                   CLC
00024Er 1  65 rr                ADC     pm_mp
000250r 1  85 rr                STA     tmp1
000252r 1  A5 rr                LDA     pm_mp+1
000254r 1  69 00                ADC     #0
000256r 1  85 rr                STA     tmp1+1
000258r 1  20 rr rr             JSR     pm_pop          ; A=lo, scratch=hi
00025Br 1  A0 00                LDY     #0
00025Dr 1  91 rr                STA     (tmp1),y
00025Fr 1  C8                   INY
000260r 1  A5 rr                LDA     scratch
000262r 1  91 rr                STA     (tmp1),y
000264r 1  4C rr rr             JMP     prun_loop
000267r 1               
000267r 1               ; OP_LDG ($18) — push 16-bit global var (word offset from pm_base)
000267r 1               op_LDG:
000267r 1  20 rr rr             JSR     pm_fetch_word   ; A=lo offset, scratch=hi offset
00026Ar 1  18                   CLC
00026Br 1  65 rr                ADC     pm_base
00026Dr 1  85 rr                STA     tmp1
00026Fr 1  A5 rr                LDA     scratch
000271r 1  65 rr                ADC     pm_base+1
000273r 1  85 rr                STA     tmp1+1
000275r 1  A0 00                LDY     #0
000277r 1  B1 rr                LDA     (tmp1),y
000279r 1  48                   PHA
00027Ar 1  C8                   INY
00027Br 1  B1 rr                LDA     (tmp1),y
00027Dr 1  85 rr                STA     scratch
00027Fr 1  68                   PLA
000280r 1  20 rr rr             JSR     pm_push
000283r 1  4C rr rr             JMP     prun_loop
000286r 1               
000286r 1               ; OP_STG ($19) — pop into 16-bit global var
000286r 1               op_STG:
000286r 1  20 rr rr             JSR     pm_fetch_word   ; A=lo offset, scratch=hi offset
000289r 1  18                   CLC
00028Ar 1  65 rr                ADC     pm_base
00028Cr 1  85 rr                STA     tmp1
00028Er 1  A5 rr                LDA     scratch
000290r 1  65 rr                ADC     pm_base+1
000292r 1  85 rr                STA     tmp1+1
000294r 1  20 rr rr             JSR     pm_pop          ; A=lo, scratch=hi
000297r 1  A0 00                LDY     #0
000299r 1  91 rr                STA     (tmp1),y
00029Br 1  C8                   INY
00029Cr 1  A5 rr                LDA     scratch
00029Er 1  91 rr                STA     (tmp1),y
0002A0r 1  4C rr rr             JMP     prun_loop
0002A3r 1               
0002A3r 1               ; OP_LDA_L ($12) — push effective address of local (pm_mp + AR_LOCALS + offset)
0002A3r 1               op_LDA_L:
0002A3r 1  20 rr rr             JSR     pm_fetch_byte   ; A = byte offset
0002A6r 1  18                   CLC
0002A7r 1  69 08                ADC     #AR_LOCALS
0002A9r 1  18                   CLC
0002AAr 1  65 rr                ADC     pm_mp           ; A = lo of pm_mp + (offset+AR_LOCALS)
0002ACr 1  48                   PHA
0002ADr 1  A5 rr                LDA     pm_mp+1
0002AFr 1  69 00                ADC     #0              ; +carry
0002B1r 1  85 rr                STA     scratch
0002B3r 1  68                   PLA
0002B4r 1  20 rr rr             JSR     pm_push
0002B7r 1  4C rr rr             JMP     prun_loop
0002BAr 1               
0002BAr 1               ; OP_LDA_G ($1A) — push effective address of global (pm_base + offset)
0002BAr 1               op_LDA_G:
0002BAr 1  20 rr rr             JSR     pm_fetch_word   ; A=lo offset, scratch=hi offset
0002BDr 1  18                   CLC
0002BEr 1  65 rr                ADC     pm_base
0002C0r 1  48                   PHA
0002C1r 1  A5 rr                LDA     scratch
0002C3r 1  65 rr                ADC     pm_base+1
0002C5r 1  85 rr                STA     scratch         ; hi of address
0002C7r 1  68                   PLA                     ; lo of address
0002C8r 1  20 rr rr             JSR     pm_push
0002CBr 1  4C rr rr             JMP     prun_loop
0002CEr 1               
0002CEr 1               ; OP_LDIND ($20) — TOS=addr → push word at addr
0002CEr 1               op_LDIND:
0002CEr 1  20 rr rr             JSR     pm_pop          ; A=lo addr, scratch=hi addr
0002D1r 1  85 rr                STA     tmp1
0002D3r 1  A5 rr                LDA     scratch
0002D5r 1  85 rr                STA     tmp1+1
0002D7r 1  A0 00                LDY     #0
0002D9r 1  B1 rr                LDA     (tmp1),y
0002DBr 1  48                   PHA
0002DCr 1  C8                   INY
0002DDr 1  B1 rr                LDA     (tmp1),y
0002DFr 1  85 rr                STA     scratch
0002E1r 1  68                   PLA
0002E2r 1  20 rr rr             JSR     pm_push
0002E5r 1  4C rr rr             JMP     prun_loop
0002E8r 1               
0002E8r 1               ; OP_STIND ($21) — NOS=addr, TOS=val → store word at addr
0002E8r 1               op_STIND:
0002E8r 1  20 rr rr             JSR     pm_pop          ; pop val: A=lo, scratch=hi
0002EBr 1  85 rr                STA     tmp2
0002EDr 1  A5 rr                LDA     scratch
0002EFr 1  85 rr                STA     tmp2+1
0002F1r 1  20 rr rr             JSR     pm_pop          ; pop addr: A=lo, scratch=hi
0002F4r 1  85 rr                STA     tmp1
0002F6r 1  A5 rr                LDA     scratch
0002F8r 1  85 rr                STA     tmp1+1
0002FAr 1  A0 00                LDY     #0
0002FCr 1  A5 rr                LDA     tmp2
0002FEr 1  91 rr                STA     (tmp1),y
000300r 1  C8                   INY
000301r 1  A5 rr                LDA     tmp2+1
000303r 1  91 rr                STA     (tmp1),y
000305r 1  4C rr rr             JMP     prun_loop
000308r 1               
000308r 1               ; OP_INDEX ($24) — array element address
000308r 1               ; Reads 2 operand bytes: element size (word, lo then hi)
000308r 1               ; Stack: NOS=base_addr, TOS=index → pushes base_addr + index*elemsize
000308r 1               op_INDEX:
000308r 1  20 rr rr             JSR     pm_fetch_byte   ; elemsize lo
00030Br 1  85 rr                STA     tmp2
00030Dr 1  20 rr rr             JSR     pm_fetch_byte   ; elemsize hi (ignored — always 0 in practice)
000310r 1  20 rr rr             JSR     pm_pop          ; TOS = index: A=lo, scratch=hi
000313r 1  85 rr                STA     tmp3
000315r 1  A5 rr                LDA     scratch
000317r 1  85 rr                STA     tmp3+1
000319r 1  20 rr rr             JSR     pm_pop          ; NOS = base addr: A=lo, scratch=hi
00031Cr 1  85 rr                STA     tmp1
00031Er 1  A5 rr                LDA     scratch
000320r 1  85 rr                STA     tmp1+1
000322r 1               ; offset = index * elemsize  (16-bit × 8-bit shift-and-add, low 16 bits)
000322r 1               ; accumulate in tmp0:tmp0+1
000322r 1  A9 00                LDA     #0
000324r 1  85 rr                STA     tmp0
000326r 1  85 rr                STA     tmp0+1
000328r 1  A5 rr                LDA     tmp2            ; 8-bit elemsize (multiplier)
00032Ar 1               @idx_mul:
00032Ar 1  4A                   LSR                     ; shift multiplier right; bit 0 → carry
00032Br 1  90 0F                BCC     @idx_skip       ; bit was 0 — no add this round
00032Dr 1  48                   PHA                     ; save shifted multiplier
00032Er 1  18                   CLC
00032Fr 1  A5 rr                LDA     tmp0
000331r 1  65 rr                ADC     tmp3
000333r 1  85 rr                STA     tmp0
000335r 1  A5 rr                LDA     tmp0+1
000337r 1  65 rr                ADC     tmp3+1
000339r 1  85 rr                STA     tmp0+1
00033Br 1  68                   PLA                     ; restore shifted multiplier
00033Cr 1               @idx_skip:
00033Cr 1  06 rr                ASL     tmp3            ; shift multiplicand (index) left for next bit
00033Er 1  26 rr                ROL     tmp3+1
000340r 1  D0 E8                BNE     @idx_mul        ; loop while remaining multiplier bits ≠ 0
000342r 1  C9 00                CMP     #0              ; also check A=0 (BNE doesn't re-check A after PLA)
000344r 1  D0 E4                BNE     @idx_mul
000346r 1               ; result = base + offset
000346r 1  A5 rr                LDA     tmp1
000348r 1  18                   CLC
000349r 1  65 rr                ADC     tmp0
00034Br 1  85 rr                STA     tmp0
00034Dr 1  A5 rr                LDA     tmp1+1
00034Fr 1  65 rr                ADC     tmp0+1
000351r 1  85 rr                STA     scratch
000353r 1  A5 rr                LDA     tmp0
000355r 1  20 rr rr             JSR     pm_push
000358r 1  4C rr rr             JMP     prun_loop
00035Br 1               
00035Br 1               ; OP_ADI ($30) — integer add
00035Br 1               op_ADI:
00035Br 1  20 rr rr             JSR     pm_pop          ; b: A=lo, scratch=hi
00035Er 1  85 rr                STA     tmp2
000360r 1  A5 rr                LDA     scratch
000362r 1  85 rr                STA     tmp2+1
000364r 1  20 rr rr             JSR     pm_pop          ; a: A=lo, scratch=hi
000367r 1  18                   CLC
000368r 1  65 rr                ADC     tmp2            ; a.lo + b.lo
00036Ar 1  48                   PHA
00036Br 1  A5 rr                LDA     scratch
00036Dr 1  65 rr                ADC     tmp2+1          ; a.hi + b.hi + carry
00036Fr 1  85 rr                STA     scratch
000371r 1  68                   PLA
000372r 1  20 rr rr             JSR     pm_push
000375r 1  4C rr rr             JMP     prun_loop
000378r 1               
000378r 1               ; OP_SBI ($31) — integer subtract
000378r 1               op_SBI:
000378r 1  20 rr rr             JSR     pm_pop          ; b: A=lo, scratch=hi
00037Br 1  85 rr                STA     tmp2
00037Dr 1  A5 rr                LDA     scratch
00037Fr 1  85 rr                STA     tmp2+1
000381r 1  20 rr rr             JSR     pm_pop          ; a: A=lo, scratch=hi
000384r 1  38                   SEC
000385r 1  E5 rr                SBC     tmp2            ; a.lo - b.lo
000387r 1  48                   PHA
000388r 1  A5 rr                LDA     scratch
00038Ar 1  E5 rr                SBC     tmp2+1          ; a.hi - b.hi - borrow
00038Cr 1  85 rr                STA     scratch
00038Er 1  68                   PLA
00038Fr 1  20 rr rr             JSR     pm_push
000392r 1  4C rr rr             JMP     prun_loop
000395r 1               
000395r 1               ; OP_NGI ($35) — negate TOS
000395r 1               op_NGI:
000395r 1  20 rr rr             JSR     pm_pop          ; A=lo, scratch=hi
000398r 1  85 rr                STA     tmp2
00039Ar 1  A5 rr                LDA     scratch
00039Cr 1  85 rr                STA     tmp2+1
00039Er 1  A9 00                LDA     #0
0003A0r 1  38                   SEC
0003A1r 1  E5 rr                SBC     tmp2            ; negate lo
0003A3r 1  48                   PHA
0003A4r 1  A9 00                LDA     #0
0003A6r 1  E5 rr                SBC     tmp2+1          ; negate hi
0003A8r 1  85 rr                STA     scratch
0003AAr 1  68                   PLA
0003ABr 1  20 rr rr             JSR     pm_push
0003AEr 1  4C rr rr             JMP     prun_loop
0003B1r 1               
0003B1r 1               ; ---------------------------------------------------------------------------
0003B1r 1               ; mul/div helpers — operate on tmp2 (a) and tmp1 (b), result in tmp2
0003B1r 1               ; ---------------------------------------------------------------------------
0003B1r 1               
0003B1r 1               ; mul16: tmp2 = tmp2 * tmp1 (low 16 bits, unsigned)
0003B1r 1               mul16:
0003B1r 1  A9 00                LDA     #0
0003B3r 1  85 rr                STA     scratch         ; result lo
0003B5r 1  85 rr                STA     scratch+1       ; result hi
0003B7r 1  A2 10                LDX     #16
0003B9r 1               @bit:
0003B9r 1  46 rr                LSR     tmp1+1
0003BBr 1  66 rr                ROR     tmp1
0003BDr 1  90 0D                BCC     @no_add
0003BFr 1  18                   CLC
0003C0r 1  A5 rr                LDA     scratch
0003C2r 1  65 rr                ADC     tmp2
0003C4r 1  85 rr                STA     scratch
0003C6r 1  A5 rr                LDA     scratch+1
0003C8r 1  65 rr                ADC     tmp2+1
0003CAr 1  85 rr                STA     scratch+1
0003CCr 1               @no_add:
0003CCr 1  06 rr                ASL     tmp2
0003CEr 1  26 rr                ROL     tmp2+1
0003D0r 1  CA                   DEX
0003D1r 1  D0 E6                BNE     @bit
0003D3r 1  A5 rr                LDA     scratch
0003D5r 1  85 rr                STA     tmp2
0003D7r 1  A5 rr                LDA     scratch+1
0003D9r 1  85 rr                STA     tmp2+1
0003DBr 1  60                   RTS
0003DCr 1               
0003DCr 1               ; udiv16: tmp2 = tmp2 / tmp1, scratch = tmp2 mod tmp1 (unsigned)
0003DCr 1               udiv16:
0003DCr 1  A9 00                LDA     #0
0003DEr 1  85 rr                STA     scratch         ; remainder lo
0003E0r 1  85 rr                STA     scratch+1       ; remainder hi
0003E2r 1  A2 10                LDX     #16
0003E4r 1               @bit:
0003E4r 1  06 rr                ASL     tmp2            ; shift dividend left, top bit into rem
0003E6r 1  26 rr                ROL     tmp2+1
0003E8r 1  26 rr                ROL     scratch
0003EAr 1  26 rr                ROL     scratch+1
0003ECr 1               ; try subtract divisor from remainder
0003ECr 1  A5 rr                LDA     scratch
0003EEr 1  38                   SEC
0003EFr 1  E5 rr                SBC     tmp1
0003F1r 1  A8                   TAY
0003F2r 1  A5 rr                LDA     scratch+1
0003F4r 1  E5 rr                SBC     tmp1+1
0003F6r 1  90 06                BCC     @no_sub
0003F8r 1  85 rr                STA     scratch+1
0003FAr 1  84 rr                STY     scratch
0003FCr 1  E6 rr                INC     tmp2            ; quotient bit
0003FEr 1               @no_sub:
0003FEr 1  CA                   DEX
0003FFr 1  D0 E3                BNE     @bit
000401r 1  60                   RTS
000402r 1               
000402r 1               ; sign16: returns A=0 if tmp2>=0, A=$FF if negative
000402r 1               sign16:
000402r 1  A5 rr                LDA     tmp2+1
000404r 1  29 80                AND     #$80
000406r 1  F0 03                BEQ     @pos
000408r 1  A9 FF                LDA     #$FF
00040Ar 1  60                   RTS
00040Br 1               @pos:
00040Br 1  A9 00                LDA     #0
00040Dr 1  60                   RTS
00040Er 1               
00040Er 1               ; neg_tmp2: tmp2 = -tmp2 (16-bit two's complement)
00040Er 1               neg_tmp2:
00040Er 1  38                   SEC
00040Fr 1  A9 00                LDA     #0
000411r 1  E5 rr                SBC     tmp2
000413r 1  85 rr                STA     tmp2
000415r 1  A9 00                LDA     #0
000417r 1  E5 rr                SBC     tmp2+1
000419r 1  85 rr                STA     tmp2+1
00041Br 1  60                   RTS
00041Cr 1               
00041Cr 1               ; OP_MPI ($32) — integer multiply (low 16 bits, sign doesn't matter)
00041Cr 1               op_MPI:
00041Cr 1  20 rr rr             JSR     pm_pop          ; b → tmp1
00041Fr 1  85 rr                STA     tmp1
000421r 1  A5 rr                LDA     scratch
000423r 1  85 rr                STA     tmp1+1
000425r 1  20 rr rr             JSR     pm_pop          ; a → tmp2
000428r 1  85 rr                STA     tmp2
00042Ar 1  A5 rr                LDA     scratch
00042Cr 1  85 rr                STA     tmp2+1
00042Er 1  20 rr rr             JSR     mul16           ; tmp2 = a*b
000431r 1  A5 rr                LDA     tmp2
000433r 1  A6 rr                LDX     tmp2+1
000435r 1  86 rr                STX     scratch
000437r 1  20 rr rr             JSR     pm_push
00043Ar 1  4C rr rr             JMP     prun_loop
00043Dr 1               
00043Dr 1               ; OP_DVI ($33) — signed integer divide (truncate toward zero)
00043Dr 1               op_DVI:
00043Dr 1  20 rr rr             JSR     pm_pop          ; b → tmp1
000440r 1  85 rr                STA     tmp1
000442r 1  A5 rr                LDA     scratch
000444r 1  85 rr                STA     tmp1+1
000446r 1  20 rr rr             JSR     pm_pop          ; a → tmp2
000449r 1  85 rr                STA     tmp2
00044Br 1  A5 rr                LDA     scratch
00044Dr 1  85 rr                STA     tmp2+1
00044Fr 1               ; compute result sign = sign(a) XOR sign(b)
00044Fr 1  A5 rr                LDA     tmp2+1
000451r 1  45 rr                EOR     tmp1+1
000453r 1  29 80                AND     #$80
000455r 1  48                   PHA                     ; save result sign on 6502 stack
000456r 1               ; abs(a)
000456r 1  24 rr                BIT     tmp2+1
000458r 1  10 03                BPL     :+
00045Ar 1  20 rr rr             JSR     neg_tmp2
00045Dr 1               :       ; abs(b) — temporarily move tmp1 to tmp2 area? simpler: inline negate of tmp1
00045Dr 1  24 rr                BIT     tmp1+1
00045Fr 1  10 0D                BPL     :+
000461r 1  38                   SEC
000462r 1  A9 00                LDA     #0
000464r 1  E5 rr                SBC     tmp1
000466r 1  85 rr                STA     tmp1
000468r 1  A9 00                LDA     #0
00046Ar 1  E5 rr                SBC     tmp1+1
00046Cr 1  85 rr                STA     tmp1+1
00046Er 1               :
00046Er 1  20 rr rr             JSR     udiv16          ; tmp2 = quotient
000471r 1  68                   PLA                     ; result sign
000472r 1  F0 03                BEQ     :+
000474r 1  20 rr rr             JSR     neg_tmp2
000477r 1               :
000477r 1  A5 rr                LDA     tmp2
000479r 1  A6 rr                LDX     tmp2+1
00047Br 1  86 rr                STX     scratch
00047Dr 1  20 rr rr             JSR     pm_push
000480r 1  4C rr rr             JMP     prun_loop
000483r 1               
000483r 1               ; OP_MOD ($34) — signed modulo: a MOD b = a - (a DIV b)*b
000483r 1               op_MOD:
000483r 1  20 rr rr             JSR     pm_pop          ; b → tmp1
000486r 1  85 rr                STA     tmp1
000488r 1  A5 rr                LDA     scratch
00048Ar 1  85 rr                STA     tmp1+1
00048Cr 1  20 rr rr             JSR     pm_pop          ; a → tmp2
00048Fr 1  85 rr                STA     tmp2
000491r 1  A5 rr                LDA     scratch
000493r 1  85 rr                STA     tmp2+1
000495r 1               ; result sign follows dividend (a) for Pascal MOD
000495r 1  A5 rr                LDA     tmp2+1
000497r 1  29 80                AND     #$80
000499r 1  48                   PHA
00049Ar 1  24 rr                BIT     tmp2+1
00049Cr 1  10 03                BPL     :+
00049Er 1  20 rr rr             JSR     neg_tmp2
0004A1r 1               :
0004A1r 1  24 rr                BIT     tmp1+1
0004A3r 1  10 0D                BPL     :+
0004A5r 1  38                   SEC
0004A6r 1  A9 00                LDA     #0
0004A8r 1  E5 rr                SBC     tmp1
0004AAr 1  85 rr                STA     tmp1
0004ACr 1  A9 00                LDA     #0
0004AEr 1  E5 rr                SBC     tmp1+1
0004B0r 1  85 rr                STA     tmp1+1
0004B2r 1               :
0004B2r 1  20 rr rr             JSR     udiv16          ; remainder in scratch
0004B5r 1  A5 rr                LDA     scratch
0004B7r 1  85 rr                STA     tmp2
0004B9r 1  A5 rr                LDA     scratch+1
0004BBr 1  85 rr                STA     tmp2+1
0004BDr 1  68                   PLA
0004BEr 1  F0 03                BEQ     :+
0004C0r 1  20 rr rr             JSR     neg_tmp2
0004C3r 1               :
0004C3r 1  A5 rr                LDA     tmp2
0004C5r 1  A6 rr                LDX     tmp2+1
0004C7r 1  86 rr                STX     scratch
0004C9r 1  20 rr rr             JSR     pm_push
0004CCr 1  4C rr rr             JMP     prun_loop
0004CFr 1               
0004CFr 1               ; OP_EQUI ($40) — integer equal
0004CFr 1               op_EQUI:
0004CFr 1  20 rr rr             JSR     pm_pop          ; b
0004D2r 1  85 rr                STA     tmp2
0004D4r 1  A5 rr                LDA     scratch
0004D6r 1  85 rr                STA     tmp2+1
0004D8r 1  20 rr rr             JSR     pm_pop          ; a
0004DBr 1  C5 rr                CMP     tmp2
0004DDr 1  D0 10                BNE     @false
0004DFr 1  A5 rr                LDA     scratch
0004E1r 1  C5 rr                CMP     tmp2+1
0004E3r 1  D0 0A                BNE     @false
0004E5r 1  A9 FF                LDA     #$FF
0004E7r 1  85 rr                STA     scratch
0004E9r 1  20 rr rr             JSR     pm_push
0004ECr 1  4C rr rr             JMP     prun_loop
0004EFr 1               @false:
0004EFr 1  A9 00                LDA     #0
0004F1r 1  85 rr                STA     scratch
0004F3r 1  20 rr rr             JSR     pm_push
0004F6r 1  4C rr rr             JMP     prun_loop
0004F9r 1               
0004F9r 1               ; OP_LESI ($42) — a < b  (signed)
0004F9r 1               op_LESI:
0004F9r 1  20 rr rr             JSR     pm_pop          ; b → tmp2
0004FCr 1  85 rr                STA     tmp2
0004FEr 1  A5 rr                LDA     scratch
000500r 1  85 rr                STA     tmp2+1
000502r 1  20 rr rr             JSR     pm_pop          ; a
000505r 1               ; signed compare: (a - b), check N and V
000505r 1  38                   SEC
000506r 1  E5 rr                SBC     tmp2
000508r 1  A5 rr                LDA     scratch
00050Ar 1  E5 rr                SBC     tmp2+1
00050Cr 1               ; N XOR V indicates a < b
00050Cr 1  70 04                BVS     @ov
00050Er 1  30 0E                BMI     @true
000510r 1  10 02                BPL     @false2
000512r 1               @ov:
000512r 1  10 0A                BPL     @true
000514r 1               @false2:
000514r 1  A9 00                LDA     #0
000516r 1  85 rr                STA     scratch
000518r 1  20 rr rr             JSR     pm_push
00051Br 1  4C rr rr             JMP     prun_loop
00051Er 1               @true:
00051Er 1  A9 FF                LDA     #$FF
000520r 1  85 rr                STA     scratch
000522r 1  20 rr rr             JSR     pm_push
000525r 1  4C rr rr             JMP     prun_loop
000528r 1               
000528r 1               ; OP_NEQI ($41) — integer not-equal
000528r 1               op_NEQI:
000528r 1  20 rr rr             JSR     pm_pop
00052Br 1  85 rr                STA     tmp2
00052Dr 1  A5 rr                LDA     scratch
00052Fr 1  85 rr                STA     tmp2+1
000531r 1  20 rr rr             JSR     pm_pop
000534r 1  C5 rr                CMP     tmp2
000536r 1  D0 10                BNE     @true
000538r 1  A5 rr                LDA     scratch
00053Ar 1  C5 rr                CMP     tmp2+1
00053Cr 1  D0 0A                BNE     @true
00053Er 1  A9 00                LDA     #0
000540r 1  85 rr                STA     scratch
000542r 1  20 rr rr             JSR     pm_push
000545r 1  4C rr rr             JMP     prun_loop
000548r 1               @true:
000548r 1  A9 FF                LDA     #$FF
00054Ar 1  85 rr                STA     scratch
00054Cr 1  20 rr rr             JSR     pm_push
00054Fr 1  4C rr rr             JMP     prun_loop
000552r 1               
000552r 1               ; OP_LEQI ($43) — a <= b  (signed)
000552r 1               op_LEQI:
000552r 1  20 rr rr             JSR     pm_pop          ; b → tmp2
000555r 1  85 rr                STA     tmp2
000557r 1  A5 rr                LDA     scratch
000559r 1  85 rr                STA     tmp2+1
00055Br 1  20 rr rr             JSR     pm_pop          ; a (lo=A, hi=scratch)
00055Er 1  38                   SEC
00055Fr 1  E5 rr                SBC     tmp2            ; A = a_lo - b_lo
000561r 1  AA                   TAX                     ; preserve low result for zero-test
000562r 1  A5 rr                LDA     scratch
000564r 1  E5 rr                SBC     tmp2+1          ; A = a_hi - b_hi (with borrow)
000566r 1               ; if a < b → N XOR V == 1
000566r 1  70 0B                BVS     @ov
000568r 1  30 15                BMI     @true
00056Ar 1  D0 09                BNE     @false3         ; positive non-zero hi → a > b
00056Cr 1  E0 00                CPX     #0
00056Er 1  F0 0F                BEQ     @true           ; a == b
000570r 1  4C rr rr             JMP     @false3
000573r 1               @ov:
000573r 1  10 0A                BPL     @true           ; a < b under overflow
000575r 1               @false3:
000575r 1  A9 00                LDA     #0
000577r 1  85 rr                STA     scratch
000579r 1  20 rr rr             JSR     pm_push
00057Cr 1  4C rr rr             JMP     prun_loop
00057Fr 1               @true:
00057Fr 1  A9 FF                LDA     #$FF
000581r 1  85 rr                STA     scratch
000583r 1  20 rr rr             JSR     pm_push
000586r 1  4C rr rr             JMP     prun_loop
000589r 1               
000589r 1               ; OP_GTRI ($44) — a > b  (signed) ; equivalent to b < a
000589r 1               op_GTRI:
000589r 1  20 rr rr             JSR     pm_pop          ; b
00058Cr 1  85 rr                STA     tmp2
00058Er 1  A5 rr                LDA     scratch
000590r 1  85 rr                STA     tmp2+1
000592r 1  20 rr rr             JSR     pm_pop          ; a
000595r 1               ; compute b - a  (i.e. swap operands of LESI)
000595r 1               ; flip via: result_true if a > b, i.e. (a - b) > 0
000595r 1  38                   SEC
000596r 1  E5 rr                SBC     tmp2            ; lo
000598r 1  AA                   TAX
000599r 1  A5 rr                LDA     scratch
00059Br 1  E5 rr                SBC     tmp2+1          ; hi with borrow
00059Dr 1  70 0B                BVS     @ov
00059Fr 1  30 15                BMI     @false4         ; a < b
0005A1r 1  D0 09                BNE     @true           ; positive non-zero hi → a > b
0005A3r 1  E0 00                CPX     #0
0005A5r 1  F0 0F                BEQ     @false4         ; a == b
0005A7r 1  4C rr rr             JMP     @true
0005AAr 1               @ov:
0005AAr 1  10 0A                BPL     @false4
0005ACr 1               @true:
0005ACr 1  A9 FF                LDA     #$FF
0005AEr 1  85 rr                STA     scratch
0005B0r 1  20 rr rr             JSR     pm_push
0005B3r 1  4C rr rr             JMP     prun_loop
0005B6r 1               @false4:
0005B6r 1  A9 00                LDA     #0
0005B8r 1  85 rr                STA     scratch
0005BAr 1  20 rr rr             JSR     pm_push
0005BDr 1  4C rr rr             JMP     prun_loop
0005C0r 1               
0005C0r 1               ; OP_GEQI ($45) — a >= b  (signed) ; equivalent to NOT (a < b)
0005C0r 1               op_GEQI:
0005C0r 1  20 rr rr             JSR     pm_pop          ; b
0005C3r 1  85 rr                STA     tmp2
0005C5r 1  A5 rr                LDA     scratch
0005C7r 1  85 rr                STA     tmp2+1
0005C9r 1  20 rr rr             JSR     pm_pop          ; a
0005CCr 1  38                   SEC
0005CDr 1  E5 rr                SBC     tmp2
0005CFr 1  A5 rr                LDA     scratch
0005D1r 1  E5 rr                SBC     tmp2+1
0005D3r 1  70 05                BVS     @ov
0005D5r 1  30 0F                BMI     @false5         ; a < b
0005D7r 1  4C rr rr             JMP     @true
0005DAr 1               @ov:
0005DAr 1  10 0A                BPL     @false5
0005DCr 1               @true:
0005DCr 1  A9 FF                LDA     #$FF
0005DEr 1  85 rr                STA     scratch
0005E0r 1  20 rr rr             JSR     pm_push
0005E3r 1  4C rr rr             JMP     prun_loop
0005E6r 1               @false5:
0005E6r 1  A9 00                LDA     #0
0005E8r 1  85 rr                STA     scratch
0005EAr 1  20 rr rr             JSR     pm_push
0005EDr 1  4C rr rr             JMP     prun_loop
0005F0r 1               
0005F0r 1               ; OP_UJP ($50) — unconditional jump (signed word offset from current IPC)
0005F0r 1               op_UJP:
0005F0r 1  20 rr rr             JSR     pm_fetch_word   ; A=lo, scratch=hi (signed offset)
0005F3r 1  18                   CLC
0005F4r 1  65 rr                ADC     pm_ipc
0005F6r 1  85 rr                STA     pm_ipc
0005F8r 1  A5 rr                LDA     scratch
0005FAr 1  65 rr                ADC     pm_ipc+1
0005FCr 1  85 rr                STA     pm_ipc+1
0005FEr 1  4C rr rr             JMP     prun_loop
000601r 1               
000601r 1               ; OP_FJP ($51) — jump if TOS is false (0)
000601r 1               op_FJP:
000601r 1  20 rr rr             JSR     pm_fetch_word
000604r 1  48                   PHA
000605r 1  A5 rr                LDA     scratch
000607r 1  48                   PHA
000608r 1  20 rr rr             JSR     pm_pop          ; condition
00060Br 1  05 rr                ORA     scratch         ; zero?
00060Dr 1  D0 12                BNE     @no_jump        ; not zero = true, no jump
00060Fr 1  68                   PLA                     ; hi offset
000610r 1  85 rr                STA     scratch
000612r 1  68                   PLA                     ; lo offset
000613r 1  18                   CLC
000614r 1  65 rr                ADC     pm_ipc
000616r 1  85 rr                STA     pm_ipc
000618r 1  A5 rr                LDA     scratch
00061Ar 1  65 rr                ADC     pm_ipc+1
00061Cr 1  85 rr                STA     pm_ipc+1
00061Er 1  4C rr rr             JMP     prun_loop
000621r 1               @no_jump:
000621r 1  68                   PLA
000622r 1  68                   PLA
000623r 1  4C rr rr             JMP     prun_loop
000626r 1               
000626r 1               ; OP_TJP ($52) — jump if TOS is true (≠0)
000626r 1               op_TJP:
000626r 1  20 rr rr             JSR     pm_fetch_word
000629r 1  48                   PHA
00062Ar 1  A5 rr                LDA     scratch
00062Cr 1  48                   PHA
00062Dr 1  20 rr rr             JSR     pm_pop
000630r 1  05 rr                ORA     scratch
000632r 1  F0 12                BEQ     @no_jump2
000634r 1  68                   PLA
000635r 1  85 rr                STA     scratch
000637r 1  68                   PLA
000638r 1  18                   CLC
000639r 1  65 rr                ADC     pm_ipc
00063Br 1  85 rr                STA     pm_ipc
00063Dr 1  A5 rr                LDA     scratch
00063Fr 1  65 rr                ADC     pm_ipc+1
000641r 1  85 rr                STA     pm_ipc+1
000643r 1  4C rr rr             JMP     prun_loop
000646r 1               @no_jump2:
000646r 1  68                   PLA
000647r 1  68                   PLA
000648r 1  4C rr rr             JMP     prun_loop
00064Br 1               
00064Br 1               ; OP_MRKSTK ($64) — reserve activation record on the value stack
00064Br 1               ; Operand: 1 byte = size of local area in bytes (excluding AR header)
00064Br 1               ;
00064Br 1               ; Layout written: at new MP (= old SP):
00064Br 1               ;   +0  saved MP (dynamic link)
00064Br 1               ;   +2  return IPC (set by CALL, not here)
00064Br 1               ;   +4  static link (unused for now)
00064Br 1               ;   +6  return value slot
00064Br 1               ;   +8.. locals
00064Br 1               ; New MP = old SP; new SP = old SP + AR_LOCALS + local_size.
00064Br 1               op_MRKSTK:
00064Br 1  20 rr rr             JSR     pm_fetch_byte   ; A = local size
00064Er 1  85 rr                STA     tmp2
000650r 1               
000650r 1               ; save old MP at (SP)+AR_DYN_LINK
000650r 1  A0 00                LDY     #AR_DYN_LINK
000652r 1  A5 rr                LDA     pm_mp
000654r 1  91 rr                STA     (pm_sp),y
000656r 1  C8                   INY
000657r 1  A5 rr                LDA     pm_mp+1
000659r 1  91 rr                STA     (pm_sp),y
00065Br 1               
00065Br 1               ; new MP = current SP
00065Br 1  A5 rr                LDA     pm_sp
00065Dr 1  85 rr                STA     pm_mp
00065Fr 1  A5 rr                LDA     pm_sp+1
000661r 1  85 rr                STA     pm_mp+1
000663r 1               
000663r 1               ; new SP = SP + AR_LOCALS + local_size
000663r 1  A5 rr                LDA     pm_sp
000665r 1  18                   CLC
000666r 1  69 08                ADC     #AR_LOCALS
000668r 1  85 rr                STA     pm_sp
00066Ar 1  90 02                BCC     :+
00066Cr 1  E6 rr                INC     pm_sp+1
00066Er 1               :
00066Er 1  A5 rr                LDA     pm_sp
000670r 1  18                   CLC
000671r 1  65 rr                ADC     tmp2
000673r 1  85 rr                STA     pm_sp
000675r 1  90 02                BCC     :+
000677r 1  E6 rr                INC     pm_sp+1
000679r 1               :
000679r 1  4C rr rr             JMP     prun_loop
00067Cr 1               
00067Cr 1               ; OP_CALL ($60) — call procedure: signed 16-bit offset relative to IPC after operand
00067Cr 1               ; Saves return IPC into the new frame's AR_RET_ADDR slot, then jumps.
00067Cr 1               op_CALL:
00067Cr 1  20 rr rr             JSR     pm_fetch_word   ; A = offset lo, scratch = offset hi
00067Fr 1  48                   PHA                     ; save offset lo
000680r 1               ; save current IPC (= return address) into MP+AR_RET_ADDR
000680r 1  A0 02                LDY     #AR_RET_ADDR
000682r 1  A5 rr                LDA     pm_ipc
000684r 1  91 rr                STA     (pm_mp),y
000686r 1  C8                   INY
000687r 1  A5 rr                LDA     pm_ipc+1
000689r 1  91 rr                STA     (pm_mp),y
00068Br 1               ; pm_ipc += offset (signed)
00068Br 1  68                   PLA                     ; offset lo
00068Cr 1  18                   CLC
00068Dr 1  65 rr                ADC     pm_ipc
00068Fr 1  85 rr                STA     pm_ipc
000691r 1  A5 rr                LDA     scratch
000693r 1  65 rr                ADC     pm_ipc+1
000695r 1  85 rr                STA     pm_ipc+1
000697r 1  4C rr rr             JMP     prun_loop
00069Ar 1               
00069Ar 1               ; OP_RET ($62) — return from procedure
00069Ar 1               ;   pm_sp ← pm_mp           (collapse frame; discards locals + any junk above)
00069Ar 1               ;   pm_ipc ← MP+AR_RET_ADDR
00069Ar 1               ;   pm_mp  ← MP+AR_DYN_LINK  (saved old MP)
00069Ar 1               op_RET:
00069Ar 1               ; collapse stack first (preserves AR header — still readable via pm_mp)
00069Ar 1  A5 rr                LDA     pm_mp
00069Cr 1  85 rr                STA     pm_sp
00069Er 1  A5 rr                LDA     pm_mp+1
0006A0r 1  85 rr                STA     pm_sp+1
0006A2r 1               ; restore IPC into tmp1 before clobbering MP
0006A2r 1  A0 02                LDY     #AR_RET_ADDR
0006A4r 1  B1 rr                LDA     (pm_mp),y
0006A6r 1  85 rr                STA     tmp1
0006A8r 1  C8                   INY
0006A9r 1  B1 rr                LDA     (pm_mp),y
0006ABr 1  85 rr                STA     tmp1+1
0006ADr 1               ; restore old MP from AR_DYN_LINK
0006ADr 1  A0 01                LDY     #AR_DYN_LINK+1
0006AFr 1  B1 rr                LDA     (pm_mp),y
0006B1r 1  48                   PHA                     ; old MP hi
0006B2r 1  A0 00                LDY     #AR_DYN_LINK
0006B4r 1  B1 rr                LDA     (pm_mp),y
0006B6r 1  85 rr                STA     pm_mp
0006B8r 1  68                   PLA
0006B9r 1  85 rr                STA     pm_mp+1
0006BBr 1               ; install IPC
0006BBr 1  A5 rr                LDA     tmp1
0006BDr 1  85 rr                STA     pm_ipc
0006BFr 1  A5 rr                LDA     tmp1+1
0006C1r 1  85 rr                STA     pm_ipc+1
0006C3r 1  4C rr rr             JMP     prun_loop
0006C6r 1               
0006C6r 1               ; OP_RETF ($63) — return from function: capture AR_RET_VAL, collapse frame,
0006C6r 1               ; restore IPC/MP, then push the captured value onto caller's stack.
0006C6r 1               op_RETF:
0006C6r 1               ; capture return value into tmp0 BEFORE collapsing
0006C6r 1  A0 06                LDY     #AR_RET_VAL
0006C8r 1  B1 rr                LDA     (pm_mp),y
0006CAr 1  85 rr                STA     tmp0
0006CCr 1  C8                   INY
0006CDr 1  B1 rr                LDA     (pm_mp),y
0006CFr 1  85 rr                STA     tmp0+1
0006D1r 1               ; collapse stack to MP
0006D1r 1  A5 rr                LDA     pm_mp
0006D3r 1  85 rr                STA     pm_sp
0006D5r 1  A5 rr                LDA     pm_mp+1
0006D7r 1  85 rr                STA     pm_sp+1
0006D9r 1               ; restore IPC into tmp1
0006D9r 1  A0 02                LDY     #AR_RET_ADDR
0006DBr 1  B1 rr                LDA     (pm_mp),y
0006DDr 1  85 rr                STA     tmp1
0006DFr 1  C8                   INY
0006E0r 1  B1 rr                LDA     (pm_mp),y
0006E2r 1  85 rr                STA     tmp1+1
0006E4r 1               ; restore old MP from AR_DYN_LINK
0006E4r 1  A0 01                LDY     #AR_DYN_LINK+1
0006E6r 1  B1 rr                LDA     (pm_mp),y
0006E8r 1  48                   PHA
0006E9r 1  A0 00                LDY     #AR_DYN_LINK
0006EBr 1  B1 rr                LDA     (pm_mp),y
0006EDr 1  85 rr                STA     pm_mp
0006EFr 1  68                   PLA
0006F0r 1  85 rr                STA     pm_mp+1
0006F2r 1               ; install IPC
0006F2r 1  A5 rr                LDA     tmp1
0006F4r 1  85 rr                STA     pm_ipc
0006F6r 1  A5 rr                LDA     tmp1+1
0006F8r 1  85 rr                STA     pm_ipc+1
0006FAr 1               ; push captured return value (lo in A, hi in scratch)
0006FAr 1  A5 rr                LDA     tmp0+1
0006FCr 1  85 rr                STA     scratch
0006FEr 1  A5 rr                LDA     tmp0
000700r 1  20 rr rr             JSR     pm_push
000703r 1  4C rr rr             JMP     prun_loop
000706r 1               
000706r 1               ; OP_STR ($66) — pop word, store at MP+AR_RET_VAL (function result slot)
000706r 1               op_STR:
000706r 1  20 rr rr             JSR     pm_pop          ; A=lo, scratch=hi
000709r 1  A0 06                LDY     #AR_RET_VAL
00070Br 1  91 rr                STA     (pm_mp),y
00070Dr 1  C8                   INY
00070Er 1  A5 rr                LDA     scratch
000710r 1  91 rr                STA     (pm_mp),y
000712r 1  4C rr rr             JMP     prun_loop
000715r 1               
000715r 1               ; OP_WRITI ($80) — pop integer, print decimal
000715r 1               op_WRITI:
000715r 1  20 rr rr             JSR     pm_pop          ; A=lo, scratch=hi
000718r 1  85 rr                STA     tmp0
00071Ar 1  A5 rr                LDA     scratch
00071Cr 1  85 rr                STA     tmp0+1
00071Er 1  20 rr rr             JSR     console_print_dec
000721r 1  4C rr rr             JMP     prun_loop
000724r 1               
000724r 1               ; OP_WRITC ($81) — pop char, print
000724r 1               op_WRITC:
000724r 1  20 rr rr             JSR     pm_pop
000727r 1  20 rr rr             JSR     console_putc
00072Ar 1  4C rr rr             JMP     prun_loop
00072Dr 1               
00072Dr 1               ; OP_WRITB ($82) — pop boolean, print TRUE/FALSE
00072Dr 1               op_WRITB:
00072Dr 1  20 rr rr             JSR     pm_pop
000730r 1  05 rr                ORA     scratch
000732r 1  F0 0E                BEQ     @false3
000734r 1  A9 rr                LDA     #<str_true
000736r 1  85 rr                STA     tmp0
000738r 1  A9 rr                LDA     #>str_true
00073Ar 1  85 rr                STA     tmp0+1
00073Cr 1  20 rr rr             JSR     console_print_sz
00073Fr 1  4C rr rr             JMP     prun_loop
000742r 1               @false3:
000742r 1  A9 rr                LDA     #<str_false
000744r 1  85 rr                STA     tmp0
000746r 1  A9 rr                LDA     #>str_false
000748r 1  85 rr                STA     tmp0+1
00074Ar 1  20 rr rr             JSR     console_print_sz
00074Dr 1  4C rr rr             JMP     prun_loop
000750r 1               
000750r 1               ; OP_WRITS ($83) — TOS = address of length-prefixed string, print it
000750r 1               op_WRITS:
000750r 1  20 rr rr             JSR     pm_pop
000753r 1  85 rr                STA     tmp0
000755r 1  A5 rr                LDA     scratch
000757r 1  85 rr                STA     tmp0+1
000759r 1  20 rr rr             JSR     console_print_pstr
00075Cr 1  4C rr rr             JMP     prun_loop
00075Fr 1               
00075Fr 1               ; OP_WRITLN ($84) — newline
00075Fr 1               op_WRITLN:
00075Fr 1  20 rr rr             JSR     console_newline
000762r 1  4C rr rr             JMP     prun_loop
000765r 1               
000765r 1               ; OP_READI ($85) — TOS = address of INTEGER variable.  Read a line from
000765r 1               ; the console, parse a signed decimal integer, store as a 16-bit word at
000765r 1               ; the popped address.
000765r 1               op_READI:
000765r 1  20 rr rr             JSR     pm_pop          ; A=lo addr, scratch=hi addr
000768r 1  85 rr                STA     tmp1            ; (zero-page) destination pointer
00076Ar 1  A5 rr                LDA     scratch
00076Cr 1  85 rr                STA     tmp1+1
00076Er 1               ; read one line into read_line_buf
00076Er 1  A9 rr                LDA     #<read_line_buf
000770r 1  85 rr                STA     tmp0
000772r 1  A9 rr                LDA     #>read_line_buf
000774r 1  85 rr                STA     tmp0+1
000776r 1  A2 1F                LDX     #31             ; max line length
000778r 1  20 rr rr             JSR     console_read_line; Y = length on return
00077Br 1  8C rr rr             STY     read_len
00077Er 1  20 rr rr             JSR     console_newline ; PEM CONIN echoes CR but no LF
000781r 1               ; parse signed decimal from read_line_buf into tmp2:tmp2+1
000781r 1  A9 00                LDA     #0
000783r 1  85 rr                STA     tmp2
000785r 1  85 rr                STA     tmp2+1
000787r 1  8D rr rr             STA     read_neg
00078Ar 1  A0 00                LDY     #0
00078Cr 1               @rd_skip:
00078Cr 1  CC rr rr             CPY     read_len
00078Fr 1  B0 67                BCS     @rd_apply_sign  ; empty / all-space → 0
000791r 1  B9 rr rr             LDA     read_line_buf,y
000794r 1  C9 20                CMP     #' '
000796r 1  D0 04                BNE     @rd_chk_sign
000798r 1  C8                   INY
000799r 1  4C rr rr             JMP     @rd_skip
00079Cr 1               @rd_chk_sign:
00079Cr 1  C9 2D                CMP     #'-'
00079Er 1  D0 09                BNE     @rd_chk_plus
0007A0r 1  A9 01                LDA     #1
0007A2r 1  8D rr rr             STA     read_neg
0007A5r 1  C8                   INY
0007A6r 1  4C rr rr             JMP     @rd_digits
0007A9r 1               @rd_chk_plus:
0007A9r 1  C9 2B                CMP     #'+'
0007ABr 1  D0 01                BNE     @rd_digits
0007ADr 1  C8                   INY
0007AEr 1               @rd_digits:
0007AEr 1  CC rr rr             CPY     read_len
0007B1r 1  B0 45                BCS     @rd_apply_sign
0007B3r 1  B9 rr rr             LDA     read_line_buf,y
0007B6r 1  C9 30                CMP     #'0'
0007B8r 1  90 3E                BCC     @rd_apply_sign
0007BAr 1  C9 3A                CMP     #'9'+1
0007BCr 1  B0 3A                BCS     @rd_apply_sign
0007BEr 1               ; tmp2 *= 10  (using temp = tmp2*2; tmp2 = (tmp2*2)*4 + temp)
0007BEr 1  06 rr                ASL     tmp2
0007C0r 1  26 rr                ROL     tmp2+1
0007C2r 1  A5 rr                LDA     tmp2
0007C4r 1  8D rr rr             STA     read_save2
0007C7r 1  A5 rr                LDA     tmp2+1
0007C9r 1  8D rr rr             STA     read_save2+1
0007CCr 1  06 rr                ASL     tmp2
0007CEr 1  26 rr                ROL     tmp2+1
0007D0r 1  06 rr                ASL     tmp2
0007D2r 1  26 rr                ROL     tmp2+1
0007D4r 1  18                   CLC
0007D5r 1  A5 rr                LDA     tmp2
0007D7r 1  6D rr rr             ADC     read_save2
0007DAr 1  85 rr                STA     tmp2
0007DCr 1  A5 rr                LDA     tmp2+1
0007DEr 1  6D rr rr             ADC     read_save2+1
0007E1r 1  85 rr                STA     tmp2+1
0007E3r 1               ; tmp2 += digit
0007E3r 1  B9 rr rr             LDA     read_line_buf,y
0007E6r 1  38                   SEC
0007E7r 1  E9 30                SBC     #'0'
0007E9r 1  18                   CLC
0007EAr 1  65 rr                ADC     tmp2
0007ECr 1  85 rr                STA     tmp2
0007EEr 1  A9 00                LDA     #0
0007F0r 1  65 rr                ADC     tmp2+1
0007F2r 1  85 rr                STA     tmp2+1
0007F4r 1  C8                   INY
0007F5r 1  4C rr rr             JMP     @rd_digits
0007F8r 1               @rd_apply_sign:
0007F8r 1  AD rr rr             LDA     read_neg
0007FBr 1  F0 0D                BEQ     @rd_store
0007FDr 1  38                   SEC
0007FEr 1  A9 00                LDA     #0
000800r 1  E5 rr                SBC     tmp2
000802r 1  85 rr                STA     tmp2
000804r 1  A9 00                LDA     #0
000806r 1  E5 rr                SBC     tmp2+1
000808r 1  85 rr                STA     tmp2+1
00080Ar 1               @rd_store:
00080Ar 1  A0 00                LDY     #0
00080Cr 1  A5 rr                LDA     tmp2
00080Er 1  91 rr                STA     (tmp1),y
000810r 1  C8                   INY
000811r 1  A5 rr                LDA     tmp2+1
000813r 1  91 rr                STA     (tmp1),y
000815r 1  4C rr rr             JMP     prun_loop
000818r 1               
000818r 1               read_line_buf:
000818r 1  xx xx xx xx          .RES    32
00081Cr 1  xx xx xx xx  
000820r 1  xx xx xx xx  
000838r 1               read_len:
000838r 1  xx                   .RES    1
000839r 1               read_neg:
000839r 1  xx                   .RES    1
00083Ar 1               read_save2:
00083Ar 1  xx xx                .RES    2
00083Cr 1               
00083Cr 1               ; OP_READC ($86) — read char from console, push
00083Cr 1               op_READC:
00083Cr 1  A2 01 20 03          PEM     PEM_CONIN
000840r 1  01           
000841r 1  48                   PHA
000842r 1  A9 00                LDA     #0
000844r 1  85 rr                STA     scratch
000846r 1  68                   PLA
000847r 1  20 rr rr             JSR     pm_push
00084Ar 1  4C rr rr             JMP     prun_loop
00084Dr 1               
00084Dr 1               ; OP_DUP ($90) — duplicate TOS
00084Dr 1               op_DUP:
00084Dr 1  20 rr rr             JSR     pm_peek
000850r 1  20 rr rr             JSR     pm_push
000853r 1  4C rr rr             JMP     prun_loop
000856r 1               
000856r 1               ; OP_POP ($91) — discard TOS
000856r 1               op_POP:
000856r 1  20 rr rr             JSR     pm_pop
000859r 1  4C rr rr             JMP     prun_loop
00085Cr 1               
00085Cr 1               ; ---------------------------------------------------------------------------
00085Cr 1               ; String built-in support
00085Cr 1               ;
00085Cr 1               ; Pascal-style strings: length byte at offset 0, characters at offsets 1..N.
00085Cr 1               ; COPY/CONCAT results live in one of three rotating 256-byte work buffers
00085Cr 1               ; placed in unused heap-area memory.  Round-robin allocation lets simple
00085Cr 1               ; nested expressions like CONCAT(COPY(s,1,3), 'x') work; deeper nesting
00085Cr 1               ; eventually recycles a buffer and corrupts an earlier result.
00085Cr 1               ; ---------------------------------------------------------------------------
00085Cr 1               STR_WORK_BASE   = $AD00
00085Cr 1               STR_WORK_COUNT  = 3
00085Cr 1               
00085Cr 1               str_work_idx:
00085Cr 1  xx                   .RES    1
00085Dr 1               
00085Dr 1               ; next_work_buf — return current work-buffer addr in tmp1, advance idx
00085Dr 1               next_work_buf:
00085Dr 1  AD rr rr             LDA     str_work_idx
000860r 1  18                   CLC
000861r 1  69 AD                ADC     #>STR_WORK_BASE
000863r 1  85 rr                STA     tmp1+1
000865r 1  A9 00                LDA     #0
000867r 1  85 rr                STA     tmp1
000869r 1  EE rr rr             INC     str_work_idx
00086Cr 1  AD rr rr             LDA     str_work_idx
00086Fr 1  C9 03                CMP     #STR_WORK_COUNT
000871r 1  90 05                BCC     :+
000873r 1  A9 00                LDA     #0
000875r 1  8D rr rr             STA     str_work_idx
000878r 1  60           :       RTS
000879r 1               
000879r 1               ; OP_LEN ($A0) — TOS = string ptr → TOS = length (int)
000879r 1               op_LEN:
000879r 1  20 rr rr             JSR     pm_pop          ; A=lo, scratch=hi
00087Cr 1  85 rr                STA     tmp1
00087Er 1  A5 rr                LDA     scratch
000880r 1  85 rr                STA     tmp1+1
000882r 1  A0 00                LDY     #0
000884r 1  B1 rr                LDA     (tmp1),y        ; length byte
000886r 1  48                   PHA
000887r 1  A9 00                LDA     #0
000889r 1  85 rr                STA     scratch
00088Br 1  68                   PLA
00088Cr 1  20 rr rr             JSR     pm_push
00088Fr 1  4C rr rr             JMP     prun_loop
000892r 1               
000892r 1               ; OP_POS ($A1) — NOS=substr ptr, TOS=mainstr ptr → TOS=1-based position
000892r 1               op_POS:
000892r 1  20 rr rr             JSR     pm_pop          ; mainstr → tmp2
000895r 1  85 rr                STA     tmp2
000897r 1  A5 rr                LDA     scratch
000899r 1  85 rr                STA     tmp2+1
00089Br 1  20 rr rr             JSR     pm_pop          ; substr → tmp1
00089Er 1  85 rr                STA     tmp1
0008A0r 1  A5 rr                LDA     scratch
0008A2r 1  85 rr                STA     tmp1+1
0008A4r 1               ; If substr length is 0, return 0
0008A4r 1  A0 00                LDY     #0
0008A6r 1  B1 rr                LDA     (tmp1),y
0008A8r 1  D0 03                BNE     :+
0008AAr 1  4C rr rr             JMP     @pos_zero
0008ADr 1               :
0008ADr 1               ; sublen in pos_sublen, mainlen in pos_mainlen
0008ADr 1  8D rr rr             STA     pos_sublen
0008B0r 1  A0 00                LDY     #0
0008B2r 1  B1 rr                LDA     (tmp2),y
0008B4r 1  8D rr rr             STA     pos_mainlen
0008B7r 1               ; If sublen > mainlen, return 0
0008B7r 1  AD rr rr             LDA     pos_sublen
0008BAr 1  CD rr rr             CMP     pos_mainlen
0008BDr 1  F0 02                BEQ     :+
0008BFr 1  B0 4D                BCS     @pos_zero
0008C1r 1               :
0008C1r 1               ; pos_start = 1; loop while (pos_start + sublen - 1) <= mainlen
0008C1r 1  A9 01                LDA     #1
0008C3r 1  8D rr rr             STA     pos_start
0008C6r 1               @pos_outer:
0008C6r 1               ; max_start = mainlen - sublen + 1
0008C6r 1  AD rr rr             LDA     pos_mainlen
0008C9r 1  38                   SEC
0008CAr 1  ED rr rr             SBC     pos_sublen
0008CDr 1  18                   CLC
0008CEr 1  69 01                ADC     #1              ; A = max valid start
0008D0r 1  CD rr rr             CMP     pos_start
0008D3r 1  90 39                BCC     @pos_zero       ; pos_start > max_start → not found
0008D5r 1               ; compare sublen bytes at main[pos_start..] vs sub[1..]
0008D5r 1  A2 00                LDX     #0              ; substr offset (0..sublen-1, +1 to skip len byte)
0008D7r 1               @pos_cmp:
0008D7r 1  EC rr rr             CPX     pos_sublen
0008DAr 1  F0 1F                BEQ     @pos_found
0008DCr 1  8A                   TXA
0008DDr 1  18                   CLC
0008DEr 1  6D rr rr             ADC     pos_start       ; main index = pos_start + X
0008E1r 1  A8                   TAY
0008E2r 1  B1 rr                LDA     (tmp2),y        ; main[pos_start+X]
0008E4r 1  8D rr rr             STA     pos_save
0008E7r 1  8A                   TXA
0008E8r 1  18                   CLC
0008E9r 1  69 01                ADC     #1              ; sub index = X + 1
0008EBr 1  A8                   TAY
0008ECr 1  B1 rr                LDA     (tmp1),y        ; sub[X+1]
0008EEr 1  CD rr rr             CMP     pos_save
0008F1r 1  D0 03                BNE     @pos_next
0008F3r 1  E8                   INX
0008F4r 1  80 E1                BRA     @pos_cmp
0008F6r 1               @pos_next:
0008F6r 1  EE rr rr             INC     pos_start
0008F9r 1  80 CB                BRA     @pos_outer
0008FBr 1               @pos_found:
0008FBr 1  AD rr rr             LDA     pos_start
0008FEr 1  8D rr rr             STA     pos_save
000901r 1  A9 00                LDA     #0
000903r 1  85 rr                STA     scratch
000905r 1  AD rr rr             LDA     pos_save
000908r 1  20 rr rr             JSR     pm_push
00090Br 1  4C rr rr             JMP     prun_loop
00090Er 1               @pos_zero:
00090Er 1  A9 00                LDA     #0
000910r 1  85 rr                STA     scratch
000912r 1  20 rr rr             JSR     pm_push
000915r 1  4C rr rr             JMP     prun_loop
000918r 1               
000918r 1  xx           pos_sublen:    .RES 1
000919r 1  xx           pos_mainlen:   .RES 1
00091Ar 1  xx           pos_start:     .RES 1
00091Br 1  xx           pos_save:      .RES 1
00091Cr 1               
00091Cr 1               ; OP_COPY ($A2) — NNOS=str, NOS=index (1-based), TOS=count → TOS=result strptr
00091Cr 1               op_COPY:
00091Cr 1  20 rr rr             JSR     pm_pop          ; count
00091Fr 1  8D rr rr             STA     copy_count
000922r 1  20 rr rr             JSR     pm_pop          ; index
000925r 1  8D rr rr             STA     copy_index
000928r 1  20 rr rr             JSR     pm_pop          ; source ptr
00092Br 1  85 rr                STA     tmp2
00092Dr 1  A5 rr                LDA     scratch
00092Fr 1  85 rr                STA     tmp2+1
000931r 1  20 rr rr             JSR     next_work_buf   ; tmp1 = dest buffer
000934r 1               ; clamp index: if index < 1 or index > srclen, result is empty
000934r 1  A0 00                LDY     #0
000936r 1  B1 rr                LDA     (tmp2),y
000938r 1  8D rr rr             STA     copy_srclen
00093Br 1  AD rr rr             LDA     copy_index
00093Er 1  F0 4A                BEQ     @copy_empty
000940r 1  CD rr rr             CMP     copy_srclen
000943r 1  F0 02                BEQ     :+
000945r 1  B0 43                BCS     @copy_empty
000947r 1               :
000947r 1               ; available = srclen - index + 1
000947r 1  AD rr rr             LDA     copy_srclen
00094Ar 1  38                   SEC
00094Br 1  ED rr rr             SBC     copy_index
00094Er 1  18                   CLC
00094Fr 1  69 01                ADC     #1
000951r 1  8D rr rr             STA     copy_avail
000954r 1               ; actual = min(count, available)
000954r 1  AD rr rr             LDA     copy_count
000957r 1  CD rr rr             CMP     copy_avail
00095Ar 1  90 03                BCC     :+
00095Cr 1  AD rr rr             LDA     copy_avail
00095Fr 1  8D rr rr     :       STA     copy_actual
000962r 1               ; copy actual bytes from src[index..] into dest[1..]
000962r 1  A2 00                LDX     #0
000964r 1               @copy_loop:
000964r 1  EC rr rr             CPX     copy_actual
000967r 1  F0 18                BEQ     @copy_done
000969r 1  8A                   TXA
00096Ar 1  18                   CLC
00096Br 1  6D rr rr             ADC     copy_index      ; src offset = X + index
00096Er 1  A8                   TAY
00096Fr 1  B1 rr                LDA     (tmp2),y
000971r 1  8D rr rr             STA     copy_save
000974r 1  8A                   TXA
000975r 1  18                   CLC
000976r 1  69 01                ADC     #1              ; dest offset = X + 1
000978r 1  A8                   TAY
000979r 1  AD rr rr             LDA     copy_save
00097Cr 1  91 rr                STA     (tmp1),y
00097Er 1  E8                   INX
00097Fr 1  80 E3                BRA     @copy_loop
000981r 1               @copy_done:
000981r 1  AD rr rr             LDA     copy_actual
000984r 1  A0 00                LDY     #0
000986r 1  91 rr                STA     (tmp1),y        ; write length byte
000988r 1  80 06                BRA     @copy_push
00098Ar 1               @copy_empty:
00098Ar 1  A9 00                LDA     #0
00098Cr 1  A0 00                LDY     #0
00098Er 1  91 rr                STA     (tmp1),y
000990r 1               @copy_push:
000990r 1  A5 rr                LDA     tmp1+1
000992r 1  85 rr                STA     scratch
000994r 1  A5 rr                LDA     tmp1
000996r 1  20 rr rr             JSR     pm_push
000999r 1  4C rr rr             JMP     prun_loop
00099Cr 1               
00099Cr 1  xx           copy_count:    .RES 1
00099Dr 1  xx           copy_index:    .RES 1
00099Er 1  xx           copy_srclen:   .RES 1
00099Fr 1  xx           copy_avail:    .RES 1
0009A0r 1  xx           copy_actual:   .RES 1
0009A1r 1  xx           copy_save:     .RES 1
0009A2r 1               
0009A2r 1               ; OP_CONCAT ($A3) — NOS=s1, TOS=s2 → TOS=result strptr (s1 then s2)
0009A2r 1               op_CONCAT:
0009A2r 1  20 rr rr             JSR     pm_pop          ; s2 → tmp2
0009A5r 1  85 rr                STA     tmp2
0009A7r 1  A5 rr                LDA     scratch
0009A9r 1  85 rr                STA     tmp2+1
0009ABr 1               ; stash s2 ptr in cat_s2 because next_work_buf and pm_pop touch tmp1
0009ABr 1  A5 rr                LDA     tmp2
0009ADr 1  8D rr rr             STA     cat_s2
0009B0r 1  A5 rr                LDA     tmp2+1
0009B2r 1  8D rr rr             STA     cat_s2+1
0009B5r 1  20 rr rr             JSR     pm_pop          ; s1 → tmp2
0009B8r 1  85 rr                STA     tmp2
0009BAr 1  A5 rr                LDA     scratch
0009BCr 1  85 rr                STA     tmp2+1
0009BEr 1  A5 rr                LDA     tmp2
0009C0r 1  8D rr rr             STA     cat_s1
0009C3r 1  A5 rr                LDA     tmp2+1
0009C5r 1  8D rr rr             STA     cat_s1+1
0009C8r 1  20 rr rr             JSR     next_work_buf   ; tmp1 = dest
0009CBr 1               ; copy s1 chars
0009CBr 1  AD rr rr             LDA     cat_s1
0009CEr 1  85 rr                STA     tmp2
0009D0r 1  AD rr rr             LDA     cat_s1+1
0009D3r 1  85 rr                STA     tmp2+1
0009D5r 1  A0 00                LDY     #0
0009D7r 1  B1 rr                LDA     (tmp2),y
0009D9r 1  8D rr rr             STA     cat_s1len
0009DCr 1  AA                   TAX                     ; X = remaining
0009DDr 1  A0 01                LDY     #1              ; src offset
0009DFr 1  A9 01                LDA     #1
0009E1r 1  8D rr rr             STA     cat_dstoff
0009E4r 1               @cat_s1_loop:
0009E4r 1  E0 00                CPX     #0
0009E6r 1  F0 18                BEQ     @cat_s2_start
0009E8r 1  B1 rr                LDA     (tmp2),y
0009EAr 1  8D rr rr             STA     cat_save
0009EDr 1  DA                   PHX
0009EEr 1  5A                   PHY
0009EFr 1  AC rr rr             LDY     cat_dstoff
0009F2r 1  AD rr rr             LDA     cat_save
0009F5r 1  91 rr                STA     (tmp1),y
0009F7r 1  EE rr rr             INC     cat_dstoff
0009FAr 1  7A                   PLY
0009FBr 1  FA                   PLX
0009FCr 1  C8                   INY
0009FDr 1  CA                   DEX
0009FEr 1  80 E4                BRA     @cat_s1_loop
000A00r 1               @cat_s2_start:
000A00r 1  AD rr rr             LDA     cat_s2
000A03r 1  85 rr                STA     tmp2
000A05r 1  AD rr rr             LDA     cat_s2+1
000A08r 1  85 rr                STA     tmp2+1
000A0Ar 1  A0 00                LDY     #0
000A0Cr 1  B1 rr                LDA     (tmp2),y
000A0Er 1  8D rr rr             STA     cat_s2len
000A11r 1  AA                   TAX
000A12r 1  A0 01                LDY     #1
000A14r 1               @cat_s2_loop:
000A14r 1  E0 00                CPX     #0
000A16r 1  F0 18                BEQ     @cat_done
000A18r 1  B1 rr                LDA     (tmp2),y
000A1Ar 1  8D rr rr             STA     cat_save
000A1Dr 1  DA                   PHX
000A1Er 1  5A                   PHY
000A1Fr 1  AC rr rr             LDY     cat_dstoff
000A22r 1  AD rr rr             LDA     cat_save
000A25r 1  91 rr                STA     (tmp1),y
000A27r 1  EE rr rr             INC     cat_dstoff
000A2Ar 1  7A                   PLY
000A2Br 1  FA                   PLX
000A2Cr 1  C8                   INY
000A2Dr 1  CA                   DEX
000A2Er 1  80 E4                BRA     @cat_s2_loop
000A30r 1               @cat_done:
000A30r 1               ; total length = s1len + s2len (capped at 255)
000A30r 1  18                   CLC
000A31r 1  AD rr rr             LDA     cat_s1len
000A34r 1  6D rr rr             ADC     cat_s2len
000A37r 1  90 02                BCC     :+
000A39r 1  A9 FF                LDA     #255
000A3Br 1  A0 00        :       LDY     #0
000A3Dr 1  91 rr                STA     (tmp1),y
000A3Fr 1  A5 rr                LDA     tmp1+1
000A41r 1  85 rr                STA     scratch
000A43r 1  A5 rr                LDA     tmp1
000A45r 1  20 rr rr             JSR     pm_push
000A48r 1  4C rr rr             JMP     prun_loop
000A4Br 1               
000A4Br 1  xx xx        cat_s1:        .RES 2
000A4Dr 1  xx xx        cat_s2:        .RES 2
000A4Fr 1  xx           cat_s1len:     .RES 1
000A50r 1  xx           cat_s2len:     .RES 1
000A51r 1  xx           cat_dstoff:    .RES 1
000A52r 1  xx           cat_save:      .RES 1
000A53r 1               
000A53r 1               ; ---------------------------------------------------------------------------
000A53r 1               ; Unimplemented opcode handler
000A53r 1               ; ---------------------------------------------------------------------------
000A53r 1               op_UNIMP:
000A53r 1  A9 rr                LDA     #<err_rt_opcode
000A55r 1  85 rr                STA     tmp0
000A57r 1  A9 rr                LDA     #>err_rt_opcode
000A59r 1  85 rr                STA     tmp0+1
000A5Br 1  20 rr rr             JSR     rt_error
000A5Er 1               ; rt_error does not return (jumps to warm boot)
000A5Er 1               
000A5Er 1               ; ---------------------------------------------------------------------------
000A5Er 1               ; String literals for boolean output
000A5Er 1               ; ---------------------------------------------------------------------------
000A5Er 1               str_true:
000A5Er 1  54 52 55 45          .BYTE   "TRUE",0
000A62r 1  00           
000A63r 1               str_false:
000A63r 1  46 41 4C 53          .BYTE   "FALSE",0
000A67r 1  45 00        
000A69r 1               msg_rt_banner:
000A69r 1  50 52 55 4E          .BYTE   "PRUN v0.1 - Pascal P-Code Runtime for DOS/65",13,10,0
000A6Dr 1  20 76 30 2E  
000A71r 1  31 20 2D 20  
000A98r 1               
000A98r 1               ; ---------------------------------------------------------------------------
000A98r 1               ; Dispatch table — 256 entries of (lo, hi) pointer pairs
000A98r 1               ; ---------------------------------------------------------------------------
000A98r 1  xx xx xx xx          .align  256
000A9Cr 1  xx xx xx xx  
000AA0r 1  xx xx xx xx  
000B00r 1               dispatch_lo:
000B00r 1               ; $00-$07
000B00r 1  rr rr rr rr          .BYTE   <op_LDCI,  <op_LDCW,  <op_LDCC,  <op_LDCB
000B04r 1  rr rr rr rr          .BYTE   <op_LDCS,  <op_LDCN,  <op_UNIMP, <op_UNIMP
000B08r 1               ; $08-$0F
000B08r 1  rr rr rr rr          .REPEAT 8
000B0Cr 1  rr rr rr rr  
000B10r 1                               .BYTE   <op_UNIMP
000B10r 1                       .ENDREPEAT
000B10r 1               ; $10-$17
000B10r 1  rr rr rr rr          .BYTE   <op_LDL,   <op_STL,   <op_LDA_L, <op_UNIMP
000B14r 1  rr rr rr rr          .REPEAT 4
000B18r 1                               .BYTE   <op_UNIMP
000B18r 1                       .ENDREPEAT
000B18r 1               ; $18-$2F
000B18r 1  rr rr rr rr          .BYTE   <op_LDG,   <op_STG,   <op_LDA_G, <op_UNIMP   ; $18-$1B
000B1Cr 1  rr rr rr rr          .BYTE   <op_UNIMP, <op_UNIMP, <op_UNIMP, <op_UNIMP   ; $1C-$1F
000B20r 1  rr rr rr rr          .BYTE   <op_LDIND, <op_STIND, <op_UNIMP, <op_UNIMP   ; $20-$23
000B24r 1  rr                   .BYTE   <op_INDEX                                      ; $24
000B25r 1  rr rr rr rr          .REPEAT 11
000B29r 1  rr rr rr rr  
000B2Dr 1  rr rr rr     
000B30r 1                               .BYTE   <op_UNIMP
000B30r 1                       .ENDREPEAT
000B30r 1               ; $30-$3F
000B30r 1  rr rr rr rr          .BYTE   <op_ADI,   <op_SBI,   <op_MPI,   <op_DVI
000B34r 1  rr rr rr rr          .BYTE   <op_MOD,   <op_NGI,   <op_UNIMP, <op_UNIMP
000B38r 1  rr rr rr rr          .REPEAT 8
000B3Cr 1  rr rr rr rr  
000B40r 1                               .BYTE   <op_UNIMP
000B40r 1                       .ENDREPEAT
000B40r 1               ; $40-$4F
000B40r 1  rr rr rr rr          .BYTE   <op_EQUI,  <op_NEQI,  <op_LESI,  <op_LEQI
000B44r 1  rr rr rr rr          .BYTE   <op_GTRI,  <op_GEQI,  <op_UNIMP, <op_UNIMP
000B48r 1  rr rr rr rr          .REPEAT 8
000B4Cr 1  rr rr rr rr  
000B50r 1                               .BYTE   <op_UNIMP
000B50r 1                       .ENDREPEAT
000B50r 1               ; $50-$5F
000B50r 1  rr rr rr rr          .BYTE   <op_UJP,   <op_FJP,   <op_TJP,   <op_UNIMP
000B54r 1  rr rr rr rr          .REPEAT 12
000B58r 1  rr rr rr rr  
000B5Cr 1  rr rr rr rr  
000B60r 1                               .BYTE   <op_UNIMP
000B60r 1                       .ENDREPEAT
000B60r 1               ; $60-$6F
000B60r 1  rr rr rr rr          .BYTE   <op_CALL,  <op_UNIMP, <op_RET,   <op_RETF
000B64r 1  rr rr rr rr          .BYTE   <op_MRKSTK,<op_UNIMP, <op_STR,   <op_UNIMP
000B68r 1  rr rr rr rr          .REPEAT 8
000B6Cr 1  rr rr rr rr  
000B70r 1                               .BYTE   <op_UNIMP
000B70r 1                       .ENDREPEAT
000B70r 1               ; $70-$7F
000B70r 1  rr rr rr rr          .REPEAT 16
000B74r 1  rr rr rr rr  
000B78r 1  rr rr rr rr  
000B80r 1                               .BYTE   <op_UNIMP
000B80r 1                       .ENDREPEAT
000B80r 1               ; $80-$8F
000B80r 1  rr rr rr rr          .BYTE   <op_WRITI, <op_WRITC, <op_WRITB, <op_WRITS
000B84r 1  rr rr rr rr          .BYTE   <op_WRITLN,<op_READI, <op_READC, <op_UNIMP
000B88r 1  rr rr rr rr          .REPEAT 8
000B8Cr 1  rr rr rr rr  
000B90r 1                               .BYTE   <op_UNIMP
000B90r 1                       .ENDREPEAT
000B90r 1               ; $90-$9F
000B90r 1  rr rr rr rr          .BYTE   <op_DUP,   <op_POP,   <op_UNIMP, <op_UNIMP
000B94r 1  rr rr rr rr          .REPEAT 12
000B98r 1  rr rr rr rr  
000B9Cr 1  rr rr rr rr  
000BA0r 1                               .BYTE   <op_UNIMP
000BA0r 1                       .ENDREPEAT
000BA0r 1               ; $A0-$A3 string built-ins
000BA0r 1  rr rr rr rr          .BYTE   <op_LEN,   <op_POS,   <op_COPY,  <op_CONCAT
000BA4r 1               ; $A4-$FE
000BA4r 1  rr rr rr rr          .REPEAT 91
000BA8r 1  rr rr rr rr  
000BACr 1  rr rr rr rr  
000BFFr 1                               .BYTE   <op_UNIMP
000BFFr 1                       .ENDREPEAT
000BFFr 1               ; $FF
000BFFr 1  rr                   .BYTE   <op_HALT
000C00r 1               
000C00r 1               dispatch_hi:
000C00r 1               ; $00-$07
000C00r 1  rr rr rr rr          .BYTE   >op_LDCI,  >op_LDCW,  >op_LDCC,  >op_LDCB
000C04r 1  rr rr rr rr          .BYTE   >op_LDCS,  >op_LDCN,  >op_UNIMP, >op_UNIMP
000C08r 1               ; $08-$0F
000C08r 1  rr rr rr rr          .REPEAT 8
000C0Cr 1  rr rr rr rr  
000C10r 1                               .BYTE   >op_UNIMP
000C10r 1                       .ENDREPEAT
000C10r 1               ; $10-$17
000C10r 1  rr rr rr rr          .BYTE   >op_LDL,   >op_STL,   >op_LDA_L, >op_UNIMP
000C14r 1  rr rr rr rr          .REPEAT 4
000C18r 1                               .BYTE   >op_UNIMP
000C18r 1                       .ENDREPEAT
000C18r 1               ; $18-$2F
000C18r 1  rr rr rr rr          .BYTE   >op_LDG,   >op_STG,   >op_LDA_G, >op_UNIMP   ; $18-$1B
000C1Cr 1  rr rr rr rr          .BYTE   >op_UNIMP, >op_UNIMP, >op_UNIMP, >op_UNIMP   ; $1C-$1F
000C20r 1  rr rr rr rr          .BYTE   >op_LDIND, >op_STIND, >op_UNIMP, >op_UNIMP   ; $20-$23
000C24r 1  rr                   .BYTE   >op_INDEX                                      ; $24
000C25r 1  rr rr rr rr          .REPEAT 11
000C29r 1  rr rr rr rr  
000C2Dr 1  rr rr rr     
000C30r 1                               .BYTE   >op_UNIMP
000C30r 1                       .ENDREPEAT
000C30r 1               ; $30-$3F
000C30r 1  rr rr rr rr          .BYTE   >op_ADI,   >op_SBI,   >op_MPI,   >op_DVI
000C34r 1  rr rr rr rr          .BYTE   >op_MOD,   >op_NGI,   >op_UNIMP, >op_UNIMP
000C38r 1  rr rr rr rr          .REPEAT 8
000C3Cr 1  rr rr rr rr  
000C40r 1                               .BYTE   >op_UNIMP
000C40r 1                       .ENDREPEAT
000C40r 1               ; $40-$4F
000C40r 1  rr rr rr rr          .BYTE   >op_EQUI,  >op_NEQI,  >op_LESI,  >op_LEQI
000C44r 1  rr rr rr rr          .BYTE   >op_GTRI,  >op_GEQI,  >op_UNIMP, >op_UNIMP
000C48r 1  rr rr rr rr          .REPEAT 8
000C4Cr 1  rr rr rr rr  
000C50r 1                           .BYTE   >op_UNIMP
000C50r 1                       .ENDREPEAT
000C50r 1               ; $50-$5F
000C50r 1  rr rr rr rr          .BYTE   >op_UJP,   >op_FJP,   >op_TJP,   >op_UNIMP
000C54r 1  rr rr rr rr          .REPEAT 12
000C58r 1  rr rr rr rr  
000C5Cr 1  rr rr rr rr  
000C60r 1                               .BYTE   >op_UNIMP
000C60r 1                       .ENDREPEAT
000C60r 1               ; $60-$6F
000C60r 1  rr rr rr rr          .BYTE   >op_CALL,  >op_UNIMP, >op_RET,   >op_RETF
000C64r 1  rr rr rr rr          .BYTE   >op_MRKSTK,>op_UNIMP, >op_STR,   >op_UNIMP
000C68r 1  rr rr rr rr          .REPEAT 8
000C6Cr 1  rr rr rr rr  
000C70r 1                               .BYTE   >op_UNIMP
000C70r 1                       .ENDREPEAT
000C70r 1               ; $70-$7F
000C70r 1  rr rr rr rr          .REPEAT 16
000C74r 1  rr rr rr rr  
000C78r 1  rr rr rr rr  
000C80r 1                               .BYTE   >op_UNIMP
000C80r 1                       .ENDREPEAT
000C80r 1               ; $80-$8F
000C80r 1  rr rr rr rr          .BYTE   >op_WRITI, >op_WRITC, >op_WRITB, >op_WRITS
000C84r 1  rr rr rr rr          .BYTE   >op_WRITLN,>op_READI, >op_READC, >op_UNIMP
000C88r 1  rr rr rr rr          .REPEAT 8
000C8Cr 1  rr rr rr rr  
000C90r 1                               .BYTE   >op_UNIMP
000C90r 1                       .ENDREPEAT
000C90r 1               ; $90-$9F
000C90r 1  rr rr rr rr          .BYTE   >op_DUP,   >op_POP,   >op_UNIMP, >op_UNIMP
000C94r 1  rr rr rr rr          .REPEAT 12
000C98r 1  rr rr rr rr  
000C9Cr 1  rr rr rr rr  
000CA0r 1                               .BYTE   >op_UNIMP
000CA0r 1                       .ENDREPEAT
000CA0r 1               ; $A0-$A3 string built-ins
000CA0r 1  rr rr rr rr          .BYTE   >op_LEN,   >op_POS,   >op_COPY,  >op_CONCAT
000CA4r 1               ; $A4-$FE
000CA4r 1  rr rr rr rr          .REPEAT 91
000CA8r 1  rr rr rr rr  
000CACr 1  rr rr rr rr  
000CFFr 1                               .BYTE   >op_UNIMP
000CFFr 1                       .ENDREPEAT
000CFFr 1               ; $FF
000CFFr 1  rr                   .BYTE   >op_HALT
000D00r 1               
000D00r 1               ; ---------------------------------------------------------------------------
000D00r 1               ; FCB for the .PCD file (placed in CODE segment, well below STACK_BASE)
000D00r 1               ; ---------------------------------------------------------------------------
000D00r 1               pcd_fcb:
000D00r 1  xx xx xx xx          .RES    36              ; FCB (36 bytes as per CP/M/DOS65)
000D04r 1  xx xx xx xx  
000D08r 1  xx xx xx xx  
000D24r 1               
000D24r 1               ; ---------------------------------------------------------------------------
000D24r 1               ; Include shared I/O library
000D24r 1               ; ---------------------------------------------------------------------------
000D24r 1               .include    "IOLIB.ASM"
000D24r 2               .pc02
000D24r 2               ; iolib.asm — console and file I/O wrappers for DOS/65
000D24r 2               ;
000D24r 2               ; Uses PEM function 2 (CONOUT) for character output.
000D24r 2               ; This routes through DFT_CONSOLE and works on all platforms
000D24r 2               ; (serial, ESP video, memory-mapped video) regardless of which
000D24r 2               ; console driver is active.
000D24r 2               
000D24r 2                       .segment        "CODE"
000D24r 2               
000D24r 2               ; ---------------------------------------------------------------------------
000D24r 2               ; console_putc — output character in A to console via PEM #2
000D24r 2               ; ---------------------------------------------------------------------------
000D24r 2               console_putc:
000D24r 2  48                   PHA
000D25r 2  A2 02                LDX     #PEM_CONOUT
000D27r 2  20 03 01             JSR     PEM_ENTRY
000D2Ar 2  68                   PLA
000D2Br 2  60                   RTS
000D2Cr 2               
000D2Cr 2               ; ---------------------------------------------------------------------------
000D2Cr 2               ; console_newline — emit CR+LF
000D2Cr 2               ; ---------------------------------------------------------------------------
000D2Cr 2               console_newline:
000D2Cr 2  A9 0D                LDA     #$0D
000D2Er 2  A2 02                LDX     #PEM_CONOUT
000D30r 2  20 03 01             JSR     PEM_ENTRY
000D33r 2  A9 0A                LDA     #$0A
000D35r 2  A2 02                LDX     #PEM_CONOUT
000D37r 2  20 03 01             JSR     PEM_ENTRY
000D3Ar 2  60                   RTS
000D3Br 2               
000D3Br 2               ; ---------------------------------------------------------------------------
000D3Br 2               ; console_print_sz — print null-terminated string at tmp0
000D3Br 2               ; ---------------------------------------------------------------------------
000D3Br 2               console_print_sz:
000D3Br 2  A0 00                LDY     #0
000D3Dr 2               @loop:
000D3Dr 2  B1 rr                LDA     (tmp0),y
000D3Fr 2  F0 08                BEQ     @done
000D41r 2  A2 02                LDX     #PEM_CONOUT
000D43r 2  20 03 01             JSR     PEM_ENTRY
000D46r 2  C8                   INY
000D47r 2  D0 F4                BNE     @loop
000D49r 2               @done:
000D49r 2  60                   RTS
000D4Ar 2               
000D4Ar 2               ; ---------------------------------------------------------------------------
000D4Ar 2               ; console_print_pstr — print length-prefixed Pascal string at tmp0
000D4Ar 2               ; ---------------------------------------------------------------------------
000D4Ar 2               console_print_pstr:
000D4Ar 2  A0 00                LDY     #0
000D4Cr 2  B1 rr                LDA     (tmp0),y        ; length byte
000D4Er 2  F0 10                BEQ     @done
000D50r 2  AA                   TAX                     ; X = remaining chars — but X used by PEM!
000D51r 2               ; save length, use tmp1 as counter
000D51r 2  85 rr                STA     tmp1
000D53r 2  C8                   INY
000D54r 2               @loop:
000D54r 2  B1 rr                LDA     (tmp0),y
000D56r 2  A2 02                LDX     #PEM_CONOUT
000D58r 2  20 03 01             JSR     PEM_ENTRY
000D5Br 2  C8                   INY
000D5Cr 2  C6 rr                DEC     tmp1
000D5Er 2  D0 F4                BNE     @loop
000D60r 2               @done:
000D60r 2  60                   RTS
000D61r 2               
000D61r 2               ; ---------------------------------------------------------------------------
000D61r 2               ; console_print_dec — print signed 16-bit integer in tmp0:tmp0+1
000D61r 2               ; ---------------------------------------------------------------------------
000D61r 2               console_print_dec:
000D61r 2  A5 rr                LDA     tmp0+1
000D63r 2  10 14                BPL     @positive
000D65r 2  A9 2D                LDA     #'-'
000D67r 2  A2 02                LDX     #PEM_CONOUT
000D69r 2  20 03 01             JSR     PEM_ENTRY
000D6Cr 2  A9 00                LDA     #0
000D6Er 2  38                   SEC
000D6Fr 2  E5 rr                SBC     tmp0
000D71r 2  85 rr                STA     tmp0
000D73r 2  A9 00                LDA     #0
000D75r 2  E5 rr                SBC     tmp0+1
000D77r 2  85 rr                STA     tmp0+1
000D79r 2               @positive:
000D79r 2  A9 00                LDA     #0
000D7Br 2  48                   PHA                     ; sentinel
000D7Cr 2               @div_loop:
000D7Cr 2  20 rr rr             JSR     div16_by10      ; quotient→tmp0, remainder→scratch
000D7Fr 2  A5 rr                LDA     scratch
000D81r 2  18                   CLC
000D82r 2  69 30                ADC     #'0'
000D84r 2  48                   PHA
000D85r 2  A5 rr                LDA     tmp0
000D87r 2  05 rr                ORA     tmp0+1
000D89r 2  D0 F1                BNE     @div_loop
000D8Br 2               @print_loop:
000D8Br 2  68                   PLA
000D8Cr 2  F0 07                BEQ     @done2          ; sentinel
000D8Er 2  A2 02                LDX     #PEM_CONOUT
000D90r 2  20 03 01             JSR     PEM_ENTRY
000D93r 2  80 F6                BRA     @print_loop
000D95r 2               @done2:
000D95r 2  60                   RTS
000D96r 2               
000D96r 2               ; ---------------------------------------------------------------------------
000D96r 2               ; div16_by10 — divide tmp0:tmp0+1 by 10
000D96r 2               ; Result: quotient in tmp0:tmp0+1, remainder in scratch
000D96r 2               ; ---------------------------------------------------------------------------
000D96r 2               div16_by10:
000D96r 2  A9 00                LDA     #0
000D98r 2  85 rr                STA     scratch
000D9Ar 2  A2 10                LDX     #16
000D9Cr 2               @bit:
000D9Cr 2  06 rr                ASL     tmp0
000D9Er 2  26 rr                ROL     tmp0+1
000DA0r 2  26 rr                ROL     scratch
000DA2r 2  A5 rr                LDA     scratch
000DA4r 2  C9 0A                CMP     #10
000DA6r 2  90 06                BCC     @no_sub
000DA8r 2  E9 0A                SBC     #10
000DAAr 2  85 rr                STA     scratch
000DACr 2  E6 rr                INC     tmp0
000DAEr 2               @no_sub:
000DAEr 2  CA                   DEX
000DAFr 2  D0 EB                BNE     @bit
000DB1r 2  60                   RTS
000DB2r 2               
000DB2r 2               ; ---------------------------------------------------------------------------
000DB2r 2               ; console_read_line — read a line into buffer at tmp0, max len in x_save
000DB2r 2               ; Returns: Y = length (not including CR)
000DB2r 2               ; ---------------------------------------------------------------------------
000DB2r 2               console_read_line:
000DB2r 2  8E rr rr             STX     x_save
000DB5r 2  A0 00                LDY     #0
000DB7r 2               @loop:
000DB7r 2  A2 01                LDX     #PEM_CONIN
000DB9r 2  20 03 01             JSR     PEM_ENTRY
000DBCr 2  C9 0D                CMP     #$0D
000DBEr 2  F0 28                BEQ     @done
000DC0r 2  C9 08                CMP     #$08            ; backspace
000DC2r 2  D0 1C                BNE     @store
000DC4r 2  C0 00                CPY     #0
000DC6r 2  F0 EF                BEQ     @loop
000DC8r 2  88                   DEY
000DC9r 2  A9 08                LDA     #$08
000DCBr 2  A2 02                LDX     #PEM_CONOUT
000DCDr 2  20 03 01             JSR     PEM_ENTRY
000DD0r 2  A9 20                LDA     #' '
000DD2r 2  A2 02                LDX     #PEM_CONOUT
000DD4r 2  20 03 01             JSR     PEM_ENTRY
000DD7r 2  A9 08                LDA     #$08
000DD9r 2  A2 02                LDX     #PEM_CONOUT
000DDBr 2  20 03 01             JSR     PEM_ENTRY
000DDEr 2  80 D7                BRA     @loop
000DE0r 2               @store:
000DE0r 2  91 rr                STA     (tmp0),y
000DE2r 2  C8                   INY
000DE3r 2  CC rr rr             CPY     x_save
000DE6r 2  90 CF                BCC     @loop
000DE8r 2               @done:
000DE8r 2  60                   RTS
000DE9r 2               x_save:
000DE9r 2  00                   .BYTE   0
000DEAr 2               
000DEAr 2               ; ---------------------------------------------------------------------------
000DEAr 2               ; file_open — open file via FCB at tmp1; returns A=0 success, $FF=not found
000DEAr 2               ; PEM calling convention: X=function, A=FCB addr lo, Y=FCB addr hi
000DEAr 2               ; ---------------------------------------------------------------------------
000DEAr 2               file_open:
000DEAr 2  A5 rr                LDA     tmp1
000DECr 2  A4 rr                LDY     tmp1+1
000DEEr 2  A2 0F                LDX     #PEM_OPEN
000DF0r 2  20 03 01             JSR     PEM_ENTRY
000DF3r 2  60                   RTS
000DF4r 2               
000DF4r 2               ; ---------------------------------------------------------------------------
000DF4r 2               ; file_make — create/truncate file via FCB at tmp1
000DF4r 2               ; ---------------------------------------------------------------------------
000DF4r 2               file_make:
000DF4r 2  A5 rr                LDA     tmp1
000DF6r 2  A4 rr                LDY     tmp1+1
000DF8r 2  A2 16                LDX     #PEM_MAKE
000DFAr 2  20 03 01             JSR     PEM_ENTRY
000DFDr 2  60                   RTS
000DFEr 2               
000DFEr 2               ; ---------------------------------------------------------------------------
000DFEr 2               ; file_read_sector — read 128 bytes into DMA_BUF; returns A=0 ok, A=1 EOF
000DFEr 2               ; ---------------------------------------------------------------------------
000DFEr 2               file_read_sector:
000DFEr 2  A5 rr                LDA     tmp1
000E00r 2  A4 rr                LDY     tmp1+1
000E02r 2  A2 14                LDX     #PEM_READ
000E04r 2  20 03 01             JSR     PEM_ENTRY
000E07r 2  60                   RTS
000E08r 2               
000E08r 2               ; ---------------------------------------------------------------------------
000E08r 2               ; file_write_sector — write 128 bytes from DMA_BUF
000E08r 2               ; ---------------------------------------------------------------------------
000E08r 2               file_write_sector:
000E08r 2  A5 rr                LDA     tmp1
000E0Ar 2  A4 rr                LDY     tmp1+1
000E0Cr 2  A2 15                LDX     #PEM_WRITE
000E0Er 2  20 03 01             JSR     PEM_ENTRY
000E11r 2  60                   RTS
000E12r 2               
000E12r 2               ; ---------------------------------------------------------------------------
000E12r 2               ; file_close — close FCB at tmp1
000E12r 2               ; ---------------------------------------------------------------------------
000E12r 2               file_close:
000E12r 2  A5 rr                LDA     tmp1
000E14r 2  A4 rr                LDY     tmp1+1
000E16r 2  A2 10                LDX     #PEM_CLOSE
000E18r 2  20 03 01             JSR     PEM_ENTRY
000E1Br 2  60                   RTS
000E1Cr 2               
000E1Cr 1               .include    "MESSAGES.ASM"
000E1Cr 2               ; messages.asm — compiler error and status strings (null-terminated)
000E1Cr 2               
000E1Cr 2                       .segment  "CODE"
000E1Cr 2               
000E1Cr 2               msg_banner:
000E1Cr 2  50 61 73 63          .BYTE   "Pascal/65 Compiler v0.1 for DOS/65",13,10,0
000E20r 2  61 6C 2F 36  
000E24r 2  35 20 43 6F  
000E41r 2               msg_compiling:
000E41r 2  43 6F 6D 70          .BYTE   "Compiling...",13,10,0
000E45r 2  69 6C 69 6E  
000E49r 2  67 2E 2E 2E  
000E50r 2               msg_ok:
000E50r 2  4F 4B 0D 0A          .BYTE   "OK",13,10,0
000E54r 2  00           
000E55r 2               msg_errors:
000E55r 2  20 65 72 72          .BYTE   " error(s)",13,10,0
000E59r 2  6F 72 28 73  
000E5Dr 2  29 0D 0A 00  
000E61r 2               msg_line:
000E61r 2  20 4C 69 6E          .BYTE   " Line ",0
000E65r 2  65 20 00     
000E68r 2               msg_col:
000E68r 2  20 43 6F 6C          .BYTE   " Col ",0
000E6Cr 2  20 00        
000E6Er 2               
000E6Er 2               ; Compiler errors
000E6Er 2               err_unexpected:
000E6Er 2  55 6E 65 78          .BYTE   "Unexpected token",0
000E72r 2  70 65 63 74  
000E76r 2  65 64 20 74  
000E7Fr 2               err_expected_id:
000E7Fr 2  49 44 45 4E          .byte   "IDENTIFIER expected",0
000E83r 2  54 49 46 49  
000E87r 2  45 52 20 65  
000E93r 2               err_expected_eq:
000E93r 2  27 3D 27 20          .byte   "'=' expected",0
000E97r 2  65 78 70 65  
000E9Br 2  63 74 65 64  
000EA0r 2               err_expected_sm:
000EA0r 2  27 3B 27 20          .byte   "';' expected",0
000EA4r 2  65 78 70 65  
000EA8r 2  63 74 65 64  
000EADr 2               err_expected_be:
000EADr 2  27 42 45 47          .byte   "'BEGIN' expected",0
000EB1r 2  49 4E 27 20  
000EB5r 2  65 78 70 65  
000EBEr 2               err_expected_en:
000EBEr 2  27 45 4E 44          .byte "'END' expected",0
000EC2r 2  27 20 65 78  
000EC6r 2  70 65 63 74  
000ECDr 2               err_expected_do:
000ECDr 2  27 44 4F 27          .byte "'DO' expected",0
000ED1r 2  20 65 78 70  
000ED5r 2  65 63 74 65  
000EDBr 2               err_expected_of:
000EDBr 2  27 4F 46 27          .byte "'OF' expected",0
000EDFr 2  20 65 78 70  
000EE3r 2  65 63 74 65  
000EE9r 2               err_expected_th:
000EE9r 2  27 54 48 45          .byte "'THEN' expected",0
000EEDr 2  4E 27 20 65  
000EF1r 2  78 70 65 63  
000EF9r 2               err_expected_to:
000EF9r 2  27 54 4F 27          .byte "'TO' or 'DOWNTO' expected",0
000EFDr 2  20 6F 72 20  
000F01r 2  27 44 4F 57  
000F13r 2               err_expected_un:
000F13r 2  27 55 4E 54          .byte "'UNTIL' expected",0
000F17r 2  49 4C 27 20  
000F1Br 2  65 78 70 65  
000F24r 2               err_expected_lp:
000F24r 2  27 28 27 20          .byte "'(' expected",0
000F28r 2  65 78 70 65  
000F2Cr 2  63 74 65 64  
000F31r 2               err_expected_rp:
000F31r 2  27 29 27 20          .byte "')' expected",0
000F35r 2  65 78 70 65  
000F39r 2  63 74 65 64  
000F3Er 2               err_expected_rb:
000F3Er 2  27 5D 27 20          .byte "']' expected",0
000F42r 2  65 78 70 65  
000F46r 2  63 74 65 64  
000F4Br 2               err_expected_co:
000F4Br 2  27 3A 27 20          .byte "':' expected",0
000F4Fr 2  65 78 70 65  
000F53r 2  63 74 65 64  
000F58r 2               err_expected_as:
000F58r 2  27 3A 3D 27          .byte "':=' expected",0
000F5Cr 2  20 65 78 70  
000F60r 2  65 63 74 65  
000F66r 2               err_undef:
000F66r 2  55 6E 64 65          .byte "Undefined identifier",0
000F6Ar 2  66 69 6E 65  
000F6Er 2  64 20 69 64  
000F7Br 2               err_redef:
000F7Br 2  49 64 65 6E          .BYTE   "Identifier redefined",0
000F7Fr 2  74 69 66 69  
000F83r 2  65 72 20 72  
000F90r 2               err_type:
000F90r 2  54 79 70 65          .BYTE   "Type mismatch",0
000F94r 2  20 6D 69 73  
000F98r 2  6D 61 74 63  
000F9Er 2               err_not_var:
000F9Er 2  56 61 72 69          .BYTE   "Variable expected",0
000FA2r 2  61 62 6C 65  
000FA6r 2  20 65 78 70  
000FB0r 2               err_not_proc:
000FB0r 2  50 72 6F 63          .BYTE   "Procedure/function expected",0
000FB4r 2  65 64 75 72  
000FB8r 2  65 2F 66 75  
000FCCr 2               err_too_many:
000FCCr 2  54 6F 6F 20          .BYTE   "Too many locals",0
000FD0r 2  6D 61 6E 79  
000FD4r 2  20 6C 6F 63  
000FDCr 2               err_overflow:
000FDCr 2  49 6E 74 65          .BYTE   "Integer overflow",0
000FE0r 2  67 65 72 20  
000FE4r 2  6F 76 65 72  
000FEDr 2               err_string_long:
000FEDr 2  53 54 52 49          .byte   "STRING too long",0
000FF1r 2  4E 47 20 74  
000FF5r 2  6F 6F 20 6C  
000FFDr 2               err_nofile:
000FFDr 2  43 61 6E 6E          .byte "Cannot open source file",0
001001r 2  6F 74 20 6F  
001005r 2  70 65 6E 20  
001015r 2               err_outfile:
001015r 2  43 61 6E 6E          .BYTE   "Cannot create output file",0
001019r 2  6F 74 20 63  
00101Dr 2  72 65 61 74  
00102Fr 2               err_pcd_full:
00102Fr 2  50 2D 63 6F          .BYTE   "P-code buffer full",0
001033r 2  64 65 20 62  
001037r 2  75 66 66 65  
001042r 2               
001042r 2               ; Runtime errors (for PRUN.COM)
001042r 2               err_rt_magic:
001042r 2  4E 6F 74 20          .BYTE   "Not a .PCD file",13,10,0
001046r 2  61 20 2E 50  
00104Ar 2  43 44 20 66  
001054r 2               err_rt_stack:
001054r 2  53 74 61 63          .BYTE   "Stack overflow",13,10,0
001058r 2  6B 20 6F 76  
00105Cr 2  65 72 66 6C  
001065r 2               err_rt_div0:
001065r 2  44 69 76 69          .BYTE   "Division by zero",13,10,0
001069r 2  73 69 6F 6E  
00106Dr 2  20 62 79 20  
001078r 2               err_rt_bounds:
001078r 2  41 72 72 61          .BYTE   "Array out of bounds",13,10,0
00107Cr 2  79 20 6F 75  
001080r 2  74 20 6F 66  
00108Er 2               err_rt_nil:
00108Er 2  4E 69 6C 20          .BYTE   "Nil pointer dereference",13,10,0
001092r 2  70 6F 69 6E  
001096r 2  74 65 72 20  
0010A8r 2               err_rt_opcode:
0010A8r 2  55 6E 6B 6E          .BYTE   "Unknown opcode",13,10,0
0010ACr 2  6F 77 6E 20  
0010B0r 2  6F 70 63 6F  
0010B9r 2               msg_rt_done:
0010B9r 2  0D 0A 5B 50          .BYTE   13,10,"[Program exited]",13,10,0
0010BDr 2  72 6F 67 72  
0010C1r 2  61 6D 20 65  
0010CEr 2               
0010CEr 1               
