ca65 V2.18 - Ubuntu 2.19-1
Main file   : dbasic.asm
Current file: dbasic.asm

000000r 1                       .INCLUDE "macro816.asm"
000000r 2                .IFDEF  DUODYNE
000000r 2               .P816
000000r 2               
000000r 2                       .MACRO  INDEX16         ; Set 16bit Index Registers
000000r 2                       REP     #$10            ; 16 bit Index registers
000000r 2                       .I16
000000r 2                       .ENDMACRO
000000r 2                       .MACRO  INDEX8          ; Set 8bit Index Registers
000000r 2                       SEP     #$10            ; 8 bit Index registers
000000r 2                       .I8
000000r 2                       .ENDMACRO
000000r 2               
000000r 2                       .MACRO  ACCUMULATOR16   ; Set 16bit Index Registers
000000r 2                       REP     #$20            ; 16 bit Index registers
000000r 2                       .A16
000000r 2                       .ENDMACRO
000000r 2               
000000r 2                       .MACRO  ACCUMULATOR8    ; Set 8bit Index Registers
000000r 2                       SEP     #$20            ; 8 bit Index registers
000000r 2                       .A8
000000r 2                       .ENDMACRO
000000r 2               
000000r 2                       .MACRO  ACCUMULATORINDEX16; Set 16bit Index Registers
000000r 2                       REP     #$30            ; 16 bit Index registers
000000r 2                       .A16
000000r 2                       .I16
000000r 2                       .ENDMACRO
000000r 2               
000000r 2                       .MACRO  ACCUMULATORINDEX8; Set 8bit Index Registers
000000r 2                       SEP     #$30            ; 8 bit Index registers
000000r 2                       .A8
000000r 2                       .I8
000000r 2                       .ENDMACRO
000000r 2               
000000r 2               
000000r 2                       .MACRO  LDAINDIRECTY PARM1
000000r 2                       PHB
000000r 2                       PHX
000000r 2                       LDX     #$01
000000r 2                       LDA     <PARM1,X
000000r 2                       CMP     #$00
000000r 2                       BNE     *+6
000000r 2                       LDX     #00
000000r 2                       PHX
000000r 2                       PLB
000000r 2                       PLX
000000r 2                       LDA     (<PARM1),Y      ;
000000r 2                       STA     <TMPFLG
000000r 2                       PLB
000000r 2                       LDA     <TMPFLG
000000r 2                       .ENDMACRO
000000r 2               
000000r 2                       .MACRO  STAINDIRECTY PARM1
000000r 2                       PHB
000000r 2                       PHX
000000r 2                       PHA
000000r 2                       LDX     #$01
000000r 2                       LDA     <PARM1,X
000000r 2                       CMP     #$00
000000r 2                       BNE     *+6
000000r 2                       LDX     #00
000000r 2                       PHX
000000r 2                       PLB
000000r 2                       PLA
000000r 2                       PLX
000000r 2                       STA     (<PARM1),Y      ;
000000r 2                       PLB
000000r 2                       STA     <TMPFLG
000000r 2                       .ENDMACRO
000000r 2               
000000r 2                       .MACRO  FETCHINDIRECTY PARM1
000000r 2                       PHB
000000r 2                       PHA
000000r 2                       PHX
000000r 2                       LDX     #$01
000000r 2                       LDA     <PARM1,X
000000r 2                       CMP     #$00
000000r 2                       BNE     *+6
000000r 2                       LDX     #00
000000r 2                       PHX
000000r 2                       PLB
000000r 2                       PLX
000000r 2                       LDA     (<PARM1),Y      ;
000000r 2                       STA     <TMPFLG
000000r 2                       PLA
000000r 2                       PLB
000000r 2                       .ENDMACRO
000000r 2               
000000r 2                       .MACRO  CMPINDIRECTY  PARM1
000000r 2                       PHB
000000r 2                       PHA
000000r 2                       PHX
000000r 2                       LDX     #$01
000000r 2                       LDA     <PARM1,X
000000r 2                       CMP     #$00
000000r 2                       BNE     *+6
000000r 2                       LDX     #00
000000r 2                       PHX
000000r 2                       PLB
000000r 2                       PLX
000000r 2                       LDA     (<PARM1),Y      ;
000000r 2                       STA     <TMPFLG
000000r 2                       PLA
000000r 2                       PLB
000000r 2                       CMP     <TMPFLG         ;
000000r 2                       .ENDMACRO
000000r 2               
000000r 2                       .MACRO  ADCINDIRECTY  PARM1
000000r 2                       PHB
000000r 2                       PHA
000000r 2                       PHX
000000r 2                       LDX     #$01
000000r 2                       LDA     <PARM1,X
000000r 2                       CMP     #$00
000000r 2                       BNE     *+6
000000r 2                       LDX     #00
000000r 2                       PHX
000000r 2                       PLB
000000r 2                       PLX
000000r 2                       LDA     (<PARM1),Y      ;
000000r 2                       STA     <TMPFLG
000000r 2                       PLA
000000r 2                       PLB
000000r 2                       CLC
000000r 2                       ADC     <TMPFLG         ;
000000r 2                       .ENDMACRO
000000r 2               
000000r 2                       .MACRO  ORAINDIRECTY  PARM1
000000r 2                       PHB
000000r 2                       PHA
000000r 2                       PHX
000000r 2                       LDX     #$01
000000r 2                       LDA     <PARM1,X
000000r 2                       CMP     #$00
000000r 2                       BNE     *+6
000000r 2                       LDX     #00
000000r 2                       PHX
000000r 2                       PLB
000000r 2                       PLX
000000r 2                       LDA     (<PARM1),Y      ;
000000r 2                       STA     <TMPFLG
000000r 2                       PLA
000000r 2                       PLB
000000r 2                       CLC
000000r 2                       ORA     <TMPFLG         ;
000000r 2                       .ENDMACRO
000000r 2               
000000r 2                       .MACRO  LBEQ  PARM1
000000r 2                       BNE     *+5
000000r 2                       JMP     PARM1
000000r 2                       .ENDMACRO
000000r 2               
000000r 2                       .MACRO  LBNE PARM1
000000r 2                       BEQ     *+5
000000r 2                       JMP     PARM1
000000r 2                       .ENDMACRO
000000r 2               
000000r 2                       .MACRO  LBCC  PARM1
000000r 2                       BCC     *+4
000000r 2                       BRA     *+5
000000r 2                       JMP     PARM1
000000r 2                       .ENDMACRO
000000r 2               
000000r 2                       .MACRO  LBCS PARM1
000000r 2                       BCS     *+4
000000r 2                       BRA     *+5
000000r 2                       JMP     PARM1
000000r 2                       .ENDMACRO
000000r 2               
000000r 2                       .ELSE
000000r 2               
000000r 2                       .MACRO  LDAINDIRECTY PARM1
000000r 2                       LDA     (PARM1),Y       ;
000000r 2                       .ENDMACRO
000000r 2               
000000r 2                       .MACRO  STAINDIRECTY PARM1
000000r 2                       STA     (PARM1),Y       ;
000000r 2                       .ENDMACRO
000000r 2               
000000r 2                       .MACRO  FETCHINDIRECTY PARM1
000000r 2                       LDA     (PARM1),Y       ;
000000r 2                       .ENDMACRO
000000r 2               
000000r 2                       .MACRO  CMPINDIRECTY  PARM1
000000r 2                       CMP     (<PARM1),Y      ;
000000r 2                       .ENDMACRO
000000r 2               
000000r 2                       .MACRO  ADCINDIRECTY  PARM1
000000r 2                       ADC     (PARM1),Y       ;
000000r 2                       .ENDMACRO
000000r 2               
000000r 2                       .MACRO  ORAINDIRECTY  PARM1
000000r 2                       ORA     (PARM1),Y       ;
000000r 2                       .ENDMACRO
000000r 2               
000000r 2                       .MACRO  LBEQ  PARM1
000000r 2                       BEQ     PARM1
000000r 2                       .ENDMACRO
000000r 2               
000000r 2                       .MACRO  LBNE  PARM1
000000r 2                       BNE     PARM1
000000r 2                       .ENDMACRO
000000r 2               
000000r 2                       .MACRO  LBCC  PARM1
000000r 2                       BCC     PARM1
000000r 2                       .ENDMACRO
000000r 2               
000000r 2                       .MACRO  LBCS PARM1
000000r 2                       BCS     PARM1
000000r 2                       .ENDMACRO
000000r 2               
000000r 2                       .ENDIF
000000r 2               
000000r 1               ; Enhanced BASIC to assemble under 6502 simulator, $ver 2.23
000000r 1               ; THIS WORK IS DERIVED FROM ehBASIC BY LEE DAVIDSON
000000r 1               ;
000000r 1               ; $E7E1 $E7CF $E7C6 $E7D3 $E7D1 $E7D5 $E7CF $E81E $E825
000000r 1               
000000r 1               ; 2.00	new revision numbers start here
000000r 1               ; 2.01	fixed LCASE$() and UCASE$()
000000r 1               ; 2.02	new get value routine done
000000r 1               ; 2.03	changed RND() to galoise method
000000r 1               ; 2.04	fixed SPC()
000000r 1               ; 2.05	new get value routine fixedf
000000r 1               ; 2.06	changed USR() code
000000r 1               ; 2.07	fixed STR$()
000000r 1               ; 2.08	changed INPUT and READ to remove need for $00 start to input buffer
000000r 1               ; 2.09	fixed RND()
000000r 1               ; 2.10	integrated missed changes from an earlier version
000000r 1               ; 2.20	added ELSE to IF .. THEN and fixed IF .. GOTO <statement> to cause error
000000r 1               ; 2.21	fixed IF .. THEN RETURN to not cause error
000000r 1               ; 2.22	fixed RND() breaking the get byte routine
000000r 1               ; 2.23  ADDED "KILL" COMMAND TO RETURN TO DOS/65
000000r 1               
000000r 1               
000000r 1                       .FEATURE labels_without_colons
000000r 1                       .SEGMENT "TEA"
000000r 1                       .ORG    $0800
000800  1               
000800  1  4C 97 16             JMP     BASICBEGIN
000803  1               
000803  1               ; ZERO PAGE DEFINITIONS
000803  1                       .INCLUDE "zeropage.asm"
000803  2               ;____________________________________________________________________________________________
000803  2               ;
000803  2               ; ZERO PAGE DEFINITIONS
000803  2               ;____________________________________________________________________________________________
000803  2               
000803  2               LAB_WARM        = $00           ; BASIC warm start entry point
000803  2               Wrmjpl          = LAB_WARM+1    ; BASIC warm start vector jump low byte
000803  2               Wrmjph          = LAB_WARM+2    ; BASIC warm start vector jump high byte
000803  2               TMPFLG          = $04
000803  2               Usrjmp          = $0A           ; USR function JMP address
000803  2               Usrjpl          = Usrjmp+1      ; USR function JMP vector low byte
000803  2               Usrjph          = Usrjmp+2      ; USR function JMP vector high byte
000803  2               Nullct          = $0D           ; nulls output after each line
000803  2               TPos            = $0E           ; BASIC terminal position byte
000803  2               TWidth          = $0F           ; BASIC terminal width byte
000803  2               Iclim           = $10           ; input column limit
000803  2               Itempl          = $11           ; temporary integer low byte
000803  2               Itemph          = Itempl+1      ; temporary integer high byte
000803  2               
000803  2               nums_1          = Itempl        ; number to bin/hex string convert MSB
000803  2               nums_2          = nums_1+1      ; number to bin/hex string convert
000803  2               nums_3          = nums_1+2      ; number to bin/hex string convert LSB
000803  2               
000803  2               Srchc           = $5B           ; search character
000803  2               Temp3           = Srchc         ; temp byte used in number routines
000803  2               Scnquo          = $5C           ; scan-between-quotes flag
000803  2               Asrch           = Scnquo        ; alt search character
000803  2               
000803  2               XOAw_l          = Srchc         ; eXclusive OR, OR and AND word low byte
000803  2               XOAw_h          = Scnquo        ; eXclusive OR, OR and AND word high byte
000803  2               
000803  2               Ibptr           = $5D           ; input buffer pointer
000803  2               Dimcnt          = Ibptr         ; # of dimensions
000803  2               Tindx           = Ibptr         ; token index
000803  2               
000803  2               Defdim          = $5E           ; default DIM flag
000803  2               Dtypef          = $5F           ; data type flag, $FF=string, $00=numeric
000803  2               Oquote          = $60           ; open quote flag (b7) (Flag: DATA scan; LIST quote; memory)
000803  2               Gclctd          = $60           ; garbage collected flag
000803  2               Sufnxf          = $61           ; subscript/FNX flag, 1xxx xxx = FN(0xxx xxx)
000803  2               Imode           = $62           ; input mode flag, $00=INPUT, $80=READ
000803  2               
000803  2               Cflag           = $63           ; comparison evaluation flag
000803  2               
000803  2               TabSiz          = $64           ; TAB step size (was input flag)
000803  2               
000803  2               next_s          = $65           ; next descriptor stack address
000803  2               
000803  2               ; these two bytes form a word pointer to the item
000803  2               ; currently on top of the descriptor stack
000803  2               last_sl         = $66           ; last descriptor stack address low byte
000803  2               last_sh         = $67           ; last descriptor stack address high byte (always $00)
000803  2               
000803  2               des_sk          = $68           ; descriptor stack start address (temp strings)
000803  2               
000803  2               ;			= $70		; End of descriptor stack
000803  2               
000803  2               ut1_pl          = $71           ; utility pointer 1 low byte
000803  2               ut1_ph          = ut1_pl+1      ; utility pointer 1 high byte
000803  2               ut2_pl          = $73           ; utility pointer 2 low byte
000803  2               ut2_ph          = ut2_pl+1      ; utility pointer 2 high byte
000803  2               
000803  2               Temp_2          = ut1_pl        ; temp byte for block move
000803  2               
000803  2               FACt_1          = $75           ; FAC temp mantissa1
000803  2               FACt_2          = FACt_1+1      ; FAC temp mantissa2
000803  2               FACt_3          = FACt_2+1      ; FAC temp mantissa3
000803  2               
000803  2               dims_l          = FACt_2        ; array dimension size low byte
000803  2               dims_h          = FACt_3        ; array dimension size high byte
000803  2               
000803  2               TempB           = $78           ; temp page 0 byte
000803  2               
000803  2               Smeml           = $79           ; start of mem low byte		(Start-of-Basic)
000803  2               Smemh           = Smeml+1       ; start of mem high byte	(Start-of-Basic)
000803  2               Svarl           = $7B           ; start of vars low byte	(Start-of-Variables)
000803  2               Svarh           = Svarl+1       ; start of vars high byte	(Start-of-Variables)
000803  2               Sarryl          = $7D           ; var mem end low byte		(Start-of-Arrays)
000803  2               Sarryh          = Sarryl+1      ; var mem end high byte		(Start-of-Arrays)
000803  2               Earryl          = $7F           ; array mem end low byte	(End-of-Arrays)
000803  2               Earryh          = Earryl+1      ; array mem end high byte	(End-of-Arrays)
000803  2               Sstorl          = $81           ; string storage low byte	(String storage (moving down))
000803  2               Sstorh          = Sstorl+1      ; string storage high byte	(String storage (moving down))
000803  2               Sutill          = $83           ; string utility ptr low byte
000803  2               Sutilh          = Sutill+1      ; string utility ptr high byte
000803  2               Ememl           = $85           ; end of mem low byte		(Limit-of-memory)
000803  2               Ememh           = Ememl+1       ; end of mem high byte		(Limit-of-memory)
000803  2               Clinel          = $87           ; current line low byte		(Basic line number)
000803  2               Clineh          = Clinel+1      ; current line high byte	(Basic line number)
000803  2               Blinel          = $89           ; break line low byte		(Previous Basic line number)
000803  2               Blineh          = Blinel+1      ; break line high byte		(Previous Basic line number)
000803  2               
000803  2               Cpntrl          = $8B           ; continue pointer low byte
000803  2               Cpntrh          = Cpntrl+1      ; continue pointer high byte
000803  2               
000803  2               Dlinel          = $8D           ; current DATA line low byte
000803  2               Dlineh          = Dlinel+1      ; current DATA line high byte
000803  2               
000803  2               Dptrl           = $8F           ; DATA pointer low byte
000803  2               Dptrh           = Dptrl+1       ; DATA pointer high byte
000803  2               
000803  2               Rdptrl          = $91           ; read pointer low byte
000803  2               Rdptrh          = Rdptrl+1      ; read pointer high byte
000803  2               
000803  2               Varnm1          = $93           ; current var name 1st byte
000803  2               Varnm2          = Varnm1+1      ; current var name 2nd byte
000803  2               
000803  2               Cvaral          = $95           ; current var address low byte
000803  2               Cvarah          = Cvaral+1      ; current var address high byte
000803  2               
000803  2               Frnxtl          = $97           ; var pointer for FOR/NEXT low byte
000803  2               Frnxth          = Frnxtl+1      ; var pointer for FOR/NEXT high byte
000803  2               
000803  2               Tidx1           = Frnxtl        ; temp line index
000803  2               
000803  2               Lvarpl          = Frnxtl        ; let var pointer low byte
000803  2               Lvarph          = Frnxth        ; let var pointer high byte
000803  2               
000803  2               prstk           = $99           ; precedence stacked flag
000803  2               
000803  2               comp_f          = $9B           ; compare function flag, bits 0,1 and 2 used
000803  2               ; bit 2 set if >
000803  2               ; bit 1 set if =
000803  2               ; bit 0 set if <
000803  2               
000803  2               func_l          = $9C           ; function pointer low byte
000803  2               func_h          = func_l+1      ; function pointer high byte
000803  2               
000803  2               garb_l          = func_l        ; garbage collection working pointer low byte
000803  2               garb_h          = func_h        ; garbage collection working pointer high byte
000803  2               
000803  2               des_2l          = $9E           ; string descriptor_2 pointer low byte
000803  2               des_2h          = des_2l+1      ; string descriptor_2 pointer high byte
000803  2               
000803  2               g_step          = $A0           ; garbage collect step size
000803  2               
000803  2               Fnxjmp          = $A1           ; jump vector for functions
000803  2               Fnxjpl          = Fnxjmp+1      ; functions jump vector low byte
000803  2               Fnxjph          = Fnxjmp+2      ; functions jump vector high byte
000803  2               
000803  2               g_indx          = Fnxjpl        ; garbage collect temp index
000803  2               
000803  2               FAC2_r          = $A3           ; FAC2 rounding byte
000803  2               
000803  2               Adatal          = $A4           ; array data pointer low byte
000803  2               Adatah          = Adatal+1      ; array data pointer high  byte
000803  2               
000803  2               Nbendl          = Adatal        ; new block end pointer low byte
000803  2               Nbendh          = Adatah        ; new block end pointer high  byte
000803  2               
000803  2               Obendl          = $A6           ; old block end pointer low byte
000803  2               Obendh          = Obendl+1      ; old block end pointer high  byte
000803  2               
000803  2               numexp          = $A8           ; string to float number exponent count
000803  2               expcnt          = $A9           ; string to float exponent count
000803  2               
000803  2               numbit          = numexp        ; bit count for array element calculations
000803  2               
000803  2               numdpf          = $AA           ; string to float decimal point flag
000803  2               expneg          = $AB           ; string to float eval exponent -ve flag
000803  2               
000803  2               Astrtl          = numdpf        ; array start pointer low byte
000803  2               Astrth          = expneg        ; array start pointer high  byte
000803  2               
000803  2               Histrl          = numdpf        ; highest string low byte
000803  2               Histrh          = expneg        ; highest string high  byte
000803  2               
000803  2               Baslnl          = numdpf        ; BASIC search line pointer low byte
000803  2               Baslnh          = expneg        ; BASIC search line pointer high  byte
000803  2               
000803  2               Fvar_l          = numdpf        ; find/found variable pointer low byte
000803  2               Fvar_h          = expneg        ; find/found variable pointer high  byte
000803  2               
000803  2               Ostrtl          = numdpf        ; old block start pointer low byte
000803  2               Ostrth          = expneg        ; old block start pointer high  byte
000803  2               
000803  2               Vrschl          = numdpf        ; variable search pointer low byte
000803  2               Vrschh          = expneg        ; variable search pointer high  byte
000803  2               
000803  2               FAC1_e          = $AC           ; FAC1 exponent
000803  2               FAC1_1          = FAC1_e+1      ; FAC1 mantissa1
000803  2               FAC1_2          = FAC1_e+2      ; FAC1 mantissa2
000803  2               FAC1_3          = FAC1_e+3      ; FAC1 mantissa3
000803  2               FAC1_s          = FAC1_e+4      ; FAC1 sign (b7)
000803  2               
000803  2               str_ln          = FAC1_e        ; string length
000803  2               str_pl          = FAC1_1        ; string pointer low byte
000803  2               str_ph          = FAC1_2        ; string pointer high byte
000803  2               
000803  2               des_pl          = FAC1_2        ; string descriptor pointer low byte
000803  2               des_ph          = FAC1_3        ; string descriptor pointer high byte
000803  2               
000803  2               mids_l          = FAC1_3        ; MID$ string temp length byte
000803  2               
000803  2               negnum          = $B1           ; string to float eval -ve flag
000803  2               numcon          = $B1           ; series evaluation constant count
000803  2               
000803  2               FAC1_o          = $B2           ; FAC1 overflow byte
000803  2               
000803  2               FAC2_e          = $B3           ; FAC2 exponent
000803  2               FAC2_1          = FAC2_e+1      ; FAC2 mantissa1
000803  2               FAC2_2          = FAC2_e+2      ; FAC2 mantissa2
000803  2               FAC2_3          = FAC2_e+3      ; FAC2 mantissa3
000803  2               FAC2_s          = FAC2_e+4      ; FAC2 sign (b7)
000803  2               
000803  2               FAC_sc          = $B8           ; FAC sign comparison, Acc#1 vs #2
000803  2               FAC1_r          = $B9           ; FAC1 rounding byte
000803  2               
000803  2               ssptr_l         = FAC_sc        ; string start pointer low byte
000803  2               ssptr_h         = FAC1_r        ; string start pointer high byte
000803  2               
000803  2               sdescr          = FAC_sc        ; string descriptor pointer
000803  2               
000803  2               csidx           = $BA           ; line crunch save index
000803  2               Asptl           = csidx         ; array size/pointer low byte
000803  2               Aspth           = $BB           ; array size/pointer high byte
000803  2               
000803  2               Btmpl           = Asptl         ; BASIC pointer temp low byte
000803  2               Btmph           = Aspth         ; BASIC pointer temp low byte
000803  2               
000803  2               Cptrl           = Asptl         ; BASIC pointer temp low byte
000803  2               Cptrh           = Aspth         ; BASIC pointer temp low byte
000803  2               
000803  2               Sendl           = Asptl         ; BASIC pointer temp low byte
000803  2               Sendh           = Aspth         ; BASIC pointer temp low byte
000803  2               
000803  2               LAB_IGBY        = $BC           ; get next BASIC byte subroutine
000803  2               
000803  2               LAB_GBYT        = $C2           ; get current BASIC byte subroutine
000803  2               Bpntrl          = $C3           ; BASIC execute (get byte) pointer low byte
000803  2               Bpntrh          = Bpntrl+1      ; BASIC execute (get byte) pointer high byte
000803  2               Bpntrp          = Bpntrl+2      ; BASIC execute (get byte) pointer PAGE byte
000803  2               ;		= $E0		; end of get BASIC char subroutine
000803  2               Rbyte4          = $E1           ; extra PRNG byte
000803  2               Rbyte1          = Rbyte4+1      ; most significant PRNG byte
000803  2               Rbyte2          = Rbyte4+2      ; middle PRNG byte
000803  2               Rbyte3          = <Rbyte4+3     ; least significant PRNG byte
000803  2               NmiBase         = $E5           ; NMI handler enabled/setup/triggered flags
000803  2               ; bit	function
000803  2               ; ===	========
000803  2               ; 7	interrupt enabled
000803  2               ; 6	interrupt setup
000803  2               ; 5	interrupt happened
000803  2               ;			= $E6		; NMI handler addr low byte
000803  2               ;			= $E7		; NMI handler addr high byte
000803  2               IrqBase         = $E8           ; IRQ handler enabled/setup/triggered flags
000803  2               ;			= $E9		; IRQ handler addr low byte
000803  2               ;			= $EA		; IRQ handler addr high byte
000803  2               FCBPTR          = $20           ; POINTER TO FCB FOR FILE OPS
000803  2               Decss           = $EF           ; number to decimal string start
000803  2               Decssp1         = Decss+1       ; number to decimal string start
000803  2               TEMPW           = $FD
000803  2               ;			= $FF		; decimal string end
000803  2               
000803  2               ; character get subroutine for zero page
000803  2               
000803  2               ; For a 1.8432MHz 6502 including the JSR and RTS
000803  2               ; fastest (>=":")	=  29 cycles =  15.7uS
000803  2               ; slowest (<":")	=  40 cycles =  21.7uS
000803  2               ; space skip	= +21 cycles = +11.4uS
000803  2               ; inc across page	=  +4 cycles =  +2.2uS
000803  2               
000803  2               ; the target address for the LDA at LAB_2CF4 becomes the BASIC execute pointer once the
000803  2               ; block is copied to it's destination, any non zero page address will do at assembly
000803  2               ; time, to assemble a three byte instruction.
000803  2               
000803  2               ; page 0 initialisation table from $BC
000803  2               ; increment and scan memory
000803  2               
000803  2               LAB_2CEE:
000803  2  E6 C3                INC     Bpntrl          ; increment BASIC execute pointer low byte
000805  2  D0 02                BNE     LAB_2CF4        ; branch if no carry
000807  2               ; else
000807  2  E6 C4                INC     Bpntrh          ; increment BASIC execute pointer high byte
000809  2               
000809  2               ; page 0 initialisation table from $C2
000809  2               ; scan memory
000809  2                       .IFDEF  DUODYNE
000809  2               LAB_2CF4:
000809  2                       LDA     $FFFFFF         ; get byte to scan (addr set by call routine)
000809  2                       CMP     #TK_ELSE        ; compare with the token for ELSE
000809  2                       BEQ     LAB_2D05        ; exit if ELSE, not numeric, carry set
000809  2               
000809  2                       CMP     #':'            ; compare with ":"
000809  2                       BCS     LAB_2D05        ; exit if >= ":", not numeric, carry set
000809  2               
000809  2                       CMP     #' '            ; compare with " "
000809  2                       BEQ     LAB_2CEE        ; if " " go do next
000809  2               
000809  2                       SEC                     ; set carry for SBC
000809  2                       SBC     #'0'            ; subtract "0"
000809  2                       SEC                     ; set carry for SBC
000809  2                       SBC     #$D0            ; subtract -"0"
000809  2               ; clear carry if byte = "0"-"9"
000809  2               LAB_2D05:
000809  2                       RTL
000809  2                       .ELSE
000809  2               LAB_2CF4:
000809  2  AD FF FF             LDA     $FFFF           ; get byte to scan (addr set by call routine)
00080C  2  C9 B9                CMP     #TK_ELSE        ; compare with the token for ELSE
00080E  2  F0 0E                BEQ     LAB_2D05        ; exit if ELSE, not numeric, carry set
000810  2               
000810  2  C9 3A                CMP     #':'            ; compare with ":"
000812  2  B0 0A                BCS     LAB_2D05        ; exit if >= ":", not numeric, carry set
000814  2               
000814  2  C9 20                CMP     #' '            ; compare with " "
000816  2  F0 EB                BEQ     LAB_2CEE        ; if " " go do next
000818  2               
000818  2  38                   SEC                     ; set carry for SBC
000819  2  E9 30                SBC     #'0'            ; subtract "0"
00081B  2  38                   SEC                     ; set carry for SBC
00081C  2  E9 D0                SBC     #$D0            ; subtract -"0"
00081E  2               ; clear carry if byte = "0"-"9"
00081E  2               LAB_2D05:
00081E  2  60                   RTS
00081F  2                       .ENDIF
00081F  2               ;____________________________________________________________________________________________
00081F  2               ;
00081F  2               ; page zero initialisation table $00-$12 inclusive
00081F  2               ;____________________________________________________________________________________________
00081F  2               
00081F  2               StrTab:
00081F  2  4C                   .BYTE   $4C             ; JMP opcode
000820  2  A3 16                .WORD   LAB_COLD        ; initial warm start vector (cold start)
000822  2               
000822  2  00                   .BYTE   $00             ; these bytes are not used by BASIC
000823  2  00 00                .WORD   $0000           ;
000825  2  00 00                .WORD   $0000           ;
000827  2  00 00                .WORD   $0000           ;
000829  2               
000829  2  4C                   .BYTE   $4C             ; JMP opcode
00082A  2  99 25                .WORD   LAB_FCER        ; initial user function vector ("Function call" error)
00082C  2  00                   .BYTE   $00             ; default NULL count
00082D  2  00                   .BYTE   $00             ; clear terminal position
00082E  2  00                   .BYTE   $00             ; default terminal width byte
00082F  2  F2                   .BYTE   $F2             ; default limit for TAB = 14
000830  2  00 39                .WORD   Ram_base        ; start of user RAM
000832  2               EndTab:
000832  2               
000832  2               ; BASIC start-up code
000832  2               
000832  2               PG2_TABS:
000832  2  00                   .BYTE   $00             ; ctrl-c flag		-	$00 = enabled
000833  2  00                   .BYTE   $00             ; ctrl-c byte		-	GET needs this
000834  2  00                   .BYTE   $00             ; ctrl-c byte timeout	-	GET needs this
000835  2  25 35                .WORD   CTRLC           ; ctrl c check vector
000837  2               PG2_TABE:
000837  2               
000837  1               
000837  1               ; BASIC TOKENS
000837  1                       .INCLUDE "tokens.asm"
000837  2               ; token values needed for BASIC
000837  2               
000837  2               ; primary command tokens (can start a statement)
000837  2               
000837  2               TK_END          = $80           ; END token
000837  2               TK_FOR          = TK_END+1      ; FOR token
000837  2               TK_NEXT         = TK_FOR+1      ; NEXT token
000837  2               TK_DATA         = TK_NEXT+1     ; DATA token
000837  2               TK_INPUT        = TK_DATA+1     ; INPUT token
000837  2               TK_DIM          = TK_INPUT+1    ; DIM token
000837  2               TK_DIR          = TK_DIM+1      ; DIR token
000837  2               TK_READ         = TK_DIR+1      ; READ token
000837  2               TK_LET          = TK_READ+1     ; LET token
000837  2               TK_DEC          = TK_LET+1      ; DEC token
000837  2               TK_GOTO         = TK_DEC+1      ; GOTO token
000837  2               TK_RUN          = TK_GOTO+1     ; RUN token
000837  2               TK_IF           = TK_RUN+1      ; IF token
000837  2               TK_RESTORE      = TK_IF+1       ; RESTORE token
000837  2               TK_GOSUB        = TK_RESTORE+1  ; GOSUB token
000837  2               TK_RETURN       = TK_GOSUB+1    ; RETURN token
000837  2               TK_REM          = TK_RETURN+1   ; REM token
000837  2               TK_STOP         = TK_REM+1      ; STOP token
000837  2               TK_ON           = TK_STOP+1     ; ON token
000837  2               TK_NULL         = TK_ON+1       ; NULL token
000837  2               TK_INC          = TK_NULL+1     ; INC token
000837  2               TK_WAIT         = TK_INC+1      ; WAIT token
000837  2               TK_LOAD         = TK_WAIT+1     ; LOAD token
000837  2               TK_SAVE         = TK_LOAD+1     ; SAVE token
000837  2               TK_DEF          = TK_SAVE+1     ; DEF token
000837  2               TK_PATTERN      = TK_DEF+1      ; PATTERN token
000837  2               TK_PLOT         = TK_PATTERN+1  ; PLOT token
000837  2               TK_POKE         = TK_PLOT+1     ; POKE token
000837  2               TK_SPOKE        = TK_POKE+1     ; SPOKE token
000837  2               TK_DOKE         = TK_SPOKE+1    ; DOKE token
000837  2               TK_CALL         = TK_DOKE+1     ; CALL token
000837  2               TK_DO           = TK_CALL+1     ; DO token
000837  2               TK_LOOP         = TK_DO+1       ; LOOP token
000837  2               TK_PRINT        = TK_LOOP+1     ; PRINT token
000837  2               TK_CONT         = TK_PRINT+1    ; CONT token
000837  2               TK_LIST         = TK_CONT+1     ; LIST token
000837  2               TK_CLEAR        = TK_LIST+1     ; CLEAR token
000837  2               TK_NEW          = TK_CLEAR+1    ; NEW token
000837  2               TK_WIDTH        = TK_NEW+1      ; WIDTH token
000837  2               TK_GET          = TK_WIDTH+1    ; GET token
000837  2               TK_SWAP         = TK_GET+1      ; SWAP token
000837  2               TK_BITSET       = TK_SWAP+1     ; BITSET token
000837  2               TK_BITCLR       = TK_BITSET+1   ; BITCLR token
000837  2               TK_KILL         = TK_BITCLR+1   ; KILL token
000837  2               TK_SCREEN       = TK_KILL+1     ; SCREEN token
000837  2               TK_SCRCLR       = TK_SCREEN+1   ; SCRCLR token
000837  2               TK_COLOR        = TK_SCRCLR+1   ; COLOR token
000837  2               TK_SOUND        = TK_COLOR+1    ; SOUND token
000837  2               TK_FILTER       = TK_SOUND+1    ; FILTER token
000837  2               TK_LOCATE       = TK_FILTER+1   ; LOCATE token
000837  2               TK_OPEN         = TK_LOCATE+1   ; OPEN token
000837  2               TK_CLOSE        = TK_OPEN+1     ; CLOSE token
000837  2               TK_FILEREAD     = TK_CLOSE+1    ; FILEREAD token
000837  2               TK_FILEWRITE    = TK_FILEREAD+1 ; FILEWRITE token
000837  2               TK_LPRINT       = TK_FILEWRITE+1; LPRINT token
000837  2               TK_LLIST        = TK_LPRINT+1   ; LLIST token
000837  2               
000837  2               
000837  2               ; secondary command tokens, can't start a statement
000837  2               
000837  2               TK_TAB          = TK_LLIST+1    ; TAB token
000837  2               TK_ELSE         = TK_TAB+1      ; ELSE token
000837  2               TK_TO           = TK_ELSE+1     ; TO token
000837  2               TK_FN           = TK_TO+1       ; FN token
000837  2               TK_SPC          = TK_FN+1       ; SPC token
000837  2               TK_THEN         = TK_SPC+1      ; THEN token
000837  2               TK_NOT          = TK_THEN+1     ; NOT token
000837  2               TK_STEP         = TK_NOT+1      ; STEP token
000837  2               TK_UNTIL        = TK_STEP+1     ; UNTIL token
000837  2               TK_WHILE        = TK_UNTIL+1    ; WHILE token
000837  2               TK_OFF          = TK_WHILE+1    ; OFF token
000837  2               
000837  2               ; opperator tokens
000837  2               
000837  2               TK_PLUS         = TK_OFF+1      ; + token
000837  2               TK_MINUS        = TK_PLUS+1     ; - token
000837  2               TK_MUL          = TK_MINUS+1    ; * token
000837  2               TK_DIV          = TK_MUL+1      ; / token
000837  2               TK_POWER        = TK_DIV+1      ; ^ token
000837  2               TK_AND          = TK_POWER+1    ; AND token
000837  2               TK_EOR          = TK_AND+1      ; EOR token
000837  2               TK_OR           = TK_EOR+1      ; OR token
000837  2               TK_RSHIFT       = TK_OR+1       ; RSHIFT token
000837  2               TK_LSHIFT       = TK_RSHIFT+1   ; LSHIFT token
000837  2               TK_GT           = TK_LSHIFT+1   ; > token
000837  2               TK_EQUAL        = TK_GT+1       ; = token
000837  2               TK_LT           = TK_EQUAL+1    ; < token
000837  2               
000837  2               ; functions tokens
000837  2               
000837  2               TK_SGN          = TK_LT+1       ; SGN token
000837  2               TK_INT          = TK_SGN+1      ; INT token
000837  2               TK_ABS          = TK_INT+1      ; ABS token
000837  2               TK_USR          = TK_ABS+1      ; USR token
000837  2               TK_FRE          = TK_USR+1      ; FRE token
000837  2               TK_POS          = TK_FRE+1      ; POS token
000837  2               TK_SQR          = TK_POS+1      ; SQR token
000837  2               TK_RND          = TK_SQR+1      ; RND token
000837  2               TK_LOG          = TK_RND+1      ; LOG token
000837  2               TK_EXP          = TK_LOG+1      ; EXP token
000837  2               TK_COS          = TK_EXP+1      ; COS token
000837  2               TK_SIN          = TK_COS+1      ; SIN token
000837  2               TK_TAN          = TK_SIN+1      ; TAN token
000837  2               TK_ATN          = TK_TAN+1      ; ATN token
000837  2               TK_PEEK         = TK_ATN+1      ; PEEK token
000837  2               TK_SPEEK        = TK_PEEK+1     ; SPEEK token
000837  2               TK_DEEK         = TK_SPEEK+1    ; DEEK token
000837  2               TK_SADD         = TK_DEEK+1     ; SADD token
000837  2               TK_LEN          = TK_SADD+1     ; LEN token
000837  2               TK_STRS         = TK_LEN+1      ; STR$ token
000837  2               TK_VAL          = TK_STRS+1     ; VAL token
000837  2               TK_ASC          = TK_VAL+1      ; ASC token
000837  2               TK_UCASES       = TK_ASC+1      ; UCASE$ token
000837  2               TK_LCASES       = TK_UCASES+1   ; LCASE$ token
000837  2               TK_CHRS         = TK_LCASES+1   ; CHR$ token
000837  2               TK_HEXS         = TK_CHRS+1     ; HEX$ token
000837  2               TK_BINS         = TK_HEXS+1     ; BIN$ token
000837  2               TK_BITTST       = TK_BINS+1     ; BITTST token
000837  2               TK_MAX          = TK_BITTST+1   ; MAX token
000837  2               TK_MIN          = TK_MAX+1      ; MIN token
000837  2               TK_PI           = TK_MIN+1      ; PI token
000837  2               TK_SECOND       = TK_PI+1       ; SECOND token
000837  2               TK_MINUTE       = TK_SECOND+1   ; MINUTE token
000837  2               TK_HOUR         = TK_MINUTE+1   ; HOUR token
000837  2               TK_DAY          = TK_HOUR+1     ; DAY token
000837  2               TK_MONTH        = TK_DAY+1      ; MONTH token
000837  2               TK_YEAR         = TK_MONTH+1    ; YEAR token
000837  2               TK_VPTR         = TK_YEAR+1     ; VARPTR token
000837  2               TK_LEFTS        = TK_VPTR+1     ; LEFT$ token
000837  2               TK_RIGHTS       = TK_LEFTS+1    ; RIGHT$ token
000837  2               TK_MIDS         = TK_RIGHTS+1   ; MID$ token
000837  2               
000837  2               LAB_CTBL:
000837  2  A0 1B                .WORD   LAB_END-1       ; END
000839  2  DC 1A                .WORD   LAB_FOR-1       ; FOR
00083B  2  D2 20                .WORD   LAB_NEXT-1      ; NEXT
00083D  2  07 1D                .WORD   LAB_DATA-1      ; DATA
00083F  2  B4 1F                .WORD   LAB_INPUT-1     ; INPUT
000841  2  CE 23                .WORD   LAB_DIM-1       ; DIM
000843  2  3C 13                .WORD   LAB_DIR-1       ; DIR
000845  2  D4 1F                .WORD   LAB_READ-1      ; READ
000847  2  21 1E                .WORD   LAB_LET-1       ; LET
000849  2  F3 1D                .WORD   LAB_DEC-1       ; DEC			new command
00084B  2  66 1C                .WORD   LAB_GOTO-1      ; GOTO
00084D  2  25 1C                .WORD   LAB_RUN-1       ; RUN
00084F  2  35 1D                .WORD   LAB_IF-1        ; IF
000851  2  C7 1B                .WORD   LAB_RESTORE-1   ; RESTORE		modified command
000853  2  49 1C                .WORD   LAB_GOSUB-1     ; GOSUB
000855  2  F2 1C                .WORD   LAB_RETURN-1    ; RETURN
000857  2  99 1D                .WORD   LAB_REM-1       ; REM
000859  2  9E 1B                .WORD   LAB_STOP-1      ; STOP
00085B  2  A2 1D                .WORD   LAB_ON-1        ; ON			modified command
00085D  2  05 1C                .WORD   LAB_NULL-1      ; NULL		        modified command
00085F  2  F6 1D                .WORD   LAB_INC-1       ; INC			new command
000861  2  02 2C                .WORD   LAB_WAIT-1      ; WAIT
000863  2  33 12                .WORD   V_LOAD-1        ; LOAD
000865  2  7C 11                .WORD   V_SAVE-1        ; SAVE
000867  2  E3 26                .WORD   LAB_DEF-1       ; DEF
000869  2  DB 15                .WORD   LAB_PATTERN-1   ; PATTERN
00086B  2  DB 15                .WORD   LAB_PLOT-1      ; PLOT
00086D  2  80 2B                .WORD   LAB_POKE-1      ; POKE
00086F  2  DB 15                .WORD   LAB_SPOKE-1     ; SPOKE                 NEW COMMAND
000871  2  9C 2B                .WORD   LAB_DOKE-1      ; DOKE		        new command
000873  2  EA 2B                .WORD   LAB_CALL-1      ; CALL		        new command
000875  2  2F 1C                .WORD   LAB_DO-1        ; DO		        new command
000877  2  98 1C                .WORD   LAB_LOOP-1      ; LOOP		        new command
000879  2  C2 1E                .WORD   LAB_PRINT-1     ; PRINT
00087B  2  0B 1C                .WORD   LAB_CONT-1      ; CONT
00087D  2  27 1A                .WORD   LAB_LIST-1      ; LIST
00087F  2  24 1A                .WORD   LAB_CLEAR-1     ; CLEAR
000881  2  CD 19                .WORD   LAB_NEW-1       ; NEW
000883  2  1F 36                .WORD   LAB_WDTH-1      ; WIDTH		        new command
000885  2  91 1E                .WORD   LAB_GET-1       ; GET			new command
000887  2  C2 2B                .WORD   LAB_SWAP-1      ; SWAP		        new command
000889  2  FE 33                .WORD   LAB_BITSET-1    ; BITSET		new command
00088B  2  12 34                .WORD   LAB_BITCLR-1    ; BITCLR		new command
00088D  2  79 11                .WORD   LAB_KILL-1      ; KILL			new command
00088F  2  DB 15                .WORD   LAB_SCREEN-1    ; SCREEN		new command
000891  2  DB 15                .WORD   LAB_SCRCLR-1    ; SCRCLR		new command
000893  2  DB 15                .WORD   LAB_COLOR-1     ; COLOR 		new command
000895  2  E0 15                .WORD   LAB_SOUND-1     ; SOUND 		new command
000897  2  E0 15                .WORD   LAB_FILTER-1    ; FILTER 		new command
000899  2  DB 15                .WORD   LAB_LOCATE-1    ; LOCATE		new command
00089B  2  C1 13                .WORD   V_OPEN-1        ; OPEN  		new command
00089D  2  A1 14                .WORD   V_CLOSE-1       ; CLOSE 		new command
00089F  2  36 15                .WORD   V_FILEREAD-1    ; FILEREAD 		new command
0008A1  2  C8 14                .WORD   V_FILEWRITE-1   ; FILEWRITE 		new command
0008A3  2  D3 10                .WORD   V_LPRINT-1      ; LPRINT 		new command
0008A5  2  E3 10                .WORD   V_LLIST-1       ; LLIST 		new command
0008A7  2               
0008A7  2               ; function pre process routine table
0008A7  2               
0008A7  2               LAB_FTPL:
0008A7  2               LAB_FTPM        = LAB_FTPL+$01
0008A7  2  D3 22                .WORD   LAB_PPFN-1      ; SGN(n)	process numeric expression in ()
0008A9  2  D3 22                .WORD   LAB_PPFN-1      ; INT(n)		"
0008AB  2  D3 22                .WORD   LAB_PPFN-1      ; ABS(n)		"
0008AD  2  56 21                .WORD   LAB_EVEZ-1      ; USR(x)	process any expression
0008AF  2  59 22                .WORD   LAB_1BF7-1      ; FRE(x)		"
0008B1  2  59 22                .WORD   LAB_1BF7-1      ; POS(x)		"
0008B3  2  D3 22                .WORD   LAB_PPFN-1      ; SQR(n)	process numeric expression in ()
0008B5  2  D3 22                .WORD   LAB_PPFN-1      ; RND(n)		"
0008B7  2  D3 22                .WORD   LAB_PPFN-1      ; LOG(n)		"
0008B9  2  D3 22                .WORD   LAB_PPFN-1      ; EXP(n)		"
0008BB  2  D3 22                .WORD   LAB_PPFN-1      ; COS(n)		"
0008BD  2  D3 22                .WORD   LAB_PPFN-1      ; SIN(n)		"
0008BF  2  D3 22                .WORD   LAB_PPFN-1      ; TAN(n)		"
0008C1  2  D3 22                .WORD   LAB_PPFN-1      ; ATN(n)		"
0008C3  2  D3 22                .WORD   LAB_PPFN-1      ; PEEK(n)		"
0008C5  2  D3 22                .WORD   LAB_PPFN-1      ; SPEEK(n)		"
0008C7  2  D3 22                .WORD   LAB_PPFN-1      ; DEEK(n)		"
0008C9  2  00 00                .WORD   $0000           ; SADD()	none
0008CB  2  CD 22                .WORD   LAB_PPFS-1      ; LEN($)	process string expression in ()
0008CD  2  D3 22                .WORD   LAB_PPFN-1      ; STR$(n)	process numeric expression in ()
0008CF  2  CD 22                .WORD   LAB_PPFS-1      ; VAL($)	process string expression in ()
0008D1  2  CD 22                .WORD   LAB_PPFS-1      ; ASC($)		"
0008D3  2  CD 22                .WORD   LAB_PPFS-1      ; UCASE$($)		"
0008D5  2  CD 22                .WORD   LAB_PPFS-1      ; LCASE$($)		"
0008D7  2  D3 22                .WORD   LAB_PPFN-1      ; CHR$(n)	process numeric expression in ()
0008D9  2  FB 22                .WORD   LAB_BHSS-1      ; HEX$(n)		"
0008DB  2  FB 22                .WORD   LAB_BHSS-1      ; BIN$(n)		"
0008DD  2  00 00                .WORD   $0000           ; BITTST()	none
0008DF  2  B5 35                .WORD   LAB_MMPP-1      ; MAX()	process numeric expression
0008E1  2  B5 35                .WORD   LAB_MMPP-1      ; MIN()		"
0008E3  2  D9 22                .WORD   LAB_PPBI-1      ; PI		advance pointer
0008E5  2  F9 15                .WORD   LAB_PSECOND-1   ; SECOND	"
0008E7  2  13 16                .WORD   LAB_PMINUTE-1   ; MINUTE	"
0008E9  2  2D 16                .WORD   LAB_PHOUR-1     ; HOUR  	"
0008EB  2  47 16                .WORD   LAB_PDAY-1      ; DAY   	"
0008ED  2  61 16                .WORD   LAB_PMONTH-1    ; MONTH	        "
0008EF  2  7A 16                .WORD   LAB_PYEAR-1     ; YEAR	        "
0008F1  2  00 00                .WORD   $0000           ; VARPTR()	none
0008F3  2  DF 22                .WORD   LAB_LRMS-1      ; LEFT$()	process string expression
0008F5  2  DF 22                .WORD   LAB_LRMS-1      ; RIGHT$()		"
0008F7  2  DF 22                .WORD   LAB_LRMS-1      ; MID$()		"
0008F9  2               
0008F9  2               ; action addresses for functions
0008F9  2               
0008F9  2               LAB_FTBL:
0008F9  2               LAB_FTBM        = LAB_FTBL+$01
0008F9  2  70 2F                .WORD   LAB_SGN-1       ; SGN()
0008FB  2  FA 2F                .WORD   LAB_INT-1       ; INT()
0008FD  2  8D 2F                .WORD   LAB_ABS-1       ; ABS()
0008FF  2  C9 33                .WORD   LAB_USR-1       ; USR()
000901  2  B4 26                .WORD   LAB_FRE-1       ; FRE()
000903  2  D3 26                .WORD   LAB_POS-1       ; POS()
000905  2  75 36                .WORD   LAB_SQR-1       ; SQR()
000907  2  19 33                .WORD   LAB_RND-1       ; RND()		modified function
000909  2  74 2D                .WORD   LAB_LOG-1       ; LOG()
00090B  2  7B 32                .WORD   LAB_EXP-1       ; EXP()
00090D  2  4D 33                .WORD   LAB_COS-1       ; COS()
00090F  2  54 33                .WORD   LAB_SIN-1       ; SIN()
000911  2  9D 33                .WORD   LAB_TAN-1       ; TAN()
000913  2  CF 33                .WORD   LAB_ATN-1       ; ATN()
000915  2  75 2B                .WORD   LAB_PEEK-1      ; PEEK()
000917  2  DB 15                .WORD   LAB_SPEEK-1     ; SPEEK()               NEW FUNCTION
000919  2  89 2B                .WORD   LAB_DEEK-1      ; DEEK()		new function
00091B  2  C6 2A                .WORD   LAB_SADD-1      ; SADD()		new function
00091D  2  DF 2A                .WORD   LAB_LENS-1      ; LEN()
00091F  2  95 27                .WORD   LAB_STRS-1      ; STR$()
000921  2  0D 2B                .WORD   LAB_VAL-1       ; VAL()
000923  2  EA 2A                .WORD   LAB_ASC-1       ; ASC()
000925  2  A4 2A                .WORD   LAB_UCASE-1     ; UCASE$()		new function
000927  2  83 2A                .WORD   LAB_LCASE-1     ; LCASE$()		new function
000929  2  F5 29                .WORD   LAB_CHRS-1      ; CHR$()
00092B  2  9F 34                .WORD   LAB_HEXS-1      ; HEX$()		new function
00092D  2  50 34                .WORD   LAB_BINS-1      ; BIN$()		new function
00092F  2  28 34                .WORD   LAB_BTST-1      ; BITTST()		new function
000931  2  BB 35                .WORD   LAB_MAX-1       ; MAX()		new function
000933  2  CB 35                .WORD   LAB_MIN-1       ; MIN()		new function
000935  2  12 37                .WORD   LAB_PI-1        ; PI			new function
000937  2  E5 15                .WORD   LAB_SECOND-1    ; SECOND	new function
000939  2  FF 15                .WORD   LAB_MINUTE-1    ; MINUTE	new function
00093B  2  19 16                .WORD   LAB_HOUR-1      ; HOUR	        new function
00093D  2  33 16                .WORD   LAB_DAY-1       ; DAY	        new function
00093F  2  4D 16                .WORD   LAB_MONTH-1     ; MONTH	        new function
000941  2  67 16                .WORD   LAB_YEAR-1      ; YEAR	        new function
000943  2  02 37                .WORD   LAB_VARPTR-1    ; VARPTR()		new function
000945  2  07 2A                .WORD   LAB_LEFT-1      ; LEFT$()
000947  2  10 2A                .WORD   LAB_RIGHT-1     ; RIGHT$()
000949  2  3F 2A                .WORD   LAB_MIDS-1      ; MID$()
00094B  2               
00094B  2               ; hierarchy and action addresses for operator
00094B  2               
00094B  2               LAB_OPPT:
00094B  2  79                   .BYTE   $79             ; +
00094C  2  3A 2C                .WORD   LAB_ADD-1
00094E  2  79                   .BYTE   $79             ; -
00094F  2  1F 2C                .WORD   LAB_SUBTRACT-1
000951  2  7B                   .BYTE   $7B             ; *
000952  2  B5 2D                .WORD   LAB_MULTIPLY-1
000954  2  7B                   .BYTE   $7B             ; /
000955  2  7D 2E                .WORD   LAB_DIVIDE-1
000957  2  7F                   .BYTE   $7F             ; ^
000958  2  37 32                .WORD   LAB_POWER-1
00095A  2  50                   .BYTE   $50             ; AND
00095B  2  44 23                .WORD   LAB_AND-1
00095D  2  46                   .BYTE   $46             ; EOR			new operator
00095E  2  2A 23                .WORD   LAB_EOR-1
000960  2  46                   .BYTE   $46             ; OR
000961  2  37 23                .WORD   LAB_OR-1
000963  2  56                   .BYTE   $56             ; >>			new operator
000964  2  F0 23                .WORD   LAB_RSHIFT-1
000966  2  56                   .BYTE   $56             ; <<			new operator
000967  2  D8 23                .WORD   LAB_LSHIFT-1
000969  2  7D                   .BYTE   $7D             ; >
00096A  2  70 32                .WORD   LAB_GTHAN-1
00096C  2  5A                   .BYTE   $5A             ; =
00096D  2  85 22                .WORD   LAB_EQUAL-1
00096F  2  64                   .BYTE   $64             ; <
000970  2  65 23                .WORD   LAB_LTHAN-1
000972  2               
000972  2               ; keywords start with ..
000972  2               ; this is the first character table and must be in alphabetic order
000972  2               
000972  2               TAB_1STC:
000972  2  2A                   .BYTE   "*"
000973  2  2B                   .BYTE   "+"
000974  2  2D                   .BYTE   "-"
000975  2  2F                   .BYTE   "/"
000976  2  3C                   .BYTE   "<"
000977  2  3D                   .BYTE   "="
000978  2  3E                   .BYTE   ">"
000979  2  3F                   .BYTE   "?"
00097A  2  41                   .BYTE   "A"
00097B  2  42                   .BYTE   "B"
00097C  2  43                   .BYTE   "C"
00097D  2  44                   .BYTE   "D"
00097E  2  45                   .BYTE   "E"
00097F  2  46                   .BYTE   "F"
000980  2  47                   .BYTE   "G"
000981  2  48                   .BYTE   "H"
000982  2  49                   .BYTE   "I"
000983  2  4B                   .BYTE   "K"
000984  2  4C                   .BYTE   "L"
000985  2  4D                   .BYTE   "M"
000986  2  4E                   .BYTE   "N"
000987  2  4F                   .BYTE   "O"
000988  2  50                   .BYTE   "P"
000989  2  52                   .BYTE   "R"
00098A  2  53                   .BYTE   "S"
00098B  2  54                   .BYTE   "T"
00098C  2  55                   .BYTE   "U"
00098D  2  56                   .BYTE   "V"
00098E  2  57                   .BYTE   "W"
00098F  2  5E                   .BYTE   "^"
000990  2  00                   .BYTE   $00             ; table terminator
000991  2               
000991  2               ; pointers to keyword tables
000991  2               
000991  2               TAB_CHRT:
000991  2  CF 09                .WORD   TAB_STAR        ; table for "*"
000993  2  D1 09                .WORD   TAB_PLUS        ; table for "+"
000995  2  D3 09                .WORD   TAB_MNUS        ; table for "-"
000997  2  D5 09                .WORD   TAB_SLAS        ; table for "/"
000999  2  D7 09                .WORD   TAB_LESS        ; table for "<"
00099B  2  DB 09                .WORD   TAB_EQUL        ; table for "="
00099D  2  DD 09                .WORD   TAB_MORE        ; table for ">"
00099F  2  E1 09                .WORD   TAB_QEST        ; table for "?"
0009A1  2  E3 09                .WORD   TAB_ASCA        ; table for "A"
0009A3  2  F3 09                .WORD   TAB_ASCB        ; table for "B"
0009A5  2  0C 0A                .WORD   TAB_ASCC        ; table for "C"
0009A7  2  2D 0A                .WORD   TAB_ASCD        ; table for "D"
0009A9  2  4C 0A                .WORD   TAB_ASCE        ; table for "E"
0009AB  2  5B 0A                .WORD   TAB_ASCF        ; table for "F"
0009AD  2  7C 0A                .WORD   TAB_ASCG        ; table for "G"
0009AF  2  89 0A                .WORD   TAB_ASCH        ; table for "H"
0009B1  2  93 0A                .WORD   TAB_ASCI        ; table for "I"
0009B3  2  A2 0A                .WORD   TAB_ASCK        ; table for "K"
0009B5  2  A6 0A                .WORD   TAB_ASCL        ; table for "L"
0009B7  2  DC 0A                .WORD   TAB_ASCM        ; table for "M"
0009B9  2  F5 0A                .WORD   TAB_ASCN        ; table for "N"
0009BB  2  04 0B                .WORD   TAB_ASCO        ; table for "O"
0009BD  2  10 0B                .WORD   TAB_ASCP        ; table for "P"
0009BF  2  30 0B                .WORD   TAB_ASCR        ; table for "R"
0009C1  2  53 0B                .WORD   TAB_ASCS        ; table for "S"
0009C3  2  A0 0B                .WORD   TAB_ASCT        ; table for "T"
0009C5  2  AF 0B                .WORD   TAB_ASCU        ; table for "U"
0009C7  2  C0 0B                .WORD   TAB_ASCV        ; table for "V"
0009C9  2  CC 0B                .WORD   TAB_ASCW        ; table for "W"
0009CB  2  DB 0B                .WORD   TAB_ASCY        ; table for "Y"
0009CD  2  E0 0B                .WORD   TAB_POWR        ; table for "^"
0009CF  2               
0009CF  2               ; tables for each start character, note if a longer keyword with the same start
0009CF  2               ; letters as a shorter one exists then it must come first, else the list is in
0009CF  2               ; alphabetical order as follows ..
0009CF  2               
0009CF  2               ; [keyword,token
0009CF  2               ; [keyword,token]]
0009CF  2               ; end marker (#$00)
0009CF  2               
0009CF  2               TAB_STAR:
0009CF  2  C5 00                .BYTE   TK_MUL,$00      ; *
0009D1  2               TAB_PLUS:
0009D1  2  C3 00                .BYTE   TK_PLUS,$00     ; +
0009D3  2               TAB_MNUS:
0009D3  2  C4 00                .BYTE   TK_MINUS,$00    ; -
0009D5  2               TAB_SLAS:
0009D5  2  C6 00                .BYTE   TK_DIV,$00      ; /
0009D7  2               TAB_LESS:
0009D7  2               LBB_LSHIFT:
0009D7  2  3C CC                .BYTE   "<",TK_LSHIFT   ; <<	note - "<<" must come before "<"
0009D9  2  CF                   .BYTE   TK_LT           ; <
0009DA  2  00                   .BYTE   $00
0009DB  2               TAB_EQUL:
0009DB  2  CE 00                .BYTE   TK_EQUAL,$00    ; =
0009DD  2               TAB_MORE:
0009DD  2               LBB_RSHIFT:
0009DD  2  3E CB                .BYTE   ">",TK_RSHIFT   ; >>	note - ">>" must come before ">"
0009DF  2  CD                   .BYTE   TK_GT           ; >
0009E0  2  00                   .BYTE   $00
0009E1  2               TAB_QEST:
0009E1  2  A1 00                .BYTE   TK_PRINT,$00    ; ?
0009E3  2               TAB_ASCA:
0009E3  2               LBB_ABS:
0009E3  2  42 53 28 D2          .BYTE   "BS(",TK_ABS    ; ABS(
0009E7  2               LBB_AND:
0009E7  2  4E 44 C8             .BYTE   "ND",TK_AND     ; AND
0009EA  2               LBB_ASC:
0009EA  2  53 43 28 E5          .BYTE   "SC(",TK_ASC    ; ASC(
0009EE  2               LBB_ATN:
0009EE  2  54 4E 28 DD          .BYTE   "TN(",TK_ATN    ; ATN(
0009F2  2  00                   .BYTE   $00
0009F3  2               TAB_ASCB:
0009F3  2               LBB_BINS:
0009F3  2  49 4E 24 28          .BYTE   "IN$(",TK_BINS  ; BIN$(
0009F7  2  EA           
0009F8  2               LBB_BITCLR:
0009F8  2  49 54 43 4C          .BYTE   "ITCLR",TK_BITCLR; BITCLR
0009FC  2  52 AA        
0009FE  2               LBB_BITSET:
0009FE  2  49 54 53 45          .BYTE   "ITSET",TK_BITSET; BITSET
000A02  2  54 A9        
000A04  2               LBB_BITTST:
000A04  2  49 54 54 53          .BYTE   "ITTST(",TK_BITTST
000A08  2  54 28 EB     
000A0B  2               ; BITTST(
000A0B  2  00                   .BYTE   $00
000A0C  2               TAB_ASCC:
000A0C  2               LBB_CALL:
000A0C  2  41 4C 4C 9E          .BYTE   "ALL",TK_CALL   ; CALL
000A10  2               LBB_CHRS:
000A10  2  48 52 24 28          .BYTE   "HR$(",TK_CHRS  ; CHR$(
000A14  2  E8           
000A15  2               LBB_CLEAR:
000A15  2  4C 45 41 52          .BYTE   "LEAR",TK_CLEAR ; CLEAR
000A19  2  A4           
000A1A  2               LBB_COLOR:
000A1A  2  4F 4C 4F 52          .BYTE   "OLOR",TK_COLOR ; COLOR
000A1E  2  AE           
000A1F  2               LBB_CLOSE:
000A1F  2  4C 4F 53 45          .BYTE   "LOSE",TK_CLOSE ; CLOSE
000A23  2  B3           
000A24  2               LBB_CONT:
000A24  2  4F 4E 54 A2          .BYTE   "ONT",TK_CONT   ; CONT
000A28  2               LBB_COS:
000A28  2  4F 53 28 DA          .BYTE   "OS(",TK_COS    ; COS(
000A2C  2  00                   .BYTE   $00
000A2D  2               TAB_ASCD:
000A2D  2               LBB_DATA:
000A2D  2  41 54 41 83          .BYTE   "ATA",TK_DATA   ; DATA
000A31  2               LBB_DAY:
000A31  2  41 59 F2             .BYTE   "AY",TK_DAY     ; DAY
000A34  2               LBB_DEC:
000A34  2  45 43 89             .BYTE   "EC",TK_DEC     ; DEC
000A37  2               LBB_DEEK:
000A37  2  45 45 4B 28          .BYTE   "EEK(",TK_DEEK  ; DEEK(
000A3B  2  E0           
000A3C  2               LBB_DEF:
000A3C  2  45 46 98             .BYTE   "EF",TK_DEF     ; DEF
000A3F  2               LBB_DIM:
000A3F  2  49 4D 85             .BYTE   "IM",TK_DIM     ; DIM
000A42  2               LBB_DIR:
000A42  2  49 52 86             .BYTE   "IR",TK_DIR     ; DIR
000A45  2               LBB_DOKE:
000A45  2  4F 4B 45 9D          .BYTE   "OKE",TK_DOKE   ; DOKE note - "DOKE" must come before "DO"
000A49  2               LBB_DO:
000A49  2  4F 9F                .BYTE   "O",TK_DO       ; DO
000A4B  2  00                   .BYTE   $00
000A4C  2               TAB_ASCE:
000A4C  2               LBB_ELSE:
000A4C  2  4C 53 45 B9          .BYTE   "LSE",TK_ELSE   ; ELSE
000A50  2               LBB_END:
000A50  2  4E 44 80             .BYTE   "ND",TK_END     ; END
000A53  2               LBB_EOR:
000A53  2  4F 52 C9             .BYTE   "OR",TK_EOR     ; EOR
000A56  2               LBB_EXP:
000A56  2  58 50 28 D9          .BYTE   "XP(",TK_EXP    ; EXP(
000A5A  2  00                   .BYTE   $00
000A5B  2               TAB_ASCF:
000A5B  2               LBB_FILEREAD:
000A5B  2  49 4C 45 52          .BYTE   "ILEREAD",TK_FILEREAD; FILEREAD
000A5F  2  45 41 44 B4  
000A63  2               LBB_FILEWRITE:
000A63  2  49 4C 45 57          .BYTE   "ILEWRITE",TK_FILEWRITE; FILEWRITE
000A67  2  52 49 54 45  
000A6B  2  B5           
000A6C  2               LBB_FILTER:
000A6C  2  49 4C 54 45          .BYTE   "ILTER",TK_FILTER; FILTER
000A70  2  52 B0        
000A72  2               LBB_FN:
000A72  2  4E BB                .BYTE   "N",TK_FN       ; FN
000A74  2               LBB_FOR:
000A74  2  4F 52 81             .BYTE   "OR",TK_FOR     ; FOR
000A77  2               LBB_FRE:
000A77  2  52 45 28 D4          .BYTE   "RE(",TK_FRE    ; FRE(
000A7B  2  00                   .BYTE   $00
000A7C  2               TAB_ASCG:
000A7C  2               LBB_GET:
000A7C  2  45 54 A7             .BYTE   "ET",TK_GET     ; GET
000A7F  2               LBB_GOSUB:
000A7F  2  4F 53 55 42          .BYTE   "OSUB",TK_GOSUB ; GOSUB
000A83  2  8E           
000A84  2               LBB_GOTO:
000A84  2  4F 54 4F 8A          .BYTE   "OTO",TK_GOTO   ; GOTO
000A88  2  00                   .BYTE   $00
000A89  2               TAB_ASCH:
000A89  2               LBB_HEXS:
000A89  2  45 58 24 28          .BYTE   "EX$(",TK_HEXS  ; HEX$(
000A8D  2  E9           
000A8E  2               LBB_HOUR:
000A8E  2  4F 55 52 F1          .BYTE   "OUR",TK_HOUR   ; HOUR
000A92  2  00                   .BYTE   $00
000A93  2               TAB_ASCI:
000A93  2               LBB_IF:
000A93  2  46 8C                .BYTE   "F",TK_IF       ; IF
000A95  2               LBB_INC:
000A95  2  4E 43 94             .BYTE   "NC",TK_INC     ; INC
000A98  2               LBB_INPUT:
000A98  2  4E 50 55 54          .BYTE   "NPUT",TK_INPUT ; INPUT
000A9C  2  84           
000A9D  2               LBB_INT:
000A9D  2  4E 54 28 D1          .BYTE   "NT(",TK_INT    ; INT(
000AA1  2  00                   .BYTE   $00
000AA2  2               TAB_ASCK:
000AA2  2               LBB_KILL:
000AA2  2  49 4C 4C AB          .BYTE   "ILL",TK_KILL   ; KILL
000AA6  2               TAB_ASCL:
000AA6  2               LBB_LCASES:
000AA6  2  43 41 53 45          .BYTE   "CASE$(",TK_LCASES
000AAA  2  24 28 E7     
000AAD  2               ; LCASE$(
000AAD  2               LBB_LEFTS:
000AAD  2  45 46 54 24          .BYTE   "EFT$(",TK_LEFTS; LEFT$(
000AB1  2  28 F6        
000AB3  2               LBB_LEN:
000AB3  2  45 4E 28 E2          .BYTE   "EN(",TK_LEN    ; LEN(
000AB7  2               LBB_LET:
000AB7  2  45 54 88             .BYTE   "ET",TK_LET     ; LET
000ABA  2               LBB_LIST:
000ABA  2  49 53 54 A3          .BYTE   "IST",TK_LIST   ; LIST
000ABE  2               LBB_LLIST:
000ABE  2  4C 49 53 54          .BYTE   "LIST",TK_LLIST ; LLIST
000AC2  2  B7           
000AC3  2               LBB_LOAD:
000AC3  2  4F 41 44 96          .BYTE   "OAD",TK_LOAD   ; LOAD
000AC7  2               LBB_LOCATE:
000AC7  2  4F 43 41 54          .BYTE   "OCATE",TK_LOCATE; LOCATE
000ACB  2  45 B1        
000ACD  2               LBB_LOG:
000ACD  2  4F 47 28 D8          .BYTE   "OG(",TK_LOG    ; LOG(
000AD1  2               LBB_LOOP:
000AD1  2  4F 4F 50 A0          .BYTE   "OOP",TK_LOOP   ; LOOP
000AD5  2               LBB_LPRINT:
000AD5  2  50 52 49 4E          .BYTE   "PRINT",TK_LPRINT ; LPRINT
000AD9  2  54 B6        
000ADB  2  00                   .BYTE   $00
000ADC  2               TAB_ASCM:
000ADC  2               LBB_MAX:
000ADC  2  41 58 28 EC          .BYTE   "AX(",TK_MAX    ; MAX(
000AE0  2               LBB_MIDS:
000AE0  2  49 44 24 28          .BYTE   "ID$(",TK_MIDS  ; MID$(
000AE4  2  F8           
000AE5  2               LBB_MIN:
000AE5  2  49 4E 28 ED          .BYTE   "IN(",TK_MIN    ; MIN(
000AE9  2               LBB_MINUTE:
000AE9  2  49 4E 55 54          .BYTE   "INUTE",TK_MINUTE; MINUTE
000AED  2  45 F0        
000AEF  2               LBB_MONTH:
000AEF  2  4F 4E 54 48          .BYTE   "ONTH",TK_MONTH ; MONTH
000AF3  2  F3           
000AF4  2  00                   .BYTE   $00
000AF5  2               TAB_ASCN:
000AF5  2               LBB_NEW:
000AF5  2  45 57 A5             .BYTE   "EW",TK_NEW     ; NEW
000AF8  2               LBB_NEXT:
000AF8  2  45 58 54 82          .BYTE   "EXT",TK_NEXT   ; NEXT
000AFC  2               LBB_NOT:
000AFC  2  4F 54 BE             .BYTE   "OT",TK_NOT     ; NOT
000AFF  2               LBB_NULL:
000AFF  2  55 4C 4C 93          .BYTE   "ULL",TK_NULL   ; NULL
000B03  2  00                   .BYTE   $00
000B04  2               TAB_ASCO:
000B04  2               LBB_OFF:
000B04  2  46 46 C2             .BYTE   "FF",TK_OFF     ; OFF
000B07  2               LBB_ON:
000B07  2  4E 92                .BYTE   "N",TK_ON       ; ON
000B09  2               LBB_OPEN:
000B09  2  50 45 4E B2          .BYTE   "PEN",TK_OPEN   ; OPEN
000B0D  2               LBB_OR:
000B0D  2  52 CA                .BYTE   "R",TK_OR       ; OR
000B0F  2  00                   .BYTE   $00
000B10  2               TAB_ASCP:
000B10  2               LBB_PATTERN:
000B10  2  41 54 54 45          .BYTE   "ATTERN",TK_PATTERN; PATTERN
000B14  2  52 4E 99     
000B17  2               LBB_PEEK:
000B17  2  45 45 4B 28          .BYTE   "EEK(",TK_PEEK  ; PEEK(
000B1B  2  DE           
000B1C  2               LBB_PI:
000B1C  2  49 EE                .BYTE   "I",TK_PI       ; PI
000B1E  2               LBB_PLOT:
000B1E  2  4C 4F 54 9A          .BYTE   "LOT",TK_PLOT   ; PLOT
000B22  2               LBB_POKE:
000B22  2  4F 4B 45 9B          .BYTE   "OKE",TK_POKE   ; POKE
000B26  2               LBB_POS:
000B26  2  4F 53 28 D5          .BYTE   "OS(",TK_POS    ; POS(
000B2A  2               LBB_PRINT:
000B2A  2  52 49 4E 54          .BYTE   "RINT",TK_PRINT ; PRINT
000B2E  2  A1           
000B2F  2  00                   .BYTE   $00
000B30  2               TAB_ASCR:
000B30  2               LBB_READ:
000B30  2  45 41 44 87          .BYTE   "EAD",TK_READ   ; READ
000B34  2               LBB_REM:
000B34  2  45 4D 90             .BYTE   "EM",TK_REM     ; REM
000B37  2               LBB_RESTORE:
000B37  2  45 53 54 4F          .BYTE   "ESTORE",TK_RESTORE
000B3B  2  52 45 8D     
000B3E  2               ; RESTORE
000B3E  2               LBB_RETURN:
000B3E  2  45 54 55 52          .BYTE   "ETURN",TK_RETURN; RETURN
000B42  2  4E 8F        
000B44  2               LBB_RIGHTS:
000B44  2  49 47 48 54          .BYTE   "IGHT$(",TK_RIGHTS
000B48  2  24 28 F7     
000B4B  2               ; RIGHT$(
000B4B  2               LBB_RND:
000B4B  2  4E 44 28 D7          .BYTE   "ND(",TK_RND    ; RND(
000B4F  2               LBB_RUN:
000B4F  2  55 4E 8B             .BYTE   "UN",TK_RUN     ; RUN
000B52  2  00                   .BYTE   $00
000B53  2               TAB_ASCS:
000B53  2               LBB_SADD:
000B53  2  41 44 44 28          .BYTE   "ADD(",TK_SADD  ; SADD(
000B57  2  E1           
000B58  2               LBB_SAVE:
000B58  2  41 56 45 97          .BYTE   "AVE",TK_SAVE   ; SAVE
000B5C  2               LBB_SCRCLR:
000B5C  2  43 52 43 4C          .BYTE   "CRCLR",TK_SCRCLR; SCRCLR
000B60  2  52 AD        
000B62  2               LBB_SCREEN:
000B62  2  43 52 45 45          .BYTE   "CREEN",TK_SCREEN; SCREEN
000B66  2  4E AC        
000B68  2               LBB_SECOND:
000B68  2  45 43 4F 4E          .BYTE   "ECOND",TK_SECOND; SECOND
000B6C  2  44 EF        
000B6E  2               LBB_SGN:
000B6E  2  47 4E 28 D0          .BYTE   "GN(",TK_SGN    ; SGN(
000B72  2               LBB_SIN:
000B72  2  49 4E 28 DB          .BYTE   "IN(",TK_SIN    ; SIN(
000B76  2               LBB_SOUND:
000B76  2  4F 55 4E 44          .BYTE   "OUND",TK_SOUND ; SOUND
000B7A  2  AF           
000B7B  2               LBB_SPC:
000B7B  2  50 43 28 BC          .BYTE   "PC(",TK_SPC    ; SPC(
000B7F  2               LBB_SPEEK:
000B7F  2  50 45 45 4B          .BYTE   "PEEK(",TK_SPEEK; SPEEK(
000B83  2  28 DF        
000B85  2               LBB_SPOKE:
000B85  2  50 4F 4B 45          .BYTE   "POKE",TK_SPOKE ; SPOKE
000B89  2  9C           
000B8A  2               LBB_SQR:
000B8A  2  51 52 28 D6          .BYTE   "QR(",TK_SQR    ; SQR(
000B8E  2               LBB_STEP:
000B8E  2  54 45 50 BF          .BYTE   "TEP",TK_STEP   ; STEP
000B92  2               LBB_STOP:
000B92  2  54 4F 50 91          .BYTE   "TOP",TK_STOP   ; STOP
000B96  2               LBB_STRS:
000B96  2  54 52 24 28          .BYTE   "TR$(",TK_STRS  ; STR$(
000B9A  2  E3           
000B9B  2               LBB_SWAP:
000B9B  2  57 41 50 A8          .BYTE   "WAP",TK_SWAP   ; SWAP
000B9F  2  00                   .BYTE   $00
000BA0  2               TAB_ASCT:
000BA0  2               LBB_TAB:
000BA0  2  41 42 28 B8          .BYTE   "AB(",TK_TAB    ; TAB(
000BA4  2               LBB_TAN:
000BA4  2  41 4E 28 DC          .BYTE   "AN(",TK_TAN    ; TAN(
000BA8  2               LBB_THEN:
000BA8  2  48 45 4E BD          .BYTE   "HEN",TK_THEN   ; THEN
000BAC  2               LBB_TO:
000BAC  2  4F BA                .BYTE   "O",TK_TO       ; TO
000BAE  2  00                   .BYTE   $00
000BAF  2               TAB_ASCU:
000BAF  2               LBB_UCASES:
000BAF  2  43 41 53 45          .BYTE   "CASE$(",TK_UCASES
000BB3  2  24 28 E6     
000BB6  2               ; UCASE$(
000BB6  2               LBB_UNTIL:
000BB6  2  4E 54 49 4C          .BYTE   "NTIL",TK_UNTIL ; UNTIL
000BBA  2  C0           
000BBB  2               LBB_USR:
000BBB  2  53 52 28 D3          .BYTE   "SR(",TK_USR    ; USR(
000BBF  2  00                   .BYTE   $00
000BC0  2               TAB_ASCV:
000BC0  2               LBB_VAL:
000BC0  2  41 4C 28 E4          .BYTE   "AL(",TK_VAL    ; VAL(
000BC4  2               LBB_VPTR:
000BC4  2  41 52 50 54          .BYTE   "ARPTR(",TK_VPTR; VARPTR(
000BC8  2  52 28 F5     
000BCB  2  00                   .BYTE   $00
000BCC  2               TAB_ASCW:
000BCC  2               LBB_WAIT:
000BCC  2  41 49 54 95          .BYTE   "AIT",TK_WAIT   ; WAIT
000BD0  2               LBB_WHILE:
000BD0  2  48 49 4C 45          .BYTE   "HILE",TK_WHILE ; WHILE
000BD4  2  C1           
000BD5  2               LBB_WIDTH:
000BD5  2  49 44 54 48          .BYTE   "IDTH",TK_WIDTH ; WIDTH
000BD9  2  A6           
000BDA  2  00                   .BYTE   $00
000BDB  2               TAB_ASCY:
000BDB  2               LBB_YEAR:
000BDB  2  45 41 52 F4          .BYTE   "EAR",TK_YEAR   ; YEAR
000BDF  2  00                   .BYTE   $00
000BE0  2               TAB_POWR:
000BE0  2  C7 00                .BYTE   TK_POWER,$00    ; ^
000BE2  2               
000BE2  2               ; new decode table for LIST
000BE2  2               ; Table is ..
000BE2  2               ; byte - keyword length, keyword first character
000BE2  2               ; word - pointer to rest of keyword from dictionary
000BE2  2               
000BE2  2               ; note if length is 1 then the pointer is ignored
000BE2  2               
000BE2  2               LAB_KEYT:
000BE2  2  03 45                .BYTE   3,'E'
000BE4  2  50 0A                .WORD   LBB_END         ; END
000BE6  2  03 46                .BYTE   3,'F'
000BE8  2  74 0A                .WORD   LBB_FOR         ; FOR
000BEA  2  04 4E                .BYTE   4,'N'
000BEC  2  F8 0A                .WORD   LBB_NEXT        ; NEXT
000BEE  2  04 44                .BYTE   4,'D'
000BF0  2  2D 0A                .WORD   LBB_DATA        ; DATA
000BF2  2  05 49                .BYTE   5,'I'
000BF4  2  98 0A                .WORD   LBB_INPUT       ; INPUT
000BF6  2  03 44                .BYTE   3,'D'
000BF8  2  3F 0A                .WORD   LBB_DIM         ; DIM
000BFA  2  03 44                .BYTE   3,'D'
000BFC  2  42 0A                .WORD   LBB_DIR         ; DIR
000BFE  2  04 52                .BYTE   4,'R'
000C00  2  30 0B                .WORD   LBB_READ        ; READ
000C02  2  03 4C                .BYTE   3,'L'
000C04  2  B7 0A                .WORD   LBB_LET         ; LET
000C06  2  03 44                .BYTE   3,'D'
000C08  2  34 0A                .WORD   LBB_DEC         ; DEC
000C0A  2  04 47                .BYTE   4,'G'
000C0C  2  84 0A                .WORD   LBB_GOTO        ; GOTO
000C0E  2  03 52                .BYTE   3,'R'
000C10  2  4F 0B                .WORD   LBB_RUN         ; RUN
000C12  2  02 49                .BYTE   2,'I'
000C14  2  93 0A                .WORD   LBB_IF          ; IF
000C16  2  07 52                .BYTE   7,'R'
000C18  2  37 0B                .WORD   LBB_RESTORE     ; RESTORE
000C1A  2  05 47                .BYTE   5,'G'
000C1C  2  7F 0A                .WORD   LBB_GOSUB       ; GOSUB
000C1E  2  06 52                .BYTE   6,'R'
000C20  2  3E 0B                .WORD   LBB_RETURN      ; RETURN
000C22  2  03 52                .BYTE   3,'R'
000C24  2  34 0B                .WORD   LBB_REM         ; REM
000C26  2  04 53                .BYTE   4,'S'
000C28  2  92 0B                .WORD   LBB_STOP        ; STOP
000C2A  2  02 4F                .BYTE   2,'O'
000C2C  2  07 0B                .WORD   LBB_ON          ; ON
000C2E  2  04 4E                .BYTE   4,'N'
000C30  2  FF 0A                .WORD   LBB_NULL        ; NULL
000C32  2  03 49                .BYTE   3,'I'
000C34  2  95 0A                .WORD   LBB_INC         ; INC
000C36  2  04 57                .BYTE   4,'W'
000C38  2  CC 0B                .WORD   LBB_WAIT        ; WAIT
000C3A  2  04 4C                .BYTE   4,'L'
000C3C  2  C3 0A                .WORD   LBB_LOAD        ; LOAD
000C3E  2  04 53                .BYTE   4,'S'
000C40  2  58 0B                .WORD   LBB_SAVE        ; SAVE
000C42  2  03 44                .BYTE   3,'D'
000C44  2  3C 0A                .WORD   LBB_DEF         ; DEF
000C46  2  07 50                .BYTE   7,'P'
000C48  2  10 0B                .WORD   LBB_PATTERN     ; PATTERN
000C4A  2  04 50                .BYTE   4,'P'
000C4C  2  1E 0B                .WORD   LBB_PLOT        ; PLOT
000C4E  2  04 50                .BYTE   4,'P'
000C50  2  22 0B                .WORD   LBB_POKE        ; POKE
000C52  2  05 53                .BYTE   5,'S'
000C54  2  85 0B                .WORD   LBB_SPOKE       ; SPOKE
000C56  2  04 44                .BYTE   4,'D'
000C58  2  45 0A                .WORD   LBB_DOKE        ; DOKE
000C5A  2  04 43                .BYTE   4,'C'
000C5C  2  0C 0A                .WORD   LBB_CALL        ; CALL
000C5E  2  02 44                .BYTE   2,'D'
000C60  2  49 0A                .WORD   LBB_DO          ; DO
000C62  2  04 4C                .BYTE   4,'L'
000C64  2  D1 0A                .WORD   LBB_LOOP        ; LOOP
000C66  2  05 50                .BYTE   5,'P'
000C68  2  2A 0B                .WORD   LBB_PRINT       ; PRINT
000C6A  2  04 43                .BYTE   4,'C'
000C6C  2  24 0A                .WORD   LBB_CONT        ; CONT
000C6E  2  04 4C                .BYTE   4,'L'
000C70  2  BA 0A                .WORD   LBB_LIST        ; LIST
000C72  2  05 43                .BYTE   5,'C'
000C74  2  15 0A                .WORD   LBB_CLEAR       ; CLEAR
000C76  2  03 4E                .BYTE   3,'N'
000C78  2  F5 0A                .WORD   LBB_NEW         ; NEW
000C7A  2  05 57                .BYTE   5,'W'
000C7C  2  D5 0B                .WORD   LBB_WIDTH       ; WIDTH
000C7E  2  03 47                .BYTE   3,'G'
000C80  2  7C 0A                .WORD   LBB_GET         ; GET
000C82  2  04 53                .BYTE   4,'S'
000C84  2  9B 0B                .WORD   LBB_SWAP        ; SWAP
000C86  2  06 42                .BYTE   6,'B'
000C88  2  FE 09                .WORD   LBB_BITSET      ; BITSET
000C8A  2  06 42                .BYTE   6,'B'
000C8C  2  F8 09                .WORD   LBB_BITCLR      ; BITCLR
000C8E  2  04 4B                .BYTE   4,'K'
000C90  2  A2 0A                .WORD   LBB_KILL        ; KILL
000C92  2  06 53                .BYTE   6,'S'
000C94  2  62 0B                .WORD   LBB_SCREEN      ; SCREEN
000C96  2  06 53                .BYTE   6,'S'
000C98  2  5C 0B                .WORD   LBB_SCRCLR      ; SCRCLR
000C9A  2  05 43                .BYTE   5,'C'
000C9C  2  1A 0A                .WORD   LBB_COLOR       ; COLOR
000C9E  2  05 53                .BYTE   5,'S'
000CA0  2  76 0B                .WORD   LBB_SOUND       ; SOUND
000CA2  2  06 46                .BYTE   6,'F'
000CA4  2  6C 0A                .WORD   LBB_FILTER      ; FILTER
000CA6  2  06 4C                .BYTE   6,'L'
000CA8  2  C7 0A                .WORD   LBB_LOCATE      ; LOCATE
000CAA  2  04 4F                .BYTE   4,'O'
000CAC  2  09 0B                .WORD   LBB_OPEN        ; OPEN
000CAE  2  05 43                .BYTE   5,'C'
000CB0  2  1F 0A                .WORD   LBB_CLOSE       ; CLOSE
000CB2  2  08 46                .BYTE   8,'F'
000CB4  2  5B 0A                .WORD   LBB_FILEREAD    ; FILEREAD
000CB6  2  09 46                .BYTE   9,'F'
000CB8  2  63 0A                .WORD   LBB_FILEWRITE   ; FILEWRITE
000CBA  2  06 4C                .BYTE   6,'L'
000CBC  2  D5 0A                .WORD   LBB_LPRINT      ; LPRINT
000CBE  2  05 4C                .BYTE   5,'L'
000CC0  2  BE 0A                .WORD   LBB_LLIST       ; LLIST
000CC2  2               
000CC2  2               
000CC2  2               ; secondary commands (can't start a statement)
000CC2  2               
000CC2  2  04 54                .BYTE   4,'T'
000CC4  2  A0 0B                .WORD   LBB_TAB         ; TAB
000CC6  2  04 45                .BYTE   4,'E'
000CC8  2  4C 0A                .WORD   LBB_ELSE        ; ELSE
000CCA  2  02 54                .BYTE   2,'T'
000CCC  2  AC 0B                .WORD   LBB_TO          ; TO
000CCE  2  02 46                .BYTE   2,'F'
000CD0  2  72 0A                .WORD   LBB_FN          ; FN
000CD2  2  04 53                .BYTE   4,'S'
000CD4  2  7B 0B                .WORD   LBB_SPC         ; SPC
000CD6  2  04 54                .BYTE   4,'T'
000CD8  2  A8 0B                .WORD   LBB_THEN        ; THEN
000CDA  2  03 4E                .BYTE   3,'N'
000CDC  2  FC 0A                .WORD   LBB_NOT         ; NOT
000CDE  2  04 53                .BYTE   4,'S'
000CE0  2  8E 0B                .WORD   LBB_STEP        ; STEP
000CE2  2  05 55                .BYTE   5,'U'
000CE4  2  B6 0B                .WORD   LBB_UNTIL       ; UNTIL
000CE6  2  05 57                .BYTE   5,'W'
000CE8  2  D0 0B                .WORD   LBB_WHILE       ; WHILE
000CEA  2  03 4F                .BYTE   3,'O'
000CEC  2  04 0B                .WORD   LBB_OFF         ; OFF
000CEE  2               
000CEE  2               ; opperators
000CEE  2               
000CEE  2  01 2B                .BYTE   1,'+'
000CF0  2  00 00                .WORD   $0000           ; +
000CF2  2  01 2D                .BYTE   1,'-'
000CF4  2  00 00                .WORD   $0000           ; -
000CF6  2  01 2A                .BYTE   1,'*'
000CF8  2  00 00                .WORD   $0000           ; *
000CFA  2  01 2F                .BYTE   1,'/'
000CFC  2  00 00                .WORD   $0000           ; /
000CFE  2  01 5E                .BYTE   1,'^'
000D00  2  00 00                .WORD   $0000           ; ^
000D02  2  03 41                .BYTE   3,'A'
000D04  2  E7 09                .WORD   LBB_AND         ; AND
000D06  2  03 45                .BYTE   3,'E'
000D08  2  53 0A                .WORD   LBB_EOR         ; EOR
000D0A  2  02 4F                .BYTE   2,'O'
000D0C  2  0D 0B                .WORD   LBB_OR          ; OR
000D0E  2  02 3E                .BYTE   2,'>'
000D10  2  DD 09                .WORD   LBB_RSHIFT      ; >>
000D12  2  02 3C                .BYTE   2,'<'
000D14  2  D7 09                .WORD   LBB_LSHIFT      ; <<
000D16  2  01 3E                .BYTE   1,'>'
000D18  2  00 00                .WORD   $0000           ; >
000D1A  2  01 3D                .BYTE   1,'='
000D1C  2  00 00                .WORD   $0000           ; =
000D1E  2  01 3C                .BYTE   1,'<'
000D20  2  00 00                .WORD   $0000           ; <
000D22  2               
000D22  2               ; functions
000D22  2               
000D22  2  04 53                .BYTE   4,'S'           ;
000D24  2  6E 0B                .WORD   LBB_SGN         ; SGN
000D26  2  04 49                .BYTE   4,'I'           ;
000D28  2  9D 0A                .WORD   LBB_INT         ; INT
000D2A  2  04 41                .BYTE   4,'A'           ;
000D2C  2  E3 09                .WORD   LBB_ABS         ; ABS
000D2E  2  04 55                .BYTE   4,'U'           ;
000D30  2  BB 0B                .WORD   LBB_USR         ; USR
000D32  2  04 46                .BYTE   4,'F'           ;
000D34  2  77 0A                .WORD   LBB_FRE         ; FRE
000D36  2  04 50                .BYTE   4,'P'           ;
000D38  2  26 0B                .WORD   LBB_POS         ; POS
000D3A  2  04 53                .BYTE   4,'S'           ;
000D3C  2  8A 0B                .WORD   LBB_SQR         ; SQR
000D3E  2  04 52                .BYTE   4,'R'           ;
000D40  2  4B 0B                .WORD   LBB_RND         ; RND
000D42  2  04 4C                .BYTE   4,'L'           ;
000D44  2  CD 0A                .WORD   LBB_LOG         ; LOG
000D46  2  04 45                .BYTE   4,'E'           ;
000D48  2  56 0A                .WORD   LBB_EXP         ; EXP
000D4A  2  04 43                .BYTE   4,'C'           ;
000D4C  2  28 0A                .WORD   LBB_COS         ; COS
000D4E  2  04 53                .BYTE   4,'S'           ;
000D50  2  72 0B                .WORD   LBB_SIN         ; SIN
000D52  2  04 54                .BYTE   4,'T'           ;
000D54  2  A4 0B                .WORD   LBB_TAN         ; TAN
000D56  2  04 41                .BYTE   4,'A'           ;
000D58  2  EE 09                .WORD   LBB_ATN         ; ATN
000D5A  2  05 50                .BYTE   5,'P'           ;
000D5C  2  17 0B                .WORD   LBB_PEEK        ; PEEK
000D5E  2  06 53                .BYTE   6,'S'           ;
000D60  2  7F 0B                .WORD   LBB_SPEEK       ; SPEEK
000D62  2  05 44                .BYTE   5,'D'           ;
000D64  2  37 0A                .WORD   LBB_DEEK        ; DEEK
000D66  2  05 53                .BYTE   5,'S'           ;
000D68  2  53 0B                .WORD   LBB_SADD        ; SADD
000D6A  2  04 4C                .BYTE   4,'L'           ;
000D6C  2  B3 0A                .WORD   LBB_LEN         ; LEN
000D6E  2  05 53                .BYTE   5,'S'           ;
000D70  2  96 0B                .WORD   LBB_STRS        ; STR$
000D72  2  04 56                .BYTE   4,'V'           ;
000D74  2  C0 0B                .WORD   LBB_VAL         ; VAL
000D76  2  04 41                .BYTE   4,'A'           ;
000D78  2  EA 09                .WORD   LBB_ASC         ; ASC
000D7A  2  07 55                .BYTE   7,'U'           ;
000D7C  2  AF 0B                .WORD   LBB_UCASES      ; UCASE$
000D7E  2  07 4C                .BYTE   7,'L'           ;
000D80  2  A6 0A                .WORD   LBB_LCASES      ; LCASE$
000D82  2  05 43                .BYTE   5,'C'           ;
000D84  2  10 0A                .WORD   LBB_CHRS        ; CHR$
000D86  2  05 48                .BYTE   5,'H'           ;
000D88  2  89 0A                .WORD   LBB_HEXS        ; HEX$
000D8A  2  05 42                .BYTE   5,'B'           ;
000D8C  2  F3 09                .WORD   LBB_BINS        ; BIN$
000D8E  2  07 42                .BYTE   7,'B'           ;
000D90  2  04 0A                .WORD   LBB_BITTST      ; BITTST
000D92  2  04 4D                .BYTE   4,'M'           ;
000D94  2  DC 0A                .WORD   LBB_MAX         ; MAX
000D96  2  04 4D                .BYTE   4,'M'           ;
000D98  2  E5 0A                .WORD   LBB_MIN         ; MIN
000D9A  2  02 50                .BYTE   2,'P'           ;
000D9C  2  1C 0B                .WORD   LBB_PI          ; PI
000D9E  2  06 53                .BYTE   6,'S'           ;
000DA0  2  68 0B                .WORD   LBB_SECOND      ; SECOND
000DA2  2  06 4D                .BYTE   6,'M'           ;
000DA4  2  E9 0A                .WORD   LBB_MINUTE      ; MINUTE
000DA6  2  04 48                .BYTE   4,'H'           ;
000DA8  2  8E 0A                .WORD   LBB_HOUR        ; HOUR
000DAA  2  03 44                .BYTE   3,'D'           ;
000DAC  2  31 0A                .WORD   LBB_DAY         ; DAY
000DAE  2  05 4D                .BYTE   5,'M'           ;
000DB0  2  EF 0A                .WORD   LBB_MONTH       ; MONTH
000DB2  2  04 59                .BYTE   4,'Y'           ;
000DB4  2  DB 0B                .WORD   LBB_YEAR        ; YEAR
000DB6  2  07 56                .BYTE   7,'V'           ;
000DB8  2  C4 0B                .WORD   LBB_VPTR        ; VARPTR
000DBA  2  06 4C                .BYTE   6,'L'           ;
000DBC  2  AD 0A                .WORD   LBB_LEFTS       ; LEFT$
000DBE  2  07 52                .BYTE   7,'R'           ;
000DC0  2  44 0B                .WORD   LBB_RIGHTS      ; RIGHT$
000DC2  2  05 4D                .BYTE   5,'M'           ;
000DC4  2  E0 0A                .WORD   LBB_MIDS        ; MID$
000DC6  2               
000DC6  1               
000DC6  1               ; DEFINITIONS
000DC6  1                       .INCLUDE "definitions.asm"
000DC6  2                       .IFDEF  DUODYNE
000DC6  2               STACK_BOTTOM    = $4000         ; stack bottom, no offset
000DC6  2               STACK           = $5FFF         ; stack top, no offset
000DC6  2               Ram_top         = $D000         ; end of user RAM+1 (set as needed, should be page aligned)
000DC6  2                       .ELSE
000DC6  2               Ram_top         = $B800         ; end of user RAM+1 (set as needed, should be page aligned)
000DC6  2                       .ENDIF
000DC6  2               
000DC6  2               SETPAGE         = $FFF6
000DC6  2               DO_FARCALL      = $FFF0
000DC6  2               farfunct        = $32           ; function to call in driver area
000DC6  2               
000DC6  2               ; offsets from a base of X or Y
000DC6  2               PLUS_0          = $00           ; X or Y plus 0
000DC6  2               PLUS_1          = $01           ; X or Y plus 1
000DC6  2               PLUS_2          = $02           ; X or Y plus 2
000DC6  2               PLUS_3          = $03           ; X or Y plus 3
000DC6  2               
000DC6  2               LAB_STAK        = $0100         ; stack bottom, no offset
000DC6  2               
000DC6  2               LAB_SKFE        = LAB_STAK+$FE
000DC6  2               ; flushed stack address
000DC6  2               LAB_SKFF        = LAB_STAK+$FF
000DC6  2               ; flushed stack address
000DC6  2               
000DC6  2               ccflag          = $0600         ; BASIC CTRL-C flag, 00 = enabled, 01 = dis
000DC6  2               ccbyte          = ccflag+1      ; BASIC CTRL-C byte
000DC6  2               ccnull          = ccbyte+1      ; BASIC CTRL-C byte timeout
000DC6  2               
000DC6  2               VEC_CC          = ccnull+1      ; ctrl c check vector
000DC6  2               
000DC6  2               ; Ibuffs can now be anywhere in RAM AS LONG AS IT IS BEFORE RAM_BASE AND IS NOT PAGE ALIGNED!, ensure that the max length is < $80
000DC6  2               Ibuffs          = (ENDOFBASIC&$FF00)+$181
000DC6  2               Ibuffe          = Ibuffs+81     ; end of input buffer
000DC6  2               Ram_base        = (Ibuffe&$FF00)+$100; start of user RAM (set as needed, should be page aligned)
000DC6  2               
000DC6  1               
000DC6  1               ; MESSAGES
000DC6  1                       .INCLUDE "messages.asm"
000DC6  2               
000DC6  2               
000DC6  2               LAB_MSZM:
000DC6  2  0D 0A 4D 65          .BYTE   $0D,$0A,"Memory size ",$00
000DCA  2  6D 6F 72 79  
000DCE  2  20 73 69 7A  
000DD5  2               
000DD5  2               LAB_SMSG:
000DD5  2  20 42 79 74          .BYTE   " Bytes free",$0D,$0A,$0A
000DD9  2  65 73 20 66  
000DDD  2  72 65 65 0D  
000DE3  2  45 6E 68 61          .BYTE   "Enhanced BASIC 2.22",$0A,$00
000DE7  2  6E 63 65 64  
000DEB  2  20 42 41 53  
000DF8  2               
000DF8  2               ; BASIC messages, mostly error messages
000DF8  2               
000DF8  2               LAB_BAER:
000DF8  2  1E 0E                .WORD   ERR_NF          ;$00 NEXT without FOR
000DFA  2  2F 0E                .WORD   ERR_SN          ;$02 syntax
000DFC  2  36 0E                .WORD   ERR_RG          ;$04 RETURN without GOSUB
000DFE  2  4B 0E                .WORD   ERR_OD          ;$06 out of data
000E00  2  57 0E                .WORD   ERR_FC          ;$08 function call
000E02  2  65 0E                .WORD   ERR_OV          ;$0A overflow
000E04  2  6E 0E                .WORD   ERR_OM          ;$0C out of memory
000E06  2  7C 0E                .WORD   ERR_US          ;$0E undefined statement
000E08  2  90 0E                .WORD   ERR_BS          ;$10 array bounds
000E0A  2  9D 0E                .WORD   ERR_DD          ;$12 double dimension array
000E0C  2  AE 0E                .WORD   ERR_D0          ;$14 divide by 0
000E0E  2  BD 0E                .WORD   ERR_ID          ;$16 illegal direct
000E10  2  CC 0E                .WORD   ERR_TM          ;$18 type mismatch
000E12  2  DA 0E                .WORD   ERR_LS          ;$1A long string
000E14  2  EA 0E                .WORD   ERR_ST          ;$1C string too complex
000E16  2  FD 0E                .WORD   ERR_CN          ;$1E continue error
000E18  2  0C 0F                .WORD   ERR_UF          ;$20 undefined function
000E1A  2  1F 0F                .WORD   ERR_LD          ;$22 LOOP without DO
000E1C  2  2F 0F                .WORD   ERR_IO          ;$24 IO ERROR
000E1E  2               
000E1E  2               ; I may implement these two errors to force definition of variables and
000E1E  2               ; dimensioning of arrays before use.
000E1E  2               
000E1E  2               ;	.word ERR_UV		;$24 undefined variable
000E1E  2               
000E1E  2               ; the above error has been tested and works (see code and comments below LAB_1D8B)
000E1E  2               
000E1E  2               ;	.word ERR_UA		;$26 undimensioned array
000E1E  2               
000E1E  2               ERR_NF:
000E1E  2  4E 45 58 54          .BYTE   "NEXT without FOR",$00
000E22  2  20 77 69 74  
000E26  2  68 6F 75 74  
000E2F  2               ERR_SN:
000E2F  2  53 79 6E 74          .BYTE   "Syntax",$00
000E33  2  61 78 00     
000E36  2               ERR_RG:
000E36  2  52 45 54 55          .BYTE   "RETURN without GOSUB",$00
000E3A  2  52 4E 20 77  
000E3E  2  69 74 68 6F  
000E4B  2               ERR_OD:
000E4B  2  4F 75 74 20          .BYTE   "Out of DATA",$00
000E4F  2  6F 66 20 44  
000E53  2  41 54 41 00  
000E57  2               ERR_FC:
000E57  2  46 75 6E 63          .BYTE   "Function call",$00
000E5B  2  74 69 6F 6E  
000E5F  2  20 63 61 6C  
000E65  2               ERR_OV:
000E65  2  4F 76 65 72          .BYTE   "Overflow",$00
000E69  2  66 6C 6F 77  
000E6D  2  00           
000E6E  2               ERR_OM:
000E6E  2  4F 75 74 20          .BYTE   "Out of memory",$00
000E72  2  6F 66 20 6D  
000E76  2  65 6D 6F 72  
000E7C  2               ERR_US:
000E7C  2  55 6E 64 65          .BYTE   "Undefined statement",$00
000E80  2  66 69 6E 65  
000E84  2  64 20 73 74  
000E90  2               ERR_BS:
000E90  2  41 72 72 61          .BYTE   "Array bounds",$00
000E94  2  79 20 62 6F  
000E98  2  75 6E 64 73  
000E9D  2               ERR_DD:
000E9D  2  44 6F 75 62          .BYTE   "Double dimension",$00
000EA1  2  6C 65 20 64  
000EA5  2  69 6D 65 6E  
000EAE  2               ERR_D0:
000EAE  2  44 69 76 69          .BYTE   "Divide by zero",$00
000EB2  2  64 65 20 62  
000EB6  2  79 20 7A 65  
000EBD  2               ERR_ID:
000EBD  2  49 6C 6C 65          .BYTE   "Illegal direct",$00
000EC1  2  67 61 6C 20  
000EC5  2  64 69 72 65  
000ECC  2               ERR_TM:
000ECC  2  54 79 70 65          .BYTE   "Type mismatch",$00
000ED0  2  20 6D 69 73  
000ED4  2  6D 61 74 63  
000EDA  2               ERR_LS:
000EDA  2  53 74 72 69          .BYTE   "String too long",$00
000EDE  2  6E 67 20 74  
000EE2  2  6F 6F 20 6C  
000EEA  2               ERR_ST:
000EEA  2  53 74 72 69          .BYTE   "String too complex",$00
000EEE  2  6E 67 20 74  
000EF2  2  6F 6F 20 63  
000EFD  2               ERR_CN:
000EFD  2  43 61 6E 27          .BYTE   "Can't continue",$00
000F01  2  74 20 63 6F  
000F05  2  6E 74 69 6E  
000F0C  2               ERR_UF:
000F0C  2  55 6E 64 65          .BYTE   "Undefined function",$00
000F10  2  66 69 6E 65  
000F14  2  64 20 66 75  
000F1F  2               ERR_LD:
000F1F  2  4C 4F 4F 50          .BYTE   "LOOP without DO",$00
000F23  2  20 77 69 74  
000F27  2  68 6F 75 74  
000F2F  2               ERR_IO:
000F2F  2  49 2F 4F 20          .BYTE   "I/O error",$00
000F33  2  65 72 72 6F  
000F37  2  72 00        
000F39  2               
000F39  2               ;ERR_UV	.byte	"Undefined variable",$00
000F39  2               
000F39  2               ; the above error has been tested and works (see code and comments below LAB_1D8B)
000F39  2               
000F39  2               ;ERR_UA	.byte	"Undimensioned array",$00
000F39  2               
000F39  2               LAB_BMSG:
000F39  2  0D 0A 42 72          .BYTE   $0D,$0A,"Break",$00
000F3D  2  65 61 6B 00  
000F41  2               LAB_EMSG:
000F41  2  20 45 72 72          .BYTE   " Error",$00
000F45  2  6F 72 00     
000F48  2               LAB_LMSG:
000F48  2  20 69 6E 20          .BYTE   " in line ",$00
000F4C  2  6C 69 6E 65  
000F50  2  20 00        
000F52  2               LAB_RMSG:
000F52  2  0D 0A 52 65          .BYTE   $0D,$0A,"Ready",$0D,$0A,$00
000F56  2  61 64 79 0D  
000F5A  2  0A 00        
000F5C  2               
000F5C  2               LAB_IMSG:
000F5C  2  20 45 78 74          .BYTE   " Extra ignored",$0D,$0A,$00
000F60  2  72 61 20 69  
000F64  2  67 6E 6F 72  
000F6D  2               LAB_REDO:
000F6D  2  20 52 65 64          .BYTE   " Redo from start",$0D,$0A,$00
000F71  2  6F 20 66 72  
000F75  2  6F 6D 20 73  
000F80  2               
000F80  2               FILEERROR1:
000F80  2  2A 2A 20 4E          .BYTE   "** NO DRIVE SPECIFIED, OPERATION ABORTED"
000F84  2  4F 20 44 52  
000F88  2  49 56 45 20  
000FA8  2  0D 0A 24             .BYTE   $0D,$0A,'$'
000FAB  2               FILEERROR2:
000FAB  2  2A 2A 20 44          .BYTE   "** DOS/65 ERROR, OPERATION ABORTED"
000FAF  2  4F 53 2F 36  
000FB3  2  35 20 45 52  
000FCD  2  0D 0A 24             .BYTE   $0D,$0A,'$'
000FD0  2               
000FD0  1               
000FD0  1               ; NUMERIC CONSTANTS
000FD0  1                       .INCLUDE "numconst.asm"
000FD0  2               
000FD0  2               
000FD0  2               ; numeric constants and series
000FD0  2               
000FD0  2               ; constants and series for LOG(n)
000FD0  2               LAB_25A0:
000FD0  2  02                   .BYTE   $02             ; counter
000FD1  2  80 19 56 62          .BYTE   $80,$19,$56,$62 ; 0.59898
000FD5  2  80 76 22 F3          .BYTE   $80,$76,$22,$F3 ; 0.96147
000FD9  2               ;##	.byte	$80,$76,$22,$F1	; 0.96147
000FD9  2  82 38 AA 40          .BYTE   $82,$38,$AA,$40 ; 2.88539
000FDD  2               ;##	.byte	$82,$38,$AA,$45	; 2.88539
000FDD  2               
000FDD  2               LAB_25AD:
000FDD  2  80 35 04 F3          .BYTE   $80,$35,$04,$F3 ; 0.70711	1/root 2
000FE1  2               LAB_25B1:
000FE1  2  81 35 04 F3          .BYTE   $81,$35,$04,$F3 ; 1.41421	root 2
000FE5  2               LAB_25B5:
000FE5  2  80 80 00 00          .BYTE   $80,$80,$00,$00 ; -0.5
000FE9  2               LAB_25B9:
000FE9  2  80 31 72 18          .BYTE   $80,$31,$72,$18 ; 0.69315	LOG(2)
000FED  2               
000FED  2               ; numeric PRINT constants
000FED  2               LAB_2947:
000FED  2  91 43 4F F8          .BYTE   $91,$43,$4F,$F8 ; 99999.9375 (max value with at least one decimal)
000FF1  2               LAB_294B:
000FF1  2  94 74 23 F7          .BYTE   $94,$74,$23,$F7 ; 999999.4375 (max value before scientific notation)
000FF5  2               LAB_294F:
000FF5  2  94 74 24 00          .BYTE   $94,$74,$24,$00 ; 1000000
000FF9  2               
000FF9  2               ; EXP(n) constants and series
000FF9  2               LAB_2AFA:
000FF9  2  81 38 AA 3B          .BYTE   $81,$38,$AA,$3B ; 1.4427	(1/LOG base 2 e)
000FFD  2               LAB_2AFE:
000FFD  2  06                   .BYTE   $06             ; counter
000FFE  2  74 63 90 8C          .BYTE   $74,$63,$90,$8C ; 2.17023e-4
001002  2  77 23 0C AB          .BYTE   $77,$23,$0C,$AB ; 0.00124
001006  2  7A 1E 94 00          .BYTE   $7A,$1E,$94,$00 ; 0.00968
00100A  2  7C 63 42 80          .BYTE   $7C,$63,$42,$80 ; 0.05548
00100E  2  7E 75 FE D0          .BYTE   $7E,$75,$FE,$D0 ; 0.24023
001012  2  80 31 72 15          .BYTE   $80,$31,$72,$15 ; 0.69315
001016  2  81 00 00 00          .BYTE   $81,$00,$00,$00 ; 1.00000
00101A  2               
00101A  2               ;##	.byte	$07			; counter
00101A  2               ;##	.byte	$74,$94,$2E,$40	; -1/7! (-1/5040)
00101A  2               ;##	.byte	$77,$2E,$4F,$70	;  1/6! ( 1/720)
00101A  2               ;##	.byte	$7A,$88,$02,$6E	; -1/5! (-1/120)
00101A  2               ;##	.byte	$7C,$2A,$A0,$E6	;  1/4! ( 1/24)
00101A  2               ;##	.byte	$7E,$AA,$AA,$50	; -1/3! (-1/6)
00101A  2               ;##	.byte	$7F,$7F,$FF,$FF	;  1/2! ( 1/2)
00101A  2               ;##	.byte	$81,$80,$00,$00	; -1/1! (-1/1)
00101A  2               ;##	.byte	$81,$00,$00,$00	;  1/0! ( 1/1)
00101A  2               
00101A  2               ; trigonometric constants and series
00101A  2               LAB_2C78:
00101A  2  81 49 0F DB          .BYTE   $81,$49,$0F,$DB ; 1.570796371 (pi/2) as floating #
00101E  2               LAB_2C84:
00101E  2  04                   .BYTE   $04             ; counter
00101F  2  86 1E D7 FB          .BYTE   $86,$1E,$D7,$FB ; 39.7109
001023  2               ;##	.byte	$86,$1E,$D7,$BA	; 39.7109
001023  2  87 99 26 65          .BYTE   $87,$99,$26,$65 ;-76.575
001027  2               ;##	.byte	$87,$99,$26,$64	;-76.575
001027  2  87 23 34 58          .BYTE   $87,$23,$34,$58 ; 81.6022
00102B  2  86 A5 5D E1          .BYTE   $86,$A5,$5D,$E1 ;-41.3417
00102F  2               ;##	.byte	$86,$A5,$5D,$E0	;-41.3417
00102F  2               LAB_2C7C:
00102F  2  83 49 0F DB          .BYTE   $83,$49,$0F,$DB ; 6.28319 (2*pi) as floating #
001033  2               ;##	.byte	$83,$49,$0F,$DA	; 6.28319 (2*pi) as floating #
001033  2               
001033  2               LAB_2CC9:
001033  2  08                   .BYTE   $08             ; counter
001034  2  78 3A C5 37          .BYTE   $78,$3A,$C5,$37 ; 0.00285
001038  2  7B 83 A2 5C          .BYTE   $7B,$83,$A2,$5C ;-0.0160686
00103C  2  7C 2E DD 4D          .BYTE   $7C,$2E,$DD,$4D ; 0.0426915
001040  2  7D 99 B0 1E          .BYTE   $7D,$99,$B0,$1E ;-0.0750429
001044  2  7D 59 ED 24          .BYTE   $7D,$59,$ED,$24 ; 0.106409
001048  2  7E 91 72 00          .BYTE   $7E,$91,$72,$00 ;-0.142036
00104C  2  7E 4C B9 73          .BYTE   $7E,$4C,$B9,$73 ; 0.199926
001050  2  7F AA AA 53          .BYTE   $7F,$AA,$AA,$53 ;-0.333331
001054  2               
001054  2               ;##	.byte	$08			; counter
001054  2               ;##	.byte	$78,$3B,$D7,$4A	; 1/17
001054  2               ;##	.byte	$7B,$84,$6E,$02	;-1/15
001054  2               ;##	.byte	$7C,$2F,$C1,$FE	; 1/13
001054  2               ;##	.byte	$7D,$9A,$31,$74	;-1/11
001054  2               ;##	.byte	$7D,$5A,$3D,$84	; 1/9
001054  2               ;##	.byte	$7E,$91,$7F,$C8	;-1/7
001054  2               ;##	.byte	$7E,$4C,$BB,$E4	; 1/5
001054  2               ;##	.byte	$7F,$AA,$AA,$6C	;-1/3
001054  2               
001054  2               LAB_1D96        = *+1           ; $00,$00 used for undefined variables
001054  2               LAB_259C:
001054  2  81 00 00 00          .BYTE   $81,$00,$00,$00 ; 1.000000, used for INC
001058  2               LAB_2AFD:
001058  2  81 80 00 00          .BYTE   $81,$80,$00,$00 ; -1.00000, used for DEC. must be on the same page as +1.00
00105C  2               
00105C  2               ; misc constants
00105C  2               LAB_1DF7:
00105C  2  90                   .BYTE   $90             ;-32768 (uses first three bytes from 0.5)
00105D  2               LAB_2A96:
00105D  2  80 00 00 00          .BYTE   $80,$00,$00,$00 ; 0.5
001061  2               LAB_2C80:
001061  2  7F 00 00 00          .BYTE   $7F,$00,$00,$00 ; 0.25
001065  2               LAB_26B5:
001065  2  84 20 00 00          .BYTE   $84,$20,$00,$00 ; 10.0000 divide by 10 constant
001069  2               
001069  2               ; This table is used in converting numbers to ASCII.
001069  2               
001069  2               LAB_2A9A:
001069  2               LAB_2A9B        = LAB_2A9A+1
001069  2               LAB_2A9C        = LAB_2A9B+1
001069  2  FE 79 60             .BYTE   $FE,$79,$60     ; -100000
00106C  2  00 27 10             .BYTE   $00,$27,$10     ; 10000
00106F  2  FF FC 18             .BYTE   $FF,$FC,$18     ; -1000
001072  2  00 00 64             .BYTE   $00,$00,$64     ; 100
001075  2  FF FF F6             .BYTE   $FF,$FF,$F6     ; -10
001078  2  00 00 01             .BYTE   $00,$00,$01     ; 1
00107B  2               
00107B  1               
00107B  1               ; I/O VECTORS
00107B  1                       .INCLUDE "iovect.asm"
00107B  2               ; system dependant i/o vectors
00107B  2               ; these are in RAM and are set by the monitor at start-up
00107B  2               
00107B  2               printflag:
00107B  2  00                   .BYTE   00
00107C  2               
00107C  2                       .IFNDEF MEMORYMAPPEDSCREEN
00107C  2               ; Serial port IO
00107C  2               V_INPT: ; non halting scan input device
00107C  2               BYTEIN:
00107C  2  8C 75 11             STY     DBGY            ;
00107F  2  8E 74 11             STX     DBGX            ;
001082  2  A2 0B                LDX     #11             ;
001084  2  20 77 11             JSR     PEM             ;
001087  2  C9 00                CMP     #$00            ;
001089  2  F0 0D                BEQ     LAB_nobyw       ; branch if no byte waiting
00108B  2  A2 06                LDX     #6              ;
00108D  2  20 77 11             JSR     PEM             ;
001090  2  AC 75 11             LDY     DBGY
001093  2  AE 74 11             LDX     DBGX
001096  2  38                   SEC                     ; flag byte received
001097  2  60                   RTS
001098  2               LAB_nobyw:
001098  2  AC 75 11             LDY     DBGY
00109B  2  AE 74 11             LDX     DBGX
00109E  2  18                   CLC                     ; flag no byte received
00109F  2  60                   RTS                     ;
0010A0  2               
0010A0  2               V_OUTP: ; send byte to output device
0010A0  2               BYTEOUT:
0010A0  2  8D 76 11             STA     DBGA
0010A3  2  8C 75 11             STY     DBGY
0010A6  2  8E 74 11             STX     DBGX
0010A9  2  AD 7B 10             LDA     printflag
0010AC  2  C9 00                CMP     #00
0010AE  2  D0 12                BNE     :+
0010B0  2  AD 76 11             LDA     DBGA
0010B3  2  A2 02                LDX     #2              ;
0010B5  2  20 77 11             JSR     PEM             ;
0010B8  2  AD 76 11             LDA     DBGA
0010BB  2  AC 75 11             LDY     DBGY
0010BE  2  AE 74 11             LDX     DBGX
0010C1  2  60                   RTS
0010C2  2               :
0010C2  2  AD 76 11             LDA     DBGA
0010C5  2  A2 05                LDX     #5              ;
0010C7  2  20 77 11             JSR     PEM             ;
0010CA  2  AD 76 11             LDA     DBGA
0010CD  2  AC 75 11             LDY     DBGY
0010D0  2  AE 74 11             LDX     DBGX
0010D3  2  60                   RTS
0010D4  2               
0010D4  2                       .ELSE
0010D4  2               
0010D4  2               V_OUTP: ; send byte to memory mapped video device
0010D4  2               BYTEOUT:
0010D4  2                       STA     DBGA
0010D4  2                       STY     DBGY
0010D4  2                       STX     DBGX
0010D4  2                       LDA     printflag
0010D4  2                       CMP     #00
0010D4  2                       BNE     :+
0010D4  2                       LDA     #19
0010D4  2                       STA     farfunct
0010D4  2                       LDA     DBGA
0010D4  2                       JSR     DO_FARCALL
0010D4  2                       LDA     DBGA
0010D4  2                       LDY     DBGY
0010D4  2                       LDX     DBGX
0010D4  2                       RTS
0010D4  2               :
0010D4  2                       LDA     DBGA
0010D4  2                       LDX     #5              ;
0010D4  2                       JSR     PEM             ;
0010D4  2                       LDA     DBGA
0010D4  2                       LDY     DBGY
0010D4  2                       LDX     DBGX
0010D4  2                       RTS
0010D4  2               
0010D4  2               V_INPT: ; non halting keyboard scan
0010D4  2               BYTEIN:
0010D4  2                       STY     DBGY            ;
0010D4  2                       STX     DBGX            ;
0010D4  2                       LDA     #20
0010D4  2                       STA     farfunct
0010D4  2                       JSR     DO_FARCALL
0010D4  2                       CMP     #$FF            ;
0010D4  2                       BEQ     LAB_nobyw       ; branch if no byte waiting
0010D4  2                       LDY     DBGY
0010D4  2                       LDX     DBGX
0010D4  2                       SEC                     ; flag byte received
0010D4  2                       RTS
0010D4  2               LAB_nobyw:
0010D4  2                       LDA     #$00
0010D4  2                       LDY     DBGY
0010D4  2                       LDX     DBGX
0010D4  2                       CLC                     ; flag no byte received
0010D4  2                       RTS                     ;
0010D4  2               
0010D4  2               ;___ScreenEditor____________________________________________
0010D4  2               ;
0010D4  2               ; Basic Screen editor code
0010D4  2               ;
0010D4  2               ;__________________________________________________________
0010D4  2               ScreenEditor:
0010D4  2               ; allow prepopulate of screen
0010D4  2               ploop:
0010D4  2                       LDA     #58
0010D4  2                       STA     farfunct
0010D4  2                       JSR     DO_FARCALL      ; PAINT cursor
0010D4  2               ploop1:
0010D4  2                       LDA     #20
0010D4  2                       STA     farfunct
0010D4  2                       JSR     DO_FARCALL      ; GET KEYSTROKE
0010D4  2                       CMP     #$FF
0010D4  2                       BEQ     ploop1
0010D4  2                       PHA
0010D4  2                       LDA     #59
0010D4  2                       STA     farfunct
0010D4  2                       JSR     DO_FARCALL      ; UNPAINT cursor
0010D4  2                       PLA
0010D4  2                       CMP     #$F6
0010D4  2                       BEQ     crsrup
0010D4  2                       CMP     #$F7
0010D4  2                       BEQ     crsrdn
0010D4  2                       CMP     #$F8
0010D4  2                       BEQ     crsrlt
0010D4  2                       CMP     #$F9
0010D4  2                       BEQ     Lcrsrrt
0010D4  2                       CMP     #$0A
0010D4  2                       BEQ     ploop
0010D4  2                       CMP     #13
0010D4  2                       BEQ     Lpexit
0010D4  2               
0010D4  2                       PHA
0010D4  2                       LDA     #19
0010D4  2                       STA     farfunct
0010D4  2                       PLA
0010D4  2                       JSR     DO_FARCALL
0010D4  2                       JMP     ploop
0010D4  2               Lpexit:
0010D4  2                       JMP     pexit
0010D4  2               Lcrsrrt:
0010D4  2                       JMP     crsrrt
0010D4  2               
0010D4  2               crsrup:
0010D4  2                       LDA     CURY
0010D4  2                       CMP     #00
0010D4  2                       BEQ     ploop
0010D4  2                       DEC     CURY
0010D4  2                       JMP     ploop
0010D4  2               crsrdn:
0010D4  2                       LDA     CURY
0010D4  2                       CMP     #23
0010D4  2                       BEQ     crsrdn_1
0010D4  2                       INC     CURY
0010D4  2                       JMP     ploop
0010D4  2               crsrdn_1:
0010D4  2                       LDA     #56
0010D4  2                       STA     farfunct
0010D4  2                       JSR     DO_FARCALL
0010D4  2                       JMP     ploop
0010D4  2               crsrlt:
0010D4  2                       LDA     CURX
0010D4  2                       CMP     #00
0010D4  2                       BEQ     crsrlt_1
0010D4  2                       DEC     CURX
0010D4  2                       JMP     ploop
0010D4  2               crsrlt_1:
0010D4  2                       LDA     CURY
0010D4  2                       CMP     #00
0010D4  2                       BEQ     :+
0010D4  2                       LDX     VIDEOWIDTH
0010D4  2                       DEX
0010D4  2                       STX     CURX
0010D4  2                       LDY     CURY
0010D4  2                       DEY
0010D4  2                       STY     CURY
0010D4  2               :
0010D4  2                       JMP     ploop
0010D4  2               crsrrt:
0010D4  2                       LDX     VIDEOWIDTH
0010D4  2                       DEX
0010D4  2                       CPX     CURX
0010D4  2                       BEQ     crsrrt_1
0010D4  2                       INC     CURX
0010D4  2                       JMP     ploop
0010D4  2               crsrrt_1:
0010D4  2                       LDA     #00
0010D4  2                       STA     CURX
0010D4  2                       JMP     crsrdn
0010D4  2               pexit:
0010D4  2                       JSR     LdKbBuffer
0010D4  2                       LDX     #80
0010D4  2                       LDA     #$00
0010D4  2                       STA     Ibuffs,X
0010D4  2               TERMLOOP:
0010D4  2                       DEX
0010D4  2                       LDA     Ibuffs,X
0010D4  2                       CMP     #32
0010D4  2                       BEQ     TERMLOOP_B
0010D4  2                       CMP     #00
0010D4  2                       BEQ     TERMLOOP_C
0010D4  2                       JMP     TERMLOOP_A
0010D4  2               TERMLOOP_B:
0010D4  2                       LDA     #00
0010D4  2                       STA     Ibuffs,X
0010D4  2               TERMLOOP_C:
0010D4  2                       CPX     #00
0010D4  2                       BNE     TERMLOOP
0010D4  2               TERMLOOP_A:
0010D4  2                       LDA     #19
0010D4  2                       STA     farfunct
0010D4  2                       LDA     #13
0010D4  2                       JSR     DO_FARCALL
0010D4  2                       LDA     #19
0010D4  2                       STA     farfunct
0010D4  2                       LDA     #10
0010D4  2                       JSR     DO_FARCALL
0010D4  2                       RTS
0010D4  2               
0010D4  2               LdKbBuffer:
0010D4  2               ; clear input buffer
0010D4  2                       LDX     #81
0010D4  2               :
0010D4  2                       LDA     #00
0010D4  2                       STA     Ibuffs-1,X
0010D4  2                       DEX
0010D4  2                       BNE     :-
0010D4  2               
0010D4  2                       LDY     CURY
0010D4  2               
0010D4  2                       STY     PTEMPW
0010D4  2                       LDA     #0
0010D4  2                       STA     PTEMPW+1
0010D4  2                       CLC
0010D4  2                       ASL     PTEMPW
0010D4  2                       ROL     PTEMPW+1        ; *2
0010D4  2                       ASL     PTEMPW
0010D4  2                       ROL     PTEMPW+1        ; *4
0010D4  2                       ASL     PTEMPW
0010D4  2                       ROL     PTEMPW+1        ; *8
0010D4  2                       LDA     PTEMPW
0010D4  2                       STA     PTEMPW1
0010D4  2                       LDA     PTEMPW+1
0010D4  2                       STA     PTEMPW1+1       ; PTEMPW1=Y*8
0010D4  2                       ASL     PTEMPW
0010D4  2                       ROL     PTEMPW+1        ; *16
0010D4  2                       ASL     PTEMPW
0010D4  2                       ROL     PTEMPW+1        ; *32
0010D4  2                                               ; TEMPW  = Y*8 + Y*32  (Y*40)
0010D4  2                       CLC                     ; Clear the Carry flag before the first addition
0010D4  2                       LDA     PTEMPW          ; Load the low byte of the first number into the accumulator
0010D4  2                       ADC     PTEMPW1         ; Add the low byte of the second number (plus carry)
0010D4  2                       STA     TEMPW           ; Store the low byte of the result
0010D4  2                       LDA     PTEMPW+1        ; Load the high byte of the first number
0010D4  2                       ADC     PTEMPW1+1       ; Add the high byte of the second number (plus carry from previous op)
0010D4  2                       STA     TEMPW+1         ; Store the high byte of the result
0010D4  2               
0010D4  2                       LDA     VIDEOWIDTH      ; If 80 col, double again
0010D4  2                       CMP     #80
0010D4  2                       BNE     :+
0010D4  2                       ASL     TEMPW
0010D4  2                       ROL     TEMPW+1         ; *2  (80)
0010D4  2               :
0010D4  2                       LDA     TEMPW+1
0010D4  2                       ORA     #$A0            ; add in the bank#
0010D4  2                       STA     TEMPW+1
0010D4  2               
0010D4  2                       LDY     #$01+VIDEOBANK  ; SCREEN AREA $1000-$1FFF
0010D4  2                       JSR     PAGE_ENTER
0010D4  2                       LDY     #0
0010D4  2               :
0010D4  2                       LDA     (TEMPW),Y
0010D4  2                       STA     Ibuffs,Y
0010D4  2                       INY
0010D4  2                       CPY     VIDEOWIDTH
0010D4  2                       BNE     :-
0010D4  2               
0010D4  2                       JSR     PAGE_EXIT
0010D4  2                       RTS
0010D4  2                       RTS
0010D4  2               
0010D4  2                       .ENDIF
0010D4  2               
0010D4  2               V_LPRINT:
0010D4  2  08                   PHP
0010D5  2  A9 01                LDA     #$01
0010D7  2  8D 7B 10             STA     printflag
0010DA  2  28                   PLP
0010DB  2  20 C3 1E             JSR     LAB_PRINT
0010DE  2  A9 00                LDA     #$00
0010E0  2  8D 7B 10             STA     printflag
0010E3  2  60                   RTS
0010E4  2               V_LLIST:
0010E4  2  08                   PHP
0010E5  2  A9 01                LDA     #$01
0010E7  2  8D 7B 10             STA     printflag
0010EA  2  28                   PLP
0010EB  2  20 28 1A             JSR     LAB_LIST
0010EE  2  A9 00                LDA     #$00
0010F0  2  8D 7B 10             STA     printflag
0010F3  2  60                   RTS
0010F4  2               
0010F4  2               
0010F4  2               UART1DATA       = $EF84         ; SERIAL PORT 1 (I/O Card)
0010F4  2               UART1STATUS     = $EF85         ; SERIAL PORT 1 (I/O Card)
0010F4  2               UART1COMMAND    = $EF86         ; SERIAL PORT 1 (I/O Card)
0010F4  2               UART1CONTROL    = $EF87         ; SERIAL PORT 1 (I/O Card)
0010F4  2               
0010F4  2               PRINT_CRLF:
0010F4  2  8E 62 11             STX     TTX
0010F7  2  8C 63 11             STY     TTY
0010FA  2  8D 64 11             STA     TTA
0010FD  2  A9 0D                LDA     #13
0010FF  2  20 65 11             JSR     WRSER1          ; output upper nybble
001102  2  A9 0A                LDA     #10
001104  2  20 65 11             JSR     WRSER1          ; output upper nybble
001107  2  AE 62 11             LDX     TTX
00110A  2  AC 63 11             LDY     TTY
00110D  2  AD 64 11             LDA     TTA
001110  2  60                   RTS
001111  2               
001111  2               PRINT_SPACE:
001111  2  8E 62 11             STX     TTX
001114  2  8C 63 11             STY     TTY
001117  2  8D 64 11             STA     TTA
00111A  2  A9 20                LDA     #32
00111C  2  20 65 11             JSR     WRSER1          ; output upper nybble
00111F  2  AE 62 11             LDX     TTX
001122  2  AC 63 11             LDY     TTY
001125  2  AD 64 11             LDA     TTA
001128  2  60                   RTS
001129  2               
001129  2               
001129  2               PRINT_BYTE:
001129  2  8E 62 11             STX     TTX
00112C  2  8C 63 11             STY     TTY
00112F  2  8D 64 11             STA     TTA
001132  2  8E 61 11             STX     SAVX            ; save X
001135  2  20 4C 11             JSR     ASCTWO          ; get hex chars for byte in X (lower) and A (upper)
001138  2  20 65 11             JSR     WRSER1          ; output upper nybble
00113B  2  8A                   TXA                     ; transfer lower to A
00113C  2  AE 61 11             LDX     SAVX            ; restore X
00113F  2  20 65 11             JSR     WRSER1          ; output lower nybble
001142  2  AE 62 11             LDX     TTX
001145  2  AC 63 11             LDY     TTY
001148  2  AD 64 11             LDA     TTA
00114B  2  60                   RTS
00114C  2               ASCTWO:
00114C  2  48                   PHA                     ; save byte
00114D  2  20 56 11             JSR     ASCII           ; do low nybble
001150  2  AA                   TAX                     ; save in X
001151  2  68                   PLA                     ; restore byte
001152  2  4A                   LSR     A               ; shift upper nybble down
001153  2  4A                   LSR     A
001154  2  4A                   LSR     A
001155  2  4A                   LSR     A
001156  2               ; convert low nybble in A to hex digit
001156  2               ASCII:
001156  2  29 0F                AND     #$0F            ; clear upper nibble
001158  2  C9 0A                CMP     #$0A            ; if less than A, skip next step
00115A  2  90 02                BCC     ASC1
00115C  2  69 06                ADC     #6              ; skip ascii chars between 9 and A
00115E  2               ASC1:
00115E  2  69 30                ADC     #$30            ; add ascii char 0 to value
001160  2  60                   RTS
001161  2               SAVX:
001161  2  00                   .BYTE   00
001162  2               TTX:
001162  2  00                   .BYTE   00
001163  2               TTY:
001163  2  00                   .BYTE   00
001164  2               TTA:
001164  2  00                   .BYTE   00
001165  2               ;__WRSER1________________________________________________________________________________________________________________________
001165  2               ;
001165  2               ;	WRITE CHARACTER(A) TO UART
001165  2               ;________________________________________________________________________________________________________________________________
001165  2               ;
001165  2               WRSER1:
001165  2  48                   PHA
001166  2               WRSER1a:
001166  2  AD 85 EF             LDA     UART1STATUS     ; GET STATUS
001169  2  29 10                AND     #%00010000      ; IS TX READY
00116B  2  F0 F9                BEQ     WRSER1a         ; NO, WAIT FOR IT
00116D  2  68                   PLA
00116E  2  8D 84 EF             STA     UART1DATA       ; WRITE DATA
001171  2  60                   RTS
001172  2               
001172  2               
001172  2                       .INCLUDE "diskcmds.asm"
001172  3               PEMVEC:
001172  3  00 00                .WORD   $0000
001174  3               
001174  3               DBGX:
001174  3  00                   .BYTE   0
001175  3               DBGY:
001175  3  00                   .BYTE   0
001176  3               DBGA:
001176  3  00                   .BYTE   0
001177  3               
001177  3               PEM:
001177  3                       .IFDEF  DUODYNE
001177  3                       JMP     $0103
001177  3                       .ELSE
001177  3  6C 72 11             JMP     (PEMVEC)
00117A  3                       .ENDIF
00117A  3               
00117A  3               
00117A  3               
00117A  3               ;___KILL____________________________________________________
00117A  3               ;
00117A  3               ; KILL COMMAND
00117A  3               ;
00117A  3               ;  RETURN TO DOS/65
00117A  3               ;
00117A  3               ;__________________________________________________________
00117A  3               LAB_KILL:
00117A  3               RETURN_TO_OS:
00117A  3  4C 00 01             JMP     $0100
00117D  3               
00117D  3               
00117D  3               ;___SAVE____________________________________________________
00117D  3               ;
00117D  3               ; SAVE COMMAND
00117D  3               ;
00117D  3               ;  SAVE THE BASIC PROGRAM IN MEMORY TO DISK
00117D  3               ;
00117D  3               ;__________________________________________________________
00117D  3               V_SAVE: ; save BASIC program
00117D  3               DOS65SAVE:
00117D  3  20 F2 12             JSR     DOS65FCBPREP    ; parse parameters into FCB
001180  3  B0 29                BCS     DOS65SAVE_ERR1  ; Error?, if so abort
001182  3  A2 0D                LDX     #13             ;
001184  3  20 77 11             JSR     PEM             ;
001187  3  A9 9A                LDA     #<FCB           ; CREATE File
001189  3  A0 15                LDY     #>FCB           ;
00118B  3  A2 16                LDX     #22             ;
00118D  3  20 77 11             JSR     PEM             ;
001190  3  A9 00                LDA     #0              ; clear
001192  3  8D BA 15             STA     FCB+32          ; record number
001195  3  A9 9A                LDA     #<FCB           ; Open File
001197  3  A0 15                LDY     #>FCB           ;
001199  3  A2 0F                LDX     #15             ;
00119B  3  20 77 11             JSR     PEM             ;
00119E  3  C9 FF                CMP     #$FF            ; error?, if NOT, continue
0011A0  3  D0 0C                BNE     DOS65SAVE_1     ;
0011A2  3               DOS65SAVE_ERR:
0011A2  3  A9 AB                LDA     #<FILEERROR2    ; NO, ERROR OUT
0011A4  3  A0 0F                LDY     #>FILEERROR2
0011A6  3  A2 09                LDX     #9              ; Print error message
0011A8  3  20 77 11             JSR     PEM             ;
0011AB  3               DOS65SAVE_ERR1:
0011AB  3  4C 9A 1D             JMP     LAB_REM         ; comment out the remainder of the line (if any)
0011AE  3               DOS65SAVE_1:
0011AE  3  A9 24                LDA     #<FCBBUFFER     ; SETUP BUFFER
0011B0  3  85 20                STA     FCBPTR          ; STORE DEST BUFFER IN FCBPTR
0011B2  3  A0 37                LDY     #>FCBBUFFER     ;
0011B4  3  84 21                STY     FCBPTR+1        ;
0011B6  3  A2 1A                LDX     #26             ; Setup Buffer
0011B8  3  20 77 11             JSR     PEM             ;
0011BB  3               DOS65SAVE_2:
0011BB  3  A5 79                LDA     <Smeml          ; All is well, file opened and continue
0011BD  3  85 22                STA     FCBPTR+2        ; point to base of RAM
0011BF  3  A5 7A                LDA     <Smemh          ;
0011C1  3  85 23                STA     FCBPTR+3        ;
0011C3  3  A2 00                LDX     #$00            ; x=0 (null counter)
0011C5  3               DOS65SAVE_2A:
0011C5  3  A0 00                LDY     #$00            ; y=0 (Loop Index)
0011C7  3               DOS65SAVE_3:
0011C7  3  B1 22                LDA     (FCBPTR+2),Y    ; load from RAM
0011C9  3  91 20                STA     (FCBPTR),Y      ; save to Buffer
0011CB  3  C9 00                CMP     #$00            ; is Zero?
0011CD  3  D0 1E                BNE     DOS65SAVE_3A    ; No, continue
0011CF  3  E8                   INX                     ; yes, bump Null Counter
0011D0  3  E0 03                CPX     #$03            ; Three nulls in a row?
0011D2  3  D0 1B                BNE     DOS65SAVE_3B    ; No, continue
0011D4  3                                               ; FINISH FILLING BUFFER WITH NULLS
0011D4  3               :
0011D4  3  91 20                STA     (FCBPTR),Y      ; save to Buffer
0011D6  3  C8                   INY                     ; bump index
0011D7  3  C0 80                CPY     #$80            ; end of buffer?
0011D9  3  D0 F9                BNE     :-              ; no, loop
0011DB  3  A9 9A                LDA     #<FCB           ; Write record in buffer to disk file AND END
0011DD  3  A0 15                LDY     #>FCB           ;
0011DF  3  A2 15                LDX     #21             ;
0011E1  3  20 77 11             JSR     PEM             ;
0011E4  3  29 FE                AND     #$FE            ; strip out extension
0011E6  3  C9 00                CMP     #$00            ; is error
0011E8  3  D0 B8                BNE     DOS65SAVE_ERR   ; ERROR, do error handling
0011EA  3  4C 1A 12             JMP     DOS65SAVE_4
0011ED  3               DOS65SAVE_3A:                   ;
0011ED  3  A2 00                LDX     #$00            ; prior char not null, reset null counter
0011EF  3               DOS65SAVE_3B:                   ;
0011EF  3  C8                   INY                     ; bump index
0011F0  3  C0 80                CPY     #$80            ; end of buffer?
0011F2  3  D0 D3                BNE     DOS65SAVE_3     ; no, loop
0011F4  3               DOS65SAVE_3C:
0011F4  3  A9 9A                LDA     #<FCB           ; Write record in buffer to disk file
0011F6  3  A0 15                LDY     #>FCB           ;
0011F8  3  A2 15                LDX     #21             ;
0011FA  3  20 77 11             JSR     PEM             ;
0011FD  3  29 FE                AND     #$FE            ; strip out extension
0011FF  3  C9 00                CMP     #$00            ; is error
001201  3  D0 9F                BNE     DOS65SAVE_ERR   ; ERROR, do error handling
001203  3  18                   CLC                     ;
001204  3  A5 22                LDA     FCBPTR+2        ; add $80 to base counter
001206  3  69 80                ADC     #$80            ;
001208  3  85 22                STA     FCBPTR+2        ;
00120A  3  90 B9                BCC     DOS65SAVE_2A    ; is carry?, no loop
00120C  3  18                   CLC                     ; yes, carry, inc high byte
00120D  3  A5 23                LDA     FCBPTR+3        ;
00120F  3  69 01                ADC     #$01            ;
001211  3  85 23                STA     FCBPTR+3        ;
001213  3  C9 B8                CMP     #>Ram_top       ; are we at the end of RAM?
001215  3  F0 03                BEQ     DOS65SAVE_4
001217  3  4C C5 11             JMP     DOS65SAVE_2A
00121A  3               DOS65SAVE_4:
00121A  3  A9 9A                LDA     #<FCB           ;
00121C  3  A0 15                LDY     #>FCB           ;
00121E  3  A2 10                LDX     #16             ;
001220  3  20 77 11             JSR     PEM             ;
001223  3  C9 FF                CMP     #$FF            ;
001225  3  D0 03                BNE     DOS65SAVE_5     ;
001227  3  4C A2 11             JMP     DOS65SAVE_ERR   ; ERROR, DISPLAY IT
00122A  3               DOS65SAVE_5:
00122A  3  A9 52                LDA     #<LAB_RMSG      ; point to "Ready" message low byte
00122C  3  A0 0F                LDY     #>LAB_RMSG      ; point to "Ready" message high byte
00122E  3  20 41 1F             JSR     LAB_18C3
001231  3  4C 96 18             JMP     LAB_1319        ; RESET VARS, STACK AND RETURN CONTROL TO BASIC
001234  3               
001234  3               ;___LOAD____________________________________________________
001234  3               ;
001234  3               ; LOAD COMMAND
001234  3               ;
001234  3               ;  LOAD A BASIC PROGRAM FROM DISK TO MEMORY
001234  3               ;
001234  3               ;__________________________________________________________
001234  3               V_LOAD: ; load BASIC program
001234  3               DOS65LOAD:
001234  3  A9 00                LDA     #$00
001236  3  8D 3C 13             STA     NullCounter
001239  3  20 F2 12             JSR     DOS65FCBPREP    ; parse parameters into FCB
00123C  3  B0 20                BCS     DOS65LOAD_ERR1  ; Error?, if so abort
00123E  3  A2 0D                LDX     #13             ;
001240  3  20 77 11             JSR     PEM             ;
001243  3  A9 00                LDA     #0              ; clear
001245  3  8D BA 15             STA     FCB+32          ; record number
001248  3  A9 9A                LDA     #<FCB           ; Open File
00124A  3  A0 15                LDY     #>FCB           ;
00124C  3  A2 0F                LDX     #15             ;
00124E  3  20 77 11             JSR     PEM             ;
001251  3  C9 FF                CMP     #$FF            ; error?, if NOT, continue
001253  3  D0 0C                BNE     DOS65LOAD_1     ;
001255  3               DOS65LOAD_ERR:
001255  3  A9 AB                LDA     #<FILEERROR2    ; NO, ERROR OUT
001257  3  A0 0F                LDY     #>FILEERROR2
001259  3  A2 09                LDX     #9              ; Print error message
00125B  3  20 77 11             JSR     PEM             ;
00125E  3               DOS65LOAD_ERR1:
00125E  3  4C 9A 1D             JMP     LAB_REM         ; comment out the remainder of the line (if any)
001261  3               DOS65LOAD_1:
001261  3  A5 79                LDA     <Smeml          ; All is well, file opened and continue
001263  3  85 22                STA     FCBPTR+2        ; point to base of RAM
001265  3  8D 3A 13             STA     EndOfBas        ;
001268  3  A5 7A                LDA     <Smemh          ;
00126A  3  85 23                STA     FCBPTR+3        ;
00126C  3  8D 3B 13             STA     EndOfBas+1      ;
00126F  3  A9 24                LDA     #<FCBBUFFER     ; SETUP BUFFER
001271  3  85 20                STA     FCBPTR          ; STORE DEST BUFFER IN FCBPTR
001273  3  A0 37                LDY     #>FCBBUFFER     ;
001275  3  84 21                STY     FCBPTR+1        ; STORE DEST BUFFER IN FCBPTR
001277  3  A2 1A                LDX     #26             ; Setup Buffer
001279  3  20 77 11             JSR     PEM             ;
00127C  3  4C BA 12             JMP     DOS65LOAD_3C
00127F  3               DOS65LOAD_3:
00127F  3  B1 20                LDA     (FCBPTR),Y      ; load from BUFFER
001281  3  91 22                STA     (FCBPTR+2),Y    ; save to RAM
001283  3  EE 3A 13             INC     EndOfBas
001286  3  D0 03                BNE     :+
001288  3  EE 3B 13             INC     EndOfBas+1
00128B  3               :
00128B  3  C9 00                CMP     #$00
00128D  3  D0 0D                BNE     :+
00128F  3  EE 3C 13             INC     NullCounter
001292  3  AD 3C 13             LDA     NullCounter
001295  3  C9 03                CMP     #3
001297  3  D0 08                BNE     :++
001299  3  4C CD 12             JMP     DOS65LOAD_4
00129C  3               :
00129C  3  A9 00                LDA     #$00
00129E  3  8D 3C 13             STA     NullCounter
0012A1  3               :
0012A1  3  C8                   INY                     ; bump index
0012A2  3  C0 80                CPY     #$80            ; end of buffer?
0012A4  3  D0 D9                BNE     DOS65LOAD_3     ; no, loop
0012A6  3  18                   CLC                     ;
0012A7  3  A5 22                LDA     FCBPTR+2        ; add $80 to base counter
0012A9  3  69 80                ADC     #$80            ;
0012AB  3  85 22                STA     FCBPTR+2        ;
0012AD  3  90 0B                BCC     DOS65LOAD_3C    ; is carry?, no SKIP
0012AF  3  18                   CLC                     ; yes, carry, inc high byte
0012B0  3  A5 23                LDA     FCBPTR+3        ;
0012B2  3  69 01                ADC     #$01            ;
0012B4  3  85 23                STA     FCBPTR+3        ;
0012B6  3  C9 B8                CMP     #>Ram_top       ; are we at the end of RAM?
0012B8  3  F0 13                BEQ     DOS65LOAD_4
0012BA  3               
0012BA  3               DOS65LOAD_3C:
0012BA  3  A9 9A                LDA     #<FCB           ; READ record buffer from disk file
0012BC  3  A0 15                LDY     #>FCB           ;
0012BE  3  A2 14                LDX     #20             ;
0012C0  3  20 77 11             JSR     PEM             ;
0012C3  3  A0 00                LDY     #$00            ; RESET INDEX
0012C5  3  C9 00                CMP     #$00            ; is error or EOF
0012C7  3  F0 B6                BEQ     DOS65LOAD_3     ;
0012C9  3  C9 01                CMP     #$01            ; EOF?
0012CB  3  D0 88                BNE     DOS65LOAD_ERR   ; ERROR, do error handling
0012CD  3               DOS65LOAD_4:
0012CD  3  A9 9A                LDA     #<FCB           ;
0012CF  3  A0 15                LDY     #>FCB           ;
0012D1  3  A2 10                LDX     #16             ;
0012D3  3  20 77 11             JSR     PEM             ;
0012D6  3                                               ; setup pointers to return to basic
0012D6  3  AD 3A 13             LDA     EndOfBas
0012D9  3  85 7B                STA     Svarl
0012DB  3  85 7D                STA     Sarryl
0012DD  3  85 7F                STA     Earryl
0012DF  3  AD 3B 13             LDA     EndOfBas+1
0012E2  3  85 7C                STA     Svarh
0012E4  3  85 7E                STA     Sarryh
0012E6  3  85 80                STA     Earryh
0012E8  3  A9 52                LDA     #<LAB_RMSG      ; point to "Ready" message low byte
0012EA  3  A0 0F                LDY     #>LAB_RMSG      ; point to "Ready" message high byte
0012EC  3  20 41 1F             JSR     LAB_18C3
0012EF  3  4C 96 18             JMP     LAB_1319        ; RESET VARS, STACK AND RETURN CONTROL TO BASIC
0012F2  3               
0012F2  3               
0012F2  3               
0012F2  3               DOS65FCBPREP:
0012F2  3                       .IFDEF  DUODYNE
0012F2  3                       JSL     LAB_GBYT        ; scan memory
0012F2  3                       .ELSE
0012F2  3  20 C2 00             JSR     LAB_GBYT        ; scan memory
0012F5  3                       .ENDIF
0012F5  3               
0012F5  3  38                   SEC                     ;
0012F6  3  E9 40                SBC     #64             ; PARSE DRIVE NUMBER
0012F8  3  8D 9A 15             STA     DOSDRIVE        ; STORE IT IN FCB
0012FB  3                       .IFDEF  DUODYNE
0012FB  3                       JSL     LAB_IGBY        ; increment and scan memory
0012FB  3                       .ELSE
0012FB  3  20 BC 00             JSR     LAB_IGBY        ; increment and scan memory
0012FE  3                       .ENDIF
0012FE  3               
0012FE  3  C9 3A                CMP     #':'            ;
001300  3  F0 0E                BEQ     DOS65FCBPREP_1  ; YES, IT WAS A DRIVE, CONTINUE
001302  3  A9 80                LDA     #<FILEERROR1    ; NO, ERROR OUT
001304  3  A0 0F                LDY     #>FILEERROR1
001306  3  A2 09                LDX     #9
001308  3  20 77 11             JSR     PEM
00130B  3  20 9A 1D             JSR     LAB_REM
00130E  3  38                   SEC
00130F  3  60                   RTS
001310  3               DOS65FCBPREP_1:
001310  3  A9 9A                LDA     #<FCB           ; SETUP FCBPTR
001312  3  85 20                STA     FCBPTR          ;
001314  3  A9 15                LDA     #>FCB           ;
001316  3  85 21                STA     FCBPTR+1        ;
001318  3  A0 01                LDY     #$01            ; POINT Y TO FCB FILE NAME
00131A  3  A9 20                LDA     #$20            ; LOAD SPACE CHAR INTO A
00131C  3               DOS65FCBPREP_1A:                ; BLANK OUT FCB
00131C  3  91 20                STAINDIRECTY FCBPTR     ;
00131E  3  C8                   INY                     ;
00131F  3  C0 09                CPY     #$09            ; IS DONE
001321  3  D0 F9                BNE     DOS65FCBPREP_1A ; NO, LOOP
001323  3  A0 01                LDY     #$01            ; POINT Y TO FCB FILE NAME
001325  3               DOS65FCBPREP_2:                 ; COPY FILE NAME PARAMETER INTO FCB
001325  3                       .IFDEF  DUODYNE
001325  3                       JSL     LAB_IGBY        ; increment and scan memory
001325  3                       .ELSE
001325  3  20 BC 00             JSR     LAB_IGBY        ; increment and scan memory
001328  3                       .ENDIF
001328  3  F0 0E                BEQ     DOS65FCBPREP_3  ;
00132A  3  C9 2E                CMP     #'.'
00132C  3  F0 0A                BEQ     DOS65FCBPREP_3  ;
00132E  3  91 20                STAINDIRECTY FCBPTR     ;
001330  3  C8                   INY                     ;
001331  3  C0 09                CPY     #$09            ;
001333  3  F0 03                BEQ     DOS65FCBPREP_3  ;
001335  3  4C 25 13             JMP     DOS65FCBPREP_2  ;
001338  3               DOS65FCBPREP_3:                 ;
001338  3  18                   CLC
001339  3  60                   RTS                     ;
00133A  3               
00133A  3               EndOfBas:
00133A  3  00 00                .BYTE   00,00
00133C  3               NullCounter:
00133C  3  00                   .BYTE   00
00133D  3               
00133D  3               
00133D  3               
00133D  3               
00133D  3               ;___DIR_____________________________________________________
00133D  3               ;
00133D  3               ; DIR COMMAND
00133D  3               ;
00133D  3               ;  DISPLAY A DISK DIRECTORY
00133D  3               ;
00133D  3               ;__________________________________________________________
00133D  3               
00133D  3               LAB_DIR:
00133D  3  A9 00                LDA     #$00
00133F  3  8D C7 15             STA     DIRET
001342  3  8D C8 15             STA     DIRET+1
001345  3  8D C9 15             STA     DIRET+2
001348  3               
001348  3  A9 24                LDA     #<FCBBUFFER     ; SETUP BUFFER
00134A  3  A0 37                LDY     #>FCBBUFFER     ;
00134C  3  A2 1A                LDX     #26             ; Setup Buffer
00134E  3  20 77 11             JSR     PEM             ;
001351  3               
001351  3                       .IFDEF  DUODYNE
001351  3                       JSL     LAB_GBYT        ; scan memory
001351  3                       .ELSE
001351  3  20 C2 00             JSR     LAB_GBYT        ; scan memory
001354  3                       .ENDIF
001354  3               
001354  3  38                   SEC                     ;
001355  3  E9 40                SBC     #64             ; PARSE DRIVE NUMBER
001357  3  8D BB 15             STA     DIRDRIVE        ; STORE IT IN FCB
00135A  3                       .IFDEF  DUODYNE
00135A  3                       JSL     LAB_IGBY        ; increment and scan memory
00135A  3                       .ELSE
00135A  3  20 BC 00             JSR     LAB_IGBY        ; increment and scan memory
00135D  3                       .ENDIF
00135D  3               
00135D  3  C9 3A                CMP     #':'            ;
00135F  3  F0 0F                BEQ     :+              ; YES, IT WAS A DRIVE, CONTINUE
001361  3  A9 80                LDA     #<FILEERROR1    ; NO, ERROR OUT
001363  3  A0 0F                LDY     #>FILEERROR1
001365  3  A2 09                LDX     #9
001367  3  20 77 11             JSR     PEM
00136A  3  20 9A 1D             JSR     LAB_REM
00136D  3  4C B8 13             JMP     DIR_EXIT
001370  3               
001370  3               :
001370  3  A9 BB                LDA     #<DIRFCB        ; GET FIRST DIR ENTRY
001372  3  A0 15                LDY     #>DIRFCB        ;
001374  3  A2 11                LDX     #17             ;
001376  3  20 77 11             JSR     PEM             ;
001379  3               
001379  3               DIR_LOOP:
001379  3  C9 FF                CMP     #$FF
00137B  3  F0 3B                BEQ     DIR_EXIT
00137D  3               
00137D  3               ; PRINT DIR ENTRY
00137D  3  0A                   ASL     A               ; *2
00137E  3  0A                   ASL     A               ; *4
00137F  3  0A                   ASL     A               ; *8
001380  3  0A                   ASL     A               ; *16
001381  3  0A                   ASL     A               ; *32
001382  3  85 11                STA     Itempl
001384  3  AA                   TAX
001385  3  A0 00                LDY     #0
001387  3               DIR_PRINT:
001387  3                                               ; PRINT FILENAME
001387  3  BD 24 37             LDA     FCBBUFFER,X
00138A  3  20 A0 10             JSR     V_OUTP
00138D  3  E8                   INX
00138E  3  C8                   INY
00138F  3  C0 09                CPY     #9
001391  3  F0 1A                BEQ     DIR_SPACE
001393  3  C0 0C                CPY     #12
001395  3  D0 F0                BNE     DIR_PRINT
001397  3                                               ; PRINT SPACE
001397  3  A9 0D                LDA     #$0D
001399  3  20 A0 10             JSR     V_OUTP
00139C  3  A9 0A                LDA     #$0A
00139E  3  20 A0 10             JSR     V_OUTP
0013A1  3               
0013A1  3  A9 BB                LDA     #<DIRFCB        ; GET NEXT DIR ENTRY
0013A3  3  A0 15                LDY     #>DIRFCB        ;
0013A5  3  A2 12                LDX     #18             ;
0013A7  3  20 77 11             JSR     PEM             ;
0013AA  3  4C 79 13             JMP     DIR_LOOP
0013AD  3               DIR_SPACE:
0013AD  3  A9 20                LDA     #' '
0013AF  3  20 A0 10             JSR     V_OUTP
0013B2  3  20 A0 10             JSR     V_OUTP
0013B5  3  4C 87 13             JMP     DIR_PRINT
0013B8  3               DIR_EXIT:
0013B8  3               
0013B8  3  A9 52                LDA     #<LAB_RMSG      ; point to "Ready" message low byte
0013BA  3  A0 0F                LDY     #>LAB_RMSG      ; point to "Ready" message high byte
0013BC  3  20 41 1F             JSR     LAB_18C3
0013BF  3  4C 96 18             JMP     LAB_1319        ; RESET VARS, STACK AND RETURN CONTROL TO BASIC
0013C2  3               
0013C2  3               
0013C2  3               ;___OPEN____________________________________________________
0013C2  3               ;
0013C2  3               ; OPEN A FILE
0013C2  3               ;
0013C2  3               ;
0013C2  3               ; BASIC COMMAND EXPECTS FOUR VARS
0013C2  3               
0013C2  3               ; DRIVE,MODE, FILENAME$,FILE$
0013C2  3               ;
0013C2  3               ; FILE$ = STRING TO HOLD 33 BYTE FCB
0013C2  3               ; DRIVE = NUMERIC DRIVE -- 0=A, 1=B, 2= . . .
0013C2  3               ; MODE = 0=EXISTING, 1=CREATE
0013C2  3               ; FILENAME$ = FILENAME STRING
0013C2  3               ;__________________________________________________________
0013C2  3               V_OPEN:
0013C2  3               ; CLEAR FCB
0013C2  3  A9 00                LDA     #0              ; FILL WITH NULL
0013C4  3  A0 00                LDY     #0              ;
0013C6  3               :
0013C6  3  99 9A 15             STA     FCB,Y           ;
0013C9  3  C8                   INY                     ;
0013CA  3  C0 21                CPY     #33             ;
0013CC  3  D0 F8                BNE     :-              ;
0013CE  3                                               ;
0013CE  3  A9 20                LDA     #32             ; FILL FILENAME AND EXTENSION WITH SPACES
0013D0  3  A0 01                LDY     #1              ;
0013D2  3               :
0013D2  3  99 9A 15             STA     FCB,Y           ;
0013D5  3  C8                   INY                     ;
0013D6  3  C0 0C                CPY     #12             ;
0013D8  3  D0 F8                BNE     :-              ;
0013DA  3                                               ;
0013DA  3  20 FE 2A             JSR     LAB_GTBY        ; GET THE FIRST PARAMETER, RETURN IN X (DRIVE)
0013DD  3  8A                   TXA
0013DE  3  8D 9A 15             STA     FCB             ; STORE DRIVE IN FCB
0013E1  3                                               ;
0013E1  3  20 6D 22             JSR     LAB_1C01        ; (AFTER ',') OR SYN ERR
0013E4  3  20 FE 2A             JSR     LAB_GTBY        ; GET THE SECOND PARAMETER, RETURN IN X (MODE)
0013E7  3                                               ;
0013E7  3  E0 00                CPX     #0
0013E9  3  D0 08                BNE     :+
0013EB  3  A9 0F                LDA     #15
0013ED  3  8D A1 14             STA     OPNTMP
0013F0  3  4C F8 13             JMP     V_OPEN1
0013F3  3               :
0013F3  3  A9 16                LDA     #22
0013F5  3  8D A1 14             STA     OPNTMP          ;
0013F8  3               V_OPEN1:
0013F8  3  20 6D 22             JSR     LAB_1C01        ; (AFTER ',') OR SYN ERR
0013FB  3  20 4F 21             JSR     LAB_EVEX        ; GET THE THIRD PARAMETER
0013FE  3  A5 5F                LDA     <Dtypef         ; IS IT A STRING?
001400  3  D0 08                BNE     :+              ; YES, CONTINUE ON
001402  3  A2 02                LDX     #$02            ; NOPE, SYNTAX ERROR
001404  3  20 BE 17             JSR     LAB_XERR
001407  3  4C 96 18             JMP     LAB_1319        ; RESET VARS, STACK AND RETURN CONTROL TO BASIC
00140A  3               :
00140A  3  20 B0 29             JSR     LAB_22B6        ; pop string off descriptor stack, or from top of string
00140D  3                                               ; space returns with A = length, X=$71=pointer low byte,
00140D  3                                               ; Y=$72=pointer high byte
00140D  3  85 AC                STA     str_ln          ; set string length
00140F  3  86 AD                STX     str_pl          ; set string pointer low byte
001411  3  84 AE                STY     str_ph          ; set string pointer high byte
001413  3                                               ; STORE IN FILENAME AND EXTENSION
001413  3  A2 00                LDX     #0
001415  3  A0 00                LDY     #0
001417  3               :
001417  3  B1 AD                LDA     (str_pl),Y
001419  3  C9 2E                CMP     #'.'
00141B  3  F0 1E                BEQ     V_OPEN_EXTENSION
00141D  3  C4 AC                CPY     str_ln
00141F  3  F0 35                BEQ     V_OPEN_FNEND
001421  3  C8                   INY
001422  3  99 9A 15             STA     FCB,Y
001425  3  C0 08                CPY     #8
001427  3  D0 EE                BNE     :-
001429  3               :
001429  3  C8                   INY
00142A  3  B9 9A 15             LDA     FCB,Y
00142D  3  C9 2E                CMP     #'.'
00142F  3  F0 0A                BEQ     V_OPEN_EXTENSION
001431  3  C4 AC                CPY     str_ln
001433  3  F0 21                BEQ     V_OPEN_FNEND
001435  3  4C 29 14             JMP     :-
001438  3  4C 56 14             JMP     V_OPEN_FNEND
00143B  3               V_OPEN_EXTENSION:
00143B  3  A2 09                LDX     #9
00143D  3               :
00143D  3  C8                   INY
00143E  3  B1 AD                LDA     (str_pl),Y
001440  3  C4 AC                CPY     str_ln
001442  3  F0 12                BEQ     V_OPEN_FNEND
001444  3  84 E4                STY     Rbyte3
001446  3  86 E3                STX     Rbyte2
001448  3  A4 E3                LDY     Rbyte2
00144A  3  99 9A 15             STA     FCB,Y
00144D  3  E6 E3                INC     Rbyte2
00144F  3  A4 E4                LDY     Rbyte3
001451  3  E8                   INX
001452  3  E0 0C                CPX     #12
001454  3  D0 E7                BNE     :-
001456  3               V_OPEN_FNEND:
001456  3  A2 0D                LDX     #13             ; INITIALIZE SYSTEM
001458  3  20 77 11             JSR     PEM             ;
00145B  3  AE A1 14             LDX     OPNTMP          ; OPEN OR CREATE
00145E  3  A9 9A                LDA     #<FCB           ; FCB
001460  3  A0 15                LDY     #>FCB           ; FCB
001462  3  20 77 11             JSR     PEM
001465  3  C9 FF                CMP     #$FF
001467  3  D0 08                BNE     :+
001469  3  A2 24                LDX     #$24            ; IO ERROR
00146B  3  20 BE 17             JSR     LAB_XERR
00146E  3  4C 96 18             JMP     LAB_1319        ; RESET VARS, STACK AND RETURN CONTROL TO BASIC
001471  3               :
001471  3  20 6D 22             JSR     LAB_1C01        ; (AFTER ',') OR SYN ERR
001474  3  20 1A 24             JSR     LAB_GVAR        ; GET THE FOURTH PARAMETER
001477  3  85 97                STA     Lvarpl          ; save var address low byte
001479  3  84 98                STY     Lvarph          ; save var address high byte
00147B  3  A5 5F                LDA     <Dtypef         ; IS IT A STRING?
00147D  3  D0 08                BNE     :+              ; YES, CONTINUE ON
00147F  3  A2 02                LDX     #$02            ; NOPE, SYNTAX ERROR
001481  3  20 BE 17             JSR     LAB_XERR
001484  3  4C 96 18             JMP     LAB_1319        ; RESET VARS, STACK AND RETURN CONTROL TO BASIC
001487  3               :
001487  3  A9 22                LDA     #34
001489  3  20 AA 27             JSR     LAB_MSSP        ; make string space A bytes long A=$AC=length,
00148C  3                                               ; X=$AD=<Sutill=ptr low byte, Y=$AE=<Sutilh=ptr high byte
00148C  3                                               ; COPY FCB TO STRING
00148C  3  A2 21                LDX     #33             ;
00148E  3  A0 21                LDY     #33             ;
001490  3               :
001490  3  CA                   DEX
001491  3  88                   DEY
001492  3  BD 9A 15             LDA     FCB,X
001495  3  91 AD                STA     (str_pl),Y      ;
001497  3  E0 00                CPX     #0              ;
001499  3  D0 F5                BNE     :-              ;
00149B  3                                               ;
00149B  3  20 F7 27             JSR     LAB_RTST        ; STORE STRING
00149E  3  4C 3E 1E             JMP     LAB_17D5        ; do string LET and return
0014A1  3               
0014A1  3               OPNTMP:
0014A1  3  00                   .BYTE   00
0014A2  3               
0014A2  3               ;___CLOSE____________________________________________________
0014A2  3               ;
0014A2  3               ; CLOSE A FILE
0014A2  3               ;
0014A2  3               ; BASIC COMMAND EXPECTS ONE VAR
0014A2  3               ;
0014A2  3               ; FILE$
0014A2  3               ;
0014A2  3               ; FILE$ = STRING HOLDING 33 BYTE FCB
0014A2  3               ;__________________________________________________________
0014A2  3               V_CLOSE:
0014A2  3  20 1A 24             JSR     LAB_GVAR        ; GET THE FIRST PARAMETER
0014A5  3  20 40 21             JSR     LAB_CTST        ; check if source is string, else do type mismatch
0014A8  3  A0 02                LDY     #$02            ; index to string pointer high byte
0014AA  3  B1 95                LDAINDIRECTY Cvaral     ; get string pointer high byte
0014AC  3  85 FE                STA     TEMPW+1         ; set string pointer high byte
0014AE  3  88                   DEY                     ; index to string pointer low byte
0014AF  3  B1 95                LDAINDIRECTY Cvaral     ; get string pointer low byte
0014B1  3  85 FD                STA     TEMPW           ; set string pointer low byte
0014B3  3  A2 10                LDX     #16             ; CLOSE
0014B5  3  A5 FD                LDA     TEMPW           ; FCB
0014B7  3  A4 FE                LDY     TEMPW+1         ; FCB
0014B9  3  20 77 11             JSR     PEM
0014BC  3  C9 FF                CMP     #$FF
0014BE  3  D0 08                BNE     :+
0014C0  3  A2 24                LDX     #$24            ; IO ERROR
0014C2  3  20 BE 17             JSR     LAB_XERR
0014C5  3  4C 96 18             JMP     LAB_1319        ; RESET VARS, STACK AND RETURN CONTROL TO BASIC
0014C8  3               :
0014C8  3  60                   RTS
0014C9  3               
0014C9  3               ;___FILEWRITE_______________________________________________
0014C9  3               ;
0014C9  3               ; WRITE A 128 BYTE BLOCK TO A FILE
0014C9  3               ;
0014C9  3               ; BASIC COMMAND EXPECTS TWO VARS
0014C9  3               ;
0014C9  3               ; FILE$,DATA$
0014C9  3               ;
0014C9  3               ; FILE$ = STRING HOLDING 33 BYTE FCB
0014C9  3               ; DATA$ = STRING HOLDING 128 BYTE BLOCK
0014C9  3               ;__________________________________________________________
0014C9  3               V_FILEWRITE:
0014C9  3  20 1A 24             JSR     LAB_GVAR        ; GET THE FIRST PARAMETER
0014CC  3  20 40 21             JSR     LAB_CTST        ; check if source is string, else do type mismatch
0014CF  3  A0 02                LDY     #$02            ; index to string pointer high byte
0014D1  3  B1 95                LDAINDIRECTY Cvaral     ; get string pointer high byte
0014D3  3  85 FE                STA     TEMPW+1         ; set string pointer high byte
0014D5  3  88                   DEY                     ; index to string pointer low byte
0014D6  3  B1 95                LDAINDIRECTY Cvaral     ; get string pointer low byte
0014D8  3  85 FD                STA     TEMPW           ; set string pointer low byte
0014DA  3  20 6D 22             JSR     LAB_1C01        ; (AFTER ',') OR SYN ERR
0014DD  3  20 4F 21             JSR     LAB_EVEX        ; GET THE SECOND PARAMETER
0014E0  3  A5 5F                LDA     <Dtypef         ; IS IT A STRING?
0014E2  3  D0 08                BNE     :+              ; YES, CONTINUE ON
0014E4  3  A2 02                LDX     #$02            ; NOPE, SYNTAX ERROR
0014E6  3  20 BE 17             JSR     LAB_XERR
0014E9  3  4C 96 18             JMP     LAB_1319        ; RESET VARS, STACK AND RETURN CONTROL TO BASIC
0014EC  3               :
0014EC  3  A0 00                LDY     #00
0014EE  3  B1 AE                LDA     (des_pl),Y
0014F0  3  85 AC                STA     str_ln          ; set string length
0014F2  3  C8                   INY
0014F3  3  B1 AE                LDA     (des_pl),Y
0014F5  3  85 AD                STA     str_pl          ; set string pointer low byte
0014F7  3  C8                   INY
0014F8  3  B1 AE                LDA     (des_pl),Y
0014FA  3  85 AE                STA     str_ph          ; set string pointer high byte
0014FC  3               
0014FC  3  A2 00                LDX     #$00
0014FE  3  A9 00                LDA     #$00
001500  3               :
001500  3  9D 24 37             STA     FCBBUFFER,X
001503  3  E8                   INX
001504  3  E0 80                CPX     #$80
001506  3  D0 F8                BNE     :-
001508  3  A0 00                LDY     #0
00150A  3               :
00150A  3  B1 AD                LDA     (str_pl),Y
00150C  3  99 24 37             STA     FCBBUFFER,Y
00150F  3  C8                   INY
001510  3  C0 80                CPY     #$80
001512  3  F0 04                BEQ     :+
001514  3  C4 AC                CPY     str_ln
001516  3  D0 F2                BNE     :-
001518  3               :
001518  3  A2 1A                LDX     #26             ; SET BUFFER
00151A  3  A9 24                LDA     #<FCBBUFFER     ; BUFFER
00151C  3  A0 37                LDY     #>FCBBUFFER     ;
00151E  3  20 77 11             JSR     PEM
001521  3  A2 15                LDX     #21             ; WRITE RECORD
001523  3  A5 FD                LDA     TEMPW           ; FCB
001525  3  A4 FE                LDY     TEMPW+1         ; FCB
001527  3  20 77 11             JSR     PEM
00152A  3  C9 FF                CMP     #$FF
00152C  3  D0 08                BNE     :+
00152E  3  A2 24                LDX     #$24            ; IO ERROR
001530  3  20 BE 17             JSR     LAB_XERR
001533  3  4C 96 18             JMP     LAB_1319        ; RESET VARS, STACK AND RETURN CONTROL TO BASIC
001536  3               :
001536  3  60                   RTS
001537  3               
001537  3               
001537  3               ;___FILEREAD_______________________________________________
001537  3               ;
001537  3               ; READ A 128 BYTE BLOCK FROM A FILE
001537  3               ;
001537  3               ; BASIC COMMAND EXPECTS TWO VARS
001537  3               ;
001537  3               ; FILE$,DATA$
001537  3               ;
001537  3               ; FILE$ = STRING HOLDING 33 BYTE FCB
001537  3               ; DATA$ = STRING HOLDING 128 BYTE BLOCK
001537  3               ;__________________________________________________________
001537  3               V_FILEREAD:
001537  3  20 1A 24             JSR     LAB_GVAR        ; GET THE FIRST PARAMETER
00153A  3  20 40 21             JSR     LAB_CTST        ; check if source is string, else do type mismatch
00153D  3  A0 02                LDY     #$02            ; index to string pointer high byte
00153F  3  B1 95                LDAINDIRECTY Cvaral     ; get string pointer high byte
001541  3  85 FE                STA     TEMPW+1         ; set string pointer high byte
001543  3  88                   DEY                     ; index to string pointer low byte
001544  3  B1 95                LDAINDIRECTY Cvaral     ; get string pointer low byte
001546  3  85 FD                STA     TEMPW           ; set string pointer low byte
001548  3                                               ;
001548  3  A2 1A                LDX     #26             ; SET BUFFER
00154A  3  A9 24                LDA     #<FCBBUFFER     ; BUFFER
00154C  3  A0 37                LDY     #>FCBBUFFER     ;
00154E  3  20 77 11             JSR     PEM
001551  3  A2 14                LDX     #20             ; READ RECORD
001553  3  A5 FD                LDA     TEMPW           ; FCB
001555  3  A4 FE                LDY     TEMPW+1         ; FCB
001557  3  20 77 11             JSR     PEM
00155A  3  C9 FF                CMP     #$FF
00155C  3  D0 08                BNE     :+
00155E  3  A2 24                LDX     #$24            ; IO ERROR
001560  3  20 BE 17             JSR     LAB_XERR
001563  3  4C 96 18             JMP     LAB_1319        ; RESET VARS, STACK AND RETURN CONTROL TO BASIC
001566  3               :
001566  3  20 6D 22             JSR     LAB_1C01        ; (AFTER ',') OR SYN ERR
001569  3  20 1A 24             JSR     LAB_GVAR        ; GET THE SECOND PARAMETER
00156C  3  85 97                STA     Lvarpl          ; save var address low byte
00156E  3  84 98                STY     Lvarph          ; save var address high byte
001570  3  A5 5F                LDA     <Dtypef         ; IS IT A STRING?
001572  3  D0 08                BNE     :+              ; YES, CONTINUE ON
001574  3  A2 02                LDX     #$02            ; NOPE, SYNTAX ERROR
001576  3  20 BE 17             JSR     LAB_XERR
001579  3  4C 96 18             JMP     LAB_1319        ; RESET VARS, STACK AND RETURN CONTROL TO BASIC
00157C  3               :
00157C  3  A9 81                LDA     #129            ;
00157E  3  20 AA 27             JSR     LAB_MSSP        ; make string space A bytes long A=$AC=length,
001581  3                                               ; X=$AD=<Sutill=ptr low byte, Y=$AE=<Sutilh=ptr high byte
001581  3                                               ; COPY FCB TO STRING
001581  3  A2 80                LDX     #128            ;
001583  3  A0 80                LDY     #128            ;
001585  3               :
001585  3  CA                   DEX
001586  3  88                   DEY
001587  3  BD 24 37             LDA     FCBBUFFER,X
00158A  3  91 AD                STA     (str_pl),Y      ;
00158C  3  E0 00                CPX     #0              ;
00158E  3  D0 F5                BNE     :-              ;
001590  3                                               ;
001590  3  20 F7 27             JSR     LAB_RTST        ; STORE STRING
001593  3  4C 3E 1E             JMP     LAB_17D5        ; do string LET and return
001596  3               
001596  3               
001596  3               
001596  3               VDOS65SAVE:
001596  3  7D 11                .WORD   DOS65SAVE
001598  3               VDOS65LOAD:
001598  3  34 12                .WORD   DOS65LOAD
00159A  3               
00159A  3               FCB:
00159A  3               DOSDRIVE:
00159A  3  00                   .BYTE   0               ; DRIVE NUMBER
00159B  3               DOSFN:
00159B  3  20 20 20 20          .BYTE   "        "      ; FILE NAME
00159F  3  20 20 20 20  
0015A3  3               DOSEX:
0015A3  3  42 41 53             .BYTE   "BAS"           ; EXTENSION
0015A6  3               DOSET:
0015A6  3  00 00 00             .BYTE   0,0,0           ; EXTENT
0015A9  3               DOSNR:
0015A9  3  00                   .BYTE   0               ; NUMBER OF RECORDS IN FILE
0015AA  3               DOSBL:
0015AA  3  00 00 00 00          .BYTE   0,0,0,0,0,0,0,0 ; BLOCKS IN FILE
0015AE  3  00 00 00 00  
0015B2  3  00 00 00 00          .BYTE   0,0,0,0,0,0,0,0 ;
0015B6  3  00 00 00 00  
0015BA  3               DOSNX:
0015BA  3  00                   .BYTE   0               ; NEXT RECORD
0015BB  3               DIRFCB:
0015BB  3               DIRDRIVE:
0015BB  3  00                   .BYTE   0               ; DRIVE NUMBER
0015BC  3               DIRFN:
0015BC  3  3F 3F 3F 3F          .BYTE   "????????"      ; FILE NAME
0015C0  3  3F 3F 3F 3F  
0015C4  3               DIREX:
0015C4  3  3F 3F 3F             .BYTE   "???"           ; EXTENSION
0015C7  3               DIRET:
0015C7  3  00 00 00             .BYTE   0,0,0           ; EXTENT
0015CA  3               DIRNR:
0015CA  3  00                   .BYTE   0               ; NUMBER OF RECORDS IN FILE
0015CB  3               DIRBL:
0015CB  3  00 00 00 00          .BYTE   0,0,0,0,0,0,0,0 ; BLOCKS IN FILE
0015CF  3  00 00 00 00  
0015D3  3  00 00 00 00          .BYTE   0,0,0,0,0,0,0,0 ;
0015D7  3  00 00 00 00  
0015DB  3               DIRNX:
0015DB  3  00                   .BYTE   0               ; NEXT RECORD
0015DC  3               
0015DC  2                       .INCLUDE "screencmds.asm"
0015DC  3               
0015DC  3                       .IFDEF  MEMORYMAPPEDSCREEN
0015DC  3               
0015DC  3               ;* MEMORY MAP
0015DC  3               ;  VIDEO CARD IS A 32K AREA (MAPPED IN BANKS TO $AXXX)
0015DC  3               ;  $0x00 0x01=soft_scanline_emulation, 0x02 NO soft_scanline_emulation
0015DC  3               ;  $0x01 0x01=page1, 0x02 page2
0015DC  3               ;  $0x02  character generator write offset (data << 3)
0015DC  3               ;  $0x03 character generator write DATA
0015DC  3               ;  $0x04 EXECUTE device command
0015DC  3               ;        0x00- reset to the default configuration
0015DC  3               ;        0x01- reset to the saved configuration
0015DC  3               ;	0x02- save the current configuration
0015DC  3               ;
0015DC  3               ;  $0x05  0x01=soft_text=true, 0x02=soft_text=false
0015DC  3               ;  $0x06 Lores Mode=0X01,NO lores Mode=0x02
0015DC  3               ;  $0x07 Double Lores Mode=0X01,NO Double lores Mode=0x02
0015DC  3               ;  $0x08 Hires Mode=0X01,NO Hires Mode=0x02
0015DC  3               ;  $0x09 Double Hires Mode=0X01,NO Double Hires lores Mode=0x02
0015DC  3               ;  $0x0A 80COL Mode=0X01,NO 80COL Mode=0x02
0015DC  3               ;  $0x0B MIXED Mode=0X01,NO MIXED Mode=0x02
0015DC  3               ;  $0x0C QUAD Hires Mode=0X01,NO QUAD Hires lores Mode=0x02
0015DC  3               ;  $0x0D MONO Hires Mode=0X01,NO MONO Hires lores Mode=0x02
0015DC  3               ;
0015DC  3               ; 	VRAM Memory Map
0015DC  3               ;	$1000-$177F	40/80 Text Page 1
0015DC  3               ;	$1800-$1F7F	40/80 Color Page 1
0015DC  3               ;	$2000-$277F	40/80 Text Page 2
0015DC  3               ;	$2800-$2F7F	40/80 Color Page 2
0015DC  3               ;	$2000-$5FFF	HIRES PAGE 1
0015DC  3               ;	$6000-$8FFF	HIRES PAGE 2
0015DC  3               ;	$2000-$BFFF	DOUBLE HIRES
0015DC  3               
0015DC  3               VIDEOBANK       = $F8
0015DC  3               PC6502_IOSPACE  = $EF00
0015DC  3               ; PAGER
0015DC  3               PC6502_ACT_TASK = PC6502_IOSPACE+$E0
0015DC  3               PC6502_MAP_SETUP = PC6502_IOSPACE+$E1
0015DC  3               PC6502_MMU_ENA  = PC6502_IOSPACE+$E2
0015DC  3               PC6502_MAP_SPACE = PC6502_IOSPACE+$D0
0015DC  3               
0015DC  3               VideoDisplayPage = $A001
0015DC  3               VideoCharGenOffset = $A002
0015DC  3               VideoCharGenData = $A003
0015DC  3               VideoTextMode   = $A005
0015DC  3               VideoLoresMode  = $A006
0015DC  3               VideoDoubleLores = $A007
0015DC  3               VideoHiresMode  = $A008
0015DC  3               VideoDoubleHires = $A009
0015DC  3               Video80col      = $A00A
0015DC  3               VideoMixedMode  = $A00b
0015DC  3               VideoQuadHires  = $A00c
0015DC  3               VideoMonoHires  = $A00d
0015DC  3               
0015DC  3               CURX            = $0647         ; CURRENT CURSOR POSITION (MEMORY MAPPED)
0015DC  3               CURY            = $0648
0015DC  3               SHOWCRSR        = $0649         ; SHOW CURSOR (1-YES, 0-NO) (MEMORY MAPPED)
0015DC  3               CURCOLOR        = $064A         ; CURRENT PRINT COLOR (MEMORY MAPPED)
0015DC  3               CSRCOLOR        = $064B         ; CURRENT CURSOR COLOR (MEMORY MAPPED)
0015DC  3               BVIDEOMODE      = $064C         ; CURRENT VIDEO MODE (MEMORY MAPPED) 00=40 COL, 01=80 COL
0015DC  3               
0015DC  3               
0015DC  3               VIDEOMODE:
0015DC  3                       .BYTE   $00
0015DC  3               CLRTMP:
0015DC  3                       .BYTE   $00
0015DC  3               VIDEOWIDTH:
0015DC  3                       .BYTE   80
0015DC  3               
0015DC  3               PTEMPW:
0015DC  3                       .BYTE   $00,$00
0015DC  3               PTEMPW1:
0015DC  3                       .BYTE   $00,$00
0015DC  3               PTEMPW2:
0015DC  3                       .BYTE   $00,$00
0015DC  3               PTEMPW3:
0015DC  3                       .BYTE   $00,$00
0015DC  3               PTEMP:
0015DC  3                       .BYTE   $00
0015DC  3               PTEMP4:
0015DC  3                       .BYTE   $00
0015DC  3               
0015DC  3               
0015DC  3               ;___V_SCRCLR________________________________________________
0015DC  3               ;
0015DC  3               ; CLEAR SCREEN
0015DC  3               ;
0015DC  3               ;__________________________________________________________
0015DC  3               LAB_SCRCLR:
0015DC  3               V_SCNCLR:
0015DC  3                       STA     DBGA
0015DC  3                       STY     DBGY
0015DC  3                       STX     DBGX
0015DC  3                       LDA     #38
0015DC  3                       STA     farfunct
0015DC  3                       JSR     DO_FARCALL
0015DC  3                       LDA     #59
0015DC  3                       STA     farfunct
0015DC  3                       JSR     DO_FARCALL
0015DC  3                       LDA     DBGA
0015DC  3                       LDY     DBGY
0015DC  3                       LDX     DBGX
0015DC  3                       RTS
0015DC  3               
0015DC  3               
0015DC  3               
0015DC  3               ;___V_LOCATE________________________________________________
0015DC  3               ;
0015DC  3               ; SET CURSOR LOCATION
0015DC  3               ;
0015DC  3               ;       LOCATE X,Y
0015DC  3               ;
0015DC  3               ;__________________________________________________________
0015DC  3               V_LOCATE:
0015DC  3               LAB_LOCATE:
0015DC  3                       JSR     LAB_GTBY        ; GET THE FIRST PARAMETER, RETURN IN X (MODE)
0015DC  3                       STX     DBGX
0015DC  3                       JSR     LAB_1C01        ; GET THE SECOND PARAMETER (AFTER ',') OR SYN ERR
0015DC  3                       JSR     LAB_GTBY        ; GET THE SECOND PARAMETER, RETURN IN X
0015DC  3                       TXA
0015DC  3                       TAY
0015DC  3                       LDX     DBGX
0015DC  3                       LDA     #37
0015DC  3                       STA     farfunct
0015DC  3                       JSR     DO_FARCALL
0015DC  3                       RTS
0015DC  3               
0015DC  3               ;___V_COLOR_________________________________________________
0015DC  3               ;
0015DC  3               ; SET COLOR FG,BG,CFG,CBG
0015DC  3               ;
0015DC  3               ;__________________________________________________________
0015DC  3               LAB_COLOR:
0015DC  3               V_COLOR:
0015DC  3                       LDA     #$00            ; CLEAR TEMP SPACE
0015DC  3                       STA     PTEMPW
0015DC  3                       STA     PTEMPW+1
0015DC  3                       JSR     LAB_GTBY        ; GET THE FIRST PARAMETER, RETURN IN X (MODE)
0015DC  3                       TXA
0015DC  3                       AND     #$0F
0015DC  3                       STA     PTEMPW
0015DC  3                       JSR     LAB_1C01        ; GET THE SECOND PARAMETER (AFTER ',') OR SYN ERR
0015DC  3                       JSR     LAB_GTBY        ; GET THE SECOND PARAMETER, RETURN IN X
0015DC  3                       TXA
0015DC  3                       ASL     A
0015DC  3                       ASL     A
0015DC  3                       ASL     A
0015DC  3                       ASL     A
0015DC  3                       ORA     PTEMPW
0015DC  3                       STA     PTEMPW
0015DC  3                       JSR     LAB_1C01        ; GET THE THIRD PARAMETER (AFTER ',') OR SYN ERR
0015DC  3                       JSR     LAB_GTBY        ; GET THE THIRD PARAMETER, RETURN IN X
0015DC  3                       TXA
0015DC  3                       AND     #$0F
0015DC  3                       STA     PTEMPW+1
0015DC  3                       JSR     LAB_1C01        ; GET THE FOURTH PARAMETER (AFTER ',') OR SYN ERR
0015DC  3                       JSR     LAB_GTBY        ; GET THE FOURTH PARAMETER, RETURN IN X
0015DC  3                       TXA
0015DC  3                       ASL     A
0015DC  3                       ASL     A
0015DC  3                       ASL     A
0015DC  3                       ASL     A
0015DC  3                       ORA     PTEMPW+1
0015DC  3                       STA     PTEMPW+1
0015DC  3                       LDX     PTEMPW
0015DC  3                       LDY     PTEMPW+1
0015DC  3                       LDA     #39
0015DC  3                       STA     farfunct
0015DC  3                       JSR     DO_FARCALL
0015DC  3                       RTS
0015DC  3               
0015DC  3               
0015DC  3               
0015DC  3               ;___V_SPEEK()______________________________________________
0015DC  3               ;
0015DC  3               ; GET VALUE FROM SCREEN MEMORY
0015DC  3               ;
0015DC  3               ;  TAKES ONE PARAMETER (ADDRESS), RETURNS VALUE
0015DC  3               ;
0015DC  3               ;__________________________________________________________
0015DC  3               LAB_SPEEK:
0015DC  3               V_SPEEK:
0015DC  3                       JSR     LAB_F2FX        ; save integer part of FAC1 in temporary integer
0015DC  3                       LDA     Itemph
0015DC  3                       TAY
0015DC  3                       AND     #$0F
0015DC  3                       ORA     #$A0
0015DC  3                       STA     Itemph
0015DC  3                       TYA
0015DC  3                       AND     #$F0
0015DC  3                       LSR     A
0015DC  3                       LSR     A
0015DC  3                       LSR     A
0015DC  3                       LSR     A
0015DC  3                       AND     #$07
0015DC  3                       CLC
0015DC  3                       ADC     #VIDEOBANK
0015DC  3                       TAY
0015DC  3                       LDA     #$01            ; MODIFY TASK 01 (DRIVER TASK)
0015DC  3                       LDX     #$0A            ; MAP $AXXX
0015DC  3                       JSR     SETPAGE         ; CALL SETPAGE
0015DC  3                       LDA     #$01
0015DC  3                       STA     PC6502_ACT_TASK ; SET ACTIVE TASK TO 01
0015DC  3                       LDY     #0
0015DC  3                       LDA     (Itempl),Y
0015DC  3                       TAY
0015DC  3                       LDA     #$00
0015DC  3                       STA     PC6502_ACT_TASK ; SET ACTIVE TASK TO 00
0015DC  3                       JMP     LAB_1FD0        ; convert Y to byte in FAC1 and return
0015DC  3               
0015DC  3               
0015DC  3               
0015DC  3               ;___V_SPOKE_________________________________________________
0015DC  3               ;
0015DC  3               ; PUT VALUE IN SCREEN MEMORY
0015DC  3               ;
0015DC  3               ;  TAKES TWO PARAMETERS ADDRESS,VALUE
0015DC  3               ;
0015DC  3               ;__________________________________________________________
0015DC  3               LAB_SPOKE:
0015DC  3               V_SPOKE:
0015DC  3                       JSR     LAB_GADB        ; get two parameters for POKE or WAIT
0015DC  3                       TXA                     ; BYTE ARGUMENT IS IN X
0015DC  3                       PHA                     ; PUSH BYTE ARGUMENT TO STACK
0015DC  3                       LDA     Itemph
0015DC  3                       TAY
0015DC  3                       AND     #$0F
0015DC  3                       ORA     #$A0
0015DC  3                       STA     Itemph
0015DC  3                       TYA
0015DC  3                       AND     #$F0
0015DC  3                       LSR     A
0015DC  3                       LSR     A
0015DC  3                       LSR     A
0015DC  3                       LSR     A
0015DC  3                       AND     #$07
0015DC  3                       CLC
0015DC  3                       ADC     #VIDEOBANK
0015DC  3                       TAY
0015DC  3                       LDA     #$01            ; MODIFY TASK 01 (DRIVER TASK)
0015DC  3                       LDX     #$0A            ; MAP $AXXX
0015DC  3                       JSR     SETPAGE         ; CALL SETPAGE
0015DC  3                       LDA     #$01
0015DC  3                       STA     PC6502_ACT_TASK ; SET ACTIVE TASK TO 01
0015DC  3                       LDY     #0
0015DC  3                       PLA                     ; PULL BYTE ARGUMENT
0015DC  3                       STA     (Itempl),Y
0015DC  3                       LDA     #$00
0015DC  3                       STA     PC6502_ACT_TASK ; SET ACTIVE TASK TO 00
0015DC  3                       RTS
0015DC  3               
0015DC  3               ;___V_SCREEN_________________________________________________
0015DC  3               ;
0015DC  3               ;  SET SCREEN MODE
0015DC  3               ;
0015DC  3               ;  TAKES UP TO THREE PARAMETERS
0015DC  3               ;  FIRST PARAMETER SCREEN MODE
0015DC  3               ;  0=TEXT MODE
0015DC  3               ;  1=LORES MODE
0015DC  3               ;  2=HIRES MODE
0015DC  3               ;
0015DC  3               ;  TEXT MODE PARAMETERS
0015DC  3               ;  0=40 COLUMNS
0015DC  3               ;  1=80 COLUMNS
0015DC  3               ;
0015DC  3               ;  LORES MODE SECOND PARAMETER
0015DC  3               ;  0=SINGLE LORES
0015DC  3               ;  1=DOUBLE LORES
0015DC  3               ;  LORES MODE THIRD PARAMETER
0015DC  3               ;  0=MIXED MODE
0015DC  3               ;  1=FULL SCREEN MODE
0015DC  3               ;
0015DC  3               ;  HIRES MODE SECOND PARAMETER
0015DC  3               ;  0=SINGLE HIRES
0015DC  3               ;  1=DOUBLE HIRES
0015DC  3               ;  2=QUAD HIRES
0015DC  3               ;  3=MONO HIRES
0015DC  3               ;  HIRES MODE THIRD PARAMETER
0015DC  3               ;  1=MIXED MODE
0015DC  3               ;  0=FULL SCREEN MODE
0015DC  3               ;
0015DC  3               ;__________________________________________________________
0015DC  3               LAB_SCREEN:
0015DC  3               V_SCREEN:
0015DC  3                       JSR     LAB_GTBY        ; GET THE FIRST PARAMETER, RETURN IN X (MODE)
0015DC  3               V_SCREEN1:
0015DC  3                       STX     VIDEOMODE
0015DC  3                       CPX     #00
0015DC  3                       BNE     *+5
0015DC  3                       JMP     SETUPMODE0
0015DC  3                       CPX     #01
0015DC  3                       BNE     *+5
0015DC  3                       JMP     SETUPMODE1
0015DC  3                       CPX     #02
0015DC  3                       BNE     *+5
0015DC  3                       JMP     SETUPMODE2
0015DC  3               
0015DC  3                       LDX     #$02            ; SYNTAX ERROR
0015DC  3                       JSR     LAB_XERR
0015DC  3                       JMP     LAB_1319        ; RESET VARS, STACK AND RETURN CONTROL TO BASIC
0015DC  3                       RTS
0015DC  3               
0015DC  3               SETUPMODE0:                     ; TEXT MODE
0015DC  3                       LDY     #$00+VIDEOBANK  ; AREA $0000-$0FFF
0015DC  3                       JSR     PAGE_ENTER
0015DC  3                       LDA     #$01
0015DC  3                       STA     VideoTextMode
0015DC  3                       LDA     #$02
0015DC  3                       STA     VideoLoresMode
0015DC  3                       STA     VideoHiresMode
0015DC  3                       JSR     PAGE_EXIT
0015DC  3               
0015DC  3                       JSR     LAB_1C01        ; GET THE SECOND PARAMETER (AFTER ',') OR SYN ERR
0015DC  3                       JSR     LAB_GTBY        ; GET THE SECOND PARAMETER, RETURN IN X
0015DC  3                       CPX     #$00
0015DC  3                       BNE     SETUPMODE0_80
0015DC  3               
0015DC  3                       LDY     #$00+VIDEOBANK  ; AREA $0000-$0FFF
0015DC  3                       JSR     PAGE_ENTER
0015DC  3                       LDA     #$02
0015DC  3                       STA     Video80col
0015DC  3                       JSR     PAGE_EXIT
0015DC  3                       LDA     #40
0015DC  3                       STA     VIDEOWIDTH
0015DC  3                       LDA     #0
0015DC  3                       STA     BVIDEOMODE
0015DC  3                       JMP     SETUPMODE0_CLEAR
0015DC  3               SETUPMODE0_80:
0015DC  3                       LDY     #$00+VIDEOBANK  ; AREA $0000-$0FFF
0015DC  3                       JSR     PAGE_ENTER
0015DC  3                       LDA     #$01
0015DC  3                       STA     Video80col
0015DC  3                       JSR     PAGE_EXIT
0015DC  3                       LDA     #80
0015DC  3                       STA     VIDEOWIDTH
0015DC  3                       LDA     #1
0015DC  3                       STA     BVIDEOMODE
0015DC  3               SETUPMODE0_CLEAR:
0015DC  3                       JMP     V_SCNCLR
0015DC  3                       RTS
0015DC  3               
0015DC  3               SETUPMODE1:                     ; LORES MODE
0015DC  3                       LDY     #$00+VIDEOBANK  ; AREA $0000-$0FFF
0015DC  3                       JSR     PAGE_ENTER
0015DC  3                       LDA     #$01
0015DC  3                       STA     VideoLoresMode
0015DC  3                       LDA     #$02
0015DC  3                       STA     VideoTextMode
0015DC  3                       STA     VideoHiresMode
0015DC  3                       JSR     PAGE_EXIT
0015DC  3                       JSR     LAB_1C01        ; GET THE SECOND PARAMETER (AFTER ',') OR SYN ERR
0015DC  3                       JSR     LAB_GTBY        ; GET THE SECOND PARAMETER, RETURN IN X
0015DC  3               
0015DC  3                       CPX     #$00
0015DC  3                       BNE     SETUPMODE1_DOUBLE
0015DC  3               
0015DC  3                       LDY     #$00+VIDEOBANK  ; AREA $0000-$0FFF
0015DC  3                       JSR     PAGE_ENTER
0015DC  3                       LDA     #$02
0015DC  3                       STA     VideoDoubleLores
0015DC  3                       JSR     PAGE_EXIT
0015DC  3                       JMP     SETUPMODE1_CLEAR
0015DC  3               SETUPMODE1_DOUBLE:
0015DC  3                       LDY     #$00+VIDEOBANK  ; AREA $0000-$0FFF
0015DC  3                       JSR     PAGE_ENTER
0015DC  3                       LDA     #$01
0015DC  3                       STA     VideoDoubleLores
0015DC  3                       JSR     PAGE_EXIT
0015DC  3                       LDA     #$11
0015DC  3                       STA     VIDEOMODE
0015DC  3               SETUPMODE1_CLEAR:               ;    ($2000-$2800)
0015DC  3                       LDY     #$02+VIDEOBANK  ; AREA $2000-$2FFF
0015DC  3                       JSR     PAGE_ENTER
0015DC  3                       LDA     #$00
0015DC  3                       STA     TEMPW
0015DC  3                       LDA     #$A0
0015DC  3                       STA     TEMPW+1
0015DC  3                       LDY     #$00
0015DC  3                       LDA     #$00
0015DC  3               :
0015DC  3                       STA     (TEMPW),Y
0015DC  3                       INC     TEMPW
0015DC  3                       BNE     :-
0015DC  3                       INC     TEMPW+1
0015DC  3               
0015DC  3                       LDX     TEMPW+1
0015DC  3                       CPX     #$A8
0015DC  3                       BNE     :-
0015DC  3                       JSR     PAGE_EXIT
0015DC  3                       JSR     LAB_1C01        ; GET THE THIRD PARAMETER (AFTER ',') OR SYN ERR
0015DC  3                       JSR     LAB_GTBY        ; GET THE THIRD PARAMETER, RETURN IN X
0015DC  3                       CPX     #$00
0015DC  3                       BNE     SETUPMODE1_MIXED
0015DC  3               
0015DC  3                       LDY     #$00+VIDEOBANK  ; AREA $0000-$0FFF
0015DC  3                       JSR     PAGE_ENTER
0015DC  3                       LDA     #$02
0015DC  3                       STA     VideoMixedMode
0015DC  3                       JSR     PAGE_EXIT
0015DC  3                       RTS
0015DC  3               SETUPMODE1_MIXED:
0015DC  3                       LDY     #$00+VIDEOBANK  ; AREA $0000-$0FFF
0015DC  3                       JSR     PAGE_ENTER
0015DC  3                       LDA     #$01
0015DC  3                       STA     VideoMixedMode
0015DC  3                       JSR     PAGE_EXIT
0015DC  3                       LDA     VIDEOMODE
0015DC  3                       ORA     #$80
0015DC  3                       STA     VIDEOMODE
0015DC  3                       RTS
0015DC  3               
0015DC  3               
0015DC  3               SETUPMODE2:                     ; HIRES MODE
0015DC  3                       LDY     #$00+VIDEOBANK  ; AREA $0000-$0FFF
0015DC  3                       JSR     PAGE_ENTER
0015DC  3                       LDA     #$01
0015DC  3                       STA     VideoHiresMode
0015DC  3                       LDA     #$02
0015DC  3                       STA     VideoTextMode
0015DC  3                       STA     VideoLoresMode
0015DC  3                       JSR     PAGE_EXIT
0015DC  3                       JSR     LAB_1C01        ; GET THE SECOND PARAMETER (AFTER ',') OR SYN ERR
0015DC  3                       JSR     LAB_GTBY        ; GET THE SECOND PARAMETER, RETURN IN X
0015DC  3               
0015DC  3                       CPX     #$00
0015DC  3                       BNE     SETUPMODE2_DOUBLE
0015DC  3               
0015DC  3                       LDY     #$00+VIDEOBANK  ; AREA $0000-$0FFF
0015DC  3                       JSR     PAGE_ENTER
0015DC  3                       LDA     #$02
0015DC  3                       STA     VideoDoubleHires
0015DC  3                       STA     VideoQuadHires
0015DC  3                       STA     VideoMonoHires
0015DC  3                       JSR     PAGE_EXIT
0015DC  3                       JMP     SETUPMODE2_CLEAR
0015DC  3               SETUPMODE2_DOUBLE:
0015DC  3                       CPX     #$01
0015DC  3                       BNE     SETUPMODE2_QUAD
0015DC  3               
0015DC  3                       LDY     #$00+VIDEOBANK  ; AREA $0000-$0FFF
0015DC  3                       JSR     PAGE_ENTER
0015DC  3                       LDA     #$01
0015DC  3                       STA     VideoDoubleHires
0015DC  3                       LDA     #$02
0015DC  3                       STA     VideoQuadHires
0015DC  3                       STA     VideoMonoHires
0015DC  3                       JSR     PAGE_EXIT
0015DC  3                       LDA     #$12
0015DC  3                       STA     VIDEOMODE
0015DC  3                       JMP     SETUPMODE2_CLEAR
0015DC  3               SETUPMODE2_QUAD:
0015DC  3                       CPX     #$02
0015DC  3                       BNE     SETUPMODE2_MONO
0015DC  3               
0015DC  3                       LDY     #$00+VIDEOBANK  ; AREA $0000-$0FFF
0015DC  3                       JSR     PAGE_ENTER
0015DC  3                       LDA     #$01
0015DC  3                       STA     VideoQuadHires
0015DC  3                       LDA     #$02
0015DC  3                       STA     VideoDoubleHires
0015DC  3                       STA     VideoMonoHires
0015DC  3                       JSR     PAGE_EXIT
0015DC  3                       LDA     #$22
0015DC  3                       STA     VIDEOMODE
0015DC  3                       JMP     SETUPMODE2_CLEAR
0015DC  3               SETUPMODE2_MONO:
0015DC  3                       LDY     #$00+VIDEOBANK  ; AREA $0000-$0FFF
0015DC  3                       JSR     PAGE_ENTER
0015DC  3                       LDA     #$01
0015DC  3                       STA     VideoMonoHires
0015DC  3                       LDA     #$02
0015DC  3                       STA     VideoDoubleHires
0015DC  3                       STA     VideoQuadHires
0015DC  3                       JSR     PAGE_EXIT
0015DC  3                       LDA     #$32
0015DC  3                       STA     VIDEOMODE
0015DC  3               
0015DC  3               SETUPMODE2_CLEAR:               ; ($2000-$7FFF)
0015DC  3                       LDY     #$02+VIDEOBANK
0015DC  3                       STY     CLRTMP
0015DC  3               
0015DC  3               :
0015DC  3                       LDY     CLRTMP
0015DC  3                       JSR     PAGE_ENTER
0015DC  3               
0015DC  3                       LDA     #$00
0015DC  3                       TAY
0015DC  3                       STA     TEMPW
0015DC  3                       LDA     #$A0
0015DC  3                       STA     TEMPW+1
0015DC  3                       LDA     #$00
0015DC  3               :
0015DC  3                       STA     (TEMPW),Y
0015DC  3                       INC     TEMPW
0015DC  3                       BNE     :-
0015DC  3                       INC     TEMPW+1
0015DC  3                       LDX     TEMPW+1
0015DC  3                       CPX     #$B0
0015DC  3                       BNE     :-
0015DC  3                       LDX     #$A0
0015DC  3                       INC     CLRTMP
0015DC  3                       LDX     CLRTMP
0015DC  3                       CPX     #$00
0015DC  3                       BNE     :--
0015DC  3                       JSR     PAGE_EXIT
0015DC  3                       JSR     LAB_1C01        ; GET THE THIRD PARAMETER (AFTER ',') OR SYN ERR
0015DC  3                       JSR     LAB_GTBY        ; GET THE THIRD PARAMETER, RETURN IN X
0015DC  3                       CPX     #$00
0015DC  3                       BNE     SETUPMODE2_MIXED
0015DC  3                       LDY     #$00+VIDEOBANK  ; AREA $0000-$0FFF
0015DC  3                       JSR     PAGE_ENTER
0015DC  3                       LDA     #$02
0015DC  3                       STA     VideoMixedMode
0015DC  3                       JSR     PAGE_EXIT
0015DC  3                       RTS
0015DC  3               SETUPMODE2_MIXED:
0015DC  3                       LDY     #$00+VIDEOBANK  ; AREA $0000-$0FFF
0015DC  3                       JSR     PAGE_ENTER
0015DC  3                       LDA     #$01
0015DC  3                       STA     VideoMixedMode
0015DC  3                       JSR     PAGE_EXIT
0015DC  3                       LDA     VIDEOMODE
0015DC  3                       ORA     #$80
0015DC  3                       STA     VIDEOMODE
0015DC  3                       RTS
0015DC  3               
0015DC  3               
0015DC  3               
0015DC  3               PAGE_EXIT:
0015DC  3                       LDA     #$00
0015DC  3                       STA     PC6502_ACT_TASK ; SET ACTIVE TASK TO 00
0015DC  3                       RTS
0015DC  3               
0015DC  3               PAGE_ENTER:
0015DC  3               ; Set "Y" register to video page ($YXXX)
0015DC  3                       LDA     #$01            ; MODIFY TASK 01 (DRIVER TASK)
0015DC  3                       LDX     #$0A            ; MAP $AXXX
0015DC  3                       JSR     SETPAGE         ; CALL SETPAGE
0015DC  3                       LDA     #$01
0015DC  3                       STA     PC6502_ACT_TASK ; SET ACTIVE TASK TO 01
0015DC  3                       RTS
0015DC  3               
0015DC  3               ;___V_PLOT__________________________________________________
0015DC  3               ;
0015DC  3               ;  PLOT ON SCREEN
0015DC  3               ;         TAKES THREE PARAMETERS,  X,Y,COLOR
0015DC  3               ;
0015DC  3               ;__________________________________________________________
0015DC  3               LAB_PLOT:
0015DC  3               V_PLOT:
0015DC  3                       LDA     VIDEOMODE
0015DC  3                       AND     #$0F
0015DC  3                       CMP     #$01
0015DC  3                       BEQ     V_PLOT_LORES
0015DC  3                       LDA     VIDEOMODE
0015DC  3                       AND     #$2F
0015DC  3                       CMP     #$02
0015DC  3                       BNE     :+
0015DC  3                       JMP     V_PLOT_HIRES_COLOR
0015DC  3               :
0015DC  3                       CMP     #$22
0015DC  3                       BNE     :+
0015DC  3                       JMP     V_PLOT_HIRES_MONO
0015DC  3               :
0015DC  3                       RTS
0015DC  3               
0015DC  3               V_PLOT_LORES:
0015DC  3                       JSR     LAB_GTBY        ; GET THE FIRST PARAMETER, RETURN IN X
0015DC  3                       STX     PTEMPW          ; STORE X COORD IN OFFSET ADDRESS
0015DC  3                       LDA     #00
0015DC  3                       STA     PTEMPW+1
0015DC  3                       STA     PTEMPW1+1
0015DC  3                       JSR     LAB_1C01        ; GET THE SECOND PARAMETER (AFTER ',') OR SYN ERR
0015DC  3                       JSR     LAB_GTBY        ; GET THE SECOND PARAMETER, RETURN IN X
0015DC  3                                               ; FIGURE THE BUFFER OFFSET
0015DC  3                       TXA                     ; Y COORD IN X
0015DC  3                       PHA
0015DC  3                       LSR     A               ; 2 LINES PER BYTE
0015DC  3                       STA     PTEMPW1
0015DC  3                                               ; MULTIPLY Y (PTEMPW) COORD BY 40 OR 80 (SINGLE OR DOUBLE LORES)
0015DC  3                       CLC
0015DC  3                       ASL     PTEMPW1
0015DC  3                       ROL     PTEMPW1+1       ; *2
0015DC  3                       ASL     PTEMPW1
0015DC  3                       ROL     PTEMPW1+1       ; *2 (*4)
0015DC  3                       ASL     PTEMPW1
0015DC  3                       ROL     PTEMPW1+1       ; *2 (*8)
0015DC  3                       LDA     PTEMPW1
0015DC  3                       STA     PTEMPW2
0015DC  3                       LDA     PTEMPW1+1
0015DC  3                       STA     PTEMPW2+1       ; STORE Y*8 INTO PTEMPW2
0015DC  3                       ASL     PTEMPW1
0015DC  3                       ROL     PTEMPW1+1       ; *2 (*16)
0015DC  3                       ASL     PTEMPW1
0015DC  3                       ROL     PTEMPW1+1       ; *2 (*32)
0015DC  3                                               ; NOW TAKE Y*8(PTEMPW2) + Y*32(PTEMPW1) == Y*40 STORE IN PTEMPW1
0015DC  3                       CLC                     ; Clear the Carry flag before the first addition
0015DC  3               
0015DC  3                       LDA     PTEMPW1         ; Load the low byte of the first number into the accumulator
0015DC  3                       ADC     PTEMPW2         ; Add the low byte of the second number (plus carry)
0015DC  3                       STA     PTEMPW1         ; Store the low byte of the result
0015DC  3               
0015DC  3                       LDA     PTEMPW1+1       ; Load the high byte of the first number
0015DC  3                       ADC     PTEMPW2+1       ; Add the high byte of the second number (plus carry from previous op)
0015DC  3                       STA     PTEMPW1+1       ; Store the high byte of the result
0015DC  3               
0015DC  3               ; if double lores columns double it.
0015DC  3                       LDA     VIDEOMODE
0015DC  3                       AND     #$10
0015DC  3                       CMP     #00
0015DC  3                       BEQ     :+
0015DC  3                       ASL     PTEMPW1
0015DC  3                       ROL     PTEMPW1+1       ; *2
0015DC  3               :
0015DC  3                                               ; OK, Y OFFSET IS IN PTEMPW1, X IS IN PTEMPW
0015DC  3                       LDA     #$A0            ; ADD THE MEMORY OFFSET TO PTEMPW (BECAUSE IT IS EASY)
0015DC  3                       STA     PTEMPW+1        ; THEN ADD PTEMPW1 TO PTEMPW THAT SHOULD BE THE MEMORY ADDRESS TO UPDATE
0015DC  3                                               ;
0015DC  3                       CLC                     ; Clear the Carry flag before the first addition
0015DC  3                       LDA     PTEMPW          ; Load the low byte of the first number into the accumulator
0015DC  3                       ADC     PTEMPW1         ; Add the low byte of the second number (plus carry)
0015DC  3                       STA     TEMPW           ; Store the low byte of the result
0015DC  3               
0015DC  3                       LDA     PTEMPW+1        ; Load the high byte of the first number
0015DC  3                       ADC     PTEMPW1+1       ; Add the high byte of the second number (plus carry from previous op)
0015DC  3                       STA     TEMPW+1         ; Store the high byte of the result
0015DC  3                                               ; PTEMPW IS THE MEMORY OFFSET TO UPDATE
0015DC  3                       JSR     LAB_1C01        ; GET THE THIRD PARAMETER (AFTER ',') OR SYN ERR
0015DC  3                       JSR     LAB_GTBY        ; GET THE THIRD PARAMETER, RETURN IN X (PATTERN)
0015DC  3                       TXA
0015DC  3                       AND     #$0F
0015DC  3                       STA     PTEMP           ; SAVE COLOR IN PTEMP
0015DC  3                       PLA
0015DC  3                       LSR     A               ; TOP OR BOTTOM PIXEL?
0015DC  3                       BCC     :+
0015DC  3                                               ; TOP PIXEL
0015DC  3                       LDY     #$02+VIDEOBANK  ; AREA $2000-$2FFF
0015DC  3                       JSR     PAGE_ENTER
0015DC  3                       LDY     #$00
0015DC  3                       LDA     (TEMPW),Y       ; GET EXISTING DOUBLE PIXEL
0015DC  3                       AND     #$0F
0015DC  3                       PHA
0015DC  3                       LDA     PTEMP
0015DC  3                       ASL     A
0015DC  3                       ASL     A
0015DC  3                       ASL     A
0015DC  3                       ASL     A
0015DC  3                       STA     PTEMP
0015DC  3                       PLA
0015DC  3                       ORA     PTEMP
0015DC  3                       STA     (TEMPW),Y       ; STORE  DOUBLE PIXEL
0015DC  3                       JSR     PAGE_EXIT
0015DC  3                       RTS
0015DC  3               :
0015DC  3                                               ; BOTTOM PIXEL
0015DC  3                       LDY     #$02+VIDEOBANK  ; AREA $2000-$2FFF
0015DC  3                       JSR     PAGE_ENTER
0015DC  3                       LDY     #$00
0015DC  3                       LDA     (TEMPW),Y       ; GET EXISTING DOUBLE PIXEL
0015DC  3                       AND     #$F0
0015DC  3                       ORA     PTEMP
0015DC  3                       STA     (TEMPW),Y       ; STORE  DOUBLE PIXEL
0015DC  3                       JSR     PAGE_EXIT
0015DC  3                       RTS
0015DC  3               
0015DC  3               V_PLOT_HIRES_COLOR:
0015DC  3                       JSR     LAB_EVNM        ; evaluate expression and check is numeric,
0015DC  3               ; else do type mismatch
0015DC  3                       JSR     LAB_F2FX        ; save integer part of FAC1 in temporary integer
0015DC  3                       LDA     Itemph
0015DC  3                       STA     PTEMPW+1
0015DC  3                       LDA     Itempl
0015DC  3                       PHA                     ; PUSH LOW BYTE OF X (FOR EVEN/ODD LATER)
0015DC  3                       LSR     Itemph
0015DC  3                       ROR     Itempl          ; 2 PIXEL PER BYTE
0015DC  3                       LDA     Itempl          ;
0015DC  3                       STA     PTEMPW          ;
0015DC  3                       LDA     Itemph          ;
0015DC  3                       STA     PTEMPW+1        ; STORE X COORD IN OFFSET ADDRESS;
0015DC  3                       LDA     #$00
0015DC  3                       STA     PTEMPW1+1
0015DC  3                       JSR     LAB_1C01        ; GET THE SECOND PARAMETER (AFTER ',') OR SYN ERR
0015DC  3                       JSR     LAB_GTBY        ; GET THE SECOND PARAMETER, RETURN IN X
0015DC  3                                               ; FIGURE THE BUFFER OFFSET
0015DC  3                       LDA     #$00
0015DC  3                       TXA                     ; GET Y COORD
0015DC  3                       STX     PTEMPW1
0015DC  3               
0015DC  3                       JSR     LAB_1C01        ; GET THE THIRD PARAMETER (AFTER ',') OR SYN ERR
0015DC  3                       JSR     LAB_GTBY        ; GET THE THIRD PARAMETER, RETURN IN X (PATTERN)
0015DC  3                       TXA
0015DC  3                       AND     #$0F
0015DC  3                       STA     PTEMP4          ; SAVE COLOR IN PTEMP4
0015DC  3                       CLC                     ; MULTIPLY Y COORD BY 70 OR 140 (SINGLE OR DOUBLE HIRES)
0015DC  3                       ASL     PTEMPW1
0015DC  3                       ROL     PTEMPW1+1       ; *2
0015DC  3                       LDA     PTEMPW1
0015DC  3                       STA     PTEMPW2
0015DC  3                       LDA     PTEMPW1+1
0015DC  3                       STA     PTEMPW2+1       ; STORE Y*2 INTO PTEMPW2
0015DC  3                       ASL     PTEMPW1
0015DC  3                       ROL     PTEMPW1+1       ; *2 (*4)
0015DC  3                       LDA     PTEMPW1
0015DC  3                       STA     PTEMPW3
0015DC  3                       LDA     PTEMPW1+1
0015DC  3                       STA     PTEMPW3+1       ; STORE Y*4 INTO PTEMPW3
0015DC  3                       ASL     PTEMPW1
0015DC  3                       ROL     PTEMPW1+1       ; *2 (*8)
0015DC  3                       ASL     PTEMPW1
0015DC  3                       ROL     PTEMPW1+1       ; *2 (*16)
0015DC  3                       ASL     PTEMPW1
0015DC  3                       ROL     PTEMPW1+1       ; *2 (*32)
0015DC  3                       ASL     PTEMPW1
0015DC  3                       ROL     PTEMPW1+1       ; *2 (*64)
0015DC  3                                               ; RESULT OFFSET PTEMPW1 = PTEMPW1(Y*64)+PTEMPW2(Y*2)+PTEMPW3(Y*4)
0015DC  3                       CLC                     ; Clear the Carry flag before the first addition
0015DC  3                       LDA     PTEMPW1         ; Load the low byte of the first number into the accumulator
0015DC  3                       ADC     PTEMPW2         ; Add the low byte of the second number (plus carry)
0015DC  3                       STA     PTEMPW1         ; Store the low byte of the result
0015DC  3                       LDA     PTEMPW1+1       ; Load the high byte of the first number
0015DC  3                       ADC     PTEMPW2+1       ; Add the high byte of the second number (plus carry from previous op)
0015DC  3                       STA     PTEMPW1+1       ; Store the high byte of the result
0015DC  3               
0015DC  3                       CLC                     ; Clear the Carry flag before the first addition
0015DC  3                       LDA     PTEMPW1         ; Load the low byte of the first number into the accumulator
0015DC  3                       ADC     PTEMPW3         ; Add the low byte of the second number (plus carry)
0015DC  3                       STA     PTEMPW1         ; Store the low byte of the result
0015DC  3                       LDA     PTEMPW1+1       ; Load the high byte of the first number
0015DC  3                       ADC     PTEMPW3+1       ; Add the high byte of the second number (plus carry from previous op)
0015DC  3                       STA     PTEMPW1+1       ; Store the high byte of the result
0015DC  3               
0015DC  3               ; if double hires double it.
0015DC  3                       LDA     VIDEOMODE
0015DC  3                       AND     #$10
0015DC  3                       CMP     #00
0015DC  3                       BEQ     :+
0015DC  3                       ASL     PTEMPW1
0015DC  3                       ROL     PTEMPW1+1       ; *2
0015DC  3               :
0015DC  3                                               ; PTEMPW1 IS NOW Y OFFSET, ADD X OFFSET FOR MEMORY ADDRESS INTO TEMPW
0015DC  3                       CLC                     ; Clear the Carry flag before the first addition
0015DC  3                       LDA     PTEMPW1         ; Load the low byte of the first number into the accumulator
0015DC  3                       ADC     PTEMPW          ; Add the low byte of the second number (plus carry)
0015DC  3                       STA     TEMPW           ; Store the low byte of the result
0015DC  3                       LDA     PTEMPW1+1       ; Load the high byte of the first number
0015DC  3                       ADC     PTEMPW+1        ; Add the high byte of the second number (plus carry from previous op)
0015DC  3                       STA     TEMPW+1         ; Store the high byte of the result
0015DC  3               
0015DC  3                       LDA     TEMPW+1         ; OK, LET'S CALCULATE THE BANK
0015DC  3                       AND     #$F0
0015DC  3                       LSR     A
0015DC  3                       LSR     A
0015DC  3                       LSR     A
0015DC  3                       LSR     A
0015DC  3                       CLC
0015DC  3                       ADC     #$02+VIDEOBANK  ; AREA $2000-?
0015DC  3                       CMP     #$F8
0015DC  3                       BCC     V_PLOT_HIRES_COLOR_RANGE
0015DC  3                       TAY                     ; VIDEO BANK SHOULD BE IN Y
0015DC  3                       JSR     PAGE_ENTER
0015DC  3               
0015DC  3                       LDA     TEMPW+1
0015DC  3                       AND     #$0F
0015DC  3                       ORA     #$A0
0015DC  3                       STA     TEMPW+1         ; TEMPW NOW REFLECTS MAPPED ADDRESSS
0015DC  3                       PLA
0015DC  3                       LSR     A               ; LEFT OR RIGHT PIXEL?
0015DC  3                       BCS     :+
0015DC  3                                               ; LEFT PIXEL
0015DC  3                       LDY     #$00
0015DC  3                       LDA     (TEMPW),Y       ; GET EXISTING DOUBLE PIXEL
0015DC  3                       AND     #$0F
0015DC  3                       PHA
0015DC  3                       LDA     PTEMP4
0015DC  3                       ASL     A
0015DC  3                       ASL     A
0015DC  3                       ASL     A
0015DC  3                       ASL     A
0015DC  3                       STA     PTEMP4
0015DC  3                       PLA
0015DC  3                       ORA     PTEMP4
0015DC  3                       STA     (TEMPW),Y       ; WRITE THE PIXEL BACK OUT
0015DC  3                       JSR     PAGE_EXIT
0015DC  3                       RTS
0015DC  3               :
0015DC  3               ; RIGHT PIXEL
0015DC  3                       LDY     #$00
0015DC  3                       LDA     (TEMPW),Y       ; GET EXISTING DOUBLE PIXEL
0015DC  3                       AND     #$F0
0015DC  3                       ORA     PTEMP4
0015DC  3                       STA     (TEMPW),Y       ; WRITE THE PIXEL BACK OUT
0015DC  3                       JSR     PAGE_EXIT
0015DC  3                       RTS
0015DC  3               
0015DC  3               V_PLOT_HIRES_COLOR_RANGE:
0015DC  3                       JMP     LAB_2564
0015DC  3               
0015DC  3               V_PLOT_HIRES_MONO:
0015DC  3                       JSR     LAB_EVNM        ; evaluate expression and check is numeric,
0015DC  3                                               ; else do type mismatch
0015DC  3                       JSR     LAB_F2FX        ; save integer part of FAC1 in temporary integer
0015DC  3                       LDA     Itempl
0015DC  3                       PHA
0015DC  3                       LSR     Itemph
0015DC  3                       ROR     Itempl
0015DC  3                       LSR     Itemph
0015DC  3                       ROR     Itempl
0015DC  3                       LSR     Itemph
0015DC  3                       ROR     Itempl          ; 8 PIXEL PER BYTE
0015DC  3                       LDA     Itempl
0015DC  3                       STA     PTEMPW          ; STORE X COORD IN OFFSET ADDRESS
0015DC  3                       LDA     #00
0015DC  3                       STA     PTEMPW+1
0015DC  3                       STA     PTEMPW1+1
0015DC  3                       STA     PTEMPW3+1
0015DC  3                       JSR     LAB_1C01        ; GET THE SECOND PARAMETER (AFTER ',') OR SYN ERR
0015DC  3                       JSR     LAB_GTBY        ; GET THE SECOND PARAMETER, RETURN IN X
0015DC  3                                               ; FIGURE THE BUFFER OFFSET
0015DC  3                       STX     PTEMPW1         ; STORE Y COORD
0015DC  3                       STX     PTEMPW3
0015DC  3                       JSR     LAB_1C01        ; GET THE THIRD PARAMETER (AFTER ',') OR SYN ERR
0015DC  3                       JSR     LAB_GTBY        ; GET THE THIRD PARAMETER, RETURN IN X (PATTERN)
0015DC  3                       TXA
0015DC  3                       AND     #$01
0015DC  3                       STA     PTEMP4          ; STORE COLOR IN PTEMP4
0015DC  3                       LDA     PTEMPW3
0015DC  3                                               ; MULTIPLY Y COORD BY 35 OR 70 (MONO OR QUAD HIRES)
0015DC  3                       ASL     PTEMPW1
0015DC  3                       ROL     PTEMPW1+1       ; *2
0015DC  3                       LDA     PTEMPW1
0015DC  3                       STA     PTEMPW2
0015DC  3                       LDA     PTEMPW1+1
0015DC  3                       STA     PTEMPW2+1       ; STORE *2 INTO PTEMPW2
0015DC  3                       ASL     PTEMPW1
0015DC  3                       ROL     PTEMPW1+1       ; *2 (*4)
0015DC  3                       ASL     PTEMPW1
0015DC  3                       ROL     PTEMPW1+1       ; *2 (*8)
0015DC  3                       ASL     PTEMPW1
0015DC  3                       ROL     PTEMPW1+1       ; *2 (*16)
0015DC  3                       ASL     PTEMPW1
0015DC  3                       ROL     PTEMPW1+1       ; *2 (*32)
0015DC  3                                               ;
0015DC  3                                               ; PTEMPW1(Y*35) = PTEMPW1(Y*32)+PTEMPW2(Y*2)+PTEMPW3(Y)
0015DC  3                       CLC                     ; Clear the Carry flag before the first addition
0015DC  3                       LDA     PTEMPW1         ; Load the low byte of the first number into the accumulator
0015DC  3                       ADC     PTEMPW2         ; Add the low byte of the second number (plus carry)
0015DC  3                       STA     PTEMPW1         ; Store the low byte of the result
0015DC  3               
0015DC  3                       LDA     PTEMPW1+1       ; Load the high byte of the first number
0015DC  3                       ADC     PTEMPW2+1       ; Add the high byte of the second number (plus carry from previous op)
0015DC  3                       STA     PTEMPW1+1       ; Store the high byte of the result
0015DC  3                       CLC                     ; Clear the Carry flag before the first addition
0015DC  3                       LDA     PTEMPW1         ; Load the low byte of the first number into the accumulator
0015DC  3                       ADC     PTEMPW3         ; Add the low byte of the second number (plus carry)
0015DC  3                       STA     PTEMPW1         ; Store the low byte of the result
0015DC  3               
0015DC  3                       LDA     PTEMPW1+1       ; Load the high byte of the first number
0015DC  3                       ADC     PTEMPW3+1       ; Add the high byte of the second number (plus carry from previous op)
0015DC  3                       STA     PTEMPW1+1       ; Store the high byte of the result
0015DC  3                                               ;
0015DC  3                                               ; PTEMPW1 IS NOW THE Y OFFSET
0015DC  3                                               ; if quad hires double it.
0015DC  3                       LDA     VIDEOMODE
0015DC  3                       AND     #$10
0015DC  3                       CMP     #00
0015DC  3                       BNE     :+
0015DC  3                       ASL     PTEMPW1
0015DC  3                       ROL     PTEMPW1+1       ; *2
0015DC  3               :
0015DC  3                                               ; ADD THE X OFFSET
0015DC  3                       CLC                     ; Clear the Carry flag before the first addition
0015DC  3                       LDA     PTEMPW1         ; Load the low byte of the first number into the accumulator
0015DC  3                       ADC     PTEMPW          ; Add the low byte of the second number (plus carry)
0015DC  3                       STA     TEMPW           ; Store the low byte of the result
0015DC  3               
0015DC  3                       LDA     PTEMPW1+1       ; Load the high byte of the first number
0015DC  3                       ADC     PTEMPW+1        ; Add the high byte of the second number (plus carry from previous op)
0015DC  3                       STA     TEMPW+1         ; Store the high byte of the result
0015DC  3                                               ; TEMPW IS NOW THE MEMORY ADDRESS
0015DC  3               
0015DC  3                       LDA     TEMPW+1         ; OK, LET'S CALCULATE THE BANK
0015DC  3                       AND     #$F0
0015DC  3                       LSR     A
0015DC  3                       LSR     A
0015DC  3                       LSR     A
0015DC  3                       LSR     A
0015DC  3                       CLC
0015DC  3                       ADC     #$02+VIDEOBANK  ; AREA $2000-?
0015DC  3                       CMP     #$F8
0015DC  3                       BCC     V_PLOT_HIRES_COLOR_RANGE1
0015DC  3                       TAY                     ; VIDEO BANK SHOULD BE IN Y
0015DC  3                       JSR     PAGE_ENTER
0015DC  3                       LDA     TEMPW+1
0015DC  3                       AND     #$0F
0015DC  3                       ORA     #$A0
0015DC  3                       STA     TEMPW+1         ; TEMPW NOW REFLECTS MAPPED ADDRESSS
0015DC  3                       PLA
0015DC  3                       AND     #$07            ; WHICH BIT?
0015DC  3                       TAX
0015DC  3                       LDA     PTEMP4
0015DC  3                       CMP     #$01
0015DC  3                       BNE     :+
0015DC  3                       LDA     HIRES_BIT_LOOKUP_SET,X
0015DC  3                       LDY     #$00
0015DC  3                       ORA     (TEMPW),Y
0015DC  3                       STA     (TEMPW),Y
0015DC  3                       JSR     PAGE_EXIT
0015DC  3                       RTS
0015DC  3               :
0015DC  3                       LDA     HIRES_BIT_LOOKUP_RESET,X
0015DC  3                       PHA
0015DC  3                       LDY     #$00
0015DC  3                       AND     (TEMPW),Y
0015DC  3                       STA     (TEMPW),Y
0015DC  3                       JSR     PAGE_EXIT
0015DC  3                       RTS
0015DC  3               V_PLOT_HIRES_COLOR_RANGE1:
0015DC  3                       JMP     LAB_2564
0015DC  3               HIRES_BIT_LOOKUP_SET:
0015DC  3                       .BYTE   %10000000,%01000000,%00100000,%00010000,%00001000,%00000100,%00000010,%00000001
0015DC  3               HIRES_BIT_LOOKUP_RESET:
0015DC  3                       .BYTE   %01111111,%10111111,%11011111,%11101111,%11110111,%11111011,%11111101,%11111110
0015DC  3               
0015DC  3               ;___V_PATTERN________________________________________________
0015DC  3               ;
0015DC  3               ;  DEFINE GRAPHICS PATTERN
0015DC  3               ;
0015DC  3               ;  TAKES 10 PARAMETERS
0015DC  3               ;       PATTERN NUM (0-255)
0015DC  3               ;       PATTERN DATA (8 BYTES)
0015DC  3               ;__________________________________________________________
0015DC  3               LAB_PATTERN
0015DC  3               V_PATTERN:
0015DC  3                       JSR     LAB_GTBY        ; GET THE FIRST PARAMETER, RETURN IN X
0015DC  3                       TXA
0015DC  3                       PHA
0015DC  3                       LDY     #$00+VIDEOBANK  ; AREA $0000-$0FFF
0015DC  3                       JSR     PAGE_ENTER
0015DC  3                       PLA
0015DC  3                       STA     VideoCharGenOffset
0015DC  3                       LDY     #8
0015DC  3               :
0015DC  3                       TYA
0015DC  3                       PHA
0015DC  3                       JSR     LAB_1C01        ; GET THE NEXT PARAMETER (AFTER ',') OR SYN ERR
0015DC  3                       JSR     LAB_GTBY        ; GET THE NEXT PARAMETER, RETURN IN X
0015DC  3                       PLA
0015DC  3                       TAY
0015DC  3                       TXA
0015DC  3                       STA     VideoCharGenData
0015DC  3                       DEY
0015DC  3                       CPY     #$00
0015DC  3                       BNE     :-
0015DC  3                       JSR     PAGE_EXIT
0015DC  3                       RTS
0015DC  3               
0015DC  3               
0015DC  3               LAB_LINE:
0015DC  3                       RTS
0015DC  3                       .ELSE
0015DC  3               
0015DC  3               
0015DC  3               ; ENSURE ALL OF THESE SPECIAL COMMANDS GIVE ERRORS IN NORMAL BASIC
0015DC  3               LAB_SPEEK:
0015DC  3               LAB_SPOKE:
0015DC  3               LAB_SCRCLR:
0015DC  3               LAB_SCREEN:
0015DC  3               LAB_PATTERN:
0015DC  3               LAB_PLOT:
0015DC  3               LAB_LOCATE:
0015DC  3               LAB_COLOR:
0015DC  3               LAB_LINE:
0015DC  3  A2 02                LDX     #$02            ; error code $02 ("SYNTAX" error)
0015DE  3  4C BE 17             JMP     LAB_XERR        ; do error #X, then warm start
0015E1  3               
0015E1  3                       .ENDIF
0015E1  3               
0015E1  2                       .INCLUDE "sid.asm"
0015E1  3               
0015E1  3               
0015E1  3                       .IFDEF  MEMORYMAPPEDSCREEN
0015E1  3               
0015E1  3               PC6502_IO       = $E000
0015E1  3               SID_BASE        = PC6502_IO+$100
0015E1  3               
0015E1  3               ;___SOUND__________________________________________________
0015E1  3               ;
0015E1  3               ; PLAY SOUND
0015E1  3               ;
0015E1  3               ;  SOUND VOICE, FREQ, DUTY, WAVEFORM, ATTACK, SUSTAIN, DECAY, RELEASE
0015E1  3               ;
0015E1  3               ;
0015E1  3               ;__________________________________________________________
0015E1  3               LAB_SOUND:
0015E1  3                       JSR     LAB_GTBY        ; GET THE FIRST PARAMETER, RETURN IN X (VOICE)
0015E1  3                       TXA
0015E1  3                       AND     #3
0015E1  3                       ASL     A
0015E1  3                       TAX
0015E1  3                       LDA     SIDVOICELOOKUP,X
0015E1  3                       STA     TEMPW
0015E1  3                       LDA     SIDVOICELOOKUP+1,X
0015E1  3                       STA     TEMPW+1
0015E1  3                                               ; OK, TEMPW POINTS TO SID REGISTER TO MODIFY
0015E1  3                       JSR     LAB_1C01        ; GET THE SECOND PARAMETER (AFTER ',') OR SYN ERR
0015E1  3                       JSR     LAB_EVNM        ; evaluate expression and check is numeric,
0015E1  3                                               ; else do type mismatch
0015E1  3                       JSR     LAB_F2FX        ; save integer part of FAC1 in temporary integer
0015E1  3                       LDY     #0              ; SET FREQUENCY
0015E1  3                       LDA     Itempl
0015E1  3                       STA     (TEMPW),Y
0015E1  3                       LDA     Itemph
0015E1  3                       INX
0015E1  3                       STA     (TEMPW),Y
0015E1  3                       JSR     LAB_1C01        ; GET THE THIRD PARAMETER (AFTER ',') OR SYN ERR
0015E1  3                       JSR     LAB_EVNM        ; evaluate expression and check is numeric,
0015E1  3                                               ; else do type mismatch
0015E1  3                       JSR     LAB_F2FX        ; save integer part of FAC1 in temporary integer
0015E1  3                       LDY     #2              ; SET DUTY CYCLE
0015E1  3                       LDA     Itempl
0015E1  3                       STA     (TEMPW),Y
0015E1  3                       LDA     Itemph
0015E1  3                       INY
0015E1  3                       STA     (TEMPW),Y
0015E1  3                       JSR     LAB_1C01        ; GET THE FOURTH PARAMETER (AFTER ',') OR SYN ERR
0015E1  3                       JSR     LAB_GTBY        ; GET THE PARAMETER, RETURN IN X (WAVEFORM)
0015E1  3                       TXA
0015E1  3                       LDY     #4              ; SET WAVEFORM CYCLE
0015E1  3                       STA     (TEMPW),Y
0015E1  3                       JSR     LAB_1C01        ; GET THE FIFTH PARAMETER (AFTER ',') OR SYN ERR
0015E1  3                       JSR     LAB_GTBY        ; GET THE PARAMETER, RETURN IN X (ATTACK)
0015E1  3                       TXA
0015E1  3                       LSR     A
0015E1  3                       LSR     A
0015E1  3                       LSR     A
0015E1  3                       LSR     A
0015E1  3                       STA     PTEMPW
0015E1  3                       JSR     LAB_1C01        ; GET THE FIFTH PARAMETER (AFTER ',') OR SYN ERR
0015E1  3                       JSR     LAB_GTBY        ; GET THE PARAMETER, RETURN IN X (DECAY)
0015E1  3                       TXA
0015E1  3                       AND     #$0F
0015E1  3                       ORA     PTEMPW
0015E1  3                       LDY     #5              ; SET ATTACK/DECAY
0015E1  3                       STA     (TEMPW),Y
0015E1  3                       JSR     LAB_1C01        ; GET THE FIFTH PARAMETER (AFTER ',') OR SYN ERR
0015E1  3                       JSR     LAB_GTBY        ; GET THE PARAMETER, RETURN IN X (SUSTAIN)
0015E1  3                       TXA
0015E1  3                       LSR     A
0015E1  3                       LSR     A
0015E1  3                       LSR     A
0015E1  3                       LSR     A
0015E1  3                       STA     PTEMPW
0015E1  3                       JSR     LAB_1C01        ; GET THE FIFTH PARAMETER (AFTER ',') OR SYN ERR
0015E1  3                       JSR     LAB_GTBY        ; GET THE PARAMETER, RETURN IN X (RELEASE)
0015E1  3                       TXA
0015E1  3                       AND     #$0F
0015E1  3                       ORA     PTEMPW
0015E1  3                       LDY     #6              ; SET SUSTAIN/RELEASE
0015E1  3                       STA     (TEMPW),Y
0015E1  3                       RTS
0015E1  3               SIDVOICELOOKUP:
0015E1  3                       .WORD   SID_BASE,SID_BASE+7,SID_BASE+$12
0015E1  3               
0015E1  3               ;___FILTER_________________________________________________
0015E1  3               ;
0015E1  3               ; SET SID FILTERS
0015E1  3               ;
0015E1  3               ;  FILTER CUTOFF, RESONANCE, VOICE 1 ENABLE, VOICE 2 ENABLE, VOICE 3 ENABLE, EXTERNAL ENABLE, FILTER MODE, VOLUME
0015E1  3               ;
0015E1  3               ;
0015E1  3               ;__________________________________________________________
0015E1  3               LAB_FILTER:
0015E1  3                       JSR     LAB_EVNM        ; evaluate expression and check is numeric,
0015E1  3                                               ; else do type mismatch
0015E1  3                       JSR     LAB_F2FX        ; save integer part of FAC1 in temporary integer
0015E1  3                                               ; SET CUTOFF
0015E1  3                       LDA     Itempl
0015E1  3                       STA     SID_BASE+$15
0015E1  3                       LDA     Itemph
0015E1  3                       STA     SID_BASE+$16
0015E1  3                       JSR     LAB_1C01        ; GET THE SECOND PARAMETER (AFTER ',') OR SYN ERR
0015E1  3                       JSR     LAB_GTBY        ; GET THE PARAMETER, RETURN IN X (RESONANCE)
0015E1  3                       TXA
0015E1  3                       LSR     A
0015E1  3                       LSR     A
0015E1  3                       LSR     A
0015E1  3                       LSR     A
0015E1  3                       STA     PTEMPW
0015E1  3                       JSR     LAB_1C01        ; GET THE THIRD PARAMETER (AFTER ',') OR SYN ERR
0015E1  3                       JSR     LAB_GTBY        ; GET THE PARAMETER, RETURN IN X (VOICE 1 ENABLE)
0015E1  3                       TXA
0015E1  3                       AND     #1
0015E1  3                       ORA     PTEMPW
0015E1  3                       STA     PTEMPW
0015E1  3                       JSR     LAB_1C01        ; GET THE FOURTH PARAMETER (AFTER ',') OR SYN ERR
0015E1  3                       JSR     LAB_GTBY        ; GET THE PARAMETER, RETURN IN X (VOICE 2 ENABLE)
0015E1  3                       TXA
0015E1  3                       AND     #1
0015E1  3                       LSR     A
0015E1  3                       ORA     PTEMPW
0015E1  3                       STA     PTEMPW
0015E1  3                       JSR     LAB_1C01        ; GET THE FIFTH PARAMETER (AFTER ',') OR SYN ERR
0015E1  3                       JSR     LAB_GTBY        ; GET THE PARAMETER, RETURN IN X (VOICE 3 ENABLE)
0015E1  3                       TXA
0015E1  3                       AND     #1
0015E1  3                       LSR     A
0015E1  3                       LSR     A
0015E1  3                       ORA     PTEMPW
0015E1  3                       STA     PTEMPW
0015E1  3                       JSR     LAB_1C01        ; GET THE SIXTH PARAMETER (AFTER ',') OR SYN ERR
0015E1  3                       JSR     LAB_GTBY        ; GET THE PARAMETER, RETURN IN X (EXTERNAL AUDIO ENABLE)
0015E1  3                       TXA
0015E1  3                       AND     #1
0015E1  3                       LSR     A
0015E1  3                       LSR     A
0015E1  3                       LSR     A
0015E1  3                       ORA     PTEMPW
0015E1  3                       STA     SID_BASE+$17
0015E1  3                       JSR     LAB_1C01        ; GET THE SEVENTH PARAMETER (AFTER ',') OR SYN ERR
0015E1  3                       JSR     LAB_GTBY        ; GET THE PARAMETER, RETURN IN X (FILTER MODE)
0015E1  3                       TXA
0015E1  3                       LSR     A
0015E1  3                       LSR     A
0015E1  3                       LSR     A
0015E1  3                       LSR     A
0015E1  3                       STA     PTEMPW
0015E1  3                       JSR     LAB_1C01        ; GET THE EIGHTH PARAMETER (AFTER ',') OR SYN ERR
0015E1  3                       JSR     LAB_GTBY        ; GET THE PARAMETER, RETURN IN X (VOLUME)
0015E1  3                       TXA
0015E1  3                       AND     #$0F
0015E1  3                       ORA     PTEMPW
0015E1  3                       STA     SID_BASE+$18
0015E1  3                       RTS
0015E1  3               
0015E1  3                       .ELSE
0015E1  3               
0015E1  3               
0015E1  3               ; ENSURE ALL OF THESE SPECIAL COMMANDS GIVE ERRORS IN NORMAL BASIC
0015E1  3               LAB_SOUND:
0015E1  3               LAB_FILTER:
0015E1  3  A2 02                LDX     #$02            ; error code $02 ("SYNTAX" error)
0015E3  3  4C BE 17             JMP     LAB_XERR        ; do error #X, then warm start
0015E6  3               
0015E6  3                       .ENDIF
0015E6  3               
0015E6  2                       .INCLUDE "rtc.asm"
0015E6  3               
0015E6  3               
0015E6  3               RTCSECONDS      = 0
0015E6  3               RTCMINUTES      = 1
0015E6  3               RTCHOUR         = 2
0015E6  3               RTCDATE         = 3
0015E6  3               RTCMONTH        = 4
0015E6  3               RTCYEAR         = 6
0015E6  3               
0015E6  3               ;___LAB_SECOND______________________________________________
0015E6  3               ;
0015E6  3               ; RETURN SYSTEM SECONDS
0015E6  3               ;
0015E6  3               ;__________________________________________________________
0015E6  3               LAB_SECOND:
0015E6  3  A2 00                LDX     #RTCSECONDS
0015E8  3  A9 33                LDA     #51
0015EA  3  85 32                STA     farfunct
0015EC  3  20 F0 FF             JSR     DO_FARCALL
0015EF  3  98                   TYA
0015F0  3               
0015F0  3  20 81 16             JSR     BCD_TO_HEX
0015F3  3  A8                   TAY
0015F4  3  A9 00                LDA     #0              ; Get high byte
0015F6  3  20 C9 26             JSR     LAB_AYFC
0015F9  3  60                   RTS
0015FA  3               LAB_PSECOND:
0015FA  3  46 5F                LSR     <Dtypef         ; clear data type flag, $FF=string, $00=numeric
0015FC  3  20 BC 00             JSR     LAB_IGBY        ; increment and scan memory then do function
0015FF  3  60                   RTS
001600  3               ;___LAB_MINUTE______________________________________________
001600  3               ;
001600  3               ; RETURN SYSTEM MINUTE
001600  3               ;
001600  3               ;__________________________________________________________
001600  3               LAB_MINUTE:
001600  3  A2 01                LDX     #RTCMINUTES
001602  3  A9 33                LDA     #51
001604  3  85 32                STA     farfunct
001606  3  20 F0 FF             JSR     DO_FARCALL
001609  3  98                   TYA
00160A  3  20 81 16             JSR     BCD_TO_HEX
00160D  3  A8                   TAY
00160E  3  A9 00                LDA     #0              ; Get high byte
001610  3  20 C9 26             JSR     LAB_AYFC
001613  3  60                   RTS
001614  3               LAB_PMINUTE:
001614  3  46 5F                LSR     <Dtypef         ; clear data type flag, $FF=string, $00=numeric
001616  3  20 BC 00             JSR     LAB_IGBY        ; increment and scan memory then do function
001619  3  60                   RTS
00161A  3               ;___LAB_HOUR_________________________________________________
00161A  3               ;
00161A  3               ; RETURN SYSTEM HOUR
00161A  3               ;
00161A  3               ;__________________________________________________________
00161A  3               LAB_HOUR:
00161A  3  A2 02                LDX     #RTCHOUR
00161C  3  A9 33                LDA     #51
00161E  3  85 32                STA     farfunct
001620  3  20 F0 FF             JSR     DO_FARCALL
001623  3  98                   TYA
001624  3  20 81 16             JSR     BCD_TO_HEX
001627  3  A8                   TAY
001628  3  A9 00                LDA     #0              ; Get high byte
00162A  3  20 C9 26             JSR     LAB_AYFC
00162D  3  60                   RTS
00162E  3               LAB_PHOUR:
00162E  3  46 5F                LSR     <Dtypef         ; clear data type flag, $FF=string, $00=numeric
001630  3  20 BC 00             JSR     LAB_IGBY        ; increment and scan memory then do function
001633  3  60                   RTS
001634  3               
001634  3               ;___LAB_DAY______________________________________________
001634  3               ;
001634  3               ; RETURN SYSTEM DAY OF MONTH
001634  3               ;
001634  3               ;__________________________________________________________
001634  3               LAB_DAY:
001634  3  A2 03                LDX     #RTCDATE
001636  3  A9 33                LDA     #51
001638  3  85 32                STA     farfunct
00163A  3  20 F0 FF             JSR     DO_FARCALL
00163D  3  98                   TYA
00163E  3  20 81 16             JSR     BCD_TO_HEX
001641  3  A8                   TAY
001642  3  A9 00                LDA     #0              ; Get high byte
001644  3  20 C9 26             JSR     LAB_AYFC
001647  3  60                   RTS
001648  3               LAB_PDAY:
001648  3  46 5F                LSR     <Dtypef         ; clear data type flag, $FF=string, $00=numeric
00164A  3  20 BC 00             JSR     LAB_IGBY        ; increment and scan memory then do function
00164D  3  60                   RTS
00164E  3               
00164E  3               ;___LAB_MONTH______________________________________________
00164E  3               ;
00164E  3               ; RETURN SYSTEM MONTH
00164E  3               ;
00164E  3               ;__________________________________________________________
00164E  3               LAB_MONTH:
00164E  3  A2 04                LDX     #RTCMONTH
001650  3  A9 33                LDA     #51
001652  3  85 32                STA     farfunct
001654  3  20 F0 FF             JSR     DO_FARCALL
001657  3  98                   TYA
001658  3  20 81 16             JSR     BCD_TO_HEX
00165B  3  A8                   TAY
00165C  3  A9 00                LDA     #0              ; Get high byte
00165E  3  20 C9 26             JSR     LAB_AYFC
001661  3  60                   RTS
001662  3               LAB_PMONTH:
001662  3  46 5F                LSR     <Dtypef         ; clear data type flag, $FF=string, $00=numeric
001664  3  20 BC 00             JSR     LAB_IGBY        ; increment and scan memory then do function
001667  3  60                   RTS
001668  3               
001668  3               ;___LAB_YEAR________________________________________________
001668  3               ;
001668  3               ; RETURN SYSTEM YEAR
001668  3               ;
001668  3               ;__________________________________________________________
001668  3               LAB_YEAR:
001668  3  A2 06                LDX     #RTCYEAR
00166A  3  A9 33                LDA     #51
00166C  3  85 32                STA     farfunct
00166E  3  20 F0 FF             JSR     DO_FARCALL
001671  3  98                   TYA
001672  3  20 81 16             JSR     BCD_TO_HEX
001675  3  A9 00                LDA     #0              ; Get high byte
001677  3  20 C9 26             JSR     LAB_AYFC
00167A  3  60                   RTS
00167B  3               LAB_PYEAR:
00167B  3  46 5F                LSR     <Dtypef         ; clear data type flag, $FF=string, $00=numeric
00167D  3  20 BC 00             JSR     LAB_IGBY        ; increment and scan memory then do function
001680  3  60                   RTS
001681  3               
001681  3               
001681  3               BCD_TO_HEX:
001681  3  85 12                STA     nums_2          ; Store in TEMP2
001683  3  29 F0                AND     #$F0
001685  3  4A                   LSR     A               ; (shift 1 times to /2)
001686  3  85 11                STA     nums_1          ; Store the /2 into TEMP
001688  3  4A                   LSR     A               ;
001689  3  4A                   LSR     A               ; Shift two more times to /8
00168A  3  18                   CLC
00168B  3  65 11                ADC     nums_1          ; add /8 + /2 to get /10
00168D  3  85 11                STA     nums_1          ; Store tens digit into TEMP
00168F  3  A5 12                LDA     nums_2          ; Get Ones
001691  3  29 0F                AND     #$0F
001693  3  18                   CLC
001694  3  65 11                ADC     nums_1
001696  3  60                   RTS                     ; Return from subroutine
001697  3               
001697  2               
001697  1               
001697  1               ; This start can be changed to suit your system (TEA START)
001697  1               
001697  1               BASICBEGIN:
001697  1  AD 04 01             LDA     $0104
00169A  1  8D 72 11             STA     PEMVEC
00169D  1  AD 05 01             LDA     $0105
0016A0  1  8D 73 11             STA     PEMVEC+1
0016A3  1               
0016A3  1                       .IFDEF  MEMORYMAPPEDSCREEN
0016A3  1                       LDA     #0
0016A3  1                       STA     SHOWCRSR        ; TURN OFF CURSOR
0016A3  1                       LDA     #38
0016A3  1                       STA     farfunct
0016A3  1                       JSR     DO_FARCALL      ; CLEAR SCREEN
0016A3  1                       LDA     #59
0016A3  1                       STA     farfunct
0016A3  1                       JSR     DO_FARCALL      ; UNPAINT CURSOR
0016A3  1                       .ENDIF
0016A3  1               
0016A3  1               LAB_COLD:
0016A3  1  A0 04                LDY     #PG2_TABE-PG2_TABS-1
0016A5  1               ; byte count-1
0016A5  1               LAB_2D13:
0016A5  1  B9 32 08             LDA     PG2_TABS,Y      ; get byte
0016A8  1  99 00 06             STA     ccflag,Y        ; store in page 2
0016AB  1  88                   DEY                     ; decrement count
0016AC  1  10 F7                BPL     LAB_2D13        ; loop if not done
0016AE  1               
0016AE  1  A2 FF                LDX     #$FF            ; set byte
0016B0  1  86 88                STX     Clineh          ; set current line high byte (set immediate mode)
0016B2  1               
0016B2  1  A9 4C                LDA     #$4C            ; code for JMP
0016B4  1  85 A1                STA     Fnxjmp          ; save for jump vector for functions
0016B6  1               
0016B6  1               ; copy block from LAB_2CEE to $00BC - $00D3
0016B6  1               
0016B6  1  A0 1C                LDY     #StrTab-LAB_2CEE; set byte count
0016B8  1               LAB_2D4E:
0016B8  1  BE 02 08             LDX     LAB_2CEE-1,Y    ; get byte from table
0016BB  1  96 BB                STX     LAB_IGBY-1,Y    ; save byte in page zero
0016BD  1  88                   DEY                     ; decrement count
0016BE  1  D0 F8                BNE     LAB_2D4E        ; loop if not all done
0016C0  1               
0016C0  1               ; copy block from StrTab to $0000 - $0012
0016C0  1               
0016C0  1               LAB_GMEM:
0016C0  1  A0 12                LDY     #EndTab-StrTab-1; set byte count-1
0016C2  1               TabLoop:
0016C2  1  BE 1F 08             LDX     StrTab,Y        ; get byte from table
0016C5  1  96 00                STX     PLUS_0,Y        ; save byte in page zero
0016C7  1  88                   DEY                     ; decrement count
0016C8  1  10 F8                BPL     TabLoop         ; loop if not all done
0016CA  1               
0016CA  1               
0016CA  1                       .IFDEF  DUODYNE
0016CA  1                       PHB
0016CA  1                       PLA
0016CA  1                       STA     Bpntrp          ; SET LAB_GBYT PAGE POINTER TO DATA BANK
0016CA  1                       .ELSE
0016CA  1  9A                   TXS                     ; reset stack pointer
0016CB  1                       .ENDIF
0016CB  1               
0016CB  1               
0016CB  1               ; set-up start values
0016CB  1               
0016CB  1  A9 00                LDA     #$00            ; clear A
0016CD  1  85 E5                STA     NmiBase         ; clear NMI handler enabled flag
0016CF  1  85 E8                STA     IrqBase         ; clear IRQ handler enabled flag
0016D1  1  85 B2                STA     FAC1_o          ; clear FAC1 overflow byte
0016D3  1  85 67                STA     last_sh         ; clear descriptor stack top item pointer high byte
0016D5  1               
0016D5  1  A9 0E                LDA     #$0E            ; set default tab size
0016D7  1  85 64                STA     TabSiz          ; save it
0016D9  1  A9 03                LDA     #$03            ; set garbage collect step size for descriptor stack
0016DB  1  85 A0                STA     g_step          ; save it
0016DD  1  A2 68                LDX     #des_sk         ; descriptor stack start
0016DF  1  86 65                STX     next_s          ; set descriptor stack pointer
0016E1  1  20 00 1F             JSR     LAB_CRLF        ; print CR/LF
0016E4  1               
0016E4  1  A0 00                LDY     #$00            ; else clear Y
0016E6  1               ; character was null so get memory size the hard way
0016E6  1               ; we get here with Y=0 and Itempl/h = Ram_base
0016E6  1               LAB_2D93:
0016E6  1  E6 11                INC     Itempl          ; increment temporary integer low byte
0016E8  1  D0 08                BNE     LAB_2D99        ; branch if no overflow
0016EA  1               
0016EA  1  E6 12                INC     Itemph          ; increment temporary integer high byte
0016EC  1  A5 12                LDA     Itemph          ; get high byte
0016EE  1  C9 B8                CMP     #>Ram_top       ; compare with top of RAM+1
0016F0  1  F0 0F                BEQ     LAB_2DB6        ; branch if match (end of user RAM)
0016F2  1               
0016F2  1               LAB_2D99:
0016F2  1  A9 55                LDA     #$55            ; set test byte
0016F4  1  91 11                STAINDIRECTY Itempl     ; save via temporary integer
0016F6  1  D1 11                CMPINDIRECTY Itempl     ; compare via temporary integer
0016F8  1  D0 07                BNE     LAB_2DB6        ; branch if fail
0016FA  1               
0016FA  1  0A                   ASL     A               ; shift test byte left (now $AA)
0016FB  1  91 11                STAINDIRECTY Itempl     ; save via temporary integer
0016FD  1  D1 11                CMPINDIRECTY Itempl     ; compare via temporary integer
0016FF  1  F0 E5                BEQ     LAB_2D93        ; if ok go do next byte
001701  1               
001701  1               LAB_2DB6:
001701  1  A5 11                LDA     Itempl          ; get temporary integer low byte
001703  1  A4 12                LDY     Itemph          ; get temporary integer high byte
001705  1  C0 01                CPY     #<Ram_base+1    ; compare with start of RAM+$100 high byte
001707  1  90 B7                LBCC    LAB_GMEM        ; if too small go try again
001709  1               
001709  1               ;MEM_OK
001709  1  85 85                STA     Ememl           ; set end of mem low byte
00170B  1  84 86                STY     Ememh           ; set end of mem high byte
00170D  1  85 81                STA     Sstorl          ; set bottom of string space low byte
00170F  1  84 82                STY     Sstorh          ; set bottom of string space high byte
001711  1               
001711  1  A0 00                LDY     #<Ram_base      ; set start addr low byte
001713  1  A2 39                LDX     #>Ram_base      ; set start addr high byte
001715  1  84 79                STY     Smeml           ; save start of mem low byte
001717  1  86 7A                STX     Smemh           ; save start of mem high byte
001719  1               
001719  1  98                   TYA                     ; clear A
00171A  1  91 79                STA     (Smeml),Y       ; clear first byte
00171C  1  E6 79                INC     Smeml           ; increment start of mem low byte
00171E  1               
00171E  1               LAB_2E05:
00171E  1  20 00 1F             JSR     LAB_CRLF        ; print CR/LF
001721  1  20 D0 19             JSR     LAB_1463        ; do "NEW" and "CLEAR"
001724  1  A5 85                LDA     Ememl           ; get end of mem low byte
001726  1  38                   SEC                     ; set carry for subtract
001727  1  E5 79                SBC     Smeml           ; subtract start of mem low byte
001729  1  AA                   TAX                     ; copy to X
00172A  1  A5 86                LDA     Ememh           ; get end of mem high byte
00172C  1  E5 7A                SBC     Smemh           ; subtract start of mem high byte
00172E  1  20 FF 30             JSR     LAB_295E        ; print XA as unsigned integer (bytes free)
001731  1  A9 D5                LDA     #<LAB_SMSG      ; point to sign-on message (low addr)
001733  1  A0 0D                LDY     #>LAB_SMSG      ; point to sign-on message (high addr)
001735  1  20 41 1F             JSR     LAB_18C3        ; print null terminated string from memory
001738  1  A9 DC                LDA     #<LAB_1274      ; warm start vector low byte
00173A  1  A0 17                LDY     #>LAB_1274      ; warm start vector high byte
00173C  1  85 01                STA     Wrmjpl          ; save warm start vector low byte
00173E  1  84 02                STY     Wrmjph          ; save warm start vector high byte
001740  1  6C 01 00             JMP     (Wrmjpl)        ; go do warm start
001743  1               
001743  1               ; open up space in memory
001743  1               ; move (Ostrtl)-(Obendl) to new block ending at (Nbendl)
001743  1               
001743  1               ; Nbendl,Nbendh - new block end address (A/Y)
001743  1               ; Obendl,Obendh - old block end address
001743  1               ; Ostrtl,Ostrth - old block start address
001743  1               
001743  1               ; returns with ..
001743  1               
001743  1               ; Nbendl,Nbendh - new block start address (high byte - $100)
001743  1               ; Obendl,Obendh - old block start address (high byte - $100)
001743  1               ; Ostrtl,Ostrth - old block start address (unchanged)
001743  1               
001743  1               LAB_11CF:
001743  1  20 8D 17             JSR     LAB_121F        ; check available memory, "Out of memory" error if no room
001746  1               ; addr to check is in AY (low/high)
001746  1  85 7F                STA     Earryl          ; save new array mem end low byte
001748  1  84 80                STY     Earryh          ; save new array mem end high byte
00174A  1               
00174A  1               ; open up space in memory
00174A  1               ; move (Ostrtl)-(Obendl) to new block ending at (Nbendl)
00174A  1               ; don't set array end
00174A  1               
00174A  1               LAB_11D6:
00174A  1  38                   SEC                     ; set carry for subtract
00174B  1  A5 A6                LDA     Obendl          ; get block end low byte
00174D  1  E5 AA                SBC     Ostrtl          ; subtract block start low byte
00174F  1  A8                   TAY                     ; copy MOD(block length/$100) byte to Y
001750  1  A5 A7                LDA     Obendh          ; get block end high byte
001752  1  E5 AB                SBC     Ostrth          ; subtract block start high byte
001754  1  AA                   TAX                     ; copy block length high byte to X
001755  1  E8                   INX                     ; +1 to allow for count=0 exit
001756  1  98                   TYA                     ; copy block length low byte to A
001757  1  F0 24                BEQ     LAB_120A        ; branch if length low byte=0
001759  1               
001759  1               ; block is (X-1)*256+Y bytes, do the Y bytes first
001759  1               
001759  1  38                   SEC                     ; set carry for add + 1, two's complement
00175A  1  49 FF                EOR     #$FF            ; invert low byte for subtract
00175C  1  65 A6                ADC     Obendl          ; add block end low byte
00175E  1               
00175E  1  85 A6                STA     Obendl          ; save corrected old block end low byte
001760  1  B0 03                BCS     LAB_11F3        ; branch if no underflow
001762  1               
001762  1  C6 A7                DEC     Obendh          ; else decrement block end high byte
001764  1  38                   SEC                     ; set carry for add + 1, two's complement
001765  1               LAB_11F3:
001765  1  98                   TYA                     ; get MOD(block length/$100) byte
001766  1  49 FF                EOR     #$FF            ; invert low byte for subtract
001768  1  65 A4                ADC     Nbendl          ; add destination end low byte
00176A  1  85 A4                STA     Nbendl          ; save modified new block end low byte
00176C  1  B0 08                BCS     LAB_1203        ; branch if no underflow
00176E  1               
00176E  1  C6 A5                DEC     Nbendh          ; else decrement block end high byte
001770  1  90 04                BCC     LAB_1203        ; branch always
001772  1               
001772  1               LAB_11FF:
001772  1  B1 A6                LDAINDIRECTY Obendl     ; get byte from source
001774  1  91 A4                STAINDIRECTY Nbendl     ; copy byte to destination
001776  1               LAB_1203:
001776  1  88                   DEY                     ; decrement index
001777  1  D0 F9                BNE     LAB_11FF        ; loop until Y=0
001779  1               
001779  1               ; now do Y=0 indexed byte
001779  1  B1 A6                LDAINDIRECTY Obendl     ; get byte from source
00177B  1  91 A4                STAINDIRECTY Nbendl     ; save byte to destination
00177D  1               LAB_120A:
00177D  1  C6 A7                DEC     Obendh          ; decrement source pointer high byte
00177F  1  C6 A5                DEC     Nbendh          ; decrement destination pointer high byte
001781  1  CA                   DEX                     ; decrement block count
001782  1  D0 F2                BNE     LAB_1203        ; loop until count = $0
001784  1               
001784  1  60                   RTS
001785  1               
001785  1               ; check room on stack for A bytes
001785  1               ; stack too deep? do OM error
001785  1               
001785  1               LAB_1212:
001785  1                       .IFDEF  DUODYNE
001785  1                       ACCUMULATOR16
001785  1                       AND     #$00FF
001785  1                       CLC
001785  1                       ADC     #STACK_BOTTOM
001785  1                       STA     <TEMPW
001785  1                       TSC
001785  1                       CMP     <TEMPW
001785  1                       BCC     LAB_1213        ; if stack < limit do "Out of memory" error then warm start
001785  1                       ACCUMULATOR8
001785  1                       RTS
001785  1               LAB_1213:
001785  1                       ACCUMULATOR8
001785  1                       JMP     LAB_OMER
001785  1                       .ELSE
001785  1  85 78                STA     TempB           ; save result in temp byte
001787  1  BA                   TSX                     ; copy stack
001788  1  E4 78                CPX     TempB           ; compare new "limit" with stack
00178A  1  90 30                BCC     LAB_OMER        ; if stack < limit do "Out of memory" error then warm start
00178C  1  60                   RTS
00178D  1                       .ENDIF
00178D  1               
00178D  1               
00178D  1               ; check available memory, "Out of memory" error if no room
00178D  1               ; addr to check is in AY (low/high)
00178D  1               
00178D  1               LAB_121F:
00178D  1  C4 82                CPY     Sstorh          ; compare bottom of string mem high byte
00178F  1  90 2A                BCC     LAB_124B        ; if less then exit (is ok)
001791  1               
001791  1  D0 04                BNE     LAB_1229        ; skip next test if greater (tested <)
001793  1               
001793  1               ; high byte was =, now do low byte
001793  1  C5 81                CMP     Sstorl          ; compare with bottom of string mem low byte
001795  1  90 24                BCC     LAB_124B        ; if less then exit (is ok)
001797  1               
001797  1               ; addr is > string storage ptr (oops!)
001797  1               LAB_1229:
001797  1  48                   PHA                     ; push addr low byte
001798  1  A2 08                LDX     #$08            ; set index to save Adatal to expneg inclusive
00179A  1  98                   TYA                     ; copy addr high byte (to push on stack)
00179B  1               
00179B  1               ; save misc numeric work area
00179B  1               LAB_122D:
00179B  1  48                   PHA                     ; push byte
00179C  1  B5 A3                LDA     Adatal-1,X      ; get byte from Adatal to expneg ( ,$00 not pushed)
00179E  1  CA                   DEX                     ; decrement index
00179F  1  10 FA                BPL     LAB_122D        ; loop until all done
0017A1  1               
0017A1  1  20 51 28             JSR     LAB_GARB        ; garbage collection routine
0017A4  1               
0017A4  1               ; restore misc numeric work area
0017A4  1  A2 00                LDX     #$00            ; clear the index to restore bytes
0017A6  1               LAB_1238:
0017A6  1  68                   PLA                     ; pop byte
0017A7  1  95 A4                STA     Adatal,X        ; save byte to Adatal to expneg
0017A9  1  E8                   INX                     ; increment index
0017AA  1  E0 08                CPX     #$08            ; compare with end + 1
0017AC  1  30 F8                BMI     LAB_1238        ; loop if more to do
0017AE  1               
0017AE  1  68                   PLA                     ; pop addr high byte
0017AF  1  A8                   TAY                     ; copy back to Y
0017B0  1  68                   PLA                     ; pop addr low byte
0017B1  1  C4 82                CPY     Sstorh          ; compare bottom of string mem high byte
0017B3  1  90 06                BCC     LAB_124B        ; if less then exit (is ok)
0017B5  1               
0017B5  1  D0 05                BNE     LAB_OMER        ; if greater do "Out of memory" error then warm start
0017B7  1               
0017B7  1               ; high byte was =, now do low byte
0017B7  1  C5 81                CMP     Sstorl          ; compare with bottom of string mem low byte
0017B9  1  B0 01                BCS     LAB_OMER        ; if >= do "Out of memory" error then warm start
0017BB  1               
0017BB  1               ; ok exit, carry clear
0017BB  1               LAB_124B:
0017BB  1  60                   RTS
0017BC  1               
0017BC  1               ; do "Out of memory" error then warm start
0017BC  1               
0017BC  1               LAB_OMER:
0017BC  1  A2 0C                LDX     #$0C            ; error code $0C ("Out of memory" error)
0017BE  1               
0017BE  1               ; do error #X, then warm start
0017BE  1               
0017BE  1               LAB_XERR:
0017BE  1  20 00 1F             JSR     LAB_CRLF        ; print CR/LF
0017C1  1               
0017C1  1  BD F8 0D             LDA     LAB_BAER,X      ; get error message pointer low byte
0017C4  1  BC F9 0D             LDY     LAB_BAER+1,X    ; get error message pointer high byte
0017C7  1  20 41 1F             JSR     LAB_18C3        ; print null terminated string from memory
0017CA  1               
0017CA  1  20 0E 1A             JSR     LAB_1491        ; flush stack and clear continue flag
0017CD  1  A9 41                LDA     #<LAB_EMSG      ; point to " Error" low addr
0017CF  1  A0 0F                LDY     #>LAB_EMSG      ; point to " Error" high addr
0017D1  1               LAB_1269:
0017D1  1  20 41 1F             JSR     LAB_18C3        ; print null terminated string from memory
0017D4  1  A4 88                LDY     Clineh          ; get current line high byte
0017D6  1  C8                   INY                     ; increment it
0017D7  1  F0 03                BEQ     LAB_1274        ; go do warm start (was immediate mode)
0017D9  1               
0017D9  1               ; else print line number
0017D9  1  20 F4 30             JSR     LAB_2953        ; print " in line [LINE #]"
0017DC  1               
0017DC  1               ; BASIC warm start entry point
0017DC  1               ; wait for Basic command
0017DC  1               
0017DC  1               LAB_1274:
0017DC  1               ; clear ON IRQ/NMI bytes
0017DC  1  A9 00                LDA     #$00            ; clear A
0017DE  1  85 E8                STA     IrqBase         ; clear enabled byte
0017E0  1  85 E5                STA     NmiBase         ; clear enabled byte
0017E2  1  A9 52                LDA     #<LAB_RMSG      ; point to "Ready" message low byte
0017E4  1  A0 0F                LDY     #>LAB_RMSG      ; point to "Ready" message high byte
0017E6  1               
0017E6  1  20 41 1F             JSR     LAB_18C3        ; go do print string
0017E9  1               
0017E9  1               
0017E9  1               ; wait for Basic command (no "Ready")
0017E9  1               
0017E9  1               LAB_127D:
0017E9  1  20 CF 18             JSR     LAB_1357        ; call for BASIC input
0017EC  1               LAB_1280:
0017EC  1  86 C3                STX     Bpntrl          ; set BASIC execute pointer low byte
0017EE  1  84 C4                STY     Bpntrh          ; set BASIC execute pointer high byte
0017F0  1                       .IFDEF  DUODYNE
0017F0  1                       JSL     LAB_GBYT        ; scan memory
0017F0  1                       .ELSE
0017F0  1  20 C2 00             JSR     LAB_GBYT        ; scan memory
0017F3  1                       .ENDIF
0017F3  1  F0 F4                BEQ     LAB_127D        ; loop while null
0017F5  1               
0017F5  1               ; got to interpret input line now ..
0017F5  1               
0017F5  1  A2 FF                LDX     #$FF            ; current line to null value
0017F7  1  86 88                STX     Clineh          ; set current line high byte
0017F9  1  90 06                BCC     LAB_1295        ; branch if numeric character (handle new BASIC line)
0017FB  1               
0017FB  1               ; no line number .. immediate mode
0017FB  1  20 FE 18             JSR     LAB_13A6        ; crunch keywords into Basic tokens
0017FE  1  4C 78 1B             JMP     LAB_15F6        ; go scan and interpret code
001801  1               
001801  1               ; handle new BASIC line
001801  1               
001801  1               LAB_1295:
001801  1  20 C3 1D             JSR     LAB_GFPN        ; get fixed-point number into temp integer
001804  1  20 FE 18             JSR     LAB_13A6        ; crunch keywords into Basic tokens
001807  1  84 5D                STY     Ibptr           ; save index pointer to end of crunched line
001809  1  20 A4 19             JSR     LAB_SSLN        ; search BASIC for temp integer line number
00180C  1  90 44                BCC     LAB_12E6        ; branch if not found
00180E  1               
00180E  1               ; aroooogah! line # already exists! delete it
00180E  1  A0 01                LDY     #$01            ; set index to next line pointer high byte
001810  1  B1 AA                LDA     (Baslnl),Y      ; get next line pointer high byte
001812  1  85 72                STA     ut1_ph          ; save it
001814  1  A5 7B                LDA     Svarl           ; get start of vars low byte
001816  1  85 71                STA     ut1_pl          ; save it
001818  1  A5 AB                LDA     Baslnh          ; get found line pointer high byte
00181A  1  85 74                STA     ut2_ph          ; save it
00181C  1  A5 AA                LDA     Baslnl          ; get found line pointer low byte
00181E  1  88                   DEY                     ; decrement index
00181F  1  F1 AA                SBC     (Baslnl),Y      ; subtract next line pointer low byte
001821  1  18                   CLC                     ; clear carry for add
001822  1  65 7B                ADC     Svarl           ; add start of vars low byte
001824  1  85 7B                STA     Svarl           ; save new start of vars low byte
001826  1  85 73                STA     ut2_pl          ; save destination pointer low byte
001828  1  A5 7C                LDA     Svarh           ; get start of vars high byte
00182A  1  69 FF                ADC     #$FF            ; -1 + carry
00182C  1  85 7C                STA     Svarh           ; save start of vars high byte
00182E  1  E5 AB                SBC     Baslnh          ; subtract found line pointer high byte
001830  1  AA                   TAX                     ; copy to block count
001831  1  38                   SEC                     ; set carry for subtract
001832  1  A5 AA                LDA     Baslnl          ; get found line pointer low byte
001834  1  E5 7B                SBC     Svarl           ; subtract start of vars low byte
001836  1  A8                   TAY                     ; copy to bytes in first block count
001837  1  B0 03                BCS     LAB_12D0        ; branch if overflow
001839  1               
001839  1  E8                   INX                     ; increment block count (correct for =0 loop exit)
00183A  1  C6 74                DEC     ut2_ph          ; decrement destination high byte
00183C  1               LAB_12D0:
00183C  1  18                   CLC                     ; clear carry for add
00183D  1  65 71                ADC     ut1_pl          ; add source pointer low byte
00183F  1  90 03                BCC     LAB_12D8        ; branch if no overflow
001841  1               
001841  1  C6 72                DEC     ut1_ph          ; else decrement source pointer high byte
001843  1  18                   CLC                     ; clear carry
001844  1               
001844  1               ; close up memory to delete old line
001844  1               LAB_12D8:
001844  1  B1 71                LDA     (ut1_pl),Y      ; get byte from source
001846  1  91 73                STA     (ut2_pl),Y      ; copy to destination
001848  1  C8                   INY                     ; increment index
001849  1  D0 F9                BNE     LAB_12D8        ; while <> 0 do this block
00184B  1               
00184B  1  E6 72                INC     ut1_ph          ; increment source pointer high byte
00184D  1  E6 74                INC     ut2_ph          ; increment destination pointer high byte
00184F  1  CA                   DEX                     ; decrement block count
001850  1  D0 F2                BNE     LAB_12D8        ; loop until all done
001852  1               
001852  1               ; got new line in buffer and no existing same #
001852  1               LAB_12E6:
001852  1  AD 81 38             LDA     Ibuffs          ; get byte from start of input buffer
001855  1  F0 3F                LBEQ    LAB_1319        ; if null line just go flush stack/vars and exit
001857  1               
001857  1               ; got new line and it isn't empty line
001857  1  A5 85                LDA     Ememl           ; get end of mem low byte
001859  1  A4 86                LDY     Ememh           ; get end of mem high byte
00185B  1  85 81                STA     Sstorl          ; set bottom of string space low byte
00185D  1  84 82                STY     Sstorh          ; set bottom of string space high byte
00185F  1  A5 7B                LDA     Svarl           ; get start of vars low byte	(end of BASIC)
001861  1  85 A6                STA     Obendl          ; save old block end low byte
001863  1  A4 7C                LDY     Svarh           ; get start of vars high byte	(end of BASIC)
001865  1  84 A7                STY     Obendh          ; save old block end high byte
001867  1  65 5D                ADC     Ibptr           ; add input buffer pointer	(also buffer length)
001869  1  90 01                BCC     LAB_1301        ; branch if no overflow from add
00186B  1               
00186B  1  C8                   INY                     ; else increment high byte
00186C  1               LAB_1301:
00186C  1  85 A4                STA     Nbendl          ; save new block end low byte	(move to, low byte)
00186E  1  84 A5                STY     Nbendh          ; save new block end high byte
001870  1  20 43 17             JSR     LAB_11CF        ; open up space in memory
001873  1               ; old start pointer Ostrtl,Ostrth set by the find line call
001873  1  A5 7F                LDA     Earryl          ; get array mem end low byte
001875  1  A4 80                LDY     Earryh          ; get array mem end high byte
001877  1  85 7B                STA     Svarl           ; save start of vars low byte
001879  1  84 7C                STY     Svarh           ; save start of vars high byte
00187B  1  A4 5D                LDY     Ibptr           ; get input buffer pointer	(also buffer length)
00187D  1  88                   DEY                     ; adjust for loop type
00187E  1               LAB_1311:
00187E  1  B9 7D 38             LDA     Ibuffs-4,Y      ; get byte from crunched line
001881  1  91 AA                STA     (Baslnl),Y      ; save it to program memory
001883  1  88                   DEY                     ; decrement count
001884  1  C0 03                CPY     #$03            ; compare with first byte-1
001886  1  D0 F6                BNE     LAB_1311        ; continue while count <> 3
001888  1               
001888  1  A5 12                LDA     Itemph          ; get line # high byte
00188A  1  91 AA                STA     (Baslnl),Y      ; save it to program memory
00188C  1  88                   DEY                     ; decrement count
00188D  1  A5 11                LDA     Itempl          ; get line # low byte
00188F  1  91 AA                STA     (Baslnl),Y      ; save it to program memory
001891  1  88                   DEY                     ; decrement count
001892  1  A9 FF                LDA     #$FF            ; set byte to allow chain rebuild. if you didn't set this
001894  1               ; byte then a zero already here would stop the chain rebuild
001894  1               ; as it would think it was the [EOT] marker.
001894  1  91 AA                STA     (Baslnl),Y      ; save it to program memory
001896  1               
001896  1               LAB_1319:
001896  1  20 E5 19             JSR     LAB_1477        ; reset execution to start, clear vars and flush stack
001899  1  A6 79                LDX     Smeml           ; get start of mem low byte
00189B  1  A5 7A                LDA     Smemh           ; get start of mem high byte
00189D  1  A0 01                LDY     #$01            ; index to high byte of next line pointer
00189F  1               LAB_1325:
00189F  1  86 71                STX     ut1_pl          ; set line start pointer low byte
0018A1  1  85 72                STA     ut1_ph          ; set line start pointer high byte
0018A3  1  B1 71                LDA     (ut1_pl),Y      ; get it
0018A5  1  F0 18                BEQ     LAB_133E        ; exit if end of program
0018A7  1               
0018A7  1               ; rebuild chaining of Basic lines
0018A7  1               
0018A7  1  A0 04                LDY     #$04            ; point to first code byte of line
0018A9  1               ; there is always 1 byte + [EOL] as null entries are deleted
0018A9  1               LAB_1330:
0018A9  1  C8                   INY                     ; next code byte
0018AA  1  B1 71                LDA     (ut1_pl),Y      ; get byte
0018AC  1  D0 FB                BNE     LAB_1330        ; loop if not [EOL]
0018AE  1               
0018AE  1  38                   SEC                     ; set carry for add + 1
0018AF  1  98                   TYA                     ; copy end index
0018B0  1  65 71                ADC     ut1_pl          ; add to line start pointer low byte
0018B2  1  AA                   TAX                     ; copy to X
0018B3  1  A0 00                LDY     #$00            ; clear index, point to this line's next line pointer
0018B5  1  91 71                STA     (ut1_pl),Y      ; set next line pointer low byte
0018B7  1  98                   TYA                     ; clear A
0018B8  1  65 72                ADC     ut1_ph          ; add line start pointer high byte + carry
0018BA  1  C8                   INY                     ; increment index to high byte
0018BB  1  91 71                STA     (ut1_pl),Y      ; save next line pointer low byte
0018BD  1  90 E0                BCC     LAB_1325        ; go do next line, branch always, carry clear
0018BF  1               
0018BF  1               
0018BF  1               LAB_133E:
0018BF  1  4C E9 17             JMP     LAB_127D        ; else we just wait for Basic command, no "Ready"
0018C2  1               
0018C2  1               ; print "? " and get BASIC input
0018C2  1               
0018C2  1               LAB_INLN:
0018C2  1  20 59 1F             JSR     LAB_18E3        ; print "?" character
0018C5  1  20 56 1F             JSR     LAB_18E0        ; print " "
0018C8  1  D0 05                BNE     LAB_1357        ; call for BASIC input and return
0018CA  1               
0018CA  1               ; receive line from keyboard
0018CA  1               
0018CA  1               ; $08 as delete key (BACKSPACE on standard keyboard)
0018CA  1               LAB_134B:
0018CA  1  20 5B 1F             JSR     LAB_PRNA        ; go print the character
0018CD  1  CA                   DEX                     ; decrement the buffer counter (delete)
0018CE  1  2C                   .BYTE   $2C             ; make LDX into BIT abs
0018CF  1               
0018CF  1               ; call for BASIC input (main entry point)
0018CF  1               
0018CF  1               LAB_1357:
0018CF  1                       .IFDEF  MEMORYMAPPEDSCREEN
0018CF  1               ; Do screen editor
0018CF  1                       JSR     ScreenEditor
0018CF  1                       LDX     #<Ibuffs        ; set X to buffer start-1 low byte
0018CF  1                       LDY     #>Ibuffs        ; set Y to buffer start-1 high byte
0018CF  1                       LDA     #$00
0018CF  1                       RTS
0018CF  1                       .ENDIF
0018CF  1               
0018CF  1               
0018CF  1               SimpleSerialEditor:
0018CF  1  A2 00                LDX     #$00            ; clear BASIC line buffer pointer
0018D1  1               LAB_1359:
0018D1  1  20 7C 10             JSR     V_INPT          ; call scan input device
0018D4  1  90 FB                BCC     LAB_1359        ; loop if no byte
0018D6  1               
0018D6  1               ;BEQ	LAB_1359		; loop until valid input (ignore NULLs)
0018D6  1               
0018D6  1  C9 07                CMP     #$07            ; compare with [BELL]
0018D8  1  F0 10                BEQ     LAB_1378        ; branch if [BELL]
0018DA  1               
0018DA  1  C9 0D                CMP     #$0D            ; compare with [CR]
0018DC  1  F0 19                BEQ     LAB_1384        ; do CR/LF exit if [CR]
0018DE  1               
0018DE  1  E0 00                CPX     #$00            ; compare pointer with $00
0018E0  1  D0 04                BNE     LAB_1374        ; branch if not empty
0018E2  1               
0018E2  1               ; next two lines ignore any non print character and [SPACE] if input buffer empty
0018E2  1               
0018E2  1  C9 21                CMP     #$21            ; compare with [SP]+1
0018E4  1  90 EB                BCC     LAB_1359        ; if < ignore character
0018E6  1               
0018E6  1               LAB_1374:
0018E6  1  C9 08                CMP     #$08            ; compare with [BACKSPACE] (delete last character)
0018E8  1  F0 E0                BEQ     LAB_134B        ; go delete last character
0018EA  1               
0018EA  1               LAB_1378:
0018EA  1  E0 51                CPX     #Ibuffe-Ibuffs  ; compare character count with max
0018EC  1  B0 0C                BCS     LAB_138E        ; skip store and do [BELL] if buffer full
0018EE  1               
0018EE  1  9D 81 38             STA     Ibuffs,X        ; else store in buffer
0018F1  1  E8                   INX                     ; increment pointer
0018F2  1               
0018F2  1               LAB_137F:
0018F2  1  20 5B 1F             JSR     LAB_PRNA        ; go print the character
0018F5  1  D0 DA                BNE     LAB_1359        ; always loop for next character
0018F7  1               
0018F7  1               LAB_1384:
0018F7  1  4C F7 1E             JMP     LAB_1866        ; do CR/LF exit to BASIC
0018FA  1               
0018FA  1               ; announce buffer full
0018FA  1               
0018FA  1               LAB_138E:
0018FA  1  A9 07                LDA     #$07            ; [BELL] character into A
0018FC  1  D0 F4                BNE     LAB_137F        ; go print the [BELL] but ignore input character
0018FE  1               ; branch always
0018FE  1               
0018FE  1               ; crunch keywords into Basic tokens
0018FE  1               ; position independent buffer version ..
0018FE  1               ; faster, dictionary search version ....
0018FE  1               
0018FE  1               LAB_13A6:
0018FE  1  A0 FF                LDY     #$FF            ; set save index (makes for easy math later)
001900  1               
001900  1  38                   SEC                     ; set carry for subtract
001901  1  A5 C3                LDA     Bpntrl          ; get basic execute pointer low byte
001903  1  E9 81                SBC     #<Ibuffs        ; subtract input buffer start pointer
001905  1  AA                   TAX                     ; copy result to X (index past line # if any)
001906  1               
001906  1  86 60                STX     Oquote          ; clear open quote/DATA flag
001908  1               LAB_13AC:
001908  1  BD 81 38             LDA     Ibuffs,X        ; get byte from input buffer
00190B  1  F0 51                BEQ     LAB_13EC        ; if null save byte then exit
00190D  1               
00190D  1  C9 5F                CMP     #'_'            ; compare with "_"
00190F  1  B0 4D                BCS     LAB_13EC        ; if >= go save byte then continue crunching
001911  1               
001911  1  C9 3C                CMP     #'<'            ; compare with "<"
001913  1  B0 0E                BCS     LAB_13CC        ; if >= go crunch now
001915  1               
001915  1  C9 30                CMP     #'0'            ; compare with "0"
001917  1  B0 45                BCS     LAB_13EC        ; if >= go save byte then continue crunching
001919  1               
001919  1  85 5C                STA     Scnquo          ; save buffer byte as search character
00191B  1  C9 22                CMP     #$22            ; is it quote character?
00191D  1  F0 61                LBEQ    LAB_1410        ; branch if so (copy quoted string)
00191F  1               
00191F  1  C9 2A                CMP     #'*'            ; compare with "*"
001921  1  90 3B                BCC     LAB_13EC        ; if < go save byte then continue crunching
001923  1               
001923  1               ; else crunch now
001923  1               LAB_13CC:
001923  1  24 60                BIT     Oquote          ; get open quote/DATA token flag
001925  1  70 37                BVS     LAB_13EC        ; branch if b6 of Oquote set (was DATA)
001927  1               ; go save byte then continue crunching
001927  1               
001927  1  86 78                STX     TempB           ; save buffer read index
001929  1  84 BA                STY     csidx           ; copy buffer save index
00192B  1  A0 72                LDY     #<TAB_1STC      ; get keyword first character table low address
00192D  1  84 73                STY     ut2_pl          ; save pointer low byte
00192F  1  A0 09                LDY     #>TAB_1STC      ; get keyword first character table high address
001931  1  84 74                STY     ut2_ph          ; save pointer high byte
001933  1  A0 00                LDY     #$00            ; clear table pointer
001935  1               
001935  1               LAB_13D0:
001935  1  D1 73                CMP     (ut2_pl),Y      ; compare with keyword first character table byte
001937  1  F0 05                BEQ     LAB_13D1        ; go do word_table_chr if match
001939  1               
001939  1  90 21                BCC     LAB_13EA        ; if < keyword first character table byte go restore
00193B  1               ; Y and save to crunched
00193B  1               
00193B  1  C8                   INY                     ; else increment pointer
00193C  1  D0 F7                BNE     LAB_13D0        ; and loop (branch always)
00193E  1               
00193E  1               ; have matched first character of some keyword
00193E  1               
00193E  1               LAB_13D1:
00193E  1  98                   TYA                     ; copy matching index
00193F  1  0A                   ASL     A               ; *2 (bytes per pointer)
001940  1  AA                   TAX                     ; copy to new index
001941  1  BD 91 09             LDA     TAB_CHRT,X      ; get keyword table pointer low byte
001944  1  85 73                STA     ut2_pl          ; save pointer low byte
001946  1  BD 92 09             LDA     TAB_CHRT+1,X    ; get keyword table pointer high byte
001949  1  85 74                STA     ut2_ph          ; save pointer high byte
00194B  1               
00194B  1  A0 FF                LDY     #$FF            ; clear table pointer (make -1 for start)
00194D  1               
00194D  1  A6 78                LDX     TempB           ; restore buffer read index
00194F  1               
00194F  1               LAB_13D6:
00194F  1  C8                   INY                     ; next table byte
001950  1  B1 73                LDA     (ut2_pl),Y      ; get byte from table
001952  1               LAB_13D8:
001952  1  30 08                BMI     LAB_13EA        ; all bytes matched so go save token
001954  1               
001954  1  E8                   INX                     ; next buffer byte
001955  1  DD 81 38             CMP     Ibuffs,X        ; compare with byte from input buffer
001958  1  F0 F5                BEQ     LAB_13D6        ; go compare next if match
00195A  1               
00195A  1  D0 2B                BNE     LAB_1417        ; branch if >< (not found keyword)
00195C  1               
00195C  1               LAB_13EA:
00195C  1  A4 BA                LDY     csidx           ; restore save index
00195E  1               
00195E  1               ; save crunched to output
00195E  1               LAB_13EC:
00195E  1  E8                   INX                     ; increment buffer index (to next input byte)
00195F  1  C8                   INY                     ; increment save index (to next output byte)
001960  1  99 81 38             STA     Ibuffs,Y        ; save byte to output
001963  1  C9 00                CMP     #$00            ; set the flags, set carry
001965  1  F0 32                BEQ     LAB_142A        ; do exit if was null [EOL]
001967  1               
001967  1               ; A holds token or byte here
001967  1  E9 3A                SBC     #':'            ; subtract ":" (carry set by CMP #00)
001969  1  F0 04                BEQ     LAB_13FF        ; branch if it was ":" (is now $00)
00196B  1               
00196B  1               ; A now holds token-$3A
00196B  1  C9 49                CMP     #TK_DATA-$3A    ; compare with DATA token - $3A
00196D  1  D0 02                BNE     LAB_1401        ; branch if not DATA
00196F  1               
00196F  1               ; token was : or DATA
00196F  1               LAB_13FF:
00196F  1  85 60                STA     Oquote          ; save token-$3A (clear for ":", TK_DATA-$3A for DATA)
001971  1               LAB_1401:
001971  1  49 56                EOR     #TK_REM-$3A     ; effectively subtract REM token offset
001973  1  D0 93                LBNE    LAB_13AC        ; If wasn't REM then go crunch rest of line
001975  1               
001975  1  85 5C                STA     Asrch           ; else was REM so set search for [EOL]
001977  1               
001977  1               ; loop for REM, "..." etc.
001977  1               LAB_1408:
001977  1  BD 81 38             LDA     Ibuffs,X        ; get byte from input buffer
00197A  1  F0 E2                BEQ     LAB_13EC        ; branch if null [EOL]
00197C  1               
00197C  1  C5 5C                CMP     Asrch           ; compare with stored character
00197E  1  F0 DE                BEQ     LAB_13EC        ; branch if match (end quote)
001980  1               
001980  1               ; entry for copy string in quotes, don't crunch
001980  1               LAB_1410:
001980  1  C8                   INY                     ; increment buffer save index
001981  1  99 81 38             STA     Ibuffs,Y        ; save byte to output
001984  1  E8                   INX                     ; increment buffer read index
001985  1  D0 F0                BNE     LAB_1408        ; loop while <> 0 (should never be 0!)
001987  1               
001987  1               ; not found keyword this go
001987  1               LAB_1417:
001987  1  A6 78                LDX     TempB           ; compare has failed, restore buffer index (start byte!)
001989  1               
001989  1               ; now find the end of this word in the table
001989  1               LAB_141B:
001989  1  B1 73                LDA     (ut2_pl),Y      ; get table byte
00198B  1  08                   PHP                     ; save status
00198C  1  C8                   INY                     ; increment table index
00198D  1  28                   PLP                     ; restore byte status
00198E  1  10 F9                BPL     LAB_141B        ; if not end of keyword go do next
001990  1               
001990  1  B1 73                LDA     (ut2_pl),Y      ; get byte from keyword table
001992  1  D0 BE                BNE     LAB_13D8        ; go test next word if not zero byte (end of table)
001994  1               
001994  1               ; reached end of table with no match
001994  1  BD 81 38             LDA     Ibuffs,X        ; restore byte from input buffer
001997  1  10 C3                BPL     LAB_13EA        ; branch always (all bytes in buffer are $00-$7F)
001999  1               ; go save byte in output and continue crunching
001999  1               
001999  1               ; reached [EOL]
001999  1               LAB_142A:
001999  1  C8                   INY                     ; increment pointer
00199A  1  C8                   INY                     ; increment pointer (makes it next line pointer high byte)
00199B  1  99 81 38             STA     Ibuffs,Y        ; save [EOL] (marks [EOT] in immediate mode)
00199E  1  C8                   INY                     ; adjust for line copy
00199F  1  C8                   INY                     ; adjust for line copy
0019A0  1  C8                   INY                     ; adjust for line copy
0019A1  1  C6 C3                DEC     Bpntrl          ; allow for increment (change if buffer starts at $xxFF)
0019A3  1  60                   RTS
0019A4  1               
0019A4  1               ; search Basic for temp integer line number from start of mem
0019A4  1               
0019A4  1               LAB_SSLN:
0019A4  1  A5 79                LDA     Smeml           ; get start of mem low byte
0019A6  1  A6 7A                LDX     Smemh           ; get start of mem high byte
0019A8  1               
0019A8  1               ; search Basic for temp integer line number from AX
0019A8  1               ; returns carry set if found
0019A8  1               ; returns Baslnl/Baslnh pointer to found or next higher (not found) line
0019A8  1               
0019A8  1               ; old 541 new 507
0019A8  1               
0019A8  1               LAB_SHLN:
0019A8  1  A0 01                LDY     #$01            ; set index
0019AA  1  85 AA                STA     Baslnl          ; save low byte as current
0019AC  1  86 AB                STX     Baslnh          ; save high byte as current
0019AE  1  B1 AA                LDA     (Baslnl),Y      ; get pointer high byte from addr
0019B0  1  F0 1A                BEQ     LAB_145F        ; pointer was zero so we're done, do 'not found' exit
0019B2  1               
0019B2  1  A0 03                LDY     #$03            ; set index to line # high byte
0019B4  1  B1 AA                LDA     (Baslnl),Y      ; get line # high byte
0019B6  1  88                   DEY                     ; decrement index (point to low byte)
0019B7  1  C5 12                CMP     Itemph          ; compare with temporary integer high byte
0019B9  1  D0 04                BNE     LAB_1455        ; if <> skip low byte check
0019BB  1               
0019BB  1  B1 AA                LDA     (Baslnl),Y      ; get line # low byte
0019BD  1  C5 11                CMP     Itempl          ; compare with temporary integer low byte
0019BF  1               LAB_1455:
0019BF  1  B0 09                BCS     LAB_145E        ; else if temp < this line, exit (passed line#)
0019C1  1               
0019C1  1               LAB_1456:
0019C1  1  88                   DEY                     ; decrement index to next line ptr high byte
0019C2  1  B1 AA                LDA     (Baslnl),Y      ; get next line pointer high byte
0019C4  1  AA                   TAX                     ; copy to X
0019C5  1  88                   DEY                     ; decrement index to next line ptr low byte
0019C6  1  B1 AA                LDA     (Baslnl),Y      ; get next line pointer low byte
0019C8  1  90 DE                LBCC    LAB_SHLN        ; go search for line # in temp (Itempl/Itemph) from AX
0019CA  1               ; (carry always clear)
0019CA  1               
0019CA  1               LAB_145E:
0019CA  1  F0 01                BEQ     LAB_1460        ; exit if temp = found line #, carry is set
0019CC  1               
0019CC  1               LAB_145F:
0019CC  1  18                   CLC                     ; clear found flag
0019CD  1               LAB_1460:
0019CD  1  60                   RTS
0019CE  1               
0019CE  1               ; perform NEW
0019CE  1               
0019CE  1               LAB_NEW:
0019CE  1  D0 FD                BNE     LAB_1460        ; exit if not end of statement (to do syntax error)
0019D0  1               
0019D0  1               LAB_1463:
0019D0  1  A9 00                LDA     #$00            ; clear A
0019D2  1  A8                   TAY                     ; clear Y
0019D3  1  91 79                STA     (Smeml),Y       ; clear first line, next line pointer, low byte
0019D5  1  C8                   INY                     ; increment index
0019D6  1  91 79                STA     (Smeml),Y       ; clear first line, next line pointer, high byte
0019D8  1  18                   CLC                     ; clear carry
0019D9  1  A5 79                LDA     Smeml           ; get start of mem low byte
0019DB  1  69 02                ADC     #$02            ; calculate end of BASIC low byte
0019DD  1  85 7B                STA     Svarl           ; save start of vars low byte
0019DF  1  A5 7A                LDA     Smemh           ; get start of mem high byte
0019E1  1  69 00                ADC     #$00            ; add any carry
0019E3  1  85 7C                STA     Svarh           ; save start of vars high byte
0019E5  1               
0019E5  1               ; reset execution to start, clear vars and flush stack
0019E5  1               
0019E5  1               LAB_1477:
0019E5  1  A9 00                LDA     #$00
0019E7  1  8D 7B 10             STA     printflag
0019EA  1  18                   CLC                     ; clear carry
0019EB  1  A5 79                LDA     Smeml           ; get start of mem low byte
0019ED  1  69 FF                ADC     #$FF            ; -1
0019EF  1  85 C3                STA     Bpntrl          ; save BASIC execute pointer low byte
0019F1  1  A5 7A                LDA     Smemh           ; get start of mem high byte
0019F3  1  69 FF                ADC     #$FF            ; -1+carry
0019F5  1  85 C4                STA     Bpntrh          ; save BASIC execute pointer high byte
0019F7  1               
0019F7  1               ; "CLEAR" command gets here
0019F7  1               
0019F7  1               LAB_147A:
0019F7  1  A5 85                LDA     Ememl           ; get end of mem low byte
0019F9  1  A4 86                LDY     Ememh           ; get end of mem high byte
0019FB  1  85 81                STA     Sstorl          ; set bottom of string space low byte
0019FD  1  84 82                STY     Sstorh          ; set bottom of string space high byte
0019FF  1  A5 7B                LDA     Svarl           ; get start of vars low byte
001A01  1  A4 7C                LDY     Svarh           ; get start of vars high byte
001A03  1  85 7D                STA     Sarryl          ; save var mem end low byte
001A05  1  84 7E                STY     Sarryh          ; save var mem end high byte
001A07  1  85 7F                STA     Earryl          ; save array mem end low byte
001A09  1  84 80                STY     Earryh          ; save array mem end high byte
001A0B  1  20 CA 1B             JSR     LAB_161A        ; perform RESTORE command
001A0E  1               
001A0E  1               ; flush stack and clear continue flag
001A0E  1               
001A0E  1               LAB_1491:
001A0E  1                       .IFDEF  DUODYNE
001A0E  1                       ACCUMULATORINDEX16
001A0E  1                       PLX                     ; pull return address low byte
001A0E  1                       LDA     #STACK          ; get the stack address
001A0E  1                       TCS                     ; and set the stack to it
001A0E  1                       PHX
001A0E  1                       ACCUMULATORINDEX8
001A0E  1                       .ELSE
001A0E  1  A2 68                LDX     #des_sk         ; set descriptor stack pointer
001A10  1  86 65                STX     next_s          ; save descriptor stack pointer
001A12  1  68                   PLA                     ; pull return address low byte
001A13  1  AA                   TAX                     ; copy return address low byte
001A14  1  68                   PLA                     ; pull return address high byte
001A15  1  8E FE 01             STX     LAB_SKFE        ; save to cleared stack
001A18  1  8D FF 01             STA     LAB_SKFF        ; save to cleared stack
001A1B  1  A2 FD                LDX     #$FD            ; new stack pointer
001A1D  1  9A                   TXS                     ; reset stack
001A1E  1                       .ENDIF
001A1E  1  A9 00                LDA     #$00            ; clear byte
001A20  1  85 8C                STA     Cpntrh          ; clear continue pointer high byte
001A22  1  85 61                STA     Sufnxf          ; clear subscript/FNX flag
001A24  1               LAB_14A6:
001A24  1  60                   RTS
001A25  1               
001A25  1               ; perform CLEAR
001A25  1               
001A25  1               LAB_CLEAR:
001A25  1  F0 D0                BEQ     LAB_147A        ; if no following token go do "CLEAR"
001A27  1               
001A27  1               ; else there was a following token (go do syntax error)
001A27  1  60                   RTS
001A28  1               
001A28  1               ; perform LIST [n][-m]
001A28  1               ; bigger, faster version (a _lot_ faster)
001A28  1               
001A28  1               LAB_LIST:
001A28  1  90 06                BCC     LAB_14BD        ; branch if next character numeric (LIST n..)
001A2A  1               
001A2A  1  F0 04                BEQ     LAB_14BD        ; branch if next character [NULL] (LIST)
001A2C  1               
001A2C  1  C9 C4                CMP     #TK_MINUS       ; compare with token for -
001A2E  1  D0 F4                BNE     LAB_14A6        ; exit if not - (LIST -m)
001A30  1               
001A30  1               ; LIST [[n][-m]]
001A30  1               ; this bit sets the n , if present, as the start and end
001A30  1               LAB_14BD:
001A30  1  20 C3 1D             JSR     LAB_GFPN        ; get fixed-point number into temp integer
001A33  1  20 A4 19             JSR     LAB_SSLN        ; search BASIC for temp integer line number
001A36  1               ; (pointer in Baslnl/Baslnh)
001A36  1                       .IFDEF  DUODYNE
001A36  1                       JSL     LAB_GBYT        ; scan memory
001A36  1                       .ELSE
001A36  1  20 C2 00             JSR     LAB_GBYT        ; scan memory
001A39  1                       .ENDIF
001A39  1               
001A39  1  F0 0C                BEQ     LAB_14D4        ; branch if no more characters
001A3B  1               
001A3B  1               ; this bit checks the - is present
001A3B  1  C9 C4                CMP     #TK_MINUS       ; compare with token for -
001A3D  1  D0 5D                BNE     LAB_152B        ; return if not "-" (will be Syntax error)
001A3F  1               
001A3F  1               ; LIST [n]-m
001A3F  1               ; the - was there so set m as the end value
001A3F  1                       .IFDEF  DUODYNE
001A3F  1                       JSL     LAB_IGBY        ; increment and scan memory
001A3F  1                       .ELSE
001A3F  1  20 BC 00             JSR     LAB_IGBY        ; increment and scan memory
001A42  1                       .ENDIF
001A42  1  20 C3 1D             JSR     LAB_GFPN        ; get fixed-point number into temp integer
001A45  1  D0 55                BNE     LAB_152B        ; exit if not ok
001A47  1               
001A47  1               LAB_14D4:
001A47  1  A5 11                LDA     Itempl          ; get temporary integer low byte
001A49  1  05 12                ORA     Itemph          ; OR temporary integer high byte
001A4B  1  D0 06                BNE     LAB_14E2        ; branch if start set
001A4D  1               
001A4D  1  A9 FF                LDA     #$FF            ; set for -1
001A4F  1  85 11                STA     Itempl          ; set temporary integer low byte
001A51  1  85 12                STA     Itemph          ; set temporary integer high byte
001A53  1               LAB_14E2:
001A53  1  A0 01                LDY     #$01            ; set index for line
001A55  1  84 60                STY     Oquote          ; clear open quote flag
001A57  1  20 00 1F             JSR     LAB_CRLF        ; print CR/LF
001A5A  1  B1 AA                LDA     (<Baslnl),Y     ; get next line pointer high byte
001A5C  1               ; pointer initially set by search at LAB_14BD
001A5C  1  F0 3E                LBEQ    LAB_152B        ; if null all done so exit
001A5E  1  20 9A 1B             JSR     LAB_1629        ; do CRTL-C check vector
001A61  1               
001A61  1  C8                   INY                     ; increment index for line
001A62  1  B1 AA                LDA     (<Baslnl),Y     ; get line # low byte
001A64  1  AA                   TAX                     ; copy to X
001A65  1  C8                   INY                     ; increment index
001A66  1  B1 AA                LDA     (<Baslnl),Y     ; get line # high byte
001A68  1  C5 12                CMP     Itemph          ; compare with temporary integer high byte
001A6A  1  D0 04                BNE     LAB_14FF        ; branch if no high byte match
001A6C  1               
001A6C  1  E4 11                CPX     Itempl          ; compare with temporary integer low byte
001A6E  1  F0 02                BEQ     LAB_1501        ; branch if = last line to do (< will pass next branch)
001A70  1               
001A70  1               LAB_14FF:                       ; else ..
001A70  1  B0 2A                BCS     LAB_152B        ; if greater all done so exit
001A72  1               
001A72  1               LAB_1501:
001A72  1  84 97                STY     Tidx1           ; save index for line
001A74  1  20 FF 30             JSR     LAB_295E        ; print XA as unsigned integer
001A77  1  A9 20                LDA     #$20            ; space is the next character
001A79  1               LAB_1508:
001A79  1  A4 97                LDY     Tidx1           ; get index for line
001A7B  1  29 7F                AND     #$7F            ; mask top out bit of character
001A7D  1               LAB_150C:
001A7D  1  20 5B 1F             JSR     LAB_PRNA        ; go print the character
001A80  1  C9 22                CMP     #$22            ; was it " character
001A82  1  D0 06                BNE     LAB_1519        ; branch if not
001A84  1               
001A84  1               ; we are either entering or leaving a pair of quotes
001A84  1  A5 60                LDA     Oquote          ; get open quote flag
001A86  1  49 FF                EOR     #$FF            ; toggle it
001A88  1  85 60                STA     Oquote          ; save it back
001A8A  1               LAB_1519:
001A8A  1  C8                   INY                     ; increment index
001A8B  1  B1 AA                LDA     (<Baslnl),Y     ; get next byte
001A8D  1  D0 0E                BNE     LAB_152E        ; branch if not [EOL] (go print character)
001A8F  1  A8                   TAY                     ; else clear index
001A90  1  B1 AA                LDA     (<Baslnl),Y     ; get next line pointer low byte
001A92  1  AA                   TAX                     ; copy to X
001A93  1  C8                   INY                     ; increment index
001A94  1  B1 AA                LDA     (<Baslnl),Y     ; get next line pointer high byte
001A96  1  86 AA                STX     Baslnl          ; set pointer to line low byte
001A98  1  85 AB                STA     Baslnh          ; set pointer to line high byte
001A9A  1  D0 B7                LBNE    LAB_14E2        ; go do next line if not [EOT]
001A9C  1               ; else ..
001A9C  1               LAB_152B:
001A9C  1  60                   RTS
001A9D  1               
001A9D  1               LAB_152E:
001A9D  1  10 DE                BPL     LAB_150C        ; just go print it if not token byte
001A9F  1               
001A9F  1               ; else was token byte so uncrunch it (maybe)
001A9F  1  24 60                BIT     Oquote          ; test the open quote flag
001AA1  1  30 DA                BMI     LAB_150C        ; just go print character if open quote set
001AA3  1               
001AA3  1  A2 0B                LDX     #>LAB_KEYT      ; get table address high byte
001AA5  1  0A                   ASL     A               ; *2
001AA6  1  0A                   ASL     A               ; *4
001AA7  1  90 02                BCC     LAB_152F        ; branch if no carry
001AA9  1               
001AA9  1  E8                   INX                     ; else increment high byte
001AAA  1  18                   CLC                     ; clear carry for add
001AAB  1               LAB_152F:
001AAB  1  69 E2                ADC     #<LAB_KEYT      ; add low byte
001AAD  1  90 01                BCC     LAB_1530        ; branch if no carry
001AAF  1               
001AAF  1  E8                   INX                     ; else increment high byte
001AB0  1               LAB_1530:
001AB0  1  85 73                STA     ut2_pl          ; save table pointer low byte
001AB2  1  86 74                STX     ut2_ph          ; save table pointer high byte
001AB4  1  84 97                STY     Tidx1           ; save index for line
001AB6  1  A0 00                LDY     #$00            ; clear index
001AB8  1  B1 73                LDA     (<ut2_pl),Y     ; get length
001ABA  1  AA                   TAX                     ; copy length
001ABB  1  C8                   INY                     ; increment index
001ABC  1  B1 73                LDA     (<ut2_pl),Y     ; get 1st character
001ABE  1  CA                   DEX                     ; decrement length
001ABF  1  F0 B8                LBEQ    LAB_1508        ; if no more characters exit and print
001AC1  1               
001AC1  1  20 5B 1F             JSR     LAB_PRNA        ; go print the character
001AC4  1  C8                   INY                     ; increment index
001AC5  1  B1 73                LDA     (<ut2_pl),Y     ; get keyword address low byte
001AC7  1  48                   PHA                     ; save it for now
001AC8  1  C8                   INY                     ; increment index
001AC9  1  B1 73                LDA     (<ut2_pl),Y     ; get keyword address high byte
001ACB  1  A0 00                LDY     #$00
001ACD  1  85 74                STA     ut2_ph          ; save keyword pointer high byte
001ACF  1  68                   PLA                     ; pull low byte
001AD0  1  85 73                STA     ut2_pl          ; save keyword pointer low byte
001AD2  1               LAB_1540:
001AD2  1  B1 73                LDA     (<ut2_pl),Y     ; get character
001AD4  1  CA                   DEX                     ; decrement character count
001AD5  1  F0 A2                LBEQ    LAB_1508        ; if last character exit and print
001AD7  1               
001AD7  1  20 5B 1F             JSR     LAB_PRNA        ; go print the character
001ADA  1  C8                   INY                     ; increment index
001ADB  1  D0 F5                BNE     LAB_1540        ; loop for next character
001ADD  1               
001ADD  1               ; perform FOR
001ADD  1               
001ADD  1               LAB_FOR:
001ADD  1  A9 80                LDA     #$80            ; set FNX
001ADF  1  85 61                STA     Sufnxf          ; set subscript/FNX flag
001AE1  1  20 22 1E             JSR     LAB_LET         ; go do LET
001AE4  1  68                   PLA                     ; pull return address
001AE5  1  68                   PLA                     ; pull return address
001AE6  1  A9 10                LDA     #$10            ; we need 16d bytes !
001AE8  1  20 85 17             JSR     LAB_1212        ; check room on stack for A bytes
001AEB  1  20 19 1D             JSR     LAB_SNBS        ; scan for next BASIC statement ([:] or [EOL])
001AEE  1  18                   CLC                     ; clear carry for add
001AEF  1  98                   TYA                     ; copy index to A
001AF0  1  65 C3                ADC     Bpntrl          ; add BASIC execute pointer low byte
001AF2  1  48                   PHA                     ; push onto stack
001AF3  1  A5 C4                LDA     Bpntrh          ; get BASIC execute pointer high byte
001AF5  1  69 00                ADC     #$00            ; add carry
001AF7  1  48                   PHA                     ; push onto stack
001AF8  1  A5 88                LDA     Clineh          ; get current line high byte
001AFA  1  48                   PHA                     ; push onto stack
001AFB  1  A5 87                LDA     Clinel          ; get current line low byte
001AFD  1  48                   PHA                     ; push onto stack
001AFE  1  A9 BA                LDA     #TK_TO          ; get "TO" token
001B00  1  20 5F 22             JSR     LAB_SCCA        ; scan for CHR$(A) , else do syntax error then warm start
001B03  1  20 3E 21             JSR     LAB_CTNM        ; check if source is numeric, else do type mismatch
001B06  1  20 3B 21             JSR     LAB_EVNM        ; evaluate expression and check is numeric,
001B09  1               ; else do type mismatch
001B09  1  A5 B0                LDA     FAC1_s          ; get FAC1 sign (b7)
001B0B  1  09 7F                ORA     #$7F            ; set all non sign bits
001B0D  1  25 AD                AND     FAC1_1          ; and FAC1 mantissa1
001B0F  1  85 AD                STA     FAC1_1          ; save FAC1 mantissa1
001B11  1  A9 1C                LDA     #<LAB_159F      ; set return address low byte
001B13  1  A0 1B                LDY     #>LAB_159F      ; set return address high byte
001B15  1  85 71                STA     ut1_pl          ; save return address low byte
001B17  1  84 72                STY     ut1_ph          ; save return address high byte
001B19  1  4C F2 21             JMP     LAB_1B66        ; round FAC1 and put on stack (returns to next instruction)
001B1C  1               
001B1C  1               LAB_159F:
001B1C  1  A9 54                LDA     #<LAB_259C      ; set 1 pointer low addr (default step size)
001B1E  1  A0 10                LDY     #>LAB_259C      ; set 1 pointer high addr
001B20  1  20 F7 2E             JSR     LAB_UFAC        ; unpack memory (AY) into FAC1
001B23  1                       .IFDEF  DUODYNE
001B23  1                       JSL     LAB_GBYT        ; scan memory
001B23  1                       .ELSE
001B23  1  20 C2 00             JSR     LAB_GBYT        ; scan memory
001B26  1                       .ENDIF
001B26  1               
001B26  1  C9 BF                CMP     #TK_STEP        ; compare with STEP token
001B28  1  D0 06                BNE     LAB_15B3        ; jump if not "STEP"
001B2A  1               
001B2A  1               ;.was step so ..
001B2A  1                       .IFDEF  DUODYNE
001B2A  1                       JSL     LAB_IGBY        ; increment and scan memory
001B2A  1                       .ELSE
001B2A  1  20 BC 00             JSR     LAB_IGBY        ; increment and scan memory
001B2D  1                       .ENDIF
001B2D  1               
001B2D  1  20 3B 21             JSR     LAB_EVNM        ; evaluate expression and check is numeric,
001B30  1               ; else do type mismatch
001B30  1               LAB_15B3:
001B30  1  20 63 2F             JSR     LAB_27CA        ; return A=FF,C=1/-ve A=01,C=0/+ve
001B33  1  85 B0                STA     FAC1_s          ; set FAC1 sign (b7)
001B35  1               ; this is +1 for +ve step and -1 for -ve step, in NEXT we
001B35  1               ; compare the FOR value and the TO value and return +1 if
001B35  1               ; FOR > TO, 0 if FOR = TO and -1 if FOR < TO. the value
001B35  1               ; here (+/-1) is then compared to that result and if they
001B35  1               ; are the same (+ve and FOR > TO or -ve and FOR < TO) then
001B35  1               ; the loop is done
001B35  1  20 E7 21             JSR     LAB_1B5B        ; push sign, round FAC1 and put on stack
001B38  1  A5 98                LDA     Frnxth          ; get var pointer for FOR/NEXT high byte
001B3A  1  48                   PHA                     ; push on stack
001B3B  1  A5 97                LDA     Frnxtl          ; get var pointer for FOR/NEXT low byte
001B3D  1  48                   PHA                     ; push on stack
001B3E  1  A9 81                LDA     #TK_FOR         ; get FOR token
001B40  1  48                   PHA                     ; push on stack
001B41  1               
001B41  1               ; interpreter inner loop
001B41  1               
001B41  1               LAB_15C2:
001B41  1  20 9A 1B             JSR     LAB_1629        ; do CRTL-C check vector
001B44  1  A5 C3                LDA     Bpntrl          ; get BASIC execute pointer low byte
001B46  1  A4 C4                LDY     Bpntrh          ; get BASIC execute pointer high byte
001B48  1               
001B48  1  A6 88                LDX     Clineh          ; continue line is $FFxx for immediate mode
001B4A  1               ; ($00xx for RUN from immediate mode)
001B4A  1  E8                   INX                     ; increment it (now $00 if immediate mode)
001B4B  1  F0 04                BEQ     LAB_15D1        ; branch if null (immediate mode)
001B4D  1               
001B4D  1  85 8B                STA     Cpntrl          ; save continue pointer low byte
001B4F  1  84 8C                STY     Cpntrh          ; save continue pointer high byte
001B51  1               LAB_15D1:
001B51  1  A0 00                LDY     #$00            ; clear index
001B53  1  B1 C3                LDA     (Bpntrl),Y      ; get next byte
001B55  1  F0 07                BEQ     LAB_15DC        ; branch if null [EOL]
001B57  1               
001B57  1  C9 3A                CMP     #':'            ; compare with ":"
001B59  1  F0 1D                BEQ     LAB_15F6        ; branch if = (statement separator)
001B5B  1               
001B5B  1               LAB_15D9:
001B5B  1  4C 71 22             JMP     LAB_SNER        ; else syntax error then warm start
001B5E  1               
001B5E  1               ; have reached [EOL]
001B5E  1               LAB_15DC:
001B5E  1  A0 02                LDY     #$02            ; set index
001B60  1  B1 C3                LDA     (Bpntrl),Y      ; get next line pointer high byte
001B62  1  18                   CLC                     ; clear carry for no "BREAK" message
001B63  1  F0 57                LBEQ    LAB_1651        ; if null go to immediate mode (was immediate or [EOT]
001B65  1               ; marker)
001B65  1               
001B65  1  C8                   INY                     ; increment index
001B66  1  B1 C3                LDA     (Bpntrl),Y      ; get line # low byte
001B68  1  85 87                STA     Clinel          ; save current line low byte
001B6A  1  C8                   INY                     ; increment index
001B6B  1  B1 C3                LDA     (Bpntrl),Y      ; get line # high byte
001B6D  1  85 88                STA     Clineh          ; save current line high byte
001B6F  1  98                   TYA                     ; A now = 4
001B70  1  65 C3                ADC     Bpntrl          ; add BASIC execute pointer low byte
001B72  1  85 C3                STA     Bpntrl          ; save BASIC execute pointer low byte
001B74  1  90 02                BCC     LAB_15F6        ; branch if no overflow
001B76  1               
001B76  1  E6 C4                INC     Bpntrh          ; else increment BASIC execute pointer high byte
001B78  1               LAB_15F6:
001B78  1                       .IFDEF  DUODYNE
001B78  1                       JSL     LAB_IGBY        ; increment and scan memory
001B78  1                       .ELSE
001B78  1  20 BC 00             JSR     LAB_IGBY        ; increment and scan memory
001B7B  1                       .ENDIF
001B7B  1               
001B7B  1               
001B7B  1               LAB_15F9:
001B7B  1  20 81 1B             JSR     LAB_15FF        ; go interpret BASIC code from (Bpntrl)
001B7E  1               
001B7E  1               LAB_15FC:
001B7E  1  4C 41 1B             JMP     LAB_15C2        ; loop
001B81  1               
001B81  1               ; interpret BASIC code from (Bpntrl)
001B81  1               
001B81  1               LAB_15FF:
001B81  1  F0 55                BEQ     LAB_1628        ; exit if zero [EOL]
001B83  1               
001B83  1               LAB_1602:
001B83  1  0A                   ASL     A               ; *2 bytes per vector and normalise token
001B84  1  B0 03                BCS     LAB_1609        ; branch if was token
001B86  1               
001B86  1  4C 22 1E             JMP     LAB_LET         ; else go do implied LET
001B89  1               
001B89  1               LAB_1609:
001B89  1               TK_TABUSE       = (TK_TAB-$80)*2
001B89  1  C9 70                CMP     #TK_TABUSE      ; compare normalised token * 2 with TAB
001B8B  1  B0 CE                BCS     LAB_15D9        ; branch if A>=TAB (do syntax error then warm start)
001B8D  1               ; only tokens before TAB can start a line
001B8D  1  A8                   TAY                     ; copy to index
001B8E  1  B9 38 08             LDA     LAB_CTBL+1,Y    ; get vector high byte
001B91  1  48                   PHA                     ; onto stack
001B92  1  B9 37 08             LDA     LAB_CTBL,Y      ; get vector low byte
001B95  1  48                   PHA                     ; onto stack
001B96  1                       .IFDEF  DUODYNE
001B96  1                       JSL     LAB_IGBY        ; increment and scan memory
001B96  1                       .ELSE
001B96  1  20 BC 00             JSR     LAB_IGBY        ; increment and scan memory
001B99  1                       .ENDIF
001B99  1  60                   RTS
001B9A  1               ; then "return" to vector
001B9A  1               
001B9A  1               ; CTRL-C check jump. this is called as a subroutine but exits back via a jump if a
001B9A  1               ; key press is detected.
001B9A  1               
001B9A  1               LAB_1629:
001B9A  1                       .IFDEF  DUODYNE
001B9A  1                       PHX
001B9A  1                       LDX     #$00
001B9A  1                       JSR     (VEC_CC,X)      ; ctrl c check vector
001B9A  1                       PLX
001B9A  1                       RTS
001B9A  1                       .ELSE
001B9A  1  6C 03 06             JMP     (VEC_CC)        ; ctrl c check vector
001B9D  1                       .ENDIF
001B9D  1               
001B9D  1               
001B9D  1               ; if there was a key press it gets back here ..
001B9D  1               
001B9D  1               LAB_1636:
001B9D  1  C9 03                CMP     #$03            ; compare with CTRL-C
001B9F  1               
001B9F  1               ; perform STOP
001B9F  1               
001B9F  1               LAB_STOP:
001B9F  1  B0 01                BCS     LAB_163B        ; branch if token follows STOP
001BA1  1               ; else just END
001BA1  1               ; END
001BA1  1               
001BA1  1               LAB_END:
001BA1  1  18                   CLC                     ; clear the carry, indicate a normal program end
001BA2  1               LAB_163B:
001BA2  1  D0 67                BNE     LAB_167A        ; if wasn't CTRL-C or there is a following byte return
001BA4  1               
001BA4  1  A5 C4                LDA     Bpntrh          ; get the BASIC execute pointer high byte
001BA6  1  49 38                EOR     #>Ibuffs        ; compare with buffer address high byte (Cb unchanged)
001BA8  1  F0 10                BEQ     LAB_164F        ; branch if the BASIC pointer is in the input buffer
001BAA  1               ; (can't continue in immediate mode)
001BAA  1               
001BAA  1               ; else ..
001BAA  1  49 38                EOR     #>Ibuffs        ; correct the bits
001BAC  1  A4 C3                LDY     Bpntrl          ; get BASIC execute pointer low byte
001BAE  1  84 8B                STY     Cpntrl          ; save continue pointer low byte
001BB0  1  85 8C                STA     Cpntrh          ; save continue pointer high byte
001BB2  1               LAB_1647:
001BB2  1  A5 87                LDA     Clinel          ; get current line low byte
001BB4  1  A4 88                LDY     Clineh          ; get current line high byte
001BB6  1  85 89                STA     Blinel          ; save break line low byte
001BB8  1  84 8A                STY     Blineh          ; save break line high byte
001BBA  1               LAB_164F:
001BBA  1  68                   PLA                     ; pull return address low
001BBB  1  68                   PLA                     ; pull return address high
001BBC  1               LAB_1651:
001BBC  1  90 07                BCC     LAB_165E        ; if was program end just do warm start
001BBE  1               
001BBE  1               ; else ..
001BBE  1  A9 39                LDA     #<LAB_BMSG      ; point to "Break" low byte
001BC0  1  A0 0F                LDY     #>LAB_BMSG      ; point to "Break" high byte
001BC2  1  4C D1 17             JMP     LAB_1269        ; print "Break" and do warm start
001BC5  1               
001BC5  1               LAB_165E:
001BC5  1  4C DC 17             JMP     LAB_1274        ; go do warm start
001BC8  1               
001BC8  1               ; perform RESTORE
001BC8  1               
001BC8  1               LAB_RESTORE:
001BC8  1  D0 0F                BNE     LAB_RESTOREn    ; branch if next character not null (RESTORE n)
001BCA  1               
001BCA  1               LAB_161A:
001BCA  1  38                   SEC                     ; set carry for subtract
001BCB  1  A5 79                LDA     Smeml           ; get start of mem low byte
001BCD  1  E9 01                SBC     #$01            ; -1
001BCF  1  A4 7A                LDY     Smemh           ; get start of mem high byte
001BD1  1  B0 01                BCS     LAB_1624        ; branch if no underflow
001BD3  1               
001BD3  1               LAB_uflow:
001BD3  1  88                   DEY                     ; else decrement high byte
001BD4  1               LAB_1624:
001BD4  1  85 8F                STA     Dptrl           ; save DATA pointer low byte
001BD6  1  84 90                STY     Dptrh           ; save DATA pointer high byte
001BD8  1               LAB_1628:
001BD8  1  60                   RTS
001BD9  1               
001BD9  1               ; is RESTORE n
001BD9  1               LAB_RESTOREn:
001BD9  1  20 C3 1D             JSR     LAB_GFPN        ; get fixed-point number into temp integer
001BDC  1  20 1C 1D             JSR     LAB_SNBL        ; scan for next BASIC line
001BDF  1  A5 88                LDA     Clineh          ; get current line high byte
001BE1  1  C5 12                CMP     Itemph          ; compare with temporary integer high byte
001BE3  1  B0 0B                BCS     LAB_reset_search; branch if >= (start search from beginning)
001BE5  1               
001BE5  1  98                   TYA                     ; else copy line index to A
001BE6  1  38                   SEC                     ; set carry (+1)
001BE7  1  65 C3                ADC     Bpntrl          ; add BASIC execute pointer low byte
001BE9  1  A6 C4                LDX     Bpntrh          ; get BASIC execute pointer high byte
001BEB  1  90 07                BCC     LAB_go_search   ; branch if no overflow to high byte
001BED  1               
001BED  1  E8                   INX                     ; increment high byte
001BEE  1  B0 04                BCS     LAB_go_search   ; branch always (can never be carry clear)
001BF0  1               
001BF0  1               ; search for line # in temp (Itempl/Itemph) from start of mem pointer (Smeml)
001BF0  1               
001BF0  1               LAB_reset_search:
001BF0  1  A5 79                LDA     Smeml           ; get start of mem low byte
001BF2  1  A6 7A                LDX     Smemh           ; get start of mem high byte
001BF4  1               
001BF4  1               ; search for line # in temp (Itempl/Itemph) from (AX)
001BF4  1               
001BF4  1               LAB_go_search:
001BF4  1               
001BF4  1  20 A8 19             JSR     LAB_SHLN        ; search Basic for temp integer line number from AX
001BF7  1  B0 03                BCS     LAB_line_found  ; if carry set go set pointer
001BF9  1               
001BF9  1  4C EE 1C             JMP     LAB_16F7        ; else go do "Undefined statement" error
001BFC  1               
001BFC  1               LAB_line_found:
001BFC  1               ; carry already set for subtract
001BFC  1  A5 AA                LDA     Baslnl          ; get pointer low byte
001BFE  1  E9 01                SBC     #$01            ; -1
001C00  1  A4 AB                LDY     Baslnh          ; get pointer high byte
001C02  1  B0 D0                BCS     LAB_1624        ; branch if no underflow (save DATA pointer and return)
001C04  1               
001C04  1  90 CD                BCC     LAB_uflow       ; else decrement high byte then save DATA pointer and
001C06  1               ; return (branch always)
001C06  1               
001C06  1               ; perform NULL
001C06  1               
001C06  1               LAB_NULL:
001C06  1  20 FE 2A             JSR     LAB_GTBY        ; get byte parameter
001C09  1  86 0D                STX     Nullct          ; save new NULL count
001C0B  1               LAB_167A:
001C0B  1  60                   RTS
001C0C  1               
001C0C  1               ; perform CONT
001C0C  1               
001C0C  1               LAB_CONT:
001C0C  1  D0 FD                BNE     LAB_167A        ; if following byte exit to do syntax error
001C0E  1               
001C0E  1  A4 8C                LDY     Cpntrh          ; get continue pointer high byte
001C10  1  D0 05                BNE     LAB_166C        ; go do continue if we can
001C12  1               
001C12  1  A2 1E                LDX     #$1E            ; error code $1E ("Can't continue" error)
001C14  1  4C BE 17             JMP     LAB_XERR        ; do error #X, then warm start
001C17  1               
001C17  1               ; we can continue so ..
001C17  1               LAB_166C:
001C17  1  84 C4                STY     Bpntrh          ; save BASIC execute pointer high byte
001C19  1  A5 8B                LDA     Cpntrl          ; get continue pointer low byte
001C1B  1  85 C3                STA     Bpntrl          ; save BASIC execute pointer low byte
001C1D  1  A5 89                LDA     Blinel          ; get break line low byte
001C1F  1  A4 8A                LDY     Blineh          ; get break line high byte
001C21  1  85 87                STA     Clinel          ; set current line low byte
001C23  1  84 88                STY     Clineh          ; set current line high byte
001C25  1  60                   RTS
001C26  1               
001C26  1               ; perform RUN
001C26  1               
001C26  1               LAB_RUN:
001C26  1  D0 03                BNE     LAB_1696        ; branch if RUN n
001C28  1  4C E5 19             JMP     LAB_1477        ; reset execution to start, clear variables, flush stack and
001C2B  1               ; return
001C2B  1               
001C2B  1               ; does RUN n
001C2B  1               
001C2B  1               LAB_1696:
001C2B  1  20 F7 19             JSR     LAB_147A        ; go do "CLEAR"
001C2E  1  F0 2E                BEQ     LAB_16B0        ; get n and do GOTO n (branch always as CLEAR sets Z=1)
001C30  1               
001C30  1               ; perform DO
001C30  1               
001C30  1               LAB_DO:
001C30  1  A9 05                LDA     #$05            ; need 5 bytes for DO
001C32  1  20 85 17             JSR     LAB_1212        ; check room on stack for A bytes
001C35  1  A5 C4                LDA     Bpntrh          ; get BASIC execute pointer high byte
001C37  1  48                   PHA                     ; push on stack
001C38  1  A5 C3                LDA     Bpntrl          ; get BASIC execute pointer low byte
001C3A  1  48                   PHA                     ; push on stack
001C3B  1  A5 88                LDA     Clineh          ; get current line high byte
001C3D  1  48                   PHA                     ; push on stack
001C3E  1  A5 87                LDA     Clinel          ; get current line low byte
001C40  1  48                   PHA                     ; push on stack
001C41  1  A9 9F                LDA     #TK_DO          ; token for DO
001C43  1  48                   PHA                     ; push on stack
001C44  1                       .IFDEF  DUODYNE
001C44  1                       JSL     LAB_GBYT        ; scan memory
001C44  1                       .ELSE
001C44  1  20 C2 00             JSR     LAB_GBYT        ; scan memory
001C47  1                       .ENDIF
001C47  1               
001C47  1  4C 41 1B             JMP     LAB_15C2        ; go do interpreter inner loop
001C4A  1               
001C4A  1               ; perform GOSUB
001C4A  1               
001C4A  1               LAB_GOSUB:
001C4A  1  A9 05                LDA     #$05            ; need 5 bytes for GOSUB
001C4C  1  20 85 17             JSR     LAB_1212        ; check room on stack for A bytes
001C4F  1  A5 C4                LDA     Bpntrh          ; get BASIC execute pointer high byte
001C51  1  48                   PHA                     ; push on stack
001C52  1  A5 C3                LDA     Bpntrl          ; get BASIC execute pointer low byte
001C54  1  48                   PHA                     ; push on stack
001C55  1  A5 88                LDA     Clineh          ; get current line high byte
001C57  1  48                   PHA                     ; push on stack
001C58  1  A5 87                LDA     Clinel          ; get current line low byte
001C5A  1  48                   PHA                     ; push on stack
001C5B  1  A9 8E                LDA     #TK_GOSUB       ; token for GOSUB
001C5D  1  48                   PHA                     ; push on stack
001C5E  1               LAB_16B0:
001C5E  1                       .IFDEF  DUODYNE
001C5E  1                       JSL     LAB_GBYT        ; scan memory
001C5E  1                       .ELSE
001C5E  1  20 C2 00             JSR     LAB_GBYT        ; scan memory
001C61  1                       .ENDIF
001C61  1               
001C61  1  20 67 1C             JSR     LAB_GOTO        ; perform GOTO n
001C64  1  4C 41 1B             JMP     LAB_15C2        ; go do interpreter inner loop
001C67  1               ; (can't RTS, we used the stack!)
001C67  1               
001C67  1               ; perform GOTO
001C67  1               
001C67  1               LAB_GOTO:
001C67  1  20 C3 1D             JSR     LAB_GFPN        ; get fixed-point number into temp integer
001C6A  1  20 1C 1D             JSR     LAB_SNBL        ; scan for next BASIC line
001C6D  1  A5 88                LDA     Clineh          ; get current line high byte
001C6F  1  C5 12                CMP     Itemph          ; compare with temporary integer high byte
001C71  1  B0 0B                BCS     LAB_16D0        ; branch if >= (start search from beginning)
001C73  1               
001C73  1  98                   TYA                     ; else copy line index to A
001C74  1  38                   SEC                     ; set carry (+1)
001C75  1  65 C3                ADC     Bpntrl          ; add BASIC execute pointer low byte
001C77  1  A6 C4                LDX     Bpntrh          ; get BASIC execute pointer high byte
001C79  1  90 07                BCC     LAB_16D4        ; branch if no overflow to high byte
001C7B  1               
001C7B  1  E8                   INX                     ; increment high byte
001C7C  1  B0 04                BCS     LAB_16D4        ; branch always (can never be carry)
001C7E  1               
001C7E  1               ; search for line # in temp (Itempl/Itemph) from start of mem pointer (Smeml)
001C7E  1               
001C7E  1               LAB_16D0:
001C7E  1  A5 79                LDA     Smeml           ; get start of mem low byte
001C80  1  A6 7A                LDX     Smemh           ; get start of mem high byte
001C82  1               
001C82  1               ; search for line # in temp (Itempl/Itemph) from (AX)
001C82  1               
001C82  1               LAB_16D4:
001C82  1  20 A8 19             JSR     LAB_SHLN        ; search Basic for temp integer line number from AX
001C85  1  90 67                BCC     LAB_16F7        ; if carry clear go do "Undefined statement" error
001C87  1               ; (unspecified statement)
001C87  1               
001C87  1               ; carry already set for subtract
001C87  1  A5 AA                LDA     Baslnl          ; get pointer low byte
001C89  1  E9 01                SBC     #$01            ; -1
001C8B  1  85 C3                STA     Bpntrl          ; save BASIC execute pointer low byte
001C8D  1  A5 AB                LDA     Baslnh          ; get pointer high byte
001C8F  1  E9 00                SBC     #$00            ; subtract carry
001C91  1  85 C4                STA     Bpntrh          ; save BASIC execute pointer high byte
001C93  1               LAB_16E5:
001C93  1  60                   RTS
001C94  1               
001C94  1               LAB_DONOK:
001C94  1  A2 22                LDX     #$22            ; error code $22 ("LOOP without DO" error)
001C96  1  4C BE 17             JMP     LAB_XERR        ; do error #X, then warm start
001C99  1               
001C99  1               ; perform LOOP
001C99  1               
001C99  1               LAB_LOOP:
001C99  1  A8                   TAY                     ; save following token
001C9A  1                       .IFDEF  DUODYNE
001C9A  1                       LDA     3,S             ; get token byte from stack
001C9A  1                       CMP     #TK_DO          ; compare with DO token
001C9A  1                       BNE     LAB_DONOK       ; branch if no matching DO
001C9A  1               
001C9A  1               ; FIXUP STACK
001C9A  1                       INDEX16
001C9A  1                       TSX
001C9A  1                       INX                     ; dump calling routine return address
001C9A  1                       INX                     ; dump calling routine return address
001C9A  1                       TXS                     ; correct stack
001C9A  1                       INDEX8
001C9A  1                       .ELSE
001C9A  1  BA                   TSX                     ; copy stack pointer
001C9B  1  BD 03 01             LDA     LAB_STAK+3,X    ; get token byte from stack
001C9E  1  C9 9F                CMP     #TK_DO          ; compare with DO token
001CA0  1  D0 F2                BNE     LAB_DONOK       ; branch if no matching DO
001CA2  1               
001CA2  1  E8                   INX                     ; dump calling routine return address
001CA3  1  E8                   INX                     ; dump calling routine return address
001CA4  1  9A                   TXS                     ; correct stack
001CA5  1                       .ENDIF
001CA5  1  98                   TYA                     ; get saved following token back
001CA6  1  F0 20                BEQ     LoopAlways      ; if no following token loop forever
001CA8  1               ; (stack pointer in X)
001CA8  1               
001CA8  1  C9 3A                CMP     #':'            ; could be ':'
001CAA  1  F0 1C                BEQ     LoopAlways      ; if :... loop forever
001CAC  1               
001CAC  1  E9 C0                SBC     #TK_UNTIL       ; subtract token for UNTIL, we know carry is set here
001CAE  1  AA                   TAX                     ; copy to X (if it was UNTIL then Y will be correct)
001CAF  1  F0 04                BEQ     DoRest          ; branch if was UNTIL
001CB1  1               
001CB1  1  CA                   DEX                     ; decrement result
001CB2  1  D0 62                BNE     LAB_16FC        ; if not WHILE go do syntax error and warm start
001CB4  1               ; only if the token was WHILE will this fail
001CB4  1               
001CB4  1  CA                   DEX                     ; set invert result byte
001CB5  1               DoRest:
001CB5  1  86 98                STX     Frnxth          ; save invert result byte
001CB7  1                       .IFDEF  DUODYNE
001CB7  1                       JSL     LAB_IGBY        ; increment and scan memory
001CB7  1                       .ELSE
001CB7  1  20 BC 00             JSR     LAB_IGBY        ; increment and scan memory
001CBA  1                       .ENDIF
001CBA  1               
001CBA  1  20 4F 21             JSR     LAB_EVEX        ; evaluate expression
001CBD  1  A5 AC                LDA     FAC1_e          ; get FAC1 exponent
001CBF  1  F0 02                BEQ     DoCmp           ; if =0 go do straight compare
001CC1  1               
001CC1  1  A9 FF                LDA     #$FF            ; else set all bits
001CC3  1               DoCmp:
001CC3  1                       .IFNDEF DUODYNE
001CC3  1  BA                   TSX                     ; copy stack pointer
001CC4  1                       .ENDIF
001CC4  1  45 98                EOR     Frnxth          ; EOR with invert byte
001CC6  1  D0 1A                BNE     LoopDone        ; if <> 0 clear stack and back to interpreter loop
001CC8  1               
001CC8  1               ; loop condition wasn't met so do it again
001CC8  1               LoopAlways:
001CC8  1  BD 02 01             LDA     LAB_STAK+2,X    ; get current line low byte
001CCB  1  85 87                STA     Clinel          ; save current line low byte
001CCD  1  BD 03 01             LDA     LAB_STAK+3,X    ; get current line high byte
001CD0  1  85 88                STA     Clineh          ; save current line high byte
001CD2  1  BD 04 01             LDA     LAB_STAK+4,X    ; get BASIC execute pointer low byte
001CD5  1  85 C3                STA     Bpntrl          ; save BASIC execute pointer low byte
001CD7  1  BD 05 01             LDA     LAB_STAK+5,X    ; get BASIC execute pointer high byte
001CDA  1  85 C4                STA     Bpntrh          ; save BASIC execute pointer high byte
001CDC  1                       .IFDEF  DUODYNE
001CDC  1                       JSL     LAB_GBYT        ; scan memory
001CDC  1                       .ELSE
001CDC  1  20 C2 00             JSR     LAB_GBYT        ; scan memory
001CDF  1                       .ENDIF
001CDF  1               
001CDF  1  4C 41 1B             JMP     LAB_15C2        ; go do interpreter inner loop
001CE2  1               
001CE2  1               ; clear stack and back to interpreter loop
001CE2  1               LoopDone:
001CE2  1                       .IFDEF  DUODYNE
001CE2  1                       INDEX16
001CE2  1                       TSX
001CE2  1                       INX                     ; dump DO token
001CE2  1                       INX                     ; dump current line low byte
001CE2  1                       INX                     ; dump current line high byte
001CE2  1                       INX                     ; dump BASIC execute pointer low byte
001CE2  1                       INX                     ; dump BASIC execute pointer high byte
001CE2  1                       TXS                     ; correct stack
001CE2  1                       INDEX8
001CE2  1                       .ELSE
001CE2  1  E8                   INX                     ; dump DO token
001CE3  1  E8                   INX                     ; dump current line low byte
001CE4  1  E8                   INX                     ; dump current line high byte
001CE5  1  E8                   INX                     ; dump BASIC execute pointer low byte
001CE6  1  E8                   INX                     ; dump BASIC execute pointer high byte
001CE7  1  9A                   TXS                     ; correct stack
001CE8  1                       .ENDIF
001CE8  1  4C 08 1D             JMP     LAB_DATA        ; go perform DATA (find : or [EOL])
001CEB  1               
001CEB  1               ; do the return without gosub error
001CEB  1               
001CEB  1               LAB_16F4:
001CEB  1  A2 04                LDX     #$04            ; error code $04 ("RETURN without GOSUB" error)
001CED  1  2C                   .BYTE   $2C             ; makes next line BIT LAB_0EA2
001CEE  1               
001CEE  1               LAB_16F7
001CEE  1               ; do undefined statement error
001CEE  1  A2 0E                LDX     #$0E            ; error code $0E ("Undefined statement" error)
001CF0  1  4C BE 17             JMP     LAB_XERR        ; do error #X, then warm start
001CF3  1               
001CF3  1               ; perform RETURN
001CF3  1               
001CF3  1               LAB_RETURN:
001CF3  1  D0 9E                BNE     LAB_16E5        ; exit if following token (to allow syntax error)
001CF5  1               
001CF5  1               LAB_16E8:
001CF5  1  68                   PLA                     ; dump calling routine return address
001CF6  1  68                   PLA                     ; dump calling routine return address
001CF7  1  68                   PLA                     ; pull token
001CF8  1  C9 8E                CMP     #TK_GOSUB       ; compare with GOSUB token
001CFA  1  D0 EF                BNE     LAB_16F4        ; branch if no matching GOSUB
001CFC  1               
001CFC  1               LAB_16FF:
001CFC  1  68                   PLA                     ; pull current line low byte
001CFD  1  85 87                STA     Clinel          ; save current line low byte
001CFF  1  68                   PLA                     ; pull current line high byte
001D00  1  85 88                STA     Clineh          ; save current line high byte
001D02  1  68                   PLA                     ; pull BASIC execute pointer low byte
001D03  1  85 C3                STA     Bpntrl          ; save BASIC execute pointer low byte
001D05  1  68                   PLA                     ; pull BASIC execute pointer high byte
001D06  1  85 C4                STA     Bpntrh          ; save BASIC execute pointer high byte
001D08  1               
001D08  1               ; now do the DATA statement as we could be returning into
001D08  1               ; the middle of an ON <var> GOSUB n,m,p,q line
001D08  1               ; (the return address used by the DATA statement is the one
001D08  1               ; pushed before the GOSUB was executed!)
001D08  1               
001D08  1               ; perform DATA
001D08  1               
001D08  1               LAB_DATA:
001D08  1  20 19 1D             JSR     LAB_SNBS        ; scan for next BASIC statement ([:] or [EOL])
001D0B  1               
001D0B  1               ; set BASIC execute pointer
001D0B  1               LAB_170F:
001D0B  1  98                   TYA                     ; copy index to A
001D0C  1  18                   CLC                     ; clear carry for add
001D0D  1  65 C3                ADC     Bpntrl          ; add BASIC execute pointer low byte
001D0F  1  85 C3                STA     Bpntrl          ; save BASIC execute pointer low byte
001D11  1  90 02                BCC     LAB_1719        ; skip next if no carry
001D13  1               
001D13  1  E6 C4                INC     Bpntrh          ; else increment BASIC execute pointer high byte
001D15  1               LAB_1719:
001D15  1  60                   RTS
001D16  1               
001D16  1               LAB_16FC:
001D16  1  4C 71 22             JMP     LAB_SNER        ; do syntax error then warm start
001D19  1               
001D19  1               ; scan for next BASIC statement ([:] or [EOL])
001D19  1               ; returns Y as index to [:] or [EOL]
001D19  1               
001D19  1               LAB_SNBS:
001D19  1  A2 3A                LDX     #':'            ; set look for character = ":"
001D1B  1  2C                   .BYTE   $2C             ; makes next line BIT $00A2
001D1C  1               
001D1C  1               ; scan for next BASIC line
001D1C  1               ; returns Y as index to [EOL]
001D1C  1               
001D1C  1               LAB_SNBL:
001D1C  1  A2 00                LDX     #$00            ; set alt search character = [EOL]
001D1E  1  A0 00                LDY     #$00            ; set search character = [EOL]
001D20  1  84 5C                STY     Asrch           ; store search character
001D22  1               LAB_1725:
001D22  1  8A                   TXA                     ; get alt search character
001D23  1  45 5C                EOR     Asrch           ; toggle search character, effectively swap with $00
001D25  1  85 5C                STA     Asrch           ; save swapped search character
001D27  1               LAB_172D:
001D27  1  B1 C3                LDA     (Bpntrl),Y      ; get next byte
001D29  1  F0 EA                BEQ     LAB_1719        ; exit if null [EOL]
001D2B  1               
001D2B  1  C5 5C                CMP     Asrch           ; compare with search character
001D2D  1  F0 E6                BEQ     LAB_1719        ; exit if found
001D2F  1               
001D2F  1  C8                   INY                     ; increment index
001D30  1  C9 22                CMP     #$22            ; compare current character with open quote
001D32  1  D0 F3                BNE     LAB_172D        ; if not open quote go get next character
001D34  1               
001D34  1  F0 EC                BEQ     LAB_1725        ; if found go swap search character for alt search character
001D36  1               
001D36  1               ; perform IF
001D36  1               
001D36  1               LAB_IF:
001D36  1  20 4F 21             JSR     LAB_EVEX        ; evaluate the expression
001D39  1                       .IFDEF  DUODYNE
001D39  1                       JSL     LAB_GBYT        ; scan memory
001D39  1                       .ELSE
001D39  1  20 C2 00             JSR     LAB_GBYT        ; scan memory
001D3C  1                       .ENDIF
001D3C  1               
001D3C  1  C9 BD                CMP     #TK_THEN        ; compare with THEN token
001D3E  1  F0 11                BEQ     LAB_174B        ; if it was THEN go do IF
001D40  1               
001D40  1               ; wasn't IF .. THEN so must be IF .. GOTO
001D40  1  C9 8A                CMP     #TK_GOTO        ; compare with GOTO token
001D42  1  D0 D2                BNE     LAB_16FC        ; if it wasn't GOTO go do syntax error
001D44  1               
001D44  1  A6 C3                LDX     Bpntrl          ; save the basic pointer low byte
001D46  1  A4 C4                LDY     Bpntrh          ; save the basic pointer high byte
001D48  1                       .IFDEF  DUODYNE
001D48  1                       JSL     LAB_IGBY        ; increment and scan memory
001D48  1                       .ELSE
001D48  1  20 BC 00             JSR     LAB_IGBY        ; increment and scan memory
001D4B  1                       .ENDIF
001D4B  1               
001D4B  1  B0 C9                BCS     LAB_16FC        ; if not numeric go do syntax error
001D4D  1               
001D4D  1  86 C3                STX     Bpntrl          ; restore the basic pointer low byte
001D4F  1  84 C4                STY     Bpntrh          ; restore the basic pointer high byte
001D51  1               LAB_174B:
001D51  1  A5 AC                LDA     FAC1_e          ; get FAC1 exponent
001D53  1  F0 1B                BEQ     LAB_174E        ; if the result was zero go look for an ELSE
001D55  1               
001D55  1                       .IFDEF  DUODYNE
001D55  1                       JSL     LAB_IGBY        ; increment and scan memory
001D55  1                       .ELSE
001D55  1  20 BC 00             JSR     LAB_IGBY        ; increment and scan memory
001D58  1                       .ENDIF
001D58  1               
001D58  1  B0 03                BCS     LAB_174D        ; if not numeric go do var or keyword
001D5A  1               
001D5A  1               LAB_174C:
001D5A  1  4C 67 1C             JMP     LAB_GOTO        ; else was numeric so do GOTO n
001D5D  1               
001D5D  1               ; is var or keyword
001D5D  1               LAB_174D:
001D5D  1  C9 8F                CMP     #TK_RETURN      ; compare the byte with the token for RETURN
001D5F  1  D0 03                BNE     LAB_174G        ; if it wasn't RETURN go interpret BASIC code from (Bpntrl)
001D61  1               ; and return to this code to process any following code
001D61  1               
001D61  1  4C 83 1B             JMP     LAB_1602        ; else it was RETURN so interpret BASIC code from (Bpntrl)
001D64  1               ; but don't return here
001D64  1               
001D64  1               LAB_174G:
001D64  1  20 81 1B             JSR     LAB_15FF        ; interpret BASIC code from (Bpntrl)
001D67  1               
001D67  1               ; the IF was executed and there may be a following ELSE so the code needs to return
001D67  1               ; here to check and ignore the ELSE if present
001D67  1               
001D67  1  A0 00                LDY     #$00            ; clear the index
001D69  1  B1 C3                LDA     (Bpntrl),Y      ; get the next BASIC byte
001D6B  1  C9 B9                CMP     #TK_ELSE        ; compare it with the token for ELSE
001D6D  1  F0 99                LBEQ    LAB_DATA        ; if ELSE ignore the following statement
001D6F  1               
001D6F  1               ; there was no ELSE so continue execution of IF <expr> THEN <stat> [: <stat>]. any
001D6F  1               ; following ELSE will, correctly, cause a syntax error
001D6F  1               
001D6F  1  60                   RTS                     ; else return to the interpreter inner loop
001D70  1               
001D70  1               ; perform ELSE after IF
001D70  1               
001D70  1               LAB_174E:
001D70  1  A0 00                LDY     #$00            ; clear the BASIC byte index
001D72  1  A2 01                LDX     #$01            ; clear the nesting depth
001D74  1               LAB_1750:
001D74  1  C8                   INY                     ; increment the BASIC byte index
001D75  1  B1 C3                LDA     (Bpntrl),Y      ; get the next BASIC byte
001D77  1  F0 0F                BEQ     LAB_1753        ; if EOL go add the pointer and return
001D79  1               
001D79  1  C9 8C                CMP     #TK_IF          ; compare the byte with the token for IF
001D7B  1  D0 03                BNE     LAB_1752        ; if not IF token skip the depth increment
001D7D  1               
001D7D  1  E8                   INX                     ; else increment the nesting depth ..
001D7E  1  D0 F4                BNE     LAB_1750        ; .. and continue looking
001D80  1               
001D80  1               LAB_1752:
001D80  1  C9 B9                CMP     #TK_ELSE        ; compare the byte with the token for ELSE
001D82  1  D0 F0                BNE     LAB_1750        ; if not ELSE token continue looking
001D84  1               
001D84  1  CA                   DEX                     ; was ELSE so decrement the nesting depth
001D85  1  D0 ED                BNE     LAB_1750        ; loop if still nested
001D87  1               
001D87  1  C8                   INY                     ; increment the BASIC byte index past the ELSE
001D88  1               
001D88  1               ; found the matching ELSE, now do <{n|statement}>
001D88  1               
001D88  1               LAB_1753:
001D88  1  98                   TYA                     ; else copy line index to A
001D89  1  18                   CLC                     ; clear carry for add
001D8A  1  65 C3                ADC     Bpntrl          ; add the BASIC execute pointer low byte
001D8C  1  85 C3                STA     Bpntrl          ; save the BASIC execute pointer low byte
001D8E  1  90 02                BCC     LAB_1754        ; branch if no overflow to high byte
001D90  1               
001D90  1  E6 C4                INC     Bpntrh          ; else increment the BASIC execute pointer high byte
001D92  1               LAB_1754:
001D92  1                       .IFDEF  DUODYNE
001D92  1                       JSL     LAB_GBYT        ; scan memory
001D92  1                       .ELSE
001D92  1  20 C2 00             JSR     LAB_GBYT        ; scan memory
001D95  1                       .ENDIF
001D95  1               
001D95  1  90 C3                BCC     LAB_174C        ; if numeric do GOTO n
001D97  1               ; the code will return to the interpreter loop at the
001D97  1               ; tail end of the GOTO <n>
001D97  1               
001D97  1  4C 81 1B             JMP     LAB_15FF        ; interpret BASIC code from (Bpntrl)
001D9A  1               ; the code will return to the interpreter loop at the
001D9A  1               ; tail end of the <statement>
001D9A  1               
001D9A  1               ; perform REM, skip (rest of) line
001D9A  1               
001D9A  1               LAB_REM:
001D9A  1  20 1C 1D             JSR     LAB_SNBL        ; scan for next BASIC line
001D9D  1  4C 0B 1D             JMP     LAB_170F        ; go set BASIC execute pointer and return, branch always
001DA0  1               
001DA0  1               LAB_16FD:
001DA0  1  4C 71 22             JMP     LAB_SNER        ; do syntax error then warm start
001DA3  1               
001DA3  1               ; perform ON
001DA3  1               
001DA3  1               LAB_ON:
001DA3  1  20 FE 2A             JSR     LAB_GTBY        ; get byte parameter
001DA6  1  48                   PHA                     ; push GOTO/GOSUB token
001DA7  1  C9 8E                CMP     #TK_GOSUB       ; compare with GOSUB token
001DA9  1  F0 04                BEQ     LAB_176B        ; branch if GOSUB
001DAB  1               
001DAB  1  C9 8A                CMP     #TK_GOTO        ; compare with GOTO token
001DAD  1               LAB_1767:
001DAD  1  D0 F1                BNE     LAB_16FD        ; if not GOTO do syntax error then warm start
001DAF  1               
001DAF  1               
001DAF  1               ; next character was GOTO or GOSUB
001DAF  1               
001DAF  1               LAB_176B:
001DAF  1  C6 AF                DEC     FAC1_3          ; decrement index (byte value)
001DB1  1  D0 04                BNE     LAB_1773        ; branch if not zero
001DB3  1               
001DB3  1  68                   PLA                     ; pull GOTO/GOSUB token
001DB4  1  4C 83 1B             JMP     LAB_1602        ; go execute it
001DB7  1               
001DB7  1               LAB_1773:
001DB7  1                       .IFDEF  DUODYNE
001DB7  1                       JSL     LAB_IGBY        ; increment and scan memory
001DB7  1                       .ELSE
001DB7  1  20 BC 00             JSR     LAB_IGBY        ; increment and scan memory
001DBA  1                       .ENDIF
001DBA  1               
001DBA  1  20 C3 1D             JSR     LAB_GFPN        ; get fixed-point number into temp integer (skip this n)
001DBD  1               ; (we could LDX #',' and JSR LAB_SNBL+2, then we
001DBD  1               ; just BNE LAB_176B for the loop. should be quicker ..
001DBD  1               ; no we can't, what if we meet a colon or [EOL]?)
001DBD  1  C9 2C                CMP     #$2C            ; compare next character with ","
001DBF  1  F0 EE                BEQ     LAB_176B        ; loop if ","
001DC1  1               
001DC1  1               LAB_177E:
001DC1  1  68                   PLA                     ; else pull keyword token (run out of options)
001DC2  1               ; also dump +/-1 pointer low byte and exit
001DC2  1               LAB_177F:
001DC2  1  60                   RTS
001DC3  1               
001DC3  1               ; takes n * 106 + 11 cycles where n is the number of digits
001DC3  1               
001DC3  1               ; get fixed-point number into temp integer
001DC3  1               
001DC3  1               LAB_GFPN:
001DC3  1  A2 00                LDX     #$00            ; clear reg
001DC5  1  86 11                STX     Itempl          ; clear temporary integer low byte
001DC7  1               LAB_1785:
001DC7  1  86 12                STX     Itemph          ; save temporary integer high byte
001DC9  1  B0 F7                BCS     LAB_177F        ; return if carry set, end of scan, character was
001DCB  1               ; not 0-9
001DCB  1               
001DCB  1  E0 19                CPX     #$19            ; compare high byte with $19
001DCD  1  A8                   TAY                     ; ensure Zb = 0 if the branch is taken
001DCE  1  B0 DD                BCS     LAB_1767        ; branch if >=, makes max line # 63999 because next
001DD0  1               ; bit does *$0A, = 64000, compare at target will fail
001DD0  1               ; and do syntax error
001DD0  1               
001DD0  1  E9 2F                SBC     #'0'-1          ; subtract "0", $2F + carry, from byte
001DD2  1  A8                   TAY                     ; copy binary digit
001DD3  1  A5 11                LDA     Itempl          ; get temporary integer low byte
001DD5  1  0A                   ASL     A               ; *2 low byte
001DD6  1  26 12                ROL     Itemph          ; *2 high byte
001DD8  1  0A                   ASL     A               ; *2 low byte
001DD9  1  26 12                ROL     Itemph          ; *2 high byte, *4
001DDB  1  65 11                ADC     Itempl          ; + low byte, *5
001DDD  1  85 11                STA     Itempl          ; save it
001DDF  1  8A                   TXA                     ; get high byte copy to A
001DE0  1  65 12                ADC     Itemph          ; + high byte, *5
001DE2  1  06 11                ASL     Itempl          ; *2 low byte, *10d
001DE4  1  2A                   ROL     A               ; *2 high byte, *10d
001DE5  1  AA                   TAX                     ; copy high byte back to X
001DE6  1  98                   TYA                     ; get binary digit back
001DE7  1  65 11                ADC     Itempl          ; add number low byte
001DE9  1  85 11                STA     Itempl          ; save number low byte
001DEB  1  90 01                BCC     LAB_17B3        ; if no overflow to high byte get next character
001DED  1               
001DED  1  E8                   INX                     ; else increment high byte
001DEE  1               LAB_17B3:
001DEE  1                       .IFDEF  DUODYNE
001DEE  1                       JSL     LAB_IGBY        ; increment and scan memory
001DEE  1                       .ELSE
001DEE  1  20 BC 00             JSR     LAB_IGBY        ; increment and scan memory
001DF1  1                       .ENDIF
001DF1  1               
001DF1  1  4C C7 1D             JMP     LAB_1785        ; loop for next character
001DF4  1               
001DF4  1               ; perform DEC
001DF4  1               
001DF4  1               LAB_DEC:
001DF4  1  A9 58                LDA     #<LAB_2AFD      ; set -1 pointer low byte
001DF6  1  2C                   .BYTE   $2C             ; BIT abs to skip the LDA below
001DF7  1               
001DF7  1               ; perform INC
001DF7  1               
001DF7  1               LAB_INC:
001DF7  1  A9 54                LDA     #<LAB_259C      ; set 1 pointer low byte
001DF9  1               LAB_17B5:
001DF9  1  48                   PHA                     ; save +/-1 pointer low byte
001DFA  1               LAB_17B7:
001DFA  1  20 1A 24             JSR     LAB_GVAR        ; get var address
001DFD  1  A6 5F                LDX     Dtypef          ; get data type flag, $FF=string, $00=numeric
001DFF  1  30 1E                BMI     IncrErr         ; exit if string
001E01  1               
001E01  1  85 97                STA     Lvarpl          ; save var address low byte
001E03  1  84 98                STY     Lvarph          ; save var address high byte
001E05  1  20 F7 2E             JSR     LAB_UFAC        ; unpack memory (AY) into FAC1
001E08  1  68                   PLA                     ; get +/-1 pointer low byte
001E09  1  48                   PHA                     ; save +/-1 pointer low byte
001E0A  1  A0 10                LDY     #>LAB_259C      ; set +/-1 pointer high byte (both the same)
001E0C  1  20 38 2C             JSR     LAB_246C        ; add (AY) to FAC1
001E0F  1  20 1D 2F             JSR     LAB_PFAC        ; pack FAC1 into variable (Lvarpl)
001E12  1               
001E12  1                       .IFDEF  DUODYNE
001E12  1                       JSL     LAB_GBYT        ; scan memory
001E12  1                       .ELSE
001E12  1  20 C2 00             JSR     LAB_GBYT        ; scan memory
001E15  1                       .ENDIF
001E15  1               
001E15  1  C9 2C                CMP     #','            ; compare with ","
001E17  1  D0 A8                BNE     LAB_177E        ; exit if not "," (either end or error)
001E19  1               
001E19  1               ; was "," so another INCR variable to do
001E19  1                       .IFDEF  DUODYNE
001E19  1                       JSL     LAB_IGBY        ; increment and scan memory
001E19  1                       .ELSE
001E19  1  20 BC 00             JSR     LAB_IGBY        ; increment and scan memory
001E1C  1                       .ENDIF
001E1C  1               
001E1C  1  4C FA 1D             JMP     LAB_17B7        ; go do next var
001E1F  1               
001E1F  1               IncrErr:
001E1F  1  4C 4A 21             JMP     LAB_1ABC        ; do "Type mismatch" error then warm start
001E22  1               
001E22  1               ; perform LET
001E22  1               
001E22  1               LAB_LET:
001E22  1  20 1A 24             JSR     LAB_GVAR        ; get var address
001E25  1  85 97                STA     Lvarpl          ; save var address low byte
001E27  1  84 98                STY     Lvarph          ; save var address high byte
001E29  1  A9 CE                LDA     #TK_EQUAL       ; get = token
001E2B  1  20 5F 22             JSR     LAB_SCCA        ; scan for CHR$(A), else do syntax error then warm start
001E2E  1  A5 5F                LDA     Dtypef          ; get data type flag, $FF=string, $00=numeric
001E30  1  48                   PHA                     ; push data type flag
001E31  1  20 4F 21             JSR     LAB_EVEX        ; evaluate expression
001E34  1  68                   PLA                     ; pop data type flag
001E35  1  2A                   ROL     A               ; set carry if type = string
001E36  1  20 41 21             JSR     LAB_CKTM        ; type match check, set C for string
001E39  1  D0 03                BNE     LAB_17D5        ; branch if string
001E3B  1               
001E3B  1  4C 1D 2F             JMP     LAB_PFAC        ; pack FAC1 into variable (Lvarpl) and return
001E3E  1               
001E3E  1               ; string LET
001E3E  1               
001E3E  1               LAB_17D5:
001E3E  1  A0 02                LDY     #$02            ; set index to pointer high byte
001E40  1  B1 AE                LDAINDIRECTY des_pl     ; get string pointer high byte
001E42  1  C5 82                CMP     Sstorh          ; compare bottom of string space high byte
001E44  1  90 17                BCC     LAB_17F4        ; if less assign value and exit (was in program memory)
001E46  1               
001E46  1  D0 07                BNE     LAB_17E6        ; branch if >
001E48  1               ; else was equal so compare low bytes
001E48  1  88                   DEY                     ; decrement index
001E49  1  B1 AE                LDAINDIRECTY des_pl     ; get pointer low byte
001E4B  1  C5 81                CMP     Sstorl          ; compare bottom of string space low byte
001E4D  1  90 0E                BCC     LAB_17F4        ; if less assign value and exit (was in program memory)
001E4F  1               
001E4F  1               ; pointer was >= to bottom of string space pointer
001E4F  1               LAB_17E6:
001E4F  1  A4 AF                LDY     des_ph          ; get descriptor pointer high byte
001E51  1  C4 7C                CPY     Svarh           ; compare start of vars high byte
001E53  1  90 08                BCC     LAB_17F4        ; branch if less (descriptor is on stack)
001E55  1               
001E55  1  D0 0D                BNE     LAB_17FB        ; branch if greater (descriptor is not on stack)
001E57  1               
001E57  1               ; else high bytes were equal so ..
001E57  1  A5 AE                LDA     des_pl          ; get descriptor pointer low byte
001E59  1  C5 7B                CMP     Svarl           ; compare start of vars low byte
001E5B  1  B0 07                BCS     LAB_17FB        ; branch if >= (descriptor is not on stack)
001E5D  1               
001E5D  1               LAB_17F4:
001E5D  1  A5 AE                LDA     des_pl          ; get descriptor pointer low byte
001E5F  1  A4 AF                LDY     des_ph          ; get descriptor pointer high byte
001E61  1  4C 7A 1E             JMP     LAB_1811        ; clean stack, copy descriptor to variable and return
001E64  1               
001E64  1               ; make space and copy string
001E64  1               LAB_17FB:
001E64  1  A0 00                LDY     #$00            ; index to length
001E66  1  B1 AE                LDAINDIRECTY des_pl     ; get string length
001E68  1  20 A2 27             JSR     LAB_209C        ; copy string
001E6B  1  A5 9E                LDA     des_2l          ; get descriptor pointer low byte
001E6D  1  A4 9F                LDY     des_2h          ; get descriptor pointer high byte
001E6F  1  85 B8                STA     ssptr_l         ; save descriptor pointer low byte
001E71  1  84 B9                STY     ssptr_h         ; save descriptor pointer high byte
001E73  1  20 83 29             JSR     LAB_228A        ; copy string from descriptor (sdescr) to (Sutill)
001E76  1  A9 AC                LDA     #<FAC1_e        ; set descriptor pointer low byte
001E78  1  A0 00                LDY     #>FAC1_e        ; get descriptor pointer high byte
001E7A  1               
001E7A  1               ; clean stack and assign value to string variable
001E7A  1               LAB_1811:
001E7A  1  85 9E                STA     des_2l          ; save descriptor_2 pointer low byte
001E7C  1  84 9F                STY     des_2h          ; save descriptor_2 pointer high byte
001E7E  1  20 E5 29             JSR     LAB_22EB        ; clean descriptor stack, YA = pointer
001E81  1  A0 00                LDY     #$00            ; index to length
001E83  1  B1 9E                LDAINDIRECTY des_2l     ; get string length
001E85  1  91 97                STAINDIRECTY Lvarpl     ; copy to let string variable
001E87  1  C8                   INY                     ; index to string pointer low byte
001E88  1  B1 9E                LDAINDIRECTY des_2l     ; get string pointer low byte
001E8A  1  91 97                STAINDIRECTY Lvarpl     ; copy to let string variable
001E8C  1  C8                   INY                     ; index to string pointer high byte
001E8D  1  B1 9E                LDAINDIRECTY des_2l     ; get string pointer high byte
001E8F  1  91 97                STAINDIRECTY Lvarpl     ; copy to let string variable
001E91  1  60                   RTS
001E92  1               
001E92  1               ; perform GET
001E92  1               
001E92  1               LAB_GET:
001E92  1  20 1A 24             JSR     LAB_GVAR        ; get var address
001E95  1  85 97                STA     Lvarpl          ; save var address low byte
001E97  1  84 98                STY     Lvarph          ; save var address high byte
001E99  1  20 7D 35             JSR     INGET           ; get input byte
001E9C  1  A6 5F                LDX     Dtypef          ; get data type flag, $FF=string, $00=numeric
001E9E  1  30 07                BMI     LAB_GETS        ; go get string character
001EA0  1               
001EA0  1               ; was numeric get
001EA0  1  A8                   TAY                     ; copy character to Y
001EA1  1  20 D6 26             JSR     LAB_1FD0        ; convert Y to byte in FAC1
001EA4  1  4C 1D 2F             JMP     LAB_PFAC        ; pack FAC1 into variable (Lvarpl) and return
001EA7  1               
001EA7  1               LAB_GETS:
001EA7  1  48                   PHA                     ; save character
001EA8  1  A9 01                LDA     #$01            ; string is single byte
001EAA  1  B0 01                BCS     LAB_IsByte      ; branch if byte received
001EAC  1               
001EAC  1  68                   PLA                     ; string is null
001EAD  1               LAB_IsByte:
001EAD  1  20 AA 27             JSR     LAB_MSSP        ; make string space A bytes long A=$AC=length,
001EB0  1               ; X=$AD=Sutill=ptr low byte, Y=$AE=Sutilh=ptr high byte
001EB0  1  F0 05                BEQ     LAB_NoSt        ; skip store if null string
001EB2  1               
001EB2  1  68                   PLA                     ; get character back
001EB3  1  A0 00                LDY     #$00            ; clear index
001EB5  1  91 AD                STAINDIRECTY str_pl     ; save byte in string (byte IS string!)
001EB7  1               LAB_NoSt:
001EB7  1  20 F7 27             JSR     LAB_RTST        ; check for space on descriptor stack then put address
001EBA  1               ; and length on descriptor stack and update stack pointers
001EBA  1               
001EBA  1  4C 3E 1E             JMP     LAB_17D5        ; do string LET and return
001EBD  1               
001EBD  1               ; perform PRINT
001EBD  1               
001EBD  1               LAB_1829:
001EBD  1  20 44 1F             JSR     LAB_18C6        ; print string from Sutill/Sutilh
001EC0  1               LAB_182C:
001EC0  1                       .IFDEF  DUODYNE
001EC0  1                       JSL     LAB_GBYT        ; scan memory
001EC0  1                       .ELSE
001EC0  1  20 C2 00             JSR     LAB_GBYT        ; scan memory
001EC3  1                       .ENDIF
001EC3  1               
001EC3  1               
001EC3  1               ; PRINT
001EC3  1               
001EC3  1               LAB_PRINT:
001EC3  1  F0 3B                BEQ     LAB_CRLF        ; if nothing following just print CR/LF
001EC5  1               
001EC5  1               LAB_1831:
001EC5  1  C9 B8                CMP     #TK_TAB         ; compare with TAB( token
001EC7  1  F0 56                BEQ     LAB_18A2        ; go do TAB/SPC
001EC9  1               
001EC9  1  C9 BC                CMP     #TK_SPC         ; compare with SPC( token
001ECB  1  F0 52                BEQ     LAB_18A2        ; go do TAB/SPC
001ECD  1               
001ECD  1  C9 2C                CMP     #','            ; compare with ","
001ECF  1  F0 38                BEQ     LAB_188B        ; go do move to next TAB mark
001ED1  1               
001ED1  1  C9 3B                CMP     #$3B            ; compare with ";"
001ED3  1  F0 66                BEQ     LAB_18BD        ; if ";" continue with PRINT processing
001ED5  1               
001ED5  1  20 4F 21             JSR     LAB_EVEX        ; evaluate expression
001ED8  1  24 5F                BIT     Dtypef          ; test data type flag, $FF=string, $00=numeric
001EDA  1  30 E1                BMI     LAB_1829        ; branch if string
001EDC  1               
001EDC  1  20 12 31             JSR     LAB_296E        ; convert FAC1 to string
001EDF  1  20 B4 27             JSR     LAB_20AE        ; print " terminated string to Sutill/Sutilh
001EE2  1  A0 00                LDY     #$00            ; clear index
001EE4  1               
001EE4  1               ; don't check fit if terminal width byte is zero
001EE4  1               
001EE4  1  A5 0F                LDA     TWidth          ; get terminal width byte
001EE6  1  F0 0A                BEQ     LAB_185E        ; skip check if zero
001EE8  1                       .IFDEF  DUODYNE
001EE8  1                       FETCHINDIRECTY des_pl   ; subtract string length
001EE8  1                       SEC                     ; set carry for subtract
001EE8  1                       SBC     TPos            ; subtract terminal position
001EE8  1                       SBC     <TMPFLG         ; subtract string length
001EE8  1                       .ELSE
001EE8  1  38                   SEC                     ; set carry for subtract
001EE9  1  E5 0E                SBC     TPos            ; subtract terminal position
001EEB  1  F1 AE                SBC     (des_pl),Y      ; subtract string length
001EED  1                       .ENDIF
001EED  1  B0 03                BCS     LAB_185E        ; branch if less than terminal width
001EEF  1  20 00 1F             JSR     LAB_CRLF        ; else print CR/LF
001EF2  1               LAB_185E:
001EF2  1  20 44 1F             JSR     LAB_18C6        ; print string from Sutill/Sutilh
001EF5  1  F0 C9                BEQ     LAB_182C        ; always go continue processing line
001EF7  1               
001EF7  1               ; CR/LF return to BASIC from BASIC input handler
001EF7  1               
001EF7  1               LAB_1866:
001EF7  1  A9 00                LDA     #$00            ; clear byte
001EF9  1  9D 81 38             STA     Ibuffs,X        ; null terminate input
001EFC  1  A2 81                LDX     #<Ibuffs        ; set X to buffer start-1 low byte
001EFE  1  A0 38                LDY     #>Ibuffs        ; set Y to buffer start-1 high byte
001F00  1               
001F00  1               ; print CR/LF
001F00  1               
001F00  1               LAB_CRLF:
001F00  1  A9 0D                LDA     #$0D            ; load [CR]
001F02  1  20 5B 1F             JSR     LAB_PRNA        ; go print the character
001F05  1  A9 0A                LDA     #$0A            ; load [LF]
001F07  1  D0 52                BNE     LAB_PRNA        ; go print the character and return, branch always
001F09  1               
001F09  1               LAB_188B:
001F09  1  A5 0E                LDA     TPos            ; get terminal position
001F0B  1  C5 10                CMP     Iclim           ; compare with input column limit
001F0D  1  90 05                BCC     LAB_1897        ; branch if less
001F0F  1               
001F0F  1  20 00 1F             JSR     LAB_CRLF        ; else print CR/LF (next line)
001F12  1  D0 27                BNE     LAB_18BD        ; continue with PRINT processing (branch always)
001F14  1               
001F14  1               LAB_1897:
001F14  1  38                   SEC                     ; set carry for subtract
001F15  1               LAB_1898:
001F15  1  E5 64                SBC     TabSiz          ; subtract TAB size
001F17  1  B0 FC                BCS     LAB_1898        ; loop if result was +ve
001F19  1               
001F19  1  49 FF                EOR     #$FF            ; complement it
001F1B  1  69 01                ADC     #$01            ; +1 (twos complement)
001F1D  1  D0 12                BNE     LAB_18B6        ; always print A spaces (result is never $00)
001F1F  1               
001F1F  1               ; do TAB/SPC
001F1F  1               LAB_18A2:
001F1F  1  48                   PHA                     ; save token
001F20  1  20 FB 2A             JSR     LAB_SGBY        ; scan and get byte parameter
001F23  1  C9 29                CMP     #$29            ; is next character )
001F25  1  D0 7B                LBNE    LAB_1910        ; if not do syntax error then warm start
001F27  1               
001F27  1  68                   PLA                     ; get token back
001F28  1  C9 B8                CMP     #TK_TAB         ; was it TAB ?
001F2A  1  D0 06                BNE     LAB_18B7        ; if not go do SPC
001F2C  1               
001F2C  1               ; calculate TAB offset
001F2C  1  8A                   TXA                     ; copy integer value to A
001F2D  1  E5 0E                SBC     TPos            ; subtract terminal position
001F2F  1  90 0A                BCC     LAB_18BD        ; branch if result was < 0 (can't TAB backwards)
001F31  1               
001F31  1               ; print A spaces
001F31  1               LAB_18B6:
001F31  1  AA                   TAX                     ; copy result to X
001F32  1               LAB_18B7:
001F32  1  8A                   TXA                     ; set flags on size for SPC
001F33  1  F0 06                BEQ     LAB_18BD        ; branch if result was = $0, already here
001F35  1               
001F35  1               ; print X spaces
001F35  1               LAB_18BA:
001F35  1  20 56 1F             JSR     LAB_18E0        ; print " "
001F38  1  CA                   DEX                     ; decrement count
001F39  1  D0 FA                BNE     LAB_18BA        ; loop if not all done
001F3B  1               
001F3B  1               ; continue with PRINT processing
001F3B  1               LAB_18BD:
001F3B  1                       .IFDEF  DUODYNE
001F3B  1                       JSL     LAB_IGBY        ; increment and scan memory
001F3B  1                       .ELSE
001F3B  1  20 BC 00             JSR     LAB_IGBY        ; increment and scan memory
001F3E  1                       .ENDIF
001F3E  1               
001F3E  1  D0 85                LBNE    LAB_1831        ; if more to print go do it
001F40  1               
001F40  1  60                   RTS
001F41  1               
001F41  1               ; print null terminated string from memory
001F41  1               
001F41  1               LAB_18C3:
001F41  1  20 B4 27             JSR     LAB_20AE        ; print " terminated string to Sutill/Sutilh
001F44  1               
001F44  1               ; print string from Sutill/Sutilh
001F44  1               
001F44  1               LAB_18C6:
001F44  1  20 B0 29             JSR     LAB_22B6        ; pop string off descriptor stack, or from top of string
001F47  1               ; space returns with A = length, X=$71=pointer low byte,
001F47  1               ; Y=$72=pointer high byte
001F47  1  A0 00                LDY     #$00            ; reset index
001F49  1  AA                   TAX                     ; copy length to X
001F4A  1  F0 49                BEQ     LAB_188C        ; exit (RTS) if null string
001F4C  1               
001F4C  1               LAB_18CD:
001F4C  1               
001F4C  1  B1 71                LDAINDIRECTY ut1_pl     ; get next byte
001F4E  1  20 5B 1F             JSR     LAB_PRNA        ; go print the character
001F51  1  C8                   INY                     ; increment index
001F52  1  CA                   DEX                     ; decrement count
001F53  1  D0 F7                BNE     LAB_18CD        ; loop if not done yet
001F55  1               
001F55  1  60                   RTS
001F56  1               
001F56  1               ; Print single format character
001F56  1               ; print " "
001F56  1               
001F56  1               LAB_18E0:
001F56  1  A9 20                LDA     #$20            ; load " "
001F58  1  2C                   .BYTE   $2C             ; change next line to BIT LAB_3FA9
001F59  1               
001F59  1               ; print "?" character
001F59  1               
001F59  1               LAB_18E3:
001F59  1  A9 3F                LDA     #$3F            ; load "?" character
001F5B  1               
001F5B  1               ; print character in A
001F5B  1               ; now includes the null handler
001F5B  1               ; also includes infinite line length code
001F5B  1               ; note! some routines expect this one to exit with Zb=0
001F5B  1               
001F5B  1               LAB_PRNA:
001F5B  1  C9 20                CMP     #' '            ; compare with " "
001F5D  1  90 19                BCC     LAB_18F9        ; branch if less (non printing)
001F5F  1               
001F5F  1               ; else printable character
001F5F  1  48                   PHA                     ; save the character
001F60  1               
001F60  1               ; don't check fit if terminal width byte is zero
001F60  1               
001F60  1  A5 0F                LDA     TWidth          ; get terminal width
001F62  1  D0 0A                BNE     LAB_18F0        ; branch if not zero (not infinite length)
001F64  1               
001F64  1               ; is "infinite line" so check TAB position
001F64  1               
001F64  1  A5 0E                LDA     TPos            ; get position
001F66  1  E5 64                SBC     TabSiz          ; subtract TAB size, carry set by CMP #$20 above
001F68  1  D0 0B                BNE     LAB_18F7        ; skip reset if different
001F6A  1               
001F6A  1  85 0E                STA     TPos            ; else reset position
001F6C  1  F0 07                BEQ     LAB_18F7        ; go print character
001F6E  1               
001F6E  1               LAB_18F0:
001F6E  1  C5 0E                CMP     TPos            ; compare with terminal character position
001F70  1  D0 03                BNE     LAB_18F7        ; branch if not at end of line
001F72  1               
001F72  1  20 00 1F             JSR     LAB_CRLF        ; else print CR/LF
001F75  1               LAB_18F7:
001F75  1  E6 0E                INC     TPos            ; increment terminal position
001F77  1  68                   PLA                     ; get character back
001F78  1               LAB_18F9:
001F78  1  20 A0 10             JSR     V_OUTP          ; output byte via output vector
001F7B  1  C9 0D                CMP     #$0D            ; compare with [CR]
001F7D  1  D0 14                BNE     LAB_188A        ; branch if not [CR]
001F7F  1               
001F7F  1               ; else print nullct nulls after the [CR]
001F7F  1  86 78                STX     TempB           ; save buffer index
001F81  1  A6 0D                LDX     Nullct          ; get null count
001F83  1  F0 0A                BEQ     LAB_1886        ; branch if no nulls
001F85  1               
001F85  1  A9 00                LDA     #$00            ; load [NULL]
001F87  1               LAB_1880:
001F87  1  20 5B 1F             JSR     LAB_PRNA        ; go print the character
001F8A  1  CA                   DEX                     ; decrement count
001F8B  1  D0 FA                BNE     LAB_1880        ; loop if not all done
001F8D  1               
001F8D  1  A9 0D                LDA     #$0D            ; restore the character (and set the flags)
001F8F  1               LAB_1886:
001F8F  1  86 0E                STX     TPos            ; clear terminal position (X always = zero when we get here)
001F91  1  A6 78                LDX     TempB           ; restore buffer index
001F93  1               LAB_188A:
001F93  1  29 FF                AND     #$FF            ; set the flags
001F95  1               LAB_188C:
001F95  1  60                   RTS
001F96  1               
001F96  1               ; handle bad input data
001F96  1               
001F96  1               LAB_1904:
001F96  1  A5 62                LDA     Imode           ; get input mode flag, $00=INPUT, $00=READ
001F98  1  10 0B                BPL     LAB_1913        ; branch if INPUT (go do redo)
001F9A  1               
001F9A  1  A5 8D                LDA     Dlinel          ; get current DATA line low byte
001F9C  1  A4 8E                LDY     Dlineh          ; get current DATA line high byte
001F9E  1  85 87                STA     Clinel          ; save current line low byte
001FA0  1  84 88                STY     Clineh          ; save current line high byte
001FA2  1               LAB_1910:
001FA2  1  4C 71 22             JMP     LAB_SNER        ; do syntax error then warm start
001FA5  1               
001FA5  1               ; mode was INPUT
001FA5  1               LAB_1913:
001FA5  1  A9 6D                LDA     #<LAB_REDO      ; point to redo message (low addr)
001FA7  1  A0 0F                LDY     #>LAB_REDO      ; point to redo message (high addr)
001FA9  1  20 41 1F             JSR     LAB_18C3        ; print null terminated string from memory
001FAC  1  A5 8B                LDA     Cpntrl          ; get continue pointer low byte
001FAE  1  A4 8C                LDY     Cpntrh          ; get continue pointer high byte
001FB0  1  85 C3                STA     Bpntrl          ; save BASIC execute pointer low byte
001FB2  1  84 C4                STY     Bpntrh          ; save BASIC execute pointer high byte
001FB4  1  60                   RTS
001FB5  1               
001FB5  1               ; perform INPUT
001FB5  1               
001FB5  1               LAB_INPUT:
001FB5  1  C9 22                CMP     #$22            ; compare next byte with open quote
001FB7  1  D0 0B                BNE     LAB_1934        ; branch if no prompt string
001FB9  1               
001FB9  1  20 2C 22             JSR     LAB_1BC1        ; print "..." string
001FBC  1  A9 3B                LDA     #$3B            ; load A with ";"
001FBE  1  20 5F 22             JSR     LAB_SCCA        ; scan for CHR$(A), else do syntax error then warm start
001FC1  1  20 44 1F             JSR     LAB_18C6        ; print string from Sutill/Sutilh
001FC4  1               
001FC4  1               ; done with prompt, now get data
001FC4  1               LAB_1934:
001FC4  1  20 DA 26             JSR     LAB_CKRN        ; check not Direct, back here if ok
001FC7  1  20 C2 18             JSR     LAB_INLN        ; print "? " and get BASIC input
001FCA  1  A9 00                LDA     #$00            ; set mode = INPUT
001FCC  1  CD 81 38             CMP     Ibuffs          ; test first byte in buffer
001FCF  1  D0 0A                BNE     LAB_1953        ; branch if not null input
001FD1  1               
001FD1  1  18                   CLC                     ; was null input so clear carry to exit program
001FD2  1  4C B2 1B             JMP     LAB_1647        ; go do BREAK exit
001FD5  1               
001FD5  1               ; perform READ
001FD5  1               
001FD5  1               LAB_READ:
001FD5  1  A6 8F                LDX     Dptrl           ; get DATA pointer low byte
001FD7  1  A4 90                LDY     Dptrh           ; get DATA pointer high byte
001FD9  1  A9 80                LDA     #$80            ; set mode = READ
001FDB  1               
001FDB  1               LAB_1953:
001FDB  1  85 62                STA     Imode           ; set input mode flag, $00=INPUT, $80=READ
001FDD  1  86 91                STX     Rdptrl          ; save READ pointer low byte
001FDF  1  84 92                STY     Rdptrh          ; save READ pointer high byte
001FE1  1               
001FE1  1               ; READ or INPUT next variable from list
001FE1  1               LAB_195B:
001FE1  1  20 1A 24             JSR     LAB_GVAR        ; get (var) address
001FE4  1  85 97                STA     Lvarpl          ; save address low byte
001FE6  1  84 98                STY     Lvarph          ; save address high byte
001FE8  1  A5 C3                LDA     Bpntrl          ; get BASIC execute pointer low byte
001FEA  1  A4 C4                LDY     Bpntrh          ; get BASIC execute pointer high byte
001FEC  1  85 11                STA     Itempl          ; save as temporary integer low byte
001FEE  1  84 12                STY     Itemph          ; save as temporary integer high byte
001FF0  1  A6 91                LDX     Rdptrl          ; get READ pointer low byte
001FF2  1  A4 92                LDY     Rdptrh          ; get READ pointer high byte
001FF4  1  86 C3                STX     Bpntrl          ; set BASIC execute pointer low byte
001FF6  1  84 C4                STY     Bpntrh          ; set BASIC execute pointer high byte
001FF8  1                       .IFDEF  DUODYNE
001FF8  1                       JSL     LAB_GBYT        ; scan memory
001FF8  1                       .ELSE
001FF8  1  20 C2 00             JSR     LAB_GBYT        ; scan memory
001FFB  1                       .ENDIF
001FFB  1               
001FFB  1  D0 11                BNE     LAB_1988        ; branch if not null
001FFD  1               
001FFD  1               ; pointer was to null entry
001FFD  1  24 62                BIT     Imode           ; test input mode flag, $00=INPUT, $80=READ
001FFF  1  30 65                BMI     LAB_19DD        ; branch if READ
002001  1               
002001  1               ; mode was INPUT
002001  1  20 59 1F             JSR     LAB_18E3        ; print "?" character (double ? for extended input)
002004  1  20 C2 18             JSR     LAB_INLN        ; print "? " and get BASIC input
002007  1  86 C3                STX     Bpntrl          ; set BASIC execute pointer low byte
002009  1  84 C4                STY     Bpntrh          ; set BASIC execute pointer high byte
00200B  1               LAB_1985:
00200B  1                       .IFDEF  DUODYNE
00200B  1                       JSL     LAB_GBYT        ; scan memory
00200B  1                       .ELSE
00200B  1  20 C2 00             JSR     LAB_GBYT        ; scan memory
00200E  1                       .ENDIF
00200E  1               
00200E  1               LAB_1988:
00200E  1  24 5F                BIT     Dtypef          ; test data type flag, $FF=string, $00=numeric
002010  1  10 24                BPL     LAB_19B0        ; branch if numeric
002012  1               
002012  1               ; else get string
002012  1  85 5B                STA     Srchc           ; save search character
002014  1  C9 22                CMP     #$22            ; was it " ?
002016  1  F0 07                BEQ     LAB_1999        ; branch if so
002018  1               
002018  1  A9 3A                LDA     #':'            ; else search character is ":"
00201A  1  85 5B                STA     Srchc           ; set new search character
00201C  1  A9 2C                LDA     #','            ; other search character is ","
00201E  1  18                   CLC                     ; clear carry for add
00201F  1               LAB_1999:
00201F  1  85 5C                STA     Asrch           ; set second search character
002021  1  A5 C3                LDA     Bpntrl          ; get BASIC execute pointer low byte
002023  1  A4 C4                LDY     Bpntrh          ; get BASIC execute pointer high byte
002025  1               
002025  1  69 00                ADC     #$00            ; c is =1 if we came via the BEQ LAB_1999, else =0
002027  1  90 01                BCC     LAB_19A4        ; branch if no execute pointer low byte rollover
002029  1               
002029  1  C8                   INY                     ; else increment high byte
00202A  1               LAB_19A4:
00202A  1  20 BA 27             JSR     LAB_20B4        ; print Srchc or Asrch terminated string to Sutill/Sutilh
00202D  1  20 42 2B             JSR     LAB_23F3        ; restore BASIC execute pointer from temp (Btmpl/Btmph)
002030  1  20 3E 1E             JSR     LAB_17D5        ; go do string LET
002033  1  4C 3C 20             JMP     LAB_19B6        ; go check string terminator
002036  1               
002036  1               ; get numeric INPUT
002036  1               LAB_19B0:
002036  1  20 20 30             JSR     LAB_2887        ; get FAC1 from string
002039  1  20 1D 2F             JSR     LAB_PFAC        ; pack FAC1 into (Lvarpl)
00203C  1               LAB_19B6:
00203C  1                       .IFDEF  DUODYNE
00203C  1                       JSL     LAB_GBYT        ; scan memory
00203C  1                       .ELSE
00203C  1  20 C2 00             JSR     LAB_GBYT        ; scan memory
00203F  1                       .ENDIF
00203F  1               
00203F  1  F0 0A                BEQ     LAB_19C5        ; branch if null (last entry)
002041  1               
002041  1  C9 2C                CMP     #','            ; else compare with ","
002043  1  F0 03                BEQ     LAB_19C2        ; branch if ","
002045  1               
002045  1  4C 96 1F             JMP     LAB_1904        ; else go handle bad input data
002048  1               
002048  1               ; got good input data
002048  1               LAB_19C2:
002048  1                       .IFDEF  DUODYNE
002048  1                       JSL     LAB_IGBY        ; increment and scan memory
002048  1                       .ELSE
002048  1  20 BC 00             JSR     LAB_IGBY        ; increment and scan memory
00204B  1                       .ENDIF
00204B  1               
00204B  1               LAB_19C5:
00204B  1  A5 C3                LDA     Bpntrl          ; get BASIC execute pointer low byte (temp READ/INPUT ptr)
00204D  1  A4 C4                LDY     Bpntrh          ; get BASIC execute pointer high byte (temp READ/INPUT ptr)
00204F  1  85 91                STA     Rdptrl          ; save for now
002051  1  84 92                STY     Rdptrh          ; save for now
002053  1  A5 11                LDA     Itempl          ; get temporary integer low byte (temp BASIC execute ptr)
002055  1  A4 12                LDY     Itemph          ; get temporary integer high byte (temp BASIC execute ptr)
002057  1  85 C3                STA     Bpntrl          ; set BASIC execute pointer low byte
002059  1  84 C4                STY     Bpntrh          ; set BASIC execute pointer high byte
00205B  1                       .IFDEF  DUODYNE
00205B  1                       JSL     LAB_GBYT        ; scan memory
00205B  1                       .ELSE
00205B  1  20 C2 00             JSR     LAB_GBYT        ; scan memory
00205E  1                       .ENDIF
00205E  1               
00205E  1  F0 2C                LBEQ    LAB_1A03        ; if null go do extra ignored message
002060  1               
002060  1  20 6D 22             JSR     LAB_1C01        ; else scan for "," , else do syntax error then warm start
002063  1  4C E1 1F             JMP     LAB_195B        ; go INPUT next variable from list
002066  1               
002066  1               ; find next DATA statement or do "Out of DATA" error
002066  1               LAB_19DD:
002066  1  20 19 1D             JSR     LAB_SNBS        ; scan for next BASIC statement ([:] or [EOL])
002069  1  C8                   INY                     ; increment index
00206A  1  AA                   TAX                     ; copy character ([:] or [EOL])
00206B  1  D0 12                BNE     LAB_19F6        ; branch if [:]
00206D  1               
00206D  1  A2 06                LDX     #$06            ; set for "Out of DATA" error
00206F  1  C8                   INY                     ; increment index, now points to next line pointer high byte
002070  1  B1 C3                LDA     (Bpntrl),Y      ; get next line pointer high byte
002072  1  F0 73                LBEQ    LAB_1A54        ; branch if end (eventually does error X)
002074  1               
002074  1  C8                   INY                     ; increment index
002075  1  B1 C3                LDA     (Bpntrl),Y      ; get next line # low byte
002077  1  85 8D                STA     Dlinel          ; save current DATA line low byte
002079  1  C8                   INY                     ; increment index
00207A  1  B1 C3                LDA     (Bpntrl),Y      ; get next line # high byte
00207C  1  C8                   INY                     ; increment index
00207D  1  85 8E                STA     Dlineh          ; save current DATA line high byte
00207F  1               LAB_19F6:
00207F  1  B1 C3                LDA     (Bpntrl),Y      ; get byte
002081  1  C8                   INY                     ; increment index
002082  1  AA                   TAX                     ; copy to X
002083  1  20 0B 1D             JSR     LAB_170F        ; set BASIC execute pointer
002086  1  E0 83                CPX     #TK_DATA        ; compare with "DATA" token
002088  1  F0 81                LBEQ    LAB_1985        ; was "DATA" so go do next READ
00208A  1               
00208A  1  D0 DA                BNE     LAB_19DD        ; go find next statement if not "DATA"
00208C  1               
00208C  1               ; end of INPUT/READ routine
00208C  1               
00208C  1               LAB_1A03:
00208C  1  A5 91                LDA     Rdptrl          ; get temp READ pointer low byte
00208E  1  A4 92                LDY     Rdptrh          ; get temp READ pointer high byte
002090  1  A6 62                LDX     Imode           ; get input mode flag, $00=INPUT, $80=READ
002092  1  10 03                BPL     LAB_1A0E        ; branch if INPUT
002094  1               
002094  1  4C D4 1B             JMP     LAB_1624        ; save AY as DATA pointer and return
002097  1               
002097  1               ; we were getting INPUT
002097  1               LAB_1A0E:
002097  1  A0 00                LDY     #$00            ; clear index
002099  1  B1 91                LDAINDIRECTY Rdptrl     ; get next byte
00209B  1  D0 01                BNE     LAB_1A1B        ; error if not end of INPUT
00209D  1               
00209D  1  60                   RTS
00209E  1               
00209E  1               ; user typed too much
00209E  1               LAB_1A1B:
00209E  1  A9 5C                LDA     #<LAB_IMSG      ; point to extra ignored message (low addr)
0020A0  1  A0 0F                LDY     #>LAB_IMSG      ; point to extra ignored message (high addr)
0020A2  1  4C 41 1F             JMP     LAB_18C3        ; print null terminated string from memory and return
0020A5  1               
0020A5  1               ; search the stack for FOR activity
0020A5  1               ; exit with z=1 if FOR else exit with z=0
0020A5  1                       .IFDEF  DUODYNE
0020A5  1               
0020A5  1               LAB_11A1:
0020A5  1                       INDEX16
0020A5  1                       TSX                     ; copy stack pointer
0020A5  1                       INX                     ; +1 pass return address
0020A5  1                       INX                     ; +2 pass return address
0020A5  1                       INX                     ; +3 pass calling routine return address
0020A5  1                       INX                     ; +4 pass calling routine return address
0020A5  1               LAB_11A6:
0020A5  1                       PHB
0020A5  1                       LDA     #$00            ; WANT TO ACCESS ZERO BANK FOR STACK
0020A5  1                       PHA
0020A5  1                       PLB
0020A5  1                       LDA     1,X             ; get token byte from stack
0020A5  1                       PLB
0020A5  1                       CMP     #TK_FOR         ; is it FOR token
0020A5  1                       BNE     LAB_11CE        ; exit if not FOR token
0020A5  1               
0020A5  1               ; was FOR token
0020A5  1                       LDA     <Frnxth         ; get var pointer for FOR/NEXT high byte
0020A5  1                       BNE     LAB_11BB        ; branch if not null
0020A5  1               
0020A5  1                       PHB
0020A5  1                       LDA     #$00            ; WANT TO ACCESS ZERO BANK FOR STACK
0020A5  1                       PHA
0020A5  1                       PLB
0020A5  1                       LDA     2,X             ; get FOR variable pointer low byte
0020A5  1                       STA     <Frnxtl         ; save var pointer for FOR/NEXT low byte
0020A5  1                       LDA     3,X             ; get FOR variable pointer high byte
0020A5  1                       STA     <Frnxth         ; save var pointer for FOR/NEXT high byte
0020A5  1                       PLB
0020A5  1               LAB_11BB:
0020A5  1                       PHB
0020A5  1                       LDA     #$00            ; WANT TO ACCESS ZERO BANK FOR STACK
0020A5  1                       PHA
0020A5  1                       PLB
0020A5  1                       LDA     3,X
0020A5  1                       STA     <TMPFLG
0020A5  1                       PLB
0020A5  1                       CMP     <TMPFLG         ; compare var pointer with stacked var pointer (high byte)
0020A5  1                       BNE     LAB_11C7        ; branch if no match
0020A5  1               
0020A5  1                       LDA     <Frnxtl         ; get var pointer for FOR/NEXT low byte
0020A5  1                       PHB
0020A5  1                       LDA     #$00            ; WANT TO ACCESS ZERO BANK FOR STACK
0020A5  1                       PHA
0020A5  1                       PLB
0020A5  1                       LDA     2,X
0020A5  1                       STA     <TMPFLG
0020A5  1                       PLB
0020A5  1                       CMP     <TMPFLG         ; compare var pointer with stacked var pointer (high byte)
0020A5  1                       BEQ     LAB_11CE        ; exit if match found
0020A5  1               
0020A5  1               LAB_11C7:
0020A5  1                       INX
0020A5  1                       INX
0020A5  1                       INX
0020A5  1                       INX
0020A5  1                       INX
0020A5  1                       INX
0020A5  1                       INX
0020A5  1                       INX
0020A5  1                       INX
0020A5  1                       INX
0020A5  1                       INX
0020A5  1                       INX
0020A5  1                       INX
0020A5  1                       INX
0020A5  1                       INX
0020A5  1                       INX
0020A5  1                       TXS                     ; copy back to index
0020A5  1                       BNE     LAB_11A6        ; loop if not at start of stack
0020A5  1               LAB_11CE:
0020A5  1                       STX     <TEMPW
0020A5  1                       INDEX8
0020A5  1                       RTS
0020A5  1               
0020A5  1               ; perform NEXT
0020A5  1               
0020A5  1               LAB_NEXT:
0020A5  1                       BNE     LAB_1A46        ; branch if NEXT var
0020A5  1               
0020A5  1                       LDY     #$00            ; else clear Y
0020A5  1                       BEQ     LAB_1A49        ; branch always (no variable to search for)
0020A5  1               
0020A5  1               ; NEXT var
0020A5  1               
0020A5  1               LAB_1A46:
0020A5  1                       JSR     LAB_GVAR        ; get variable address
0020A5  1               LAB_1A49:
0020A5  1                       STA     <Frnxtl         ; store variable pointer low byte
0020A5  1                       STY     <Frnxth         ; store variable pointer high byte
0020A5  1               ; (both cleared if no variable defined)
0020A5  1                       JSR     LAB_11A1        ; search the stack for FOR activity
0020A5  1                       BEQ     LAB_1A56        ; branch if found
0020A5  1               
0020A5  1                       LDX     #$00            ; else set error $00 ("NEXT without FOR" error)
0020A5  1               LAB_1A54:
0020A5  1                       BEQ     LAB_1ABE        ; do error #X, then warm start
0020A5  1               
0020A5  1               
0020A5  1               LAB_1A56:
0020A5  1                       ACCUMULATORINDEX16
0020A5  1                       LDX     <TEMPW
0020A5  1                       TXS                     ; set stack pointer, X set by search, dumps return addresses
0020A5  1                       TXA                     ; copy stack pointer
0020A5  1                       CLC                     ; CLEAR carry
0020A5  1               
0020A5  1                       ADC     #$0009          ; point to TO var
0020A5  1                       STA     <ut2_pl         ; save pointer to TO var for compare
0020A5  1                       SEC
0020A5  1                       SBC     #$0005          ; point to STEP var
0020A5  1                       STA     <TEMPW
0020A5  1               
0020A5  1                       ACCUMULATORINDEX8
0020A5  1                       LDY     <TEMPW+1        ; point to stack page high byte
0020A5  1               
0020A5  1                       PHB                     ; ensure UNPACK works in stack bank not data bank
0020A5  1                       PHX
0020A5  1                       LDX     #$00
0020A5  1                       PHX
0020A5  1                       PLB
0020A5  1                       PLX
0020A5  1                       JSR     LAB_UFAC        ; unpack memory (STEP value) into FAC1
0020A5  1                       PLB
0020A5  1               
0020A5  1                       LDA     8,S             ; get step sign
0020A5  1                       STA     <FAC1_s         ; save FAC1 sign (b7)
0020A5  1                       LDA     <Frnxtl         ; get FOR variable pointer low byte
0020A5  1                       LDY     <Frnxth         ; get FOR variable pointer high byte
0020A5  1                       JSR     LAB_246C        ; add (FOR variable) to FAC1
0020A5  1                       JSR     LAB_PFAC        ; pack FAC1 into (FOR variable)
0020A5  1                       LDY     <TEMPW+1        ; point to stack page high byte
0020A5  1               
0020A5  1                       PHB                     ; ensure compare works in stack bank not data bank
0020A5  1                       PHX
0020A5  1                       LDX     #$00
0020A5  1                       PHX
0020A5  1                       PLB
0020A5  1                       PLX
0020A5  1               
0020A5  1                       JSR     LAB_27FA        ; compare FAC1 with (Y,<ut2_pl) (TO value)
0020A5  1                       PLB
0020A5  1               
0020A5  1               
0020A5  1                       CMP     8,S             ; compare step sign
0020A5  1                       BEQ     LAB_1A9B        ; branch if = (loop complete)
0020A5  1               ;
0020A5  1               ;					; loop back and do it all again
0020A5  1                       LDA     $0D,S           ; get FOR line low byte
0020A5  1                       STA     <Clinel         ; save current line low byte
0020A5  1                       LDA     $0E,S           ; get FOR line high byte
0020A5  1                       STA     <Clineh         ; save current line high byte
0020A5  1                       LDA     $10,S           ; get BASIC execute pointer low byte
0020A5  1                       STA     <Bpntrl         ; save BASIC execute pointer low byte
0020A5  1                       LDA     $0F,S           ; get BASIC execute pointer high byte
0020A5  1                       STA     <Bpntrh         ; save BASIC execute pointer high byte
0020A5  1               LAB_1A98:
0020A5  1                       JMP     LAB_15C2        ; go do interpreter inner loop
0020A5  1               
0020A5  1               LAB_1A9B:
0020A5  1                       ACCUMULATORINDEX16
0020A5  1                       TSC                     ; stack copy to A
0020A5  1                       ADC     #$000F          ; add $10 ($0F+carry) to dump FOR structure
0020A5  1                       TCS                     ; copy back to index
0020A5  1                       ACCUMULATORINDEX8
0020A5  1                       JSL     LAB_GBYT        ; scan memory
0020A5  1                       CMP     #','            ; compare with ","
0020A5  1                       BNE     LAB_1A98        ; branch if not "," (go do interpreter inner loop)
0020A5  1               ; was "," so another NEXT variable to do
0020A5  1                       JSL     LAB_IGBY        ; else increment and scan memory
0020A5  1                       JSR     LAB_1A46        ; do NEXT (var)
0020A5  1                       .ELSE
0020A5  1               LAB_11A1:
0020A5  1  BA                   TSX                     ; copy stack pointer
0020A6  1  E8                   INX                     ; +1 pass return address
0020A7  1  E8                   INX                     ; +2 pass return address
0020A8  1  E8                   INX                     ; +3 pass calling routine return address
0020A9  1  E8                   INX                     ; +4 pass calling routine return address
0020AA  1               LAB_11A6:
0020AA  1  BD 01 01             LDA     LAB_STAK+1,X    ; get token byte from stack
0020AD  1  C9 81                CMP     #TK_FOR         ; is it FOR token
0020AF  1  D0 21                BNE     LAB_11CE        ; exit if not FOR token
0020B1  1               
0020B1  1               ; was FOR token
0020B1  1  A5 98                LDA     Frnxth          ; get var pointer for FOR/NEXT high byte
0020B3  1  D0 0A                BNE     LAB_11BB        ; branch if not null
0020B5  1  BD 02 01             LDA     LAB_STAK+2,X    ; get FOR variable pointer low byte
0020B8  1  85 97                STA     Frnxtl          ; save var pointer for FOR/NEXT low byte
0020BA  1  BD 03 01             LDA     LAB_STAK+3,X    ; get FOR variable pointer high byte
0020BD  1  85 98                STA     Frnxth          ; save var pointer for FOR/NEXT high byte
0020BF  1               LAB_11BB:
0020BF  1  DD 03 01             CMP     LAB_STAK+3,X    ; compare var pointer with stacked var pointer (high byte)
0020C2  1  D0 07                BNE     LAB_11C7        ; branch if no match
0020C4  1               
0020C4  1  A5 97                LDA     Frnxtl          ; get var pointer for FOR/NEXT low byte
0020C6  1  DD 02 01             CMP     LAB_STAK+2,X    ; compare var pointer with stacked var pointer (low byte)
0020C9  1  F0 07                BEQ     LAB_11CE        ; exit if match found
0020CB  1               
0020CB  1               LAB_11C7:
0020CB  1  8A                   TXA                     ; copy index
0020CC  1  18                   CLC                     ; clear carry for add
0020CD  1  69 10                ADC     #$10            ; add FOR stack use size
0020CF  1  AA                   TAX                     ; copy back to index
0020D0  1  D0 D8                BNE     LAB_11A6        ; loop if not at start of stack
0020D2  1               
0020D2  1               LAB_11CE:
0020D2  1  60                   RTS
0020D3  1               
0020D3  1               ; perform NEXT
0020D3  1               
0020D3  1               LAB_NEXT:
0020D3  1  D0 04                BNE     LAB_1A46        ; branch if NEXT var
0020D5  1               
0020D5  1  A0 00                LDY     #$00            ; else clear Y
0020D7  1  F0 03                BEQ     LAB_1A49        ; branch always (no variable to search for)
0020D9  1               
0020D9  1               ; NEXT var
0020D9  1               
0020D9  1               LAB_1A46:
0020D9  1  20 1A 24             JSR     LAB_GVAR        ; get variable address
0020DC  1               LAB_1A49:
0020DC  1  85 97                STA     Frnxtl          ; store variable pointer low byte
0020DE  1  84 98                STY     Frnxth          ; store variable pointer high byte
0020E0  1               ; (both cleared if no variable defined)
0020E0  1  20 A5 20             JSR     LAB_11A1        ; search the stack for FOR activity
0020E3  1  F0 04                BEQ     LAB_1A56        ; branch if found
0020E5  1               
0020E5  1  A2 00                LDX     #$00            ; else set error $00 ("NEXT without FOR" error)
0020E7  1               LAB_1A54:
0020E7  1  F0 63                BEQ     LAB_1ABE        ; do error #X, then warm start
0020E9  1               
0020E9  1               LAB_1A56:
0020E9  1  9A                   TXS                     ; set stack pointer, X set by search, dumps return addresses
0020EA  1               
0020EA  1  8A                   TXA                     ; copy stack pointer
0020EB  1  38                   SEC                     ; set carry for subtract
0020EC  1  E9 F7                SBC     #$F7            ; point to TO var
0020EE  1  85 73                STA     ut2_pl          ; save pointer to TO var for compare
0020F0  1  69 FB                ADC     #$FB            ; point to STEP var
0020F2  1               
0020F2  1  A0 01                LDY     #>LAB_STAK      ; point to stack page high byte
0020F4  1  20 F7 2E             JSR     LAB_UFAC        ; unpack memory (STEP value) into FAC1
0020F7  1  BA                   TSX                     ; get stack pointer back
0020F8  1  BD 08 01             LDA     LAB_STAK+8,X    ; get step sign
0020FB  1  85 B0                STA     FAC1_s          ; save FAC1 sign (b7)
0020FD  1  A5 97                LDA     Frnxtl          ; get FOR variable pointer low byte
0020FF  1  A4 98                LDY     Frnxth          ; get FOR variable pointer high byte
002101  1  20 38 2C             JSR     LAB_246C        ; add (FOR variable) to FAC1
002104  1  20 1D 2F             JSR     LAB_PFAC        ; pack FAC1 into (FOR variable)
002107  1  A0 01                LDY     #>LAB_STAK      ; point to stack page high byte
002109  1  20 93 2F             JSR     LAB_27FA        ; compare FAC1 with (Y,ut2_pl) (TO value)
00210C  1  BA                   TSX                     ; get stack pointer back
00210D  1  DD 08 01             CMP     LAB_STAK+8,X    ; compare step sign
002110  1  F0 17                BEQ     LAB_1A9B        ; branch if = (loop complete)
002112  1               
002112  1               ; loop back and do it all again
002112  1  BD 0D 01             LDA     LAB_STAK+$0D,X  ; get FOR line low byte
002115  1  85 87                STA     Clinel          ; save current line low byte
002117  1  BD 0E 01             LDA     LAB_STAK+$0E,X  ; get FOR line high byte
00211A  1  85 88                STA     Clineh          ; save current line high byte
00211C  1  BD 10 01             LDA     LAB_STAK+$10,X  ; get BASIC execute pointer low byte
00211F  1  85 C3                STA     Bpntrl          ; save BASIC execute pointer low byte
002121  1  BD 0F 01             LDA     LAB_STAK+$0F,X  ; get BASIC execute pointer high byte
002124  1  85 C4                STA     Bpntrh          ; save BASIC execute pointer high byte
002126  1               LAB_1A98:
002126  1  4C 41 1B             JMP     LAB_15C2        ; go do interpreter inner loop
002129  1               
002129  1               ; loop complete so carry on
002129  1               LAB_1A9B:
002129  1  8A                   TXA                     ; stack copy to A
00212A  1  69 0F                ADC     #$0F            ; add $10 ($0F+carry) to dump FOR structure
00212C  1  AA                   TAX                     ; copy back to index
00212D  1  9A                   TXS                     ; copy to stack pointer
00212E  1  20 C2 00             JSR     LAB_GBYT        ; scan memory
002131  1               
002131  1  C9 2C                CMP     #','            ; compare with ","
002133  1  D0 F1                BNE     LAB_1A98        ; branch if not "," (go do interpreter inner loop)
002135  1               
002135  1               ; was "," so another NEXT variable to do
002135  1  20 BC 00             JSR     LAB_IGBY        ; increment and scan memory
002138  1               
002138  1  20 D9 20             JSR     LAB_1A46        ; do NEXT (var)
00213B  1                       .ENDIF
00213B  1               ; evaluate expression and check is numeric, else do type mismatch
00213B  1               
00213B  1               LAB_EVNM:
00213B  1  20 4F 21             JSR     LAB_EVEX        ; evaluate expression
00213E  1               
00213E  1               ; check if source is numeric, else do type mismatch
00213E  1               
00213E  1               LAB_CTNM:
00213E  1  18                   CLC                     ; destination is numeric
00213F  1  24                   .BYTE   $24             ; makes next line BIT $38
002140  1               
002140  1               ; check if source is string, else do type mismatch
002140  1               
002140  1               LAB_CTST:
002140  1  38                   SEC                     ; required type is string
002141  1               
002141  1               ; type match check, set C for string, clear C for numeric
002141  1               
002141  1               LAB_CKTM:
002141  1  24 5F                BIT     Dtypef          ; test data type flag, $FF=string, $00=numeric
002143  1  30 03                BMI     LAB_1ABA        ; branch if data type is string
002145  1               
002145  1               ; else data type was numeric
002145  1  B0 03                BCS     LAB_1ABC        ; if required type is string do type mismatch error
002147  1               LAB_1AB9:
002147  1  60                   RTS
002148  1               
002148  1               ; data type was string, now check required type
002148  1               LAB_1ABA:
002148  1  B0 FD                BCS     LAB_1AB9        ; exit if required type is string
00214A  1               
00214A  1               ; else do type mismatch error
00214A  1               LAB_1ABC:
00214A  1  A2 18                LDX     #$18            ; error code $18 ("Type mismatch" error)
00214C  1               LAB_1ABE:
00214C  1  4C BE 17             JMP     LAB_XERR        ; do error #X, then warm start
00214F  1               
00214F  1               ; evaluate expression
00214F  1               
00214F  1               LAB_EVEX:
00214F  1  A6 C3                LDX     Bpntrl          ; get BASIC execute pointer low byte
002151  1  D0 02                BNE     LAB_1AC7        ; skip next if not zero
002153  1               
002153  1  C6 C4                DEC     Bpntrh          ; else decrement BASIC execute pointer high byte
002155  1               LAB_1AC7:
002155  1  C6 C3                DEC     Bpntrl          ; decrement BASIC execute pointer low byte
002157  1               
002157  1               LAB_EVEZ:
002157  1  A9 00                LDA     #$00            ; set null precedence (flag done)
002159  1               LAB_1ACC:
002159  1  48                   PHA                     ; push precedence byte
00215A  1  A9 02                LDA     #$02            ; 2 bytes
00215C  1  20 85 17             JSR     LAB_1212        ; check room on stack for A bytes
00215F  1  20 3B 22             JSR     LAB_GVAL        ; get value from line
002162  1  A9 00                LDA     #$00            ; clear A
002164  1  85 9B                STA     comp_f          ; clear compare function flag
002166  1               LAB_1ADB:
002166  1                       .IFDEF  DUODYNE
002166  1                       JSL     LAB_GBYT        ; scan memory
002166  1                       .ELSE
002166  1  20 C2 00             JSR     LAB_GBYT        ; scan memory
002169  1                       .ENDIF
002169  1               
002169  1               LAB_1ADE:
002169  1  38                   SEC                     ; set carry for subtract
00216A  1  E9 CD                SBC     #TK_GT          ; subtract token for > (lowest comparison function)
00216C  1  90 17                BCC     LAB_1AFA        ; branch if < TK_GT
00216E  1               
00216E  1  C9 03                CMP     #$03            ; compare with ">" to "<" tokens
002170  1  B0 13                BCS     LAB_1AFA        ; branch if >= TK_SGN (highest evaluation function +1)
002172  1               
002172  1               ; was token for > = or < (A = 0, 1 or 2)
002172  1  C9 01                CMP     #$01            ; compare with token for =
002174  1  2A                   ROL     A               ; *2, b0 = carry (=1 if token was = or <)
002175  1               ; (A = 0, 3 or 5)
002175  1  49 01                EOR     #$01            ; toggle b0
002177  1               ; (A = 1, 2 or 4. 1 if >, 2 if =, 4 if <)
002177  1  45 9B                EOR     comp_f          ; EOR with compare function flag bits
002179  1  C5 9B                CMP     comp_f          ; compare with compare function flag
00217B  1  90 67                BCC     LAB_1B53        ; if <(comp_f) do syntax error then warm start
00217D  1               ; was more than one <, = or >)
00217D  1               
00217D  1  85 9B                STA     comp_f          ; save new compare function flag
00217F  1                       .IFDEF  DUODYNE
00217F  1                       JSL     LAB_IGBY        ; increment and scan memory
00217F  1                       .ELSE
00217F  1  20 BC 00             JSR     LAB_IGBY        ; increment and scan memory
002182  1                       .ENDIF
002182  1               
002182  1  4C 69 21             JMP     LAB_1ADE        ; go do next character
002185  1               
002185  1               ; token is < ">" or > "<" tokens
002185  1               LAB_1AFA:
002185  1  A6 9B                LDX     comp_f          ; get compare function flag
002187  1  D0 2C                BNE     LAB_1B2A        ; branch if compare function
002189  1               
002189  1  B0 79                BCS     LAB_1B78        ; go do functions
00218B  1               
00218B  1               ; else was <  TK_GT so is operator or lower
00218B  1  69 0A                ADC     #TK_GT-TK_PLUS  ; add # of operators (+, -, *, /, ^, AND, OR or EOR)
00218D  1  90 75                BCC     LAB_1B78        ; branch if < + operator
00218F  1               
00218F  1               ; carry was set so token was +, -, *, /, ^, AND, OR or EOR
00218F  1  D0 07                BNE     LAB_1B0B        ; branch if not + token
002191  1               
002191  1  24 5F                BIT     Dtypef          ; test data type flag, $FF=string, $00=numeric
002193  1  10 03                BPL     LAB_1B0B        ; branch if not string
002195  1               
002195  1               ; will only be $00 if type is string and token was +
002195  1  4C 46 29             JMP     LAB_224D        ; add strings, string 1 is in descriptor des_pl, string 2
002198  1               ; is in line, and return
002198  1               
002198  1               LAB_1B0B:
002198  1  85 71                STA     ut1_pl          ; save it
00219A  1  0A                   ASL     A               ; *2
00219B  1  65 71                ADC     ut1_pl          ; *3
00219D  1  A8                   TAY                     ; copy to index
00219E  1               LAB_1B13:
00219E  1  68                   PLA                     ; pull previous precedence
00219F  1  D9 4B 09             CMP     LAB_OPPT,Y      ; compare with precedence byte
0021A2  1  B0 65                BCS     LAB_1B7D        ; branch if A >=
0021A4  1               
0021A4  1  20 3E 21             JSR     LAB_CTNM        ; check if source is numeric, else do type mismatch
0021A7  1               LAB_1B1C:
0021A7  1  48                   PHA                     ; save precedence
0021A8  1               LAB_1B1D:
0021A8  1  20 D0 21             JSR     LAB_1B43        ; get vector, execute function then continue evaluation
0021AB  1  68                   PLA                     ; restore precedence
0021AC  1  A4 99                LDY     prstk           ; get precedence stacked flag
0021AE  1  10 19                BPL     LAB_1B3C        ; branch if stacked values
0021B0  1               
0021B0  1  AA                   TAX                     ; copy precedence (set flags)
0021B1  1  F0 76                BEQ     LAB_1B9D        ; exit if done
0021B3  1               
0021B3  1  D0 5D                BNE     LAB_1B86        ; else pop FAC2 and return, branch always
0021B5  1               
0021B5  1               LAB_1B2A:
0021B5  1  26 5F                ROL     Dtypef          ; shift data type flag into Cb
0021B7  1  8A                   TXA                     ; copy compare function flag
0021B8  1  85 5F                STA     Dtypef          ; clear data type flag, X is 0xxx xxxx
0021BA  1  2A                   ROL     A               ; shift data type into compare function byte b0
0021BB  1  A6 C3                LDX     Bpntrl          ; get BASIC execute pointer low byte
0021BD  1  D0 02                BNE     LAB_1B34        ; branch if no underflow
0021BF  1               
0021BF  1  C6 C4                DEC     Bpntrh          ; else decrement BASIC execute pointer high byte
0021C1  1               LAB_1B34:
0021C1  1  C6 C3                DEC     Bpntrl          ; decrement BASIC execute pointer low byte
0021C3  1               TK_LT_PLUS      = TK_LT-TK_PLUS
0021C3  1  A0 24                LDY     #TK_LT_PLUS*3   ; set offset to last operator entry
0021C5  1  85 9B                STA     comp_f          ; save new compare function flag
0021C7  1  D0 D5                BNE     LAB_1B13        ; branch always
0021C9  1               
0021C9  1               LAB_1B3C:
0021C9  1  D9 4B 09             CMP     LAB_OPPT,Y      ;.compare with stacked function precedence
0021CC  1  B0 44                BCS     LAB_1B86        ; branch if A >=, pop FAC2 and return
0021CE  1               
0021CE  1  90 D7                BCC     LAB_1B1C        ; branch always
0021D0  1               
0021D0  1               ;.get vector, execute function then continue evaluation
0021D0  1               
0021D0  1               LAB_1B43:
0021D0  1  B9 4D 09             LDA     LAB_OPPT+2,Y    ; get function vector high byte
0021D3  1  48                   PHA                     ; onto stack
0021D4  1  B9 4C 09             LDA     LAB_OPPT+1,Y    ; get function vector low byte
0021D7  1  48                   PHA                     ; onto stack
0021D8  1               ; now push sign, round FAC1 and put on stack
0021D8  1  20 E7 21             JSR     LAB_1B5B        ; function will return here, then the next RTS will call
0021DB  1               ; the function
0021DB  1  A5 9B                LDA     comp_f          ; get compare function flag
0021DD  1  48                   PHA                     ; push compare evaluation byte
0021DE  1  B9 4B 09             LDA     LAB_OPPT,Y      ; get precedence byte
0021E1  1  4C 59 21             JMP     LAB_1ACC        ; continue evaluating expression
0021E4  1               
0021E4  1               LAB_1B53:
0021E4  1  4C 71 22             JMP     LAB_SNER        ; do syntax error then warm start
0021E7  1               
0021E7  1               ; push sign, round FAC1 and put on stack
0021E7  1               
0021E7  1               LAB_1B5B:
0021E7  1  68                   PLA                     ; get return addr low byte
0021E8  1  85 71                STA     ut1_pl          ; save it
0021EA  1  E6 71                INC     ut1_pl          ; increment it (was ret-1 pushed? yes!)
0021EC  1               ; note! no check is made on the high byte! if the calling
0021EC  1               ; routine assembles to a page edge then this all goes
0021EC  1               ; horribly wrong !!!
0021EC  1  68                   PLA                     ; get return addr high byte
0021ED  1  85 72                STA     ut1_ph          ; save it
0021EF  1  A5 B0                LDA     FAC1_s          ; get FAC1 sign (b7)
0021F1  1  48                   PHA                     ; push sign
0021F2  1               
0021F2  1               ; round FAC1 and put on stack
0021F2  1               
0021F2  1               LAB_1B66:
0021F2  1  20 53 2F             JSR     LAB_27BA        ; round FAC1
0021F5  1  A5 AF                LDA     FAC1_3          ; get FAC1 mantissa3
0021F7  1  48                   PHA                     ; push on stack
0021F8  1  A5 AE                LDA     FAC1_2          ; get FAC1 mantissa2
0021FA  1  48                   PHA                     ; push on stack
0021FB  1  A5 AD                LDA     FAC1_1          ; get FAC1 mantissa1
0021FD  1  48                   PHA                     ; push on stack
0021FE  1  A5 AC                LDA     FAC1_e          ; get FAC1 exponent
002200  1  48                   PHA                     ; push on stack
002201  1  6C 71 00             JMP     (ut1_pl)        ; return, sort of
002204  1               
002204  1               
002204  1               ; do functions
002204  1               
002204  1               LAB_1B78:
002204  1  A0 FF                LDY     #$FF            ; flag function
002206  1  68                   PLA                     ; pull precedence byte
002207  1               LAB_1B7B:
002207  1  F0 20                BEQ     LAB_1B9D        ; exit if done
002209  1               
002209  1               LAB_1B7D:
002209  1  C9 64                CMP     #$64            ; compare previous precedence with $64
00220B  1  F0 03                BEQ     LAB_1B84        ; branch if was $64 (< function)
00220D  1               
00220D  1  20 3E 21             JSR     LAB_CTNM        ; check if source is numeric, else do type mismatch
002210  1               LAB_1B84:
002210  1  84 99                STY     prstk           ; save precedence stacked flag
002212  1               
002212  1               ; pop FAC2 and return
002212  1               LAB_1B86:
002212  1  68                   PLA                     ; pop byte
002213  1  4A                   LSR     A               ; shift out comparison evaluation lowest bit
002214  1  85 63                STA     Cflag           ; save comparison evaluation flag
002216  1  68                   PLA                     ; pop exponent
002217  1  85 B3                STA     FAC2_e          ; save FAC2 exponent
002219  1  68                   PLA                     ; pop mantissa1
00221A  1  85 B4                STA     FAC2_1          ; save FAC2 mantissa1
00221C  1  68                   PLA                     ; pop mantissa2
00221D  1  85 B5                STA     FAC2_2          ; save FAC2 mantissa2
00221F  1  68                   PLA                     ; pop mantissa3
002220  1  85 B6                STA     FAC2_3          ; save FAC2 mantissa3
002222  1  68                   PLA                     ; pop sign
002223  1  85 B7                STA     FAC2_s          ; save FAC2 sign (b7)
002225  1  45 B0                EOR     FAC1_s          ; EOR FAC1 sign (b7)
002227  1  85 B8                STA     FAC_sc          ; save sign compare (FAC1 EOR FAC2)
002229  1               LAB_1B9D:
002229  1  A5 AC                LDA     FAC1_e          ; get FAC1 exponent
00222B  1  60                   RTS
00222C  1               
00222C  1               ; print "..." string to string util area
00222C  1               
00222C  1               LAB_1BC1:
00222C  1  A5 C3                LDA     Bpntrl          ; get BASIC execute pointer low byte
00222E  1  A4 C4                LDY     Bpntrh          ; get BASIC execute pointer high byte
002230  1  69 00                ADC     #$00            ; add carry to low byte
002232  1  90 01                BCC     LAB_1BCA        ; branch if no overflow
002234  1               
002234  1  C8                   INY                     ; increment high byte
002235  1               LAB_1BCA:
002235  1  20 B4 27             JSR     LAB_20AE        ; print " terminated string to Sutill/Sutilh
002238  1  4C 42 2B             JMP     LAB_23F3        ; restore BASIC execute pointer from temp and return
00223B  1               
00223B  1               ; get value from line
00223B  1               
00223B  1               LAB_GVAL:
00223B  1                       .IFDEF  DUODYNE
00223B  1                       JSL     LAB_IGBY        ; increment and scan memory
00223B  1                       .ELSE
00223B  1  20 BC 00             JSR     LAB_IGBY        ; increment and scan memory
00223E  1                       .ENDIF
00223E  1               
00223E  1  B0 03                BCS     LAB_1BAC        ; branch if not numeric character
002240  1               
002240  1               ; else numeric string found (e.g. 123)
002240  1               LAB_1BA9:
002240  1  4C 20 30             JMP     LAB_2887        ; get FAC1 from string and return
002243  1               
002243  1               ; get value from line .. continued
002243  1               
002243  1               ; wasn't a number so ..
002243  1               LAB_1BAC:
002243  1  AA                   TAX                     ; set the flags
002244  1  30 30                BMI     LAB_1BD0        ; if -ve go test token values
002246  1               
002246  1               ; else it is either a string, number, variable or (<expr>)
002246  1  C9 24                CMP     #'$'            ; compare with "$"
002248  1  F0 F6                BEQ     LAB_1BA9        ; branch if "$", hex number
00224A  1               
00224A  1  C9 25                CMP     #'%'            ; else compare with "%"
00224C  1  F0 F2                BEQ     LAB_1BA9        ; branch if "%", binary number
00224E  1               
00224E  1  C9 2E                CMP     #'.'            ; compare with "."
002250  1  F0 EE                BEQ     LAB_1BA9        ; if so get FAC1 from string and return (e.g. was .123)
002252  1               
002252  1               ; it wasn't any sort of number so ..
002252  1  C9 22                CMP     #$22            ; compare with "
002254  1  F0 D6                BEQ     LAB_1BC1        ; branch if open quote
002256  1               
002256  1               ; wasn't any sort of number so ..
002256  1               
002256  1               ; evaluate expression within parentheses
002256  1               
002256  1  C9 28                CMP     #'('            ; compare with "("
002258  1  D0 50                BNE     LAB_1C18        ; if not "(" get (var), return value in FAC1 and $ flag
00225A  1               
00225A  1               LAB_1BF7:
00225A  1  20 57 21             JSR     LAB_EVEZ        ; evaluate expression, no decrement
00225D  1               
00225D  1               ; all the 'scan for' routines return the character after the sought character
00225D  1               
00225D  1               ; scan for ")" , else do syntax error then warm start
00225D  1               
00225D  1               LAB_1BFB:
00225D  1  A9 29                LDA     #$29            ; load A with ")"
00225F  1               
00225F  1               ; scan for CHR$(A) , else do syntax error then warm start
00225F  1               
00225F  1               LAB_SCCA:
00225F  1  A0 00                LDY     #$00            ; clear index
002261  1  D1 C3                CMP     (Bpntrl),Y      ; check next byte is = A
002263  1  D0 0C                BNE     LAB_SNER        ; if not do syntax error then warm start
002265  1                       .IFDEF  DUODYNE
002265  1                       JSL     LAB_IGBY        ; increment and scan memory
002265  1                       .ELSE
002265  1  20 BC 00             JSR     LAB_IGBY        ; increment and scan memory
002268  1                       .ENDIF
002268  1  60                   RTS
002269  1               ; scan for "(" , else do syntax error then warm start
002269  1               
002269  1               LAB_1BFE:
002269  1  A9 28                LDA     #$28            ; load A with "("
00226B  1  D0 F2                BNE     LAB_SCCA        ; scan for CHR$(A), else do syntax error then warm start
00226D  1               ; (branch always)
00226D  1               
00226D  1               ; scan for "," , else do syntax error then warm start
00226D  1               
00226D  1               LAB_1C01:
00226D  1  A9 2C                LDA     #$2C            ; load A with ","
00226F  1  D0 EE                BNE     LAB_SCCA        ; scan for CHR$(A), else do syntax error then warm start
002271  1               ; (branch always)
002271  1               
002271  1               ; syntax error then warm start
002271  1               
002271  1               LAB_SNER:
002271  1  A2 02                LDX     #$02            ; error code $02 ("Syntax" error)
002273  1  4C BE 17             JMP     LAB_XERR        ; do error #X, then warm start
002276  1               
002276  1               ; get value from line .. continued
002276  1               ; do tokens
002276  1               
002276  1               LAB_1BD0:
002276  1  C9 C4                CMP     #TK_MINUS       ; compare with token for -
002278  1  F0 29                BEQ     LAB_1C11        ; branch if - token (do set-up for functions)
00227A  1               
00227A  1               ; wasn't -n so ..
00227A  1  C9 C3                CMP     #TK_PLUS        ; compare with token for +
00227C  1  F0 BD                BEQ     LAB_GVAL        ; branch if + token (+n = n so ignore leading +)
00227E  1               
00227E  1  C9 BE                CMP     #TK_NOT         ; compare with token for NOT
002280  1  D0 13                BNE     LAB_1BE7        ; branch if not token for NOT
002282  1               
002282  1               ; was NOT token
002282  1               TK_EQUAL_PLUS   = TK_EQUAL-TK_PLUS
002282  1  A0 21                LDY     #TK_EQUAL_PLUS*3; offset to NOT function
002284  1  D0 1F                BNE     LAB_1C13        ; do set-up for function then execute (branch always)
002286  1               
002286  1               ; do = compare
002286  1               
002286  1               LAB_EQUAL:
002286  1  20 16 25             JSR     LAB_EVIR        ; evaluate integer expression (no sign check)
002289  1  A5 AF                LDA     FAC1_3          ; get FAC1 mantissa3
00228B  1  49 FF                EOR     #$FF            ; invert it
00228D  1  A8                   TAY                     ; copy it
00228E  1  A5 AE                LDA     FAC1_2          ; get FAC1 mantissa2
002290  1  49 FF                EOR     #$FF            ; invert it
002292  1  4C C9 26             JMP     LAB_AYFC        ; save and convert integer AY to FAC1 and return
002295  1               
002295  1               ; get value from line .. continued
002295  1               
002295  1               ; wasn't +, -, or NOT so ..
002295  1               LAB_1BE7:
002295  1  C9 BB                CMP     #TK_FN          ; compare with token for FN
002297  1  D0 03                BNE     LAB_1BEE        ; branch if not token for FN
002299  1               
002299  1  4C 24 27             JMP     LAB_201E        ; go evaluate FNx
00229C  1               
00229C  1               ; get value from line .. continued
00229C  1               
00229C  1               ; wasn't +, -, NOT or FN so ..
00229C  1               LAB_1BEE:
00229C  1  E9 D0                SBC     #TK_SGN         ; subtract with token for SGN
00229E  1  B0 19                BCS     LAB_1C27        ; if a function token go do it
0022A0  1               
0022A0  1  4C 71 22             JMP     LAB_SNER        ; else do syntax error
0022A3  1               
0022A3  1               ; set-up for functions
0022A3  1               
0022A3  1               LAB_1C11:
0022A3  1               TK_GT_PLUS      = TK_GT-TK_PLUS
0022A3  1  A0 1E                LDY     #TK_GT_PLUS*3   ; set offset from base to > operator
0022A5  1               LAB_1C13:
0022A5  1  68                   PLA                     ; dump return address low byte
0022A6  1  68                   PLA                     ; dump return address high byte
0022A7  1  4C A8 21             JMP     LAB_1B1D        ; execute function then continue evaluation
0022AA  1               
0022AA  1               ; variable name set-up
0022AA  1               ; get (var), return value in FAC_1 and $ flag
0022AA  1               
0022AA  1               LAB_1C18:
0022AA  1  20 1A 24             JSR     LAB_GVAR        ; get (var) address
0022AD  1  85 AE                STA     FAC1_2          ; save address low byte in FAC1 mantissa2
0022AF  1  84 AF                STY     FAC1_3          ; save address high byte in FAC1 mantissa3
0022B1  1  A6 5F                LDX     Dtypef          ; get data type flag, $FF=string, $00=numeric
0022B3  1  30 03                BMI     LAB_1C25        ; if string then return (does RTS)
0022B5  1               
0022B5  1               LAB_1C24:
0022B5  1  4C F7 2E             JMP     LAB_UFAC        ; unpack memory (AY) into FAC1
0022B8  1               
0022B8  1               LAB_1C25:
0022B8  1  60                   RTS
0022B9  1               
0022B9  1               ; get value from line .. continued
0022B9  1               ; only functions left so ..
0022B9  1               
0022B9  1               ; set up function references
0022B9  1               
0022B9  1               ; new for V2.0+ this replaces a lot of IF .. THEN .. ELSEIF .. THEN .. that was needed
0022B9  1               ; to process function calls. now the function vector is computed and pushed on the stack
0022B9  1               ; and the preprocess offset is read. if the preprocess offset is non zero then the vector
0022B9  1               ; is calculated and the routine called, if not this routine just does RTS. whichever
0022B9  1               ; happens the RTS at the end of this routine, or the end of the preprocess routine, calls
0022B9  1               ; the function code
0022B9  1               
0022B9  1               ; this also removes some less than elegant code that was used to bypass type checking
0022B9  1               ; for functions that returned strings
0022B9  1               
0022B9  1               LAB_1C27:
0022B9  1  0A                   ASL     A               ; *2 (2 bytes per function address)
0022BA  1  A8                   TAY                     ; copy to index
0022BB  1               
0022BB  1  B9 FA 08             LDA     LAB_FTBM,Y      ; get function jump vector high byte
0022BE  1  48                   PHA                     ; push functions jump vector high byte
0022BF  1  B9 F9 08             LDA     LAB_FTBL,Y      ; get function jump vector low byte
0022C2  1  48                   PHA                     ; push functions jump vector low byte
0022C3  1               
0022C3  1  B9 A8 08             LDA     LAB_FTPM,Y      ; get function pre process vector high byte
0022C6  1  F0 05                BEQ     LAB_1C56        ; skip pre process if null vector
0022C8  1               
0022C8  1  48                   PHA                     ; push functions pre process vector high byte
0022C9  1  B9 A7 08             LDA     LAB_FTPL,Y      ; get function pre process vector low byte
0022CC  1  48                   PHA                     ; push functions pre process vector low byte
0022CD  1               
0022CD  1               LAB_1C56:
0022CD  1  60                   RTS                     ; do function, or pre process, call
0022CE  1               
0022CE  1               ; process string expression in parenthesis
0022CE  1               
0022CE  1               LAB_PPFS:
0022CE  1  20 5A 22             JSR     LAB_1BF7        ; process expression in parenthesis
0022D1  1  4C 40 21             JMP     LAB_CTST        ; check if source is string then do function,
0022D4  1               ; else do type mismatch
0022D4  1               
0022D4  1               ; process numeric expression in parenthesis
0022D4  1               
0022D4  1               LAB_PPFN:
0022D4  1  20 5A 22             JSR     LAB_1BF7        ; process expression in parenthesis
0022D7  1  4C 3E 21             JMP     LAB_CTNM        ; check if source is numeric then do function,
0022DA  1               ; else do type mismatch
0022DA  1               
0022DA  1               ; set numeric data type and increment BASIC execute pointer
0022DA  1               
0022DA  1               LAB_PPBI:
0022DA  1  46 5F                LSR     Dtypef          ; clear data type flag, $FF=string, $00=numeric
0022DC  1                       .IFDEF  DUODYNE
0022DC  1                       JSL     LAB_IGBY        ; increment and scan memory
0022DC  1                       .ELSE
0022DC  1  20 BC 00             JSR     LAB_IGBY        ; increment and scan memory
0022DF  1                       .ENDIF
0022DF  1  60                   RTS
0022E0  1               
0022E0  1               ; process string for LEFT$, RIGHT$ or MID$
0022E0  1               
0022E0  1               LAB_LRMS:
0022E0  1  20 57 21             JSR     LAB_EVEZ        ; evaluate (should be string) expression
0022E3  1  20 6D 22             JSR     LAB_1C01        ; scan for ",", else do syntax error then warm start
0022E6  1  20 40 21             JSR     LAB_CTST        ; check if source is string, else do type mismatch
0022E9  1               
0022E9  1  68                   PLA                     ; get function jump vector low byte
0022EA  1  AA                   TAX                     ; save functions jump vector low byte
0022EB  1  68                   PLA                     ; get function jump vector high byte
0022EC  1  A8                   TAY                     ; save functions jump vector high byte
0022ED  1  A5 AF                LDA     des_ph          ; get descriptor pointer high byte
0022EF  1  48                   PHA                     ; push string pointer high byte
0022F0  1  A5 AE                LDA     des_pl          ; get descriptor pointer low byte
0022F2  1  48                   PHA                     ; push string pointer low byte
0022F3  1  98                   TYA                     ; get function jump vector high byte back
0022F4  1  48                   PHA                     ; save functions jump vector high byte
0022F5  1  8A                   TXA                     ; get function jump vector low byte back
0022F6  1  48                   PHA                     ; save functions jump vector low byte
0022F7  1  20 FE 2A             JSR     LAB_GTBY        ; get byte parameter
0022FA  1  8A                   TXA                     ; copy byte parameter to A
0022FB  1  60                   RTS                     ; go do function
0022FC  1               
0022FC  1               ; process numeric expression(s) for BIN$ or HEX$
0022FC  1               
0022FC  1               LAB_BHSS:
0022FC  1  20 57 21             JSR     LAB_EVEZ        ; process expression
0022FF  1  20 3E 21             JSR     LAB_CTNM        ; check if source is numeric, else do type mismatch
002302  1  A5 AC                LDA     FAC1_e          ; get FAC1 exponent
002304  1  C9 98                CMP     #$98            ; compare with exponent = 2^24
002306  1  B0 20                BCS     LAB_BHER        ; branch if n>=2^24 (is too big)
002308  1               
002308  1  20 CA 2F             JSR     LAB_2831        ; convert FAC1 floating-to-fixed
00230B  1  A2 02                LDX     #$02            ; 3 bytes to do
00230D  1               LAB_CFAC:
00230D  1  B5 AD                LDA     FAC1_1,X        ; get byte from FAC1
00230F  1  95 11                STA     nums_1,X        ; save byte to temp
002311  1  CA                   DEX                     ; decrement index
002312  1  10 F9                BPL     LAB_CFAC        ; copy FAC1 mantissa to temp
002314  1               
002314  1                       .IFDEF  DUODYNE
002314  1                       JSL     LAB_GBYT        ; scan memory
002314  1                       .ELSE
002314  1  20 C2 00             JSR     LAB_GBYT        ; scan memory
002317  1                       .ENDIF
002317  1               
002317  1  A2 00                LDX     #$00            ; set default to no leading "0"s
002319  1  C9 29                CMP     #')'            ; compare with close bracket
00231B  1  F0 0A                BEQ     LAB_1C54        ; if ")" go do rest of function
00231D  1               
00231D  1  20 51 2B             JSR     LAB_SCGB        ; scan for "," and get byte
002320  1                       .IFDEF  DUODYNE
002320  1                       JSL     LAB_GBYT        ; scan memory
002320  1                       .ELSE
002320  1  20 C2 00             JSR     LAB_GBYT        ; scan memory
002323  1                       .ENDIF
002323  1               
002323  1  C9 29                CMP     #')'            ; is next character )
002325  1  D0 01                BNE     LAB_BHER        ; if not ")" go do error
002327  1               
002327  1               LAB_1C54:
002327  1  60                   RTS                     ; else do function
002328  1               
002328  1               LAB_BHER:
002328  1  4C 99 25             JMP     LAB_FCER        ; do function call error then warm start
00232B  1               
00232B  1               ; perform EOR
00232B  1               
00232B  1               ; added operator format is the same as AND or OR, precedence is the same as OR
00232B  1               
00232B  1               ; this bit worked first time but it took a while to sort out the operator table
00232B  1               ; pointers and offsets afterwards!
00232B  1               
00232B  1               LAB_EOR:
00232B  1  20 52 23             JSR     GetFirst        ; get first integer expression (no sign check)
00232E  1  45 5B                EOR     XOAw_l          ; EOR with expression 1 low byte
002330  1  A8                   TAY                     ; save in Y
002331  1  A5 AE                LDA     FAC1_2          ; get FAC1 mantissa2
002333  1  45 5C                EOR     XOAw_h          ; EOR with expression 1 high byte
002335  1  4C C9 26             JMP     LAB_AYFC        ; save and convert integer AY to FAC1 and return
002338  1               
002338  1               ; perform OR
002338  1               
002338  1               LAB_OR:
002338  1  20 52 23             JSR     GetFirst        ; get first integer expression (no sign check)
00233B  1  05 5B                ORA     XOAw_l          ; OR with expression 1 low byte
00233D  1  A8                   TAY                     ; save in Y
00233E  1  A5 AE                LDA     FAC1_2          ; get FAC1 mantissa2
002340  1  05 5C                ORA     XOAw_h          ; OR with expression 1 high byte
002342  1  4C C9 26             JMP     LAB_AYFC        ; save and convert integer AY to FAC1 and return
002345  1               
002345  1               ; perform AND
002345  1               
002345  1               LAB_AND:
002345  1  20 52 23             JSR     GetFirst        ; get first integer expression (no sign check)
002348  1  25 5B                AND     XOAw_l          ; AND with expression 1 low byte
00234A  1  A8                   TAY                     ; save in Y
00234B  1  A5 AE                LDA     FAC1_2          ; get FAC1 mantissa2
00234D  1  25 5C                AND     XOAw_h          ; AND with expression 1 high byte
00234F  1  4C C9 26             JMP     LAB_AYFC        ; save and convert integer AY to FAC1 and return
002352  1               
002352  1               ; get first value for OR, AND or EOR
002352  1               
002352  1               GetFirst:
002352  1  20 16 25             JSR     LAB_EVIR        ; evaluate integer expression (no sign check)
002355  1  A5 AE                LDA     FAC1_2          ; get FAC1 mantissa2
002357  1  85 5C                STA     XOAw_h          ; save it
002359  1  A5 AF                LDA     FAC1_3          ; get FAC1 mantissa3
00235B  1  85 5B                STA     XOAw_l          ; save it
00235D  1  20 3D 2C             JSR     LAB_279B        ; copy FAC2 to FAC1 (get 2nd value in expression)
002360  1  20 16 25             JSR     LAB_EVIR        ; evaluate integer expression (no sign check)
002363  1  A5 AF                LDA     FAC1_3          ; get FAC1 mantissa3
002365  1               LAB_1C95:
002365  1  60                   RTS
002366  1               
002366  1               ; perform comparisons
002366  1               
002366  1               ; do < compare
002366  1               
002366  1               LAB_LTHAN:
002366  1  20 41 21             JSR     LAB_CKTM        ; type match check, set C for string
002369  1  B0 13                BCS     LAB_1CAE        ; branch if string
00236B  1               
00236B  1               ; do numeric < compare
00236B  1  A5 B7                LDA     FAC2_s          ; get FAC2 sign (b7)
00236D  1  09 7F                ORA     #$7F            ; set all non sign bits
00236F  1  25 B4                AND     FAC2_1          ; and FAC2 mantissa1 (AND in sign bit)
002371  1  85 B4                STA     FAC2_1          ; save FAC2 mantissa1
002373  1  A9 B3                LDA     #<FAC2_e        ; set pointer low byte to FAC2
002375  1  A0 00                LDY     #>FAC2_e        ; set pointer high byte to FAC2
002377  1  20 91 2F             JSR     LAB_27F8        ; compare FAC1 with FAC2 (AY)
00237A  1  AA                   TAX                     ; copy result
00237B  1  4C AF 23             JMP     LAB_1CE1        ; go evaluate result
00237E  1               
00237E  1               ; do string < compare
00237E  1               LAB_1CAE:
00237E  1  46 5F                LSR     Dtypef          ; clear data type flag, $FF=string, $00=numeric
002380  1  C6 9B                DEC     comp_f          ; clear < bit in compare function flag
002382  1  20 B0 29             JSR     LAB_22B6        ; pop string off descriptor stack, or from top of string
002385  1               ; space returns with A = length, X=pointer low byte,
002385  1               ; Y=pointer high byte
002385  1  85 AC                STA     str_ln          ; save length
002387  1  86 AD                STX     str_pl          ; save string pointer low byte
002389  1  84 AE                STY     str_ph          ; save string pointer high byte
00238B  1  A5 B5                LDA     FAC2_2          ; get descriptor pointer low byte
00238D  1  A4 B6                LDY     FAC2_3          ; get descriptor pointer high byte
00238F  1  20 B4 29             JSR     LAB_22BA        ; pop (YA) descriptor off stack or from top of string space
002392  1               ; returns with A = length, X=pointer low byte,
002392  1               ; Y=pointer high byte
002392  1  86 B5                STX     FAC2_2          ; save string pointer low byte
002394  1  84 B6                STY     FAC2_3          ; save string pointer high byte
002396  1  AA                   TAX                     ; copy length
002397  1  38                   SEC                     ; set carry for subtract
002398  1  E5 AC                SBC     str_ln          ; subtract string 1 length
00239A  1  F0 08                BEQ     LAB_1CD6        ; branch if str 1 length = string 2 length
00239C  1               
00239C  1  A9 01                LDA     #$01            ; set str 1 length > string 2 length
00239E  1  90 04                BCC     LAB_1CD6        ; branch if so
0023A0  1               
0023A0  1  A6 AC                LDX     str_ln          ; get string 1 length
0023A2  1  A9 FF                LDA     #$FF            ; set str 1 length < string 2 length
0023A4  1               LAB_1CD6:
0023A4  1  85 B0                STA     FAC1_s          ; save length compare
0023A6  1  A0 FF                LDY     #$FF            ; set index
0023A8  1  E8                   INX                     ; adjust for loop
0023A9  1               LAB_1CDB:
0023A9  1  C8                   INY                     ; increment index
0023AA  1  CA                   DEX                     ; decrement count
0023AB  1  D0 07                BNE     LAB_1CE6        ; branch if still bytes to do
0023AD  1               
0023AD  1  A6 B0                LDX     FAC1_s          ; get length compare back
0023AF  1               LAB_1CE1:
0023AF  1  30 0F                BMI     LAB_1CF2        ; branch if str 1 < str 2
0023B1  1               
0023B1  1  18                   CLC                     ; flag str 1 <= str 2
0023B2  1  90 0C                BCC     LAB_1CF2        ; go evaluate result
0023B4  1               
0023B4  1               LAB_1CE6:
0023B4  1  B1 B5                LDAINDIRECTY FAC2_2     ; get string 2 byte
0023B6  1  D1 AD                CMPINDIRECTY FAC1_1     ; compare with string 1 byte
0023B8  1  F0 EF                BEQ     LAB_1CDB        ; loop if bytes =
0023BA  1               
0023BA  1  A2 FF                LDX     #$FF            ; set str 1 < string 2
0023BC  1  B0 02                BCS     LAB_1CF2        ; branch if so
0023BE  1               
0023BE  1  A2 01                LDX     #$01            ;  set str 1 > string 2
0023C0  1               LAB_1CF2:
0023C0  1  E8                   INX                     ; x = 0, 1 or 2
0023C1  1  8A                   TXA                     ; copy to A
0023C2  1  2A                   ROL     A               ; *2 (1, 2 or 4)
0023C3  1  25 63                AND     Cflag           ; AND with comparison evaluation flag
0023C5  1  F0 02                BEQ     LAB_1CFB        ; branch if 0 (compare is false)
0023C7  1               
0023C7  1  A9 FF                LDA     #$FF            ; else set result true
0023C9  1               LAB_1CFB:
0023C9  1  4C 74 2F             JMP     LAB_27DB        ; save A as integer byte and return
0023CC  1               
0023CC  1               LAB_1CFE:
0023CC  1  20 6D 22             JSR     LAB_1C01        ; scan for ",", else do syntax error then warm start
0023CF  1               
0023CF  1               ; perform DIM
0023CF  1               
0023CF  1               LAB_DIM:
0023CF  1  AA                   TAX                     ; copy "DIM" flag to X
0023D0  1  20 1F 24             JSR     LAB_1D10        ; search for variable
0023D3  1                       .IFDEF  DUODYNE
0023D3  1                       JSL     LAB_GBYT        ; scan memory
0023D3  1                       .ELSE
0023D3  1  20 C2 00             JSR     LAB_GBYT        ; scan memory
0023D6  1                       .ENDIF
0023D6  1               
0023D6  1  D0 F4                BNE     LAB_1CFE        ; scan for "," and loop if not null
0023D8  1               
0023D8  1  60                   RTS
0023D9  1               
0023D9  1               ; perform << (left shift)
0023D9  1               
0023D9  1               LAB_LSHIFT:
0023D9  1  20 0F 24             JSR     GetPair         ; get integer expression and byte (no sign check)
0023DC  1  A5 AE                LDA     FAC1_2          ; get expression high byte
0023DE  1  A6 78                LDX     TempB           ; get shift count
0023E0  1  F0 22                BEQ     NoShift         ; branch if zero
0023E2  1               
0023E2  1  E0 10                CPX     #$10            ; compare bit count with 16d
0023E4  1  B0 23                BCS     TooBig          ; branch if >=
0023E6  1               
0023E6  1               Ls_loop:
0023E6  1  06 AF                ASL     FAC1_3          ; shift low byte
0023E8  1  2A                   ROL     A               ; shift high byte
0023E9  1  CA                   DEX                     ; decrement bit count
0023EA  1  D0 FA                BNE     Ls_loop         ; loop if shift not complete
0023EC  1               
0023EC  1  A4 AF                LDY     FAC1_3          ; get expression low byte
0023EE  1  4C C9 26             JMP     LAB_AYFC        ; save and convert integer AY to FAC1 and return
0023F1  1               
0023F1  1               ; perform >> (right shift)
0023F1  1               
0023F1  1               LAB_RSHIFT:
0023F1  1  20 0F 24             JSR     GetPair         ; get integer expression and byte (no sign check)
0023F4  1  A5 AE                LDA     FAC1_2          ; get expression high byte
0023F6  1  A6 78                LDX     TempB           ; get shift count
0023F8  1  F0 0A                BEQ     NoShift         ; branch if zero
0023FA  1               
0023FA  1  E0 10                CPX     #$10            ; compare bit count with 16d
0023FC  1  B0 0B                BCS     TooBig          ; branch if >=
0023FE  1               
0023FE  1               Rs_loop:
0023FE  1  4A                   LSR     A               ; shift high byte
0023FF  1  66 AF                ROR     FAC1_3          ; shift low byte
002401  1  CA                   DEX                     ; decrement bit count
002402  1  D0 FA                BNE     Rs_loop         ; loop if shift not complete
002404  1               
002404  1               NoShift:
002404  1  A4 AF                LDY     FAC1_3          ; get expression low byte
002406  1  4C C9 26             JMP     LAB_AYFC        ; save and convert integer AY to FAC1 and return
002409  1               
002409  1               TooBig:
002409  1  A9 00                LDA     #$00            ; clear high byte
00240B  1  A8                   TAY                     ; copy to low byte
00240C  1  4C C9 26             JMP     LAB_AYFC        ; save and convert integer AY to FAC1 and return
00240F  1               
00240F  1               GetPair:
00240F  1  20 01 2B             JSR     LAB_EVBY        ; evaluate byte expression, result in X
002412  1  86 78                STX     TempB           ; save it
002414  1  20 3D 2C             JSR     LAB_279B        ; copy FAC2 to FAC1 (get 2nd value in expression)
002417  1  4C 16 25             JMP     LAB_EVIR        ; evaluate integer expression (no sign check)
00241A  1               
00241A  1               ; search for variable
00241A  1               
00241A  1               ; return pointer to variable in Cvaral/Cvarah
00241A  1               
00241A  1               LAB_GVAR:
00241A  1  A2 00                LDX     #$00            ; set DIM flag = $00
00241C  1                       .IFDEF  DUODYNE
00241C  1                       JSL     LAB_GBYT        ; scan memory
00241C  1                       .ELSE
00241C  1  20 C2 00             JSR     LAB_GBYT        ; scan memory
00241F  1                       .ENDIF
00241F  1               
00241F  1               LAB_1D10:
00241F  1  86 5E                STX     Defdim          ; save DIM flag
002421  1               LAB_1D12:
002421  1  85 93                STA     Varnm1          ; save 1st character
002423  1  29 7F                AND     #$7F            ; clear FN flag bit
002425  1  20 8E 24             JSR     LAB_CASC        ; check byte, return C=0 if<"A" or >"Z"
002428  1  B0 03                BCS     LAB_1D1F        ; branch if ok
00242A  1               
00242A  1  4C 71 22             JMP     LAB_SNER        ; else syntax error then warm start
00242D  1               
00242D  1               ; was variable name so ..
00242D  1               LAB_1D1F:
00242D  1  A2 00                LDX     #$00            ; clear 2nd character temp
00242F  1  86 5F                STX     Dtypef          ; clear data type flag, $FF=string, $00=numeric
002431  1                       .IFDEF  DUODYNE
002431  1                       JSL     LAB_IGBY        ; increment and scan memory
002431  1                       .ELSE
002431  1  20 BC 00             JSR     LAB_IGBY        ; increment and scan memory
002434  1                       .ENDIF
002434  1               
002434  1  90 05                BCC     LAB_1D2D        ; branch if character = "0"-"9" (ok)
002436  1               
002436  1               ; 2nd character wasn't "0" to "9" so ..
002436  1  20 8E 24             JSR     LAB_CASC        ; check byte, return C=0 if<"A" or >"Z"
002439  1  90 0B                BCC     LAB_1D38        ; branch if <"A" or >"Z" (go check if string)
00243B  1               
00243B  1               LAB_1D2D:
00243B  1  AA                   TAX                     ; copy 2nd character
00243C  1               
00243C  1               ; ignore further (valid) characters in the variable name
00243C  1               LAB_1D2E:
00243C  1                       .IFDEF  DUODYNE
00243C  1                       JSL     LAB_IGBY        ; increment and scan memory
00243C  1                       .ELSE
00243C  1  20 BC 00             JSR     LAB_IGBY        ; increment and scan memory
00243F  1                       .ENDIF
00243F  1               
00243F  1  90 FB                BCC     LAB_1D2E        ; loop if character = "0"-"9" (ignore)
002441  1               
002441  1  20 8E 24             JSR     LAB_CASC        ; check byte, return C=0 if<"A" or >"Z"
002444  1  B0 F6                BCS     LAB_1D2E        ; loop if character = "A"-"Z" (ignore)
002446  1               
002446  1               ; check if string variable
002446  1               LAB_1D38:
002446  1  C9 24                CMP     #'$'            ; compare with "$"
002448  1  D0 0B                BNE     LAB_1D47        ; branch if not string
00244A  1               
00244A  1               ; to introduce a new variable type (% suffix for integers say) then this branch
00244A  1               ; will need to go to that check and then that branch, if it fails, go to LAB_1D47
00244A  1               
00244A  1               ; type is string
00244A  1  A9 FF                LDA     #$FF            ; set data type = string
00244C  1  85 5F                STA     Dtypef          ; set data type flag, $FF=string, $00=numeric
00244E  1  8A                   TXA                     ; get 2nd character back
00244F  1  09 80                ORA     #$80            ; set top bit (indicate string var)
002451  1  AA                   TAX                     ; copy back to 2nd character temp
002452  1                       .IFDEF  DUODYNE
002452  1                       JSL     LAB_IGBY        ; increment and scan memory
002452  1                       .ELSE
002452  1  20 BC 00             JSR     LAB_IGBY        ; increment and scan memory
002455  1                       .ENDIF
002455  1               
002455  1               
002455  1               ; after we have determined the variable type we need to come back here to determine
002455  1               ; if it's an array of type. this would plug in a%(b[,c[,d]])) integer arrays nicely
002455  1               
002455  1               
002455  1               LAB_1D47:                       ; gets here with character after var name in A
002455  1  86 94                STX     Varnm2          ; save 2nd character
002457  1  05 61                ORA     Sufnxf          ; or with subscript/FNX flag (or FN name)
002459  1  C9 28                CMP     #'('            ; compare with "("
00245B  1  D0 03                BNE     LAB_1D53        ; branch if not "("
00245D  1               
00245D  1  4C 28 25             JMP     LAB_1E17        ; go find, or make, array
002460  1               
002460  1               ; either find or create var
002460  1               ; var name (1st two characters only!) is in Varnm1,Varnm2
002460  1               
002460  1               ; variable name wasn't var(... so look for plain var
002460  1               LAB_1D53:
002460  1  A9 00                LDA     #$00            ; clear A
002462  1  85 61                STA     Sufnxf          ; clear subscript/FNX flag
002464  1  A5 7B                LDA     Svarl           ; get start of vars low byte
002466  1  A6 7C                LDX     Svarh           ; get start of vars high byte
002468  1  A0 00                LDY     #$00            ; clear index
00246A  1               LAB_1D5D:
00246A  1  86 AB                STX     Vrschh          ; save search address high byte
00246C  1               LAB_1D5F:
00246C  1  85 AA                STA     Vrschl          ; save search address low byte
00246E  1  E4 7E                CPX     Sarryh          ; compare high address with var space end
002470  1  D0 04                BNE     LAB_1D69        ; skip next compare if <>
002472  1               
002472  1               ; high addresses were = so compare low addresses
002472  1  C5 7D                CMP     Sarryl          ; compare low address with var space end
002474  1  F0 2C                BEQ     LAB_1D8B        ; if not found go make new var
002476  1               
002476  1               LAB_1D69:
002476  1  A5 93                LDA     Varnm1          ; get 1st character of var to find
002478  1  D1 AA                CMP     (Vrschl),Y      ; compare with variable name 1st character
00247A  1  D0 08                BNE     LAB_1D77        ; branch if no match
00247C  1               
00247C  1               ; 1st characters match so compare 2nd characters
00247C  1  A5 94                LDA     Varnm2          ; get 2nd character of var to find
00247E  1  C8                   INY                     ; index to point to variable name 2nd character
00247F  1  D1 AA                CMP     (Vrschl),Y      ; compare with variable name 2nd character
002481  1  F0 69                LBEQ    LAB_1DD7        ; branch if match (found var)
002483  1               
002483  1  88                   DEY                     ; else decrement index (now = $00)
002484  1               LAB_1D77:
002484  1  18                   CLC                     ; clear carry for add
002485  1  A5 AA                LDA     Vrschl          ; get search address low byte
002487  1  69 06                ADC     #$06            ; +6 (offset to next var name)
002489  1  90 E1                BCC     LAB_1D5F        ; loop if no overflow to high byte
00248B  1               
00248B  1  E8                   INX                     ; else increment high byte
00248C  1  D0 DC                BNE     LAB_1D5D        ; loop always (RAM doesn't extend to $FFFF !)
00248E  1               
00248E  1               ; check byte, return C=0 if<"A" or >"Z" or "a" to "z"
00248E  1               
00248E  1               LAB_CASC:
00248E  1  C9 61                CMP     #'a'            ; compare with "a"
002490  1  B0 0A                BCS     LAB_1D83        ; go check <"z"+1
002492  1               
002492  1               ; check byte, return C=0 if<"A" or >"Z"
002492  1               
002492  1               LAB_1D82:
002492  1  C9 41                CMP     #'A'            ; compare with "A"
002494  1  90 05                BCC     LAB_1D8A        ; exit if less
002496  1               
002496  1               ; carry is set
002496  1  E9 5B                SBC     #$5B            ; subtract "Z"+1
002498  1  38                   SEC                     ; set carry
002499  1  E9 A5                SBC     #$A5            ; subtract $A5 (restore byte)
00249B  1               ; carry clear if byte>$5A
00249B  1               LAB_1D8A:
00249B  1  60                   RTS
00249C  1               
00249C  1               LAB_1D83:
00249C  1  E9 7B                SBC     #$7B            ; subtract "z"+1
00249E  1  38                   SEC                     ; set carry
00249F  1  E9 85                SBC     #$85            ; subtract $85 (restore byte)
0024A1  1               ; carry clear if byte>$7A
0024A1  1  60                   RTS
0024A2  1               
0024A2  1               ; reached end of variable mem without match
0024A2  1               ; .. so create new variable
0024A2  1               LAB_1D8B:
0024A2  1  68                   PLA                     ; pop return address low byte
0024A3  1  48                   PHA                     ; push return address low byte
0024A4  1               LAB_1C18p2      = LAB_1C18+2
0024A4  1  C9 AC                CMP     #<LAB_1C18p2    ; compare with expected calling routine return low byte
0024A6  1  D0 05                BNE     LAB_1D98        ; if not get (var) go create new var
0024A8  1               
0024A8  1               ; This will only drop through if the call was from LAB_1C18 and is only called
0024A8  1               ; from there if it is searching for a variable from the RHS of a LET a=b statement
0024A8  1               ; it prevents the creation of variables not assigned a value.
0024A8  1               
0024A8  1               ; value returned by this is either numeric zero (exponent byte is $00) or null string
0024A8  1               ; (descriptor length byte is $00). in fact a pointer to any $00 byte would have done.
0024A8  1               
0024A8  1               ; doing this saves 6 bytes of variable memory and 168 machine cycles of time
0024A8  1               
0024A8  1               ; this is where you would put the undefined variable error call e.g.
0024A8  1               
0024A8  1               ;					; variable doesn't exist so flag error
0024A8  1               ;	LDX	#$24			; error code $24 ("undefined variable" error)
0024A8  1               ;	JMP	LAB_XERR		; do error #X then warm start
0024A8  1               
0024A8  1               ; the above code has been tested and works a treat! (it replaces the three code lines
0024A8  1               ; below)
0024A8  1               
0024A8  1               ; else return dummy null value
0024A8  1  A9 55                LDA     #<LAB_1D96      ; low byte point to $00,$00
0024AA  1               ; (uses part of misc constants table)
0024AA  1  A0 10                LDY     #>LAB_1D96      ; high byte point to $00,$00
0024AC  1  60                   RTS
0024AD  1               
0024AD  1               ; create new numeric variable
0024AD  1               LAB_1D98:
0024AD  1  A5 7D                LDA     Sarryl          ; get var mem end low byte
0024AF  1  A4 7E                LDY     Sarryh          ; get var mem end high byte
0024B1  1  85 AA                STA     Ostrtl          ; save old block start low byte
0024B3  1  84 AB                STY     Ostrth          ; save old block start high byte
0024B5  1  A5 7F                LDA     Earryl          ; get array mem end low byte
0024B7  1  A4 80                LDY     Earryh          ; get array mem end high byte
0024B9  1  85 A6                STA     Obendl          ; save old block end low byte
0024BB  1  84 A7                STY     Obendh          ; save old block end high byte
0024BD  1  18                   CLC                     ; clear carry for add
0024BE  1  69 06                ADC     #$06            ; +6 (space for one var)
0024C0  1  90 01                BCC     LAB_1DAE        ; branch if no overflow to high byte
0024C2  1               
0024C2  1  C8                   INY                     ; else increment high byte
0024C3  1               LAB_1DAE:
0024C3  1  85 A4                STA     Nbendl          ; set new block end low byte
0024C5  1  84 A5                STY     Nbendh          ; set new block end high byte
0024C7  1  20 43 17             JSR     LAB_11CF        ; open up space in memory
0024CA  1  A5 A4                LDA     Nbendl          ; get new start low byte
0024CC  1  A4 A5                LDY     Nbendh          ; get new start high byte (-$100)
0024CE  1  C8                   INY                     ; correct high byte
0024CF  1  85 7D                STA     Sarryl          ; save new var mem end low byte
0024D1  1  84 7E                STY     Sarryh          ; save new var mem end high byte
0024D3  1  A0 00                LDY     #$00            ; clear index
0024D5  1  A5 93                LDA     Varnm1          ; get var name 1st character
0024D7  1  91 AA                STA     (Vrschl),Y      ; save var name 1st character
0024D9  1  C8                   INY                     ; increment index
0024DA  1  A5 94                LDA     Varnm2          ; get var name 2nd character
0024DC  1  91 AA                STA     (Vrschl),Y      ; save var name 2nd character
0024DE  1  A9 00                LDA     #$00            ; clear A
0024E0  1  C8                   INY                     ; increment index
0024E1  1  91 AA                STA     (Vrschl),Y      ; initialise var byte
0024E3  1  C8                   INY                     ; increment index
0024E4  1  91 AA                STA     (Vrschl),Y      ; initialise var byte
0024E6  1  C8                   INY                     ; increment index
0024E7  1  91 AA                STA     (Vrschl),Y      ; initialise var byte
0024E9  1  C8                   INY                     ; increment index
0024EA  1  91 AA                STA     (Vrschl),Y      ; initialise var byte
0024EC  1               
0024EC  1               ; found a match for var ((Vrschl) = ptr)
0024EC  1               LAB_1DD7
0024EC  1  A5 AA                LDA     Vrschl          ; get var address low byte
0024EE  1  18                   CLC                     ; clear carry for add
0024EF  1  69 02                ADC     #$02            ; +2 (offset past var name bytes)
0024F1  1  A4 AB                LDY     Vrschh          ; get var address high byte
0024F3  1  90 01                BCC     LAB_1DE1        ; branch if no overflow from add
0024F5  1               
0024F5  1  C8                   INY                     ; else increment high byte
0024F6  1               LAB_1DE1
0024F6  1  85 95                STA     Cvaral          ; save current var address low byte
0024F8  1  84 96                STY     Cvarah          ; save current var address high byte
0024FA  1  60                   RTS
0024FB  1               
0024FB  1               ; set-up array pointer (Adatal/h) to first element in array
0024FB  1               ; set Adatal,Adatah to Astrtl,Astrth+2*Dimcnt+#$05
0024FB  1               
0024FB  1               LAB_1DE6
0024FB  1  A5 5D                LDA     Dimcnt          ; get # of dimensions (1, 2 or 3)
0024FD  1  0A                   ASL     A               ; *2 (also clears the carry !)
0024FE  1  69 05                ADC     #$05            ; +5 (result is 7, 9 or 11 here)
002500  1  65 AA                ADC     Astrtl          ; add array start pointer low byte
002502  1  A4 AB                LDY     Astrth          ; get array pointer high byte
002504  1  90 01                BCC     LAB_1DF2        ; branch if no overflow
002506  1               
002506  1  C8                   INY                     ; else increment high byte
002507  1               LAB_1DF2
002507  1  85 A4                STA     Adatal          ; save array data pointer low byte
002509  1  84 A5                STY     Adatah          ; save array data pointer high byte
00250B  1  60                   RTS
00250C  1               
00250C  1               ; evaluate integer expression
00250C  1               
00250C  1               LAB_EVIN
00250C  1                       .IFDEF  DUODYNE
00250C  1                       JSL     LAB_IGBY        ; increment and scan memory
00250C  1                       .ELSE
00250C  1  20 BC 00             JSR     LAB_IGBY        ; increment and scan memory
00250F  1                       .ENDIF
00250F  1               
00250F  1  20 3B 21             JSR     LAB_EVNM        ; evaluate expression and check is numeric,
002512  1               ; else do type mismatch
002512  1               
002512  1               ; evaluate integer expression (no check)
002512  1               
002512  1               LAB_EVPI
002512  1  A5 B0                LDA     FAC1_s          ; get FAC1 sign (b7)
002514  1  30 0D                BMI     LAB_1E12        ; do function call error if -ve
002516  1               
002516  1               ; evaluate integer expression (no sign check)
002516  1               
002516  1               LAB_EVIR
002516  1  A5 AC                LDA     FAC1_e          ; get FAC1 exponent
002518  1  C9 90                CMP     #$90            ; compare with exponent = 2^16 (n>2^15)
00251A  1  90 09                BCC     LAB_1E14        ; branch if n<2^16 (is ok)
00251C  1               
00251C  1  A9 5C                LDA     #<LAB_1DF7      ; set pointer low byte to -32768
00251E  1  A0 10                LDY     #>LAB_1DF7      ; set pointer high byte to -32768
002520  1  20 91 2F             JSR     LAB_27F8        ; compare FAC1 with (AY)
002523  1               LAB_1E12
002523  1  D0 74                LBNE    LAB_FCER        ; if <> do function call error then warm start
002525  1               
002525  1               LAB_1E14
002525  1  4C CA 2F             JMP     LAB_2831        ; convert FAC1 floating-to-fixed and return
002528  1               
002528  1               ; find or make array
002528  1               
002528  1               LAB_1E17
002528  1  A5 5E                LDA     Defdim          ; get DIM flag
00252A  1  48                   PHA                     ; push it
00252B  1  A5 5F                LDA     Dtypef          ; get data type flag, $FF=string, $00=numeric
00252D  1  48                   PHA                     ; push it
00252E  1  A0 00                LDY     #$00            ; clear dimensions count
002530  1               
002530  1               ; now get the array dimension(s) and stack it (them) before the data type and DIM flag
002530  1               
002530  1               LAB_1E1F
002530  1  98                   TYA                     ; copy dimensions count
002531  1  48                   PHA                     ; save it
002532  1  A5 94                LDA     Varnm2          ; get array name 2nd byte
002534  1  48                   PHA                     ; save it
002535  1  A5 93                LDA     Varnm1          ; get array name 1st byte
002537  1  48                   PHA                     ; save it
002538  1  20 0C 25             JSR     LAB_EVIN        ; evaluate integer expression
00253B  1  68                   PLA                     ; pull array name 1st byte
00253C  1  85 93                STA     Varnm1          ; restore array name 1st byte
00253E  1  68                   PLA                     ; pull array name 2nd byte
00253F  1  85 94                STA     Varnm2          ; restore array name 2nd byte
002541  1  68                   PLA                     ; pull dimensions count
002542  1  A8                   TAY                     ; restore it
002543  1  BA                   TSX                     ; copy stack pointer
002544  1  BD 02 01             LDA     LAB_STAK+2,X    ; get DIM flag
002547  1  48                   PHA                     ; push it
002548  1  BD 01 01             LDA     LAB_STAK+1,X    ; get data type flag
00254B  1  48                   PHA                     ; push it
00254C  1  A5 AE                LDA     FAC1_2          ; get this dimension size high byte
00254E  1  9D 02 01             STA     LAB_STAK+2,X    ; stack before flag bytes
002551  1  A5 AF                LDA     FAC1_3          ; get this dimension size low byte
002553  1  9D 01 01             STA     LAB_STAK+1,X    ; stack before flag bytes
002556  1  C8                   INY                     ; increment dimensions count
002557  1                       .IFDEF  DUODYNE
002557  1                       JSL     LAB_GBYT        ; scan memory
002557  1                       .ELSE
002557  1  20 C2 00             JSR     LAB_GBYT        ; scan memory
00255A  1                       .ENDIF
00255A  1               
00255A  1  C9 2C                CMP     #','            ; compare with ","
00255C  1  F0 D2                BEQ     LAB_1E1F        ; if found go do next dimension
00255E  1               
00255E  1  84 5D                STY     Dimcnt          ; store dimensions count
002560  1  20 5D 22             JSR     LAB_1BFB        ; scan for ")" , else do syntax error then warm start
002563  1  68                   PLA                     ; pull data type flag
002564  1  85 5F                STA     Dtypef          ; restore data type flag, $FF=string, $00=numeric
002566  1  68                   PLA                     ; pull DIM flag
002567  1  85 5E                STA     Defdim          ; restore DIM flag
002569  1  A6 7D                LDX     Sarryl          ; get array mem start low byte
00256B  1  A5 7E                LDA     Sarryh          ; get array mem start high byte
00256D  1               
00256D  1               ; now check to see if we are at the end of array memory (we would be if there were
00256D  1               ; no arrays).
00256D  1               
00256D  1               LAB_1E5C
00256D  1  86 AA                STX     Astrtl          ; save as array start pointer low byte
00256F  1  85 AB                STA     Astrth          ; save as array start pointer high byte
002571  1  C5 80                CMP     Earryh          ; compare with array mem end high byte
002573  1  D0 04                BNE     LAB_1E68        ; branch if not reached array mem end
002575  1               
002575  1  E4 7F                CPX     Earryl          ; else compare with array mem end low byte
002577  1  F0 39                LBEQ    LAB_1EA1        ; go build array if not found
002579  1               
002579  1               ; search for array
002579  1               LAB_1E68
002579  1  A0 00                LDY     #$00            ; clear index
00257B  1  B1 AA                LDA     (Astrtl),Y      ; get array name first byte
00257D  1  C8                   INY                     ; increment index to second name byte
00257E  1  C5 93                CMP     Varnm1          ; compare with this array name first byte
002580  1  D0 06                BNE     LAB_1E77        ; branch if no match
002582  1               
002582  1  A5 94                LDA     Varnm2          ; else get this array name second byte
002584  1  D1 AA                CMP     (Astrtl),Y      ; compare with array name second byte
002586  1  F0 16                BEQ     LAB_1E8D        ; array found so branch
002588  1               
002588  1               ; no match
002588  1               LAB_1E77
002588  1  C8                   INY                     ; increment index
002589  1  B1 AA                LDA     (Astrtl),Y      ; get array size low byte
00258B  1  18                   CLC                     ; clear carry for add
00258C  1  65 AA                ADC     Astrtl          ; add array start pointer low byte
00258E  1  AA                   TAX                     ; copy low byte to X
00258F  1  C8                   INY                     ; increment index
002590  1  B1 AA                LDA     (Astrtl),Y      ; get array size high byte
002592  1  65 AB                ADC     Astrth          ; add array mem pointer high byte
002594  1  90 D7                BCC     LAB_1E5C        ; if no overflow go check next array
002596  1               
002596  1               ; do array bounds error
002596  1               
002596  1               LAB_1E85
002596  1  A2 10                LDX     #$10            ; error code $10 ("Array bounds" error)
002598  1  2C                   .BYTE   $2C             ; makes next bit BIT LAB_08A2
002599  1               
002599  1               ; do function call error
002599  1               
002599  1               LAB_FCER
002599  1  A2 08                LDX     #$08            ; error code $08 ("Function call" error)
00259B  1               LAB_1E8A
00259B  1  4C BE 17             JMP     LAB_XERR        ; do error #X, then warm start
00259E  1               
00259E  1               ; found array, are we trying to dimension it?
00259E  1               LAB_1E8D
00259E  1  A2 12                LDX     #$12            ; set error $12 ("Double dimension" error)
0025A0  1  A5 5E                LDA     Defdim          ; get DIM flag
0025A2  1  D0 F7                BNE     LAB_1E8A        ; if we are trying to dimension it do error #X, then warm
0025A4  1               ; start
0025A4  1               
0025A4  1               ; found the array and we're not dimensioning it so we must find an element in it
0025A4  1               
0025A4  1  20 FB 24             JSR     LAB_1DE6        ; set-up array pointer (Adatal/h) to first element in array
0025A7  1               ; (Astrtl,Astrth points to start of array)
0025A7  1  A5 5D                LDA     Dimcnt          ; get dimensions count
0025A9  1  A0 04                LDY     #$04            ; set index to array's # of dimensions
0025AB  1  D1 AA                CMP     (Astrtl),Y      ; compare with no of dimensions
0025AD  1  D0 E7                BNE     LAB_1E85        ; if wrong do array bounds error, could do "Wrong
0025AF  1               ; dimensions" error here .. if we want a different
0025AF  1               ; error message
0025AF  1               
0025AF  1  4C 35 26             JMP     LAB_1F28        ; found array so go get element
0025B2  1               ; (could jump to LAB_1F28 as all LAB_1F24 does is take
0025B2  1               ; Dimcnt and save it at (Astrtl),Y which is already the
0025B2  1               ; same or we would have taken the BNE)
0025B2  1               
0025B2  1               ; array not found, so build it
0025B2  1               LAB_1EA1
0025B2  1  20 FB 24             JSR     LAB_1DE6        ; set-up array pointer (Adatal/h) to first element in array
0025B5  1               ; (Astrtl,Astrth points to start of array)
0025B5  1  20 8D 17             JSR     LAB_121F        ; check available memory, "Out of memory" error if no room
0025B8  1               ; addr to check is in AY (low/high)
0025B8  1  A0 00                LDY     #$00            ; clear Y (don't need to clear A)
0025BA  1  84 BB                STY     Aspth           ; clear array data size high byte
0025BC  1  A5 93                LDA     Varnm1          ; get variable name 1st byte
0025BE  1  91 AA                STA     (Astrtl),Y      ; save array name 1st byte
0025C0  1  C8                   INY                     ; increment index
0025C1  1  A5 94                LDA     Varnm2          ; get variable name 2nd byte
0025C3  1  91 AA                STA     (Astrtl),Y      ; save array name 2nd byte
0025C5  1  A5 5D                LDA     Dimcnt          ; get dimensions count
0025C7  1  A0 04                LDY     #$04            ; index to dimension count
0025C9  1  84 BA                STY     Asptl           ; set array data size low byte (four bytes per element)
0025CB  1  91 AA                STA     (Astrtl),Y      ; set array's dimensions count
0025CD  1               
0025CD  1               ; now calculate the size of the data space for the array
0025CD  1  18                   CLC                     ; clear carry for add (clear on subsequent loops)
0025CE  1               LAB_1EC0
0025CE  1  A2 0B                LDX     #$0B            ; set default dimension value low byte
0025D0  1  A9 00                LDA     #$00            ; set default dimension value high byte
0025D2  1  24 5E                BIT     Defdim          ; test default DIM flag
0025D4  1  50 07                BVC     LAB_1ED0        ; branch if b6 of Defdim is clear
0025D6  1               
0025D6  1  68                   PLA                     ; else pull dimension value low byte
0025D7  1  69 01                ADC     #$01            ; +1 (allow for zeroeth element)
0025D9  1  AA                   TAX                     ; copy low byte to X
0025DA  1  68                   PLA                     ; pull dimension value high byte
0025DB  1  69 00                ADC     #$00            ; add carry from low byte
0025DD  1               
0025DD  1               LAB_1ED0
0025DD  1  C8                   INY                     ; index to dimension value high byte
0025DE  1  91 AA                STA     (Astrtl),Y      ; save dimension value high byte
0025E0  1  C8                   INY                     ; index to dimension value high byte
0025E1  1  8A                   TXA                     ; get dimension value low byte
0025E2  1  91 AA                STA     (Astrtl),Y      ; save dimension value low byte
0025E4  1  20 84 26             JSR     LAB_1F7C        ; does XY = (Astrtl),Y * (Asptl)
0025E7  1  86 BA                STX     Asptl           ; save array data size low byte
0025E9  1  85 BB                STA     Aspth           ; save array data size high byte
0025EB  1  A4 71                LDY     ut1_pl          ; restore index (saved by subroutine)
0025ED  1  C6 5D                DEC     Dimcnt          ; decrement dimensions count
0025EF  1  D0 DD                BNE     LAB_1EC0        ; loop while not = 0
0025F1  1               
0025F1  1  65 A5                ADC     Adatah          ; add size high byte to first element high byte
0025F3  1               ; (carry is always clear here)
0025F3  1  B0 5D                LBCS    LAB_1F45        ; if overflow go do "Out of memory" error
0025F5  1               
0025F5  1  85 A5                STA     Adatah          ; save end of array high byte
0025F7  1  A8                   TAY                     ; copy end high byte to Y
0025F8  1  8A                   TXA                     ; get array size low byte
0025F9  1  65 A4                ADC     Adatal          ; add array start low byte
0025FB  1  90 03                BCC     LAB_1EF3        ; branch if no carry
0025FD  1               
0025FD  1  C8                   INY                     ; else increment end of array high byte
0025FE  1  F0 52                LBEQ    LAB_1F45        ; if overflow go do "Out of memory" error
002600  1               
002600  1               ; set-up mostly complete, now zero the array
002600  1               LAB_1EF3
002600  1  20 8D 17             JSR     LAB_121F        ; check available memory, "Out of memory" error if no room
002603  1               ; addr to check is in AY (low/high)
002603  1  85 7F                STA     Earryl          ; save array mem end low byte
002605  1  84 80                STY     Earryh          ; save array mem end high byte
002607  1  A9 00                LDA     #$00            ; clear byte for array clear
002609  1  E6 BB                INC     Aspth           ; increment array size high byte (now block count)
00260B  1  A4 BA                LDY     Asptl           ; get array size low byte (now index to block)
00260D  1  F0 05                BEQ     LAB_1F07        ; branch if low byte = $00
00260F  1               
00260F  1               LAB_1F02
00260F  1  88                   DEY                     ; decrement index (do 0 to n-1)
002610  1  91 A4                STA     (Adatal),Y      ; zero byte
002612  1  D0 FB                BNE     LAB_1F02        ; loop until this block done
002614  1               
002614  1               LAB_1F07
002614  1  C6 A5                DEC     Adatah          ; decrement array pointer high byte
002616  1  C6 BB                DEC     Aspth           ; decrement block count high byte
002618  1  D0 F5                BNE     LAB_1F02        ; loop until all blocks done
00261A  1               
00261A  1  E6 A5                INC     Adatah          ; correct for last loop
00261C  1  38                   SEC                     ; set carry for subtract
00261D  1  A0 02                LDY     #$02            ; index to array size low byte
00261F  1  A5 7F                LDA     Earryl          ; get array mem end low byte
002621  1  E5 AA                SBC     Astrtl          ; subtract array start low byte
002623  1  91 AA                STA     (Astrtl),Y      ; save array size low byte
002625  1  C8                   INY                     ; index to array size high byte
002626  1  A5 80                LDA     Earryh          ; get array mem end high byte
002628  1  E5 AB                SBC     Astrth          ; subtract array start high byte
00262A  1  91 AA                STA     (Astrtl),Y      ; save array size high byte
00262C  1  A5 5E                LDA     Defdim          ; get default DIM flag
00262E  1  D0 53                LBNE    LAB_1F7B        ; exit (RET) if this was a DIM command
002630  1               
002630  1               ; else, find element
002630  1  C8                   INY                     ; index to # of dimensions
002631  1               
002631  1               LAB_1F24
002631  1  B1 AA                LDA     (Astrtl),Y      ; get array's dimension count
002633  1  85 5D                STA     Dimcnt          ; save it
002635  1               
002635  1               ; we have found, or built, the array. now we need to find the element
002635  1               
002635  1               LAB_1F28
002635  1  A9 00                LDA     #$00            ; clear byte
002637  1  85 BA                STA     Asptl           ; clear array data pointer low byte
002639  1               LAB_1F2C
002639  1  85 BB                STA     Aspth           ; save array data pointer high byte
00263B  1  C8                   INY                     ; increment index (point to array bound high byte)
00263C  1  68                   PLA                     ; pull array index low byte
00263D  1  AA                   TAX                     ; copy to X
00263E  1  85 AE                STA     FAC1_2          ; save index low byte to FAC1 mantissa2
002640  1  68                   PLA                     ; pull array index high byte
002641  1  85 AF                STA     FAC1_3          ; save index high byte to FAC1 mantissa3
002643  1  D1 AA                CMP     (Astrtl),Y      ; compare with array bound high byte
002645  1  90 0E                BCC     LAB_1F48        ; branch if within bounds
002647  1               
002647  1  D0 06                BNE     LAB_1F42        ; if outside bounds do array bounds error
002649  1               
002649  1               ; else high byte was = so test low bytes
002649  1  C8                   INY                     ; index to array bound low byte
00264A  1  8A                   TXA                     ; get array index low byte
00264B  1  D1 AA                CMP     (Astrtl),Y      ; compare with array bound low byte
00264D  1  90 07                BCC     LAB_1F49        ; branch if within bounds
00264F  1               
00264F  1               LAB_1F42
00264F  1  4C 96 25             JMP     LAB_1E85        ; else do array bounds error
002652  1               
002652  1               LAB_1F45
002652  1  4C BC 17             JMP     LAB_OMER        ; do "Out of memory" error then warm start
002655  1               
002655  1               LAB_1F48
002655  1  C8                   INY                     ; index to array bound low byte
002656  1               LAB_1F49
002656  1  A5 BB                LDA     Aspth           ; get array data pointer high byte
002658  1  05 BA                ORA     Asptl           ; OR with array data pointer low byte
00265A  1  F0 0A                BEQ     LAB_1F5A        ; branch if array data pointer = null (skip multiply)
00265C  1               
00265C  1  20 84 26             JSR     LAB_1F7C        ; does XY = (Astrtl),Y * (Asptl)
00265F  1  8A                   TXA                     ; get result low byte
002660  1  65 AE                ADC     FAC1_2          ; add index low byte from FAC1 mantissa2
002662  1  AA                   TAX                     ; save result low byte
002663  1  98                   TYA                     ; get result high byte
002664  1  A4 71                LDY     ut1_pl          ; restore index
002666  1               LAB_1F5A
002666  1  65 AF                ADC     FAC1_3          ; add index high byte from FAC1 mantissa3
002668  1  86 BA                STX     Asptl           ; save array data pointer low byte
00266A  1  C6 5D                DEC     Dimcnt          ; decrement dimensions count
00266C  1  D0 CB                BNE     LAB_1F2C        ; loop if dimensions still to do
00266E  1               
00266E  1  06 BA                ASL     Asptl           ; array data pointer low byte * 2
002670  1  2A                   ROL     A               ; array data pointer high byte * 2
002671  1  06 BA                ASL     Asptl           ; array data pointer low byte * 4
002673  1  2A                   ROL     A               ; array data pointer high byte * 4
002674  1  A8                   TAY                     ; copy high byte
002675  1  A5 BA                LDA     Asptl           ; get low byte
002677  1  65 A4                ADC     Adatal          ; add array data start pointer low byte
002679  1  85 95                STA     Cvaral          ; save as current var address low byte
00267B  1  98                   TYA                     ; get high byte back
00267C  1  65 A5                ADC     Adatah          ; add array data start pointer high byte
00267E  1  85 96                STA     Cvarah          ; save as current var address high byte
002680  1  A8                   TAY                     ; copy high byte to Y
002681  1  A5 95                LDA     Cvaral          ; get current var address low byte
002683  1               LAB_1F7B
002683  1  60                   RTS
002684  1               
002684  1               ; does XY = (Astrtl),Y * (Asptl)
002684  1               
002684  1               LAB_1F7C
002684  1  84 71                STY     ut1_pl          ; save index
002686  1  B1 AA                LDA     (Astrtl),Y      ; get dimension size low byte
002688  1  85 76                STA     dims_l          ; save dimension size low byte
00268A  1  88                   DEY                     ; decrement index
00268B  1  B1 AA                LDA     (Astrtl),Y      ; get dimension size high byte
00268D  1  85 77                STA     dims_h          ; save dimension size high byte
00268F  1               
00268F  1  A9 10                LDA     #$10            ; count = $10 (16 bit multiply)
002691  1  85 A8                STA     numbit          ; save bit count
002693  1  A2 00                LDX     #$00            ; clear result low byte
002695  1  A0 00                LDY     #$00            ; clear result high byte
002697  1               LAB_1F8F
002697  1  8A                   TXA                     ; get result low byte
002698  1  0A                   ASL     A               ; *2
002699  1  AA                   TAX                     ; save result low byte
00269A  1  98                   TYA                     ; get result high byte
00269B  1  2A                   ROL     A               ; *2
00269C  1  A8                   TAY                     ; save result high byte
00269D  1  B0 B3                BCS     LAB_1F45        ; if overflow go do "Out of memory" error
00269F  1               
00269F  1  06 BA                ASL     Asptl           ; shift multiplier low byte
0026A1  1  26 BB                ROL     Aspth           ; shift multiplier high byte
0026A3  1  90 0B                BCC     LAB_1FA8        ; skip add if no carry
0026A5  1               
0026A5  1  18                   CLC                     ; else clear carry for add
0026A6  1  8A                   TXA                     ; get result low byte
0026A7  1  65 76                ADC     dims_l          ; add dimension size low byte
0026A9  1  AA                   TAX                     ; save result low byte
0026AA  1  98                   TYA                     ; get result high byte
0026AB  1  65 77                ADC     dims_h          ; add dimension size high byte
0026AD  1  A8                   TAY                     ; save result high byte
0026AE  1  B0 A2                LBCS    LAB_1F45        ; if overflow go do "Out of memory" error
0026B0  1               
0026B0  1               LAB_1FA8
0026B0  1  C6 A8                DEC     numbit          ; decrement bit count
0026B2  1  D0 E3                BNE     LAB_1F8F        ; loop until all done
0026B4  1               
0026B4  1  60                   RTS
0026B5  1               
0026B5  1               ; perform FRE()
0026B5  1               
0026B5  1               LAB_FRE
0026B5  1  A5 5F                LDA     Dtypef          ; get data type flag, $FF=string, $00=numeric
0026B7  1  10 03                BPL     LAB_1FB4        ; branch if numeric
0026B9  1               
0026B9  1  20 B0 29             JSR     LAB_22B6        ; pop string off descriptor stack, or from top of string
0026BC  1               ; space returns with A = length, X=$71=pointer low byte,
0026BC  1               ; Y=$72=pointer high byte
0026BC  1               
0026BC  1               ; FRE(n) was numeric so do this
0026BC  1               LAB_1FB4
0026BC  1  20 51 28             JSR     LAB_GARB        ; go do garbage collection
0026BF  1  38                   SEC                     ; set carry for subtract
0026C0  1  A5 81                LDA     Sstorl          ; get bottom of string space low byte
0026C2  1  E5 7F                SBC     Earryl          ; subtract array mem end low byte
0026C4  1  A8                   TAY                     ; copy result to Y
0026C5  1  A5 82                LDA     Sstorh          ; get bottom of string space high byte
0026C7  1  E5 80                SBC     Earryh          ; subtract array mem end high byte
0026C9  1               
0026C9  1               ; save and convert integer AY to FAC1
0026C9  1               
0026C9  1               LAB_AYFC
0026C9  1  46 5F                LSR     Dtypef          ; clear data type flag, $FF=string, $00=numeric
0026CB  1  85 AD                STA     FAC1_1          ; save FAC1 mantissa1
0026CD  1  84 AE                STY     FAC1_2          ; save FAC1 mantissa2
0026CF  1  A2 90                LDX     #$90            ; set exponent=2^16 (integer)
0026D1  1  4C 7C 2F             JMP     LAB_27E3        ; set exp=X, clear FAC1_3, normalise and return
0026D4  1               
0026D4  1               ; perform POS()
0026D4  1               
0026D4  1               LAB_POS
0026D4  1  A4 0E                LDY     TPos            ; get terminal position
0026D6  1               
0026D6  1               ; convert Y to byte in FAC1
0026D6  1               
0026D6  1               LAB_1FD0
0026D6  1  A9 00                LDA     #$00            ; clear high byte
0026D8  1  F0 EF                BEQ     LAB_AYFC        ; always save and convert integer AY to FAC1 and return
0026DA  1               
0026DA  1               ; check not Direct (used by DEF and INPUT)
0026DA  1               
0026DA  1               LAB_CKRN
0026DA  1  A6 88                LDX     Clineh          ; get current line high byte
0026DC  1  E8                   INX                     ; increment it
0026DD  1  D0 A4                LBNE    LAB_1F7B        ; return if can continue not direct mode
0026DF  1               
0026DF  1               ; else do illegal direct error
0026DF  1               LAB_1FD9
0026DF  1  A2 16                LDX     #$16            ; error code $16 ("Illegal direct" error)
0026E1  1               LAB_1FDB
0026E1  1  4C BE 17             JMP     LAB_XERR        ; go do error #X, then warm start
0026E4  1               
0026E4  1               ; perform DEF
0026E4  1               
0026E4  1               LAB_DEF
0026E4  1  20 15 27             JSR     LAB_200B        ; check FNx syntax
0026E7  1  85 9C                STA     func_l          ; save function pointer low byte
0026E9  1  84 9D                STY     func_h          ; save function pointer high byte
0026EB  1  20 DA 26             JSR     LAB_CKRN        ; check not Direct (back here if ok)
0026EE  1  20 69 22             JSR     LAB_1BFE        ; scan for "(" , else do syntax error then warm start
0026F1  1  A9 80                LDA     #$80            ; set flag for FNx
0026F3  1  85 61                STA     Sufnxf          ; save subscript/FNx flag
0026F5  1  20 1A 24             JSR     LAB_GVAR        ; get (var) address
0026F8  1  20 3E 21             JSR     LAB_CTNM        ; check if source is numeric, else do type mismatch
0026FB  1  20 5D 22             JSR     LAB_1BFB        ; scan for ")" , else do syntax error then warm start
0026FE  1  A9 CE                LDA     #TK_EQUAL       ; get = token
002700  1  20 5F 22             JSR     LAB_SCCA        ; scan for CHR$(A), else do syntax error then warm start
002703  1  A5 96                LDA     Cvarah          ; get current var address high byte
002705  1  48                   PHA                     ; push it
002706  1  A5 95                LDA     Cvaral          ; get current var address low byte
002708  1  48                   PHA                     ; push it
002709  1  A5 C4                LDA     Bpntrh          ; get BASIC execute pointer high byte
00270B  1  48                   PHA                     ; push it
00270C  1  A5 C3                LDA     Bpntrl          ; get BASIC execute pointer low byte
00270E  1  48                   PHA                     ; push it
00270F  1  20 08 1D             JSR     LAB_DATA        ; go perform DATA
002712  1  4C 84 27             JMP     LAB_207A        ; put execute pointer and variable pointer into function
002715  1               ; and return
002715  1               
002715  1               ; check FNx syntax
002715  1               
002715  1               LAB_200B
002715  1  A9 BB                LDA     #TK_FN          ; get FN" token
002717  1  20 5F 22             JSR     LAB_SCCA        ; scan for CHR$(A) , else do syntax error then warm start
00271A  1               ; return character after A
00271A  1  09 80                ORA     #$80            ; set FN flag bit
00271C  1  85 61                STA     Sufnxf          ; save FN flag so array variable test fails
00271E  1  20 21 24             JSR     LAB_1D12        ; search for FN variable
002721  1  4C 3E 21             JMP     LAB_CTNM        ; check if source is numeric and return, else do type
002724  1               ; mismatch
002724  1               
002724  1               ; Evaluate FNx
002724  1               LAB_201E
002724  1  20 15 27             JSR     LAB_200B        ; check FNx syntax
002727  1  48                   PHA                     ; push function pointer low byte
002728  1  98                   TYA                     ; copy function pointer high byte
002729  1  48                   PHA                     ; push function pointer high byte
00272A  1  20 69 22             JSR     LAB_1BFE        ; scan for "(", else do syntax error then warm start
00272D  1  20 4F 21             JSR     LAB_EVEX        ; evaluate expression
002730  1  20 5D 22             JSR     LAB_1BFB        ; scan for ")", else do syntax error then warm start
002733  1  20 3E 21             JSR     LAB_CTNM        ; check if source is numeric, else do type mismatch
002736  1  68                   PLA                     ; pop function pointer high byte
002737  1  85 9D                STA     func_h          ; restore it
002739  1  68                   PLA                     ; pop function pointer low byte
00273A  1  85 9C                STA     func_l          ; restore it
00273C  1  A2 20                LDX     #$20            ; error code $20 ("Undefined function" error)
00273E  1  A0 03                LDY     #$03            ; index to variable pointer high byte
002740  1  B1 9C                LDA     (func_l),Y      ; get variable pointer high byte
002742  1  F0 9D                BEQ     LAB_1FDB        ; if zero go do undefined function error
002744  1               
002744  1  85 96                STA     Cvarah          ; save variable address high byte
002746  1  88                   DEY                     ; index to variable address low byte
002747  1  B1 9C                LDA     (func_l),Y      ; get variable address low byte
002749  1  85 95                STA     Cvaral          ; save variable address low byte
00274B  1  AA                   TAX                     ; copy address low byte
00274C  1               
00274C  1               ; now stack the function variable value before use
00274C  1  C8                   INY                     ; index to mantissa_3
00274D  1               LAB_2043
00274D  1  B1 95                LDAINDIRECTY Cvaral     ; get byte from variable
00274F  1  48                   PHA                     ; stack it
002750  1  88                   DEY                     ; decrement index
002751  1  10 FA                BPL     LAB_2043        ; loop until variable stacked
002753  1               
002753  1  A4 96                LDY     Cvarah          ; get variable address high byte
002755  1  20 21 2F             JSR     LAB_2778        ; pack FAC1 (function expression value) into (XY)
002758  1               ; (function variable), return Y=0, always
002758  1  A5 C4                LDA     Bpntrh          ; get BASIC execute pointer high byte
00275A  1  48                   PHA                     ; push it
00275B  1  A5 C3                LDA     Bpntrl          ; get BASIC execute pointer low byte
00275D  1  48                   PHA                     ; push it
00275E  1  B1 9C                LDAINDIRECTY func_l     ; get function execute pointer low byte
002760  1  85 C3                STA     Bpntrl          ; save as BASIC execute pointer low byte
002762  1  C8                   INY                     ; index to high byte
002763  1  B1 9C                LDAINDIRECTY func_l     ; get function execute pointer high byte
002765  1  85 C4                STA     Bpntrh          ; save as BASIC execute pointer high byte
002767  1  A5 96                LDA     Cvarah          ; get variable address high byte
002769  1  48                   PHA                     ; push it
00276A  1  A5 95                LDA     Cvaral          ; get variable address low byte
00276C  1  48                   PHA                     ; push it
00276D  1  20 3B 21             JSR     LAB_EVNM        ; evaluate expression and check is numeric,
002770  1               ; else do type mismatch
002770  1  68                   PLA                     ; pull variable address low byte
002771  1  85 9C                STA     func_l          ; save variable address low byte
002773  1  68                   PLA                     ; pull variable address high byte
002774  1  85 9D                STA     func_h          ; save variable address high byte
002776  1                       .IFDEF  DUODYNE
002776  1                       JSL     LAB_GBYT        ; scan memory
002776  1                       .ELSE
002776  1  20 C2 00             JSR     LAB_GBYT        ; scan memory
002779  1                       .ENDIF
002779  1               
002779  1  F0 03                BEQ     LAB_2074        ; branch if null (should be [EOL] marker)
00277B  1               
00277B  1  4C 71 22             JMP     LAB_SNER        ; else syntax error then warm start
00277E  1               
00277E  1               ; restore Bpntrl,Bpntrh and function variable from stack
00277E  1               
00277E  1               LAB_2074
00277E  1  68                   PLA                     ; pull BASIC execute pointer low byte
00277F  1  85 C3                STA     Bpntrl          ; restore BASIC execute pointer low byte
002781  1  68                   PLA                     ; pull BASIC execute pointer high byte
002782  1  85 C4                STA     Bpntrh          ; restore BASIC execute pointer high byte
002784  1               
002784  1               ; put execute pointer and variable pointer into function
002784  1               
002784  1               LAB_207A
002784  1  A0 00                LDY     #$00            ; clear index
002786  1  68                   PLA                     ; pull BASIC execute pointer low byte
002787  1  91 9C                STAINDIRECTY func_l     ; save to function
002789  1  C8                   INY                     ; increment index
00278A  1  68                   PLA                     ; pull BASIC execute pointer high byte
00278B  1  91 9C                STAINDIRECTY func_l     ; save to function
00278D  1  C8                   INY                     ; increment index
00278E  1  68                   PLA                     ; pull current var address low byte
00278F  1  91 9C                STAINDIRECTY func_l     ; save to function
002791  1  C8                   INY                     ; increment index
002792  1  68                   PLA                     ; pull current var address high byte
002793  1  91 9C                STAINDIRECTY func_l     ; save to function
002795  1  60                   RTS
002796  1               
002796  1               ; perform STR$()
002796  1               
002796  1               LAB_STRS
002796  1  20 3E 21             JSR     LAB_CTNM        ; check if source is numeric, else do type mismatch
002799  1  20 12 31             JSR     LAB_296E        ; convert FAC1 to string
00279C  1  A9 F0                LDA     #<Decssp1       ; set result string low pointer
00279E  1  A0 00                LDY     #>Decssp1       ; set result string high pointer
0027A0  1  F0 12                BEQ     LAB_20AE        ; print null terminated string to Sutill/Sutilh
0027A2  1               
0027A2  1               ; Do string vector
0027A2  1               ; copy des_pl/h to des_2l/h and make string space A bytes long
0027A2  1               
0027A2  1               LAB_209C
0027A2  1  A6 AE                LDX     des_pl          ; get descriptor pointer low byte
0027A4  1  A4 AF                LDY     des_ph          ; get descriptor pointer high byte
0027A6  1  86 9E                STX     des_2l          ; save descriptor pointer low byte
0027A8  1  84 9F                STY     des_2h          ; save descriptor pointer high byte
0027AA  1               
0027AA  1               ; make string space A bytes long
0027AA  1               ; A=length, X=Sutill=ptr low byte, Y=Sutilh=ptr high byte
0027AA  1               
0027AA  1               LAB_MSSP
0027AA  1  20 1F 28             JSR     LAB_2115        ; make space in string memory for string A long
0027AD  1               ; return X=Sutill=ptr low byte, Y=Sutilh=ptr high byte
0027AD  1  86 AD                STX     str_pl          ; save string pointer low byte
0027AF  1  84 AE                STY     str_ph          ; save string pointer high byte
0027B1  1  85 AC                STA     str_ln          ; save length
0027B3  1  60                   RTS
0027B4  1               
0027B4  1               ; Scan, set up string
0027B4  1               ; print " terminated string to Sutill/Sutilh
0027B4  1               
0027B4  1               LAB_20AE
0027B4  1  A2 22                LDX     #$22            ; set terminator to "
0027B6  1  86 5B                STX     Srchc           ; set search character (terminator 1)
0027B8  1  86 5C                STX     Asrch           ; set terminator 2
0027BA  1               
0027BA  1               ; print [Srchc] or [Asrch] terminated string to Sutill/Sutilh
0027BA  1               ; source is AY
0027BA  1               
0027BA  1               LAB_20B4
0027BA  1  85 B8                STA     ssptr_l         ; store string start low byte
0027BC  1  84 B9                STY     ssptr_h         ; store string start high byte
0027BE  1  85 AD                STA     str_pl          ; save string pointer low byte
0027C0  1  84 AE                STY     str_ph          ; save string pointer high byte
0027C2  1  A0 FF                LDY     #$FF            ; set length to -1
0027C4  1               LAB_20BE
0027C4  1  C8                   INY                     ; increment length
0027C5  1  B1 B8                LDAINDIRECTY ssptr_l    ; get byte from string
0027C7  1  F0 0C                BEQ     LAB_20CF        ; exit loop if null byte [EOS]
0027C9  1               
0027C9  1  C5 5B                CMP     Srchc           ; compare with search character (terminator 1)
0027CB  1  F0 04                BEQ     LAB_20CB        ; branch if terminator
0027CD  1               
0027CD  1  C5 5C                CMP     Asrch           ; compare with terminator 2
0027CF  1  D0 F3                BNE     LAB_20BE        ; loop if not terminator 2
0027D1  1               
0027D1  1               LAB_20CB
0027D1  1  C9 22                CMP     #$22            ; compare with "
0027D3  1  F0 01                BEQ     LAB_20D0        ; branch if " (carry set if = !)
0027D5  1               
0027D5  1               LAB_20CF
0027D5  1  18                   CLC                     ; clear carry for add (only if [EOL] terminated string)
0027D6  1               LAB_20D0
0027D6  1  84 AC                STY     str_ln          ; save length in FAC1 exponent
0027D8  1  98                   TYA                     ; copy length to A
0027D9  1  65 B8                ADC     ssptr_l         ; add string start low byte
0027DB  1  85 BA                STA     Sendl           ; save string end low byte
0027DD  1  A6 B9                LDX     ssptr_h         ; get string start high byte
0027DF  1  90 01                BCC     LAB_20DC        ; branch if no low byte overflow
0027E1  1               
0027E1  1  E8                   INX                     ; else increment high byte
0027E2  1               
0027E2  1               LAB_20DC:
0027E2  1  86 BB                STX     Sendh           ; save string end high byte
0027E4  1  A5 B9                LDA     ssptr_h         ; get string start high byte
0027E6  1               ; *** begin RAM above code / Ibuff above EhBASIC patch V2 ***
0027E6  1               ; *** replace
0027E6  1               ;      CMP   #>Ram_base        ; compare with start of program memory
0027E6  1               ;      BCS   LAB_RTST          ; branch if not in utility area
0027E6  1               ; *** with
0027E6  1  F0 04                BEQ     LAB_MVST        ; fix STR$() using page zero via LAB_296E
0027E8  1  C9 38                CMP     #>Ibuffs        ; compare with location of input buffer page
0027EA  1  D0 0B                BNE     LAB_RTST        ; branch if not in utility area
0027EC  1               LAB_MVST:
0027EC  1               ; *** end   RAM above code / Ibuff above EhBASIC patch V2 ***
0027EC  1               
0027EC  1               ; string in utility area, move to string memory
0027EC  1  98                   TYA                     ; copy length to A
0027ED  1  20 A2 27             JSR     LAB_209C        ; copy des_pl/h to des_2l/h and make string space A bytes
0027F0  1               ; long
0027F0  1  A6 B8                LDX     ssptr_l         ; get string start low byte
0027F2  1  A4 B9                LDY     ssptr_h         ; get string start high byte
0027F4  1  20 91 29             JSR     LAB_2298        ; store string A bytes long from XY to (Sutill)
0027F7  1               
0027F7  1               ; check for space on descriptor stack then ..
0027F7  1               ; put string address and length on descriptor stack and update stack pointers
0027F7  1               
0027F7  1               LAB_RTST
0027F7  1  A6 65                LDX     next_s          ; get string stack pointer
0027F9  1  E0 71                CPX     #des_sk+$09     ; compare with max+1
0027FB  1  D0 05                BNE     LAB_20F8        ; branch if space on string stack
0027FD  1               
0027FD  1               ; else do string too complex error
0027FD  1  A2 1C                LDX     #$1C            ; error code $1C ("String too complex" error)
0027FF  1               LAB_20F5
0027FF  1  4C BE 17             JMP     LAB_XERR        ; do error #X, then warm start
002802  1               
002802  1               ; put string address and length on descriptor stack and update stack pointers
002802  1               
002802  1               LAB_20F8
002802  1  A5 AC                LDA     str_ln          ; get string length
002804  1  95 00                STA     PLUS_0,X        ; put on string stack
002806  1  A5 AD                LDA     str_pl          ; get string pointer low byte
002808  1  95 01                STA     PLUS_1,X        ; put on string stack
00280A  1  A5 AE                LDA     str_ph          ; get string pointer high byte
00280C  1  95 02                STA     PLUS_2,X        ; put on string stack
00280E  1  A0 00                LDY     #$00            ; clear Y
002810  1  86 AE                STX     des_pl          ; save string descriptor pointer low byte
002812  1  84 AF                STY     des_ph          ; save string descriptor pointer high byte (always $00)
002814  1  88                   DEY                     ; Y = $FF
002815  1  84 5F                STY     Dtypef          ; save data type flag, $FF=string
002817  1  86 66                STX     last_sl         ; save old stack pointer (current top item)
002819  1  E8                   INX                     ; update stack pointer
00281A  1  E8                   INX                     ; update stack pointer
00281B  1  E8                   INX                     ; update stack pointer
00281C  1  86 65                STX     next_s          ; save new top item value
00281E  1  60                   RTS
00281F  1               
00281F  1               ; Build descriptor
00281F  1               ; make space in string memory for string A long
00281F  1               ; return X=Sutill=ptr low byte, Y=Sutill=ptr high byte
00281F  1               
00281F  1               LAB_2115
00281F  1  46 60                LSR     Gclctd          ; clear garbage collected flag (b7)
002821  1               
002821  1               ; make space for string A long
002821  1               LAB_2117
002821  1  48                   PHA                     ; save string length
002822  1  49 FF                EOR     #$FF            ; complement it
002824  1  38                   SEC                     ; set carry for subtract (twos comp add)
002825  1  65 81                ADC     Sstorl          ; add bottom of string space low byte (subtract length)
002827  1  A4 82                LDY     Sstorh          ; get bottom of string space high byte
002829  1  B0 01                BCS     LAB_2122        ; skip decrement if no underflow
00282B  1               
00282B  1  88                   DEY                     ; decrement bottom of string space high byte
00282C  1               LAB_2122
00282C  1  C4 80                CPY     Earryh          ; compare with array mem end high byte
00282E  1  90 11                BCC     LAB_2137        ; do out of memory error if less
002830  1               
002830  1  D0 04                BNE     LAB_212C        ; if not = skip next test
002832  1               
002832  1  C5 7F                CMP     Earryl          ; compare with array mem end low byte
002834  1  90 0B                BCC     LAB_2137        ; do out of memory error if less
002836  1               
002836  1               LAB_212C
002836  1  85 81                STA     Sstorl          ; save bottom of string space low byte
002838  1  84 82                STY     Sstorh          ; save bottom of string space high byte
00283A  1  85 83                STA     Sutill          ; save string utility ptr low byte
00283C  1  84 84                STY     Sutilh          ; save string utility ptr high byte
00283E  1  AA                   TAX                     ; copy low byte to X
00283F  1  68                   PLA                     ; get string length back
002840  1  60                   RTS
002841  1               
002841  1               LAB_2137
002841  1  A2 0C                LDX     #$0C            ; error code $0C ("Out of memory" error)
002843  1  A5 60                LDA     Gclctd          ; get garbage collected flag
002845  1  30 B8                BMI     LAB_20F5        ; if set then do error code X
002847  1               
002847  1  20 51 28             JSR     LAB_GARB        ; else go do garbage collection
00284A  1  A9 80                LDA     #$80            ; flag for garbage collected
00284C  1  85 60                STA     Gclctd          ; set garbage collected flag
00284E  1  68                   PLA                     ; pull length
00284F  1  D0 D0                BNE     LAB_2117        ; go try again (loop always, length should never be = $00)
002851  1               
002851  1               ; garbage collection routine
002851  1               
002851  1               LAB_GARB
002851  1  A6 85                LDX     Ememl           ; get end of mem low byte
002853  1  A5 86                LDA     Ememh           ; get end of mem high byte
002855  1               
002855  1               ; re-run routine from last ending
002855  1               
002855  1               LAB_214B
002855  1  86 81                STX     Sstorl          ; set string storage low byte
002857  1  85 82                STA     Sstorh          ; set string storage high byte
002859  1  A0 00                LDY     #$00            ; clear index
00285B  1  84 9D                STY     garb_h          ; clear working pointer high byte (flag no strings to move)
00285D  1  A5 7F                LDA     Earryl          ; get array mem end low byte
00285F  1  A6 80                LDX     Earryh          ; get array mem end high byte
002861  1  85 AA                STA     Histrl          ; save as highest string low byte
002863  1  86 AB                STX     Histrh          ; save as highest string high byte
002865  1  A9 68                LDA     #des_sk         ; set descriptor stack pointer
002867  1  85 71                STA     ut1_pl          ; save descriptor stack pointer low byte
002869  1  84 72                STY     ut1_ph          ; save descriptor stack pointer high byte ($00)
00286B  1               LAB_2161
00286B  1  C5 65                CMP     next_s          ; compare with descriptor stack pointer
00286D  1  F0 05                BEQ     LAB_216A        ; branch if =
00286F  1               
00286F  1  20 D5 28             JSR     LAB_21D7        ; go garbage collect descriptor stack
002872  1  F0 F7                BEQ     LAB_2161        ; loop always
002874  1               
002874  1               ; done stacked strings, now do string vars
002874  1               LAB_216A
002874  1  06 A0                ASL     g_step          ; set step size = $06
002876  1  A5 7B                LDA     Svarl           ; get start of vars low byte
002878  1  A6 7C                LDX     Svarh           ; get start of vars high byte
00287A  1  85 71                STA     ut1_pl          ; save as pointer low byte
00287C  1  86 72                STX     ut1_ph          ; save as pointer high byte
00287E  1               LAB_2176
00287E  1  E4 7E                CPX     Sarryh          ; compare start of arrays high byte
002880  1  D0 04                BNE     LAB_217E        ; branch if no high byte match
002882  1               
002882  1  C5 7D                CMP     Sarryl          ; else compare start of arrays low byte
002884  1  F0 05                BEQ     LAB_2183        ; branch if = var mem end
002886  1               
002886  1               LAB_217E
002886  1  20 CF 28             JSR     LAB_21D1        ; go garbage collect strings
002889  1  F0 F3                BEQ     LAB_2176        ; loop always
00288B  1               
00288B  1               ; done string vars, now do string arrays
00288B  1               LAB_2183
00288B  1  85 A4                STA     Nbendl          ; save start of arrays low byte as working pointer
00288D  1  86 A5                STX     Nbendh          ; save start of arrays high byte as working pointer
00288F  1  A9 04                LDA     #$04            ; set step size
002891  1  85 A0                STA     g_step          ; save step size
002893  1               LAB_218B
002893  1  A5 A4                LDA     Nbendl          ; get pointer low byte
002895  1  A6 A5                LDX     Nbendh          ; get pointer high byte
002897  1               LAB_218F
002897  1  E4 80                CPX     Earryh          ; compare with array mem end high byte
002899  1  D0 04                BNE     LAB_219A        ; branch if not at end
00289B  1               
00289B  1  C5 7F                CMP     Earryl          ; else compare with array mem end low byte
00289D  1  F0 75                LBEQ    LAB_2216        ; tidy up and exit if at end
00289F  1               
00289F  1               LAB_219A
00289F  1  85 71                STA     ut1_pl          ; save pointer low byte
0028A1  1  86 72                STX     ut1_ph          ; save pointer high byte
0028A3  1  A0 02                LDY     #$02            ; set index
0028A5  1  B1 71                LDA     (ut1_pl),Y      ; get array size low byte
0028A7  1  65 A4                ADC     Nbendl          ; add start of this array low byte
0028A9  1  85 A4                STA     Nbendl          ; save start of next array low byte
0028AB  1  C8                   INY                     ; increment index
0028AC  1  B1 71                LDA     (ut1_pl),Y      ; get array size high byte
0028AE  1  65 A5                ADC     Nbendh          ; add start of this array high byte
0028B0  1  85 A5                STA     Nbendh          ; save start of next array high byte
0028B2  1  A0 01                LDY     #$01            ; set index
0028B4  1  B1 71                LDA     (ut1_pl),Y      ; get name second byte
0028B6  1  10 DB                BPL     LAB_218B        ; skip if not string array
0028B8  1               
0028B8  1               ; was string array so ..
0028B8  1               
0028B8  1  A0 04                LDY     #$04            ; set index
0028BA  1  B1 71                LDA     (ut1_pl),Y      ; get # of dimensions
0028BC  1  0A                   ASL     A               ; *2
0028BD  1  69 05                ADC     #$05            ; +5 (array header size)
0028BF  1  20 07 29             JSR     LAB_2208        ; go set up for first element
0028C2  1               LAB_21C4
0028C2  1  E4 A5                CPX     Nbendh          ; compare with start of next array high byte
0028C4  1  D0 04                BNE     LAB_21CC        ; branch if <> (go do this array)
0028C6  1               
0028C6  1  C5 A4                CMP     Nbendl          ; else compare element pointer low byte with next array
0028C8  1               ; low byte
0028C8  1  F0 CD                LBEQ    LAB_218F        ; if equal then go do next array
0028CA  1               
0028CA  1               LAB_21CC
0028CA  1  20 D5 28             JSR     LAB_21D7        ; go defrag array strings
0028CD  1  F0 F3                BEQ     LAB_21C4        ; go do next array string (loop always)
0028CF  1               
0028CF  1               ; defrag string variables
0028CF  1               ; enter with XA = variable pointer
0028CF  1               ; return with XA = next variable pointer
0028CF  1               
0028CF  1               LAB_21D1
0028CF  1  C8                   INY                     ; increment index (Y was $00)
0028D0  1  B1 71                LDA     (ut1_pl),Y      ; get var name byte 2
0028D2  1  10 30                BPL     LAB_2206        ; if not string, step pointer to next var and return
0028D4  1               
0028D4  1  C8                   INY                     ; else increment index
0028D5  1               LAB_21D7
0028D5  1  B1 71                LDA     (ut1_pl),Y      ; get string length
0028D7  1  F0 2B                BEQ     LAB_2206        ; if null, step pointer to next string and return
0028D9  1               
0028D9  1  C8                   INY                     ; else increment index
0028DA  1  B1 71                LDA     (ut1_pl),Y      ; get string pointer low byte
0028DC  1  AA                   TAX                     ; copy to X
0028DD  1  C8                   INY                     ; increment index
0028DE  1  B1 71                LDA     (ut1_pl),Y      ; get string pointer high byte
0028E0  1  C5 82                CMP     Sstorh          ; compare bottom of string space high byte
0028E2  1  90 06                BCC     LAB_21EC        ; branch if less
0028E4  1               
0028E4  1  D0 1E                BNE     LAB_2206        ; if greater, step pointer to next string and return
0028E6  1               
0028E6  1               ; high bytes were = so compare low bytes
0028E6  1  E4 81                CPX     Sstorl          ; compare bottom of string space low byte
0028E8  1  B0 1A                BCS     LAB_2206        ; if >=, step pointer to next string and return
0028EA  1               
0028EA  1               ; string pointer is < string storage pointer (pos in mem)
0028EA  1               LAB_21EC
0028EA  1  C5 AB                CMP     Histrh          ; compare to highest string high byte
0028EC  1  90 17                BCC     LAB_2207        ; if <, step pointer to next string and return
0028EE  1               
0028EE  1  D0 04                BNE     LAB_21F6        ; if > update pointers, step to next and return
0028F0  1               
0028F0  1               ; high bytes were = so compare low bytes
0028F0  1  E4 AA                CPX     Histrl          ; compare to highest string low byte
0028F2  1  90 11                BCC     LAB_2207        ; if <, step pointer to next string and return
0028F4  1               
0028F4  1               ; string is in string memory space
0028F4  1               LAB_21F6
0028F4  1  86 AA                STX     Histrl          ; save as new highest string low byte
0028F6  1  85 AB                STA     Histrh          ; save as new highest string high byte
0028F8  1  A5 71                LDA     ut1_pl          ; get start of vars(descriptors) low byte
0028FA  1  A6 72                LDX     ut1_ph          ; get start of vars(descriptors) high byte
0028FC  1  85 9C                STA     garb_l          ; save as working pointer low byte
0028FE  1  86 9D                STX     garb_h          ; save as working pointer high byte
002900  1  88                   DEY                     ; decrement index DIFFERS
002901  1  88                   DEY                     ; decrement index (should point to descriptor start)
002902  1  84 A2                STY     g_indx          ; save index pointer
002904  1               
002904  1               ; step pointer to next string
002904  1               LAB_2206
002904  1  18                   CLC                     ; clear carry for add
002905  1               LAB_2207
002905  1  A5 A0                LDA     g_step          ; get step size
002907  1               LAB_2208
002907  1  65 71                ADC     ut1_pl          ; add pointer low byte
002909  1  85 71                STA     ut1_pl          ; save pointer low byte
00290B  1  90 02                BCC     LAB_2211        ; branch if no overflow
00290D  1               
00290D  1  E6 72                INC     ut1_ph          ; else increment high byte
00290F  1               LAB_2211
00290F  1  A6 72                LDX     ut1_ph          ; get pointer high byte
002911  1  A0 00                LDY     #$00            ; clear Y
002913  1  60                   RTS
002914  1               
002914  1               ; search complete, now either exit or set-up and move string
002914  1               
002914  1               LAB_2216
002914  1  C6 A0                DEC     g_step          ; decrement step size (now $03 for descriptor stack)
002916  1  A6 9D                LDX     garb_h          ; get string to move high byte
002918  1  F0 F5                BEQ     LAB_2211        ; exit if nothing to move
00291A  1               
00291A  1  A4 A2                LDY     g_indx          ; get index byte back (points to descriptor)
00291C  1  18                   CLC                     ; clear carry for add
00291D  1  B1 9C                LDAINDIRECTY garb_l     ; get string length
00291F  1  65 AA                ADC     Histrl          ; add highest string low byte
002921  1  85 A6                STA     Obendl          ; save old block end low pointer
002923  1  A5 AB                LDA     Histrh          ; get highest string high byte
002925  1  69 00                ADC     #$00            ; add any carry
002927  1  85 A7                STA     Obendh          ; save old block end high byte
002929  1  A5 81                LDA     Sstorl          ; get bottom of string space low byte
00292B  1  A6 82                LDX     Sstorh          ; get bottom of string space high byte
00292D  1  85 A4                STA     Nbendl          ; save new block end low byte
00292F  1  86 A5                STX     Nbendh          ; save new block end high byte
002931  1  20 4A 17             JSR     LAB_11D6        ; open up space in memory, don't set array end
002934  1  A4 A2                LDY     g_indx          ; get index byte
002936  1  C8                   INY                     ; point to descriptor low byte
002937  1  A5 A4                LDA     Nbendl          ; get string pointer low byte
002939  1  91 9C                STAINDIRECTY garb_l     ; save new string pointer low byte
00293B  1  AA                   TAX                     ; copy string pointer low byte
00293C  1  E6 A5                INC     Nbendh          ; correct high byte (move sets high byte -1)
00293E  1  A5 A5                LDA     Nbendh          ; get new string pointer high byte
002940  1  C8                   INY                     ; point to descriptor high byte
002941  1  91 9C                STAINDIRECTY garb_l     ; save new string pointer high byte
002943  1  4C 55 28             JMP     LAB_214B        ; re-run routine from last ending
002946  1               ; (but don't collect this string)
002946  1               
002946  1               ; concatenate
002946  1               ; add strings, string 1 is in descriptor des_pl, string 2 is in line
002946  1               
002946  1               LAB_224D
002946  1  A5 AF                LDA     des_ph          ; get descriptor pointer high byte
002948  1  48                   PHA                     ; put on stack
002949  1  A5 AE                LDA     des_pl          ; get descriptor pointer low byte
00294B  1  48                   PHA                     ; put on stack
00294C  1  20 3B 22             JSR     LAB_GVAL        ; get value from line
00294F  1  20 40 21             JSR     LAB_CTST        ; check if source is string, else do type mismatch
002952  1  68                   PLA                     ; get descriptor pointer low byte back
002953  1  85 B8                STA     ssptr_l         ; set pointer low byte
002955  1  68                   PLA                     ; get descriptor pointer high byte back
002956  1  85 B9                STA     ssptr_h         ; set pointer high byte
002958  1  A0 00                LDY     #$00            ; clear index
00295A  1  B1 B8                LDAINDIRECTY ssptr_l    ; get length_1 from descriptor
00295C  1  18                   CLC                     ; clear carry for add
00295D  1  71 AE                ADCINDIRECTY des_pl     ; add length_2
00295F  1  90 05                BCC     LAB_226D        ; branch if no overflow
002961  1               
002961  1  A2 1A                LDX     #$1A            ; else set error code $1A ("String too long" error)
002963  1  4C BE 17             JMP     LAB_XERR        ; do error #X, then warm start
002966  1               
002966  1               LAB_226D
002966  1  20 A2 27             JSR     LAB_209C        ; copy des_pl/h to des_2l/h and make string space A bytes
002969  1               ; long
002969  1  20 83 29             JSR     LAB_228A        ; copy string from descriptor (sdescr) to (Sutill)
00296C  1  A5 9E                LDA     des_2l          ; get descriptor pointer low byte
00296E  1  A4 9F                LDY     des_2h          ; get descriptor pointer high byte
002970  1  20 B4 29             JSR     LAB_22BA        ; pop (YA) descriptor off stack or from top of string space
002973  1               ; returns with A = length, ut1_pl = pointer low byte,
002973  1               ; ut1_ph = pointer high byte
002973  1  20 95 29             JSR     LAB_229C        ; store string A bytes long from (ut1_pl) to (Sutill)
002976  1  A5 B8                LDA     ssptr_l         ;.set descriptor pointer low byte
002978  1  A4 B9                LDY     ssptr_h         ;.set descriptor pointer high byte
00297A  1  20 B4 29             JSR     LAB_22BA        ; pop (YA) descriptor off stack or from top of string space
00297D  1               ; returns with A = length, X=ut1_pl=pointer low byte,
00297D  1               ; Y=ut1_ph=pointer high byte
00297D  1  20 F7 27             JSR     LAB_RTST        ; check for space on descriptor stack then put string
002980  1               ; address and length on descriptor stack and update stack
002980  1               ; pointers
002980  1  4C 66 21             JMP     LAB_1ADB        ;.continue evaluation
002983  1               
002983  1               ; copy string from descriptor (sdescr) to (Sutill)
002983  1               
002983  1               LAB_228A
002983  1  A0 00                LDY     #$00            ; clear index
002985  1  B1 B8                LDAINDIRECTY sdescr     ; get string length
002987  1  48                   PHA                     ; save on stack
002988  1  C8                   INY                     ; increment index
002989  1  B1 B8                LDAINDIRECTY sdescr     ; get source string pointer low byte
00298B  1  AA                   TAX                     ; copy to X
00298C  1  C8                   INY                     ; increment index
00298D  1  B1 B8                LDAINDIRECTY sdescr     ; get source string pointer high byte
00298F  1  A8                   TAY                     ; copy to Y
002990  1  68                   PLA                     ; get length back
002991  1               
002991  1               ; store string A bytes long from YX to (Sutill)
002991  1               
002991  1               LAB_2298
002991  1  86 71                STX     ut1_pl          ; save source string pointer low byte
002993  1  84 72                STY     ut1_ph          ; save source string pointer high byte
002995  1               
002995  1               ; store string A bytes long from (ut1_pl) to (Sutill)
002995  1               
002995  1               LAB_229C
002995  1  AA                   TAX                     ; copy length to index (don't count with Y)
002996  1  F0 14                BEQ     LAB_22B2        ; branch if = $0 (null string) no need to add zero length
002998  1               
002998  1  A0 00                LDY     #$00            ; zero pointer (copy forward)
00299A  1               LAB_22A0
00299A  1  B1 71                LDAINDIRECTY ut1_pl     ; get source byte
00299C  1  91 83                STAINDIRECTY Sutill     ; save destination byte
00299E  1               
00299E  1  C8                   INY                     ; increment index
00299F  1  CA                   DEX                     ; decrement counter
0029A0  1  D0 F8                BNE     LAB_22A0        ; loop while <> 0
0029A2  1               
0029A2  1  98                   TYA                     ; restore length from Y
0029A3  1               LAB_22A9
0029A3  1  18                   CLC                     ; clear carry for add
0029A4  1  65 83                ADC     Sutill          ; add string utility ptr low byte
0029A6  1  85 83                STA     Sutill          ; save string utility ptr low byte
0029A8  1  90 02                BCC     LAB_22B2        ; branch if no carry
0029AA  1               
0029AA  1  E6 84                INC     Sutilh          ; else increment string utility ptr high byte
0029AC  1               LAB_22B2
0029AC  1  60                   RTS
0029AD  1               
0029AD  1               ; evaluate string
0029AD  1               
0029AD  1               LAB_EVST
0029AD  1  20 40 21             JSR     LAB_CTST        ; check if source is string, else do type mismatch
0029B0  1               
0029B0  1               ; pop string off descriptor stack, or from top of string space
0029B0  1               ; returns with A = length, X=pointer low byte, Y=pointer high byte
0029B0  1               
0029B0  1               LAB_22B6
0029B0  1  A5 AE                LDA     des_pl          ; get descriptor pointer low byte
0029B2  1  A4 AF                LDY     des_ph          ; get descriptor pointer high byte
0029B4  1               
0029B4  1               ; pop (YA) descriptor off stack or from top of string space
0029B4  1               ; returns with A = length, X=ut1_pl=pointer low byte, Y=ut1_ph=pointer high byte
0029B4  1               
0029B4  1               LAB_22BA
0029B4  1  85 71                STA     ut1_pl          ; save descriptor pointer low byte
0029B6  1  84 72                STY     ut1_ph          ; save descriptor pointer high byte
0029B8  1  20 E5 29             JSR     LAB_22EB        ; clean descriptor stack, YA = pointer
0029BB  1  08                   PHP                     ; save status flags
0029BC  1  A0 00                LDY     #$00            ; clear index
0029BE  1  B1 71                LDAINDIRECTY ut1_pl     ; get length from string descriptor
0029C0  1  48                   PHA                     ; put on stack
0029C1  1  C8                   INY                     ; increment index
0029C2  1  B1 71                LDAINDIRECTY ut1_pl     ; get string pointer low byte from descriptor
0029C4  1  AA                   TAX                     ; copy to X
0029C5  1  C8                   INY                     ; increment index
0029C6  1  B1 71                LDAINDIRECTY ut1_pl     ; get string pointer high byte from descriptor
0029C8  1  A8                   TAY                     ; copy to Y
0029C9  1  68                   PLA                     ; get string length back
0029CA  1  28                   PLP                     ; restore status
0029CB  1  D0 13                BNE     LAB_22E6        ; branch if pointer <> last_sl,last_sh
0029CD  1               
0029CD  1  C4 82                CPY     Sstorh          ; compare bottom of string space high byte
0029CF  1  D0 0F                BNE     LAB_22E6        ; branch if <>
0029D1  1               
0029D1  1  E4 81                CPX     Sstorl          ; else compare bottom of string space low byte
0029D3  1  D0 0B                BNE     LAB_22E6        ; branch if <>
0029D5  1               
0029D5  1  48                   PHA                     ; save string length
0029D6  1  18                   CLC                     ; clear carry for add
0029D7  1  65 81                ADC     Sstorl          ; add bottom of string space low byte
0029D9  1  85 81                STA     Sstorl          ; save bottom of string space low byte
0029DB  1  90 02                BCC     LAB_22E5        ; skip increment if no overflow
0029DD  1               
0029DD  1  E6 82                INC     Sstorh          ; increment bottom of string space high byte
0029DF  1               LAB_22E5
0029DF  1  68                   PLA                     ; restore string length
0029E0  1               LAB_22E6
0029E0  1  86 71                STX     ut1_pl          ; save string pointer low byte
0029E2  1  84 72                STY     ut1_ph          ; save string pointer high byte
0029E4  1  60                   RTS
0029E5  1               
0029E5  1               ; clean descriptor stack, YA = pointer
0029E5  1               ; checks if AY is on the descriptor stack, if so does a stack discard
0029E5  1               
0029E5  1               LAB_22EB
0029E5  1  C4 67                CPY     last_sh         ; compare pointer high byte
0029E7  1  D0 0C                BNE     LAB_22FB        ; exit if <>
0029E9  1               
0029E9  1  C5 66                CMP     last_sl         ; compare pointer low byte
0029EB  1  D0 08                BNE     LAB_22FB        ; exit if <>
0029ED  1               
0029ED  1  85 65                STA     next_s          ; save descriptor stack pointer
0029EF  1  E9 03                SBC     #$03            ; -3
0029F1  1  85 66                STA     last_sl         ; save low byte -3
0029F3  1  A0 00                LDY     #$00            ; clear high byte
0029F5  1               LAB_22FB
0029F5  1  60                   RTS
0029F6  1               
0029F6  1               ; perform CHR$()
0029F6  1               
0029F6  1               LAB_CHRS
0029F6  1  20 01 2B             JSR     LAB_EVBY        ; evaluate byte expression, result in X
0029F9  1  8A                   TXA                     ; copy to A
0029FA  1  48                   PHA                     ; save character
0029FB  1  A9 01                LDA     #$01            ; string is single byte
0029FD  1  20 AA 27             JSR     LAB_MSSP        ; make string space A bytes long A=$AC=length,
002A00  1               ; X=$AD=Sutill=ptr low byte, Y=$AE=Sutilh=ptr high byte
002A00  1  68                   PLA                     ; get character back
002A01  1  A0 00                LDY     #$00            ; clear index
002A03  1  91 AD                STAINDIRECTY str_pl     ; save byte in string (byte IS string!)
002A05  1  4C F7 27             JMP     LAB_RTST        ; check for space on descriptor stack then put string
002A08  1               ; address and length on descriptor stack and update stack
002A08  1               ; pointers
002A08  1               
002A08  1               ; perform LEFT$()
002A08  1               
002A08  1               LAB_LEFT
002A08  1  48                   PHA                     ; push byte parameter
002A09  1  20 69 2A             JSR     LAB_236F        ; pull string data and byte parameter from stack
002A0C  1               ; return pointer in des_2l/h, byte in A (and X), Y=0
002A0C  1  D1 9E                CMPINDIRECTY des_2l     ; compare byte parameter with string length
002A0E  1  98                   TYA                     ; clear A
002A0F  1  F0 09                BEQ     LAB_2316        ; go do string copy (branch always)
002A11  1               
002A11  1               ; perform RIGHT$()
002A11  1               
002A11  1               LAB_RIGHT
002A11  1  48                   PHA                     ; push byte parameter
002A12  1  20 69 2A             JSR     LAB_236F        ; pull string data and byte parameter from stack
002A15  1               ; return pointer in des_2l/h, byte in A (and X), Y=0
002A15  1                       .IFDEF  DUODYNE
002A15  1                       FETCHINDIRECTY des_2l   ; subtract string length
002A15  1                       CLC                     ; clear carry for add-1
002A15  1                       SBC     <TMPFLG         ; REDO SBC WITH CARRY CLEARED (ARTIFACT FROM 816 CONVERSION)
002A15  1                       .ELSE
002A15  1  18                   CLC                     ; clear carry for add-1
002A16  1  F1 9E                SBC     (des_2l),Y      ; subtract string length
002A18  1                       .ENDIF
002A18  1  49 FF                EOR     #$FF            ; invert it (A=LEN(expression$)-l)
002A1A  1               
002A1A  1               LAB_2316
002A1A  1  90 04                BCC     LAB_231C        ; branch if string length > byte parameter
002A1C  1               
002A1C  1  B1 9E                LDAINDIRECTY des_2l     ; else make parameter = length
002A1E  1  AA                   TAX                     ; copy to byte parameter copy
002A1F  1  98                   TYA                     ; clear string start offset
002A20  1               LAB_231C
002A20  1  48                   PHA                     ; save string start offset
002A21  1               LAB_231D
002A21  1  8A                   TXA                     ; copy byte parameter (or string length if <)
002A22  1               LAB_231E
002A22  1  48                   PHA                     ; save string length
002A23  1  20 AA 27             JSR     LAB_MSSP        ; make string space A bytes long A=$AC=length,
002A26  1               ; X=$AD=Sutill=ptr low byte, Y=$AE=Sutilh=ptr high byte
002A26  1  A5 9E                LDA     des_2l          ; get descriptor pointer low byte
002A28  1  A4 9F                LDY     des_2h          ; get descriptor pointer high byte
002A2A  1  20 B4 29             JSR     LAB_22BA        ; pop (YA) descriptor off stack or from top of string space
002A2D  1               ; returns with A = length, X=ut1_pl=pointer low byte,
002A2D  1               ; Y=ut1_ph=pointer high byte
002A2D  1  68                   PLA                     ; get string length back
002A2E  1  A8                   TAY                     ; copy length to Y
002A2F  1  68                   PLA                     ; get string start offset back
002A30  1  18                   CLC                     ; clear carry for add
002A31  1  65 71                ADC     ut1_pl          ; add start offset to string start pointer low byte
002A33  1  85 71                STA     ut1_pl          ; save string start pointer low byte
002A35  1  90 02                BCC     LAB_2335        ; branch if no overflow
002A37  1               
002A37  1  E6 72                INC     ut1_ph          ; else increment string start pointer high byte
002A39  1               LAB_2335
002A39  1  98                   TYA                     ; copy length to A
002A3A  1  20 95 29             JSR     LAB_229C        ; store string A bytes long from (ut1_pl) to (Sutill)
002A3D  1  4C F7 27             JMP     LAB_RTST        ; check for space on descriptor stack then put string
002A40  1               ; address and length on descriptor stack and update stack
002A40  1               ; pointers
002A40  1               
002A40  1               ; perform MID$()
002A40  1               
002A40  1               LAB_MIDS
002A40  1  48                   PHA                     ; push byte parameter
002A41  1  A9 FF                LDA     #$FF            ; set default length = 255
002A43  1  85 AF                STA     mids_l          ; save default length
002A45  1                       .IFDEF  DUODYNE
002A45  1                       JSL     LAB_GBYT        ; scan memory
002A45  1                       .ELSE
002A45  1  20 C2 00             JSR     LAB_GBYT        ; scan memory
002A48  1                       .ENDIF
002A48  1               
002A48  1  C9 29                CMP     #')'            ; compare with ")"
002A4A  1  F0 06                BEQ     LAB_2358        ; branch if = ")" (skip second byte get)
002A4C  1               
002A4C  1  20 6D 22             JSR     LAB_1C01        ; scan for "," , else do syntax error then warm start
002A4F  1  20 FE 2A             JSR     LAB_GTBY        ; get byte parameter (use copy in mids_l)
002A52  1               LAB_2358
002A52  1  20 69 2A             JSR     LAB_236F        ; pull string data and byte parameter from stack
002A55  1               ; return pointer in des_2l/h, byte in A (and X), Y=0
002A55  1  CA                   DEX                     ; decrement start index
002A56  1  8A                   TXA                     ; copy to A
002A57  1  48                   PHA                     ; save string start offset
002A58  1                       .IFDEF  DUODYNE
002A58  1                       FETCHINDIRECTY des_2l
002A58  1                       CLC                     ; clear carry for sub-1
002A58  1                       LDX     #$00            ; clear output string length
002A58  1                       SBC     <TMPFLG         ; subtract string length
002A58  1                       .ELSE
002A58  1  18                   CLC                     ; clear carry for sub-1
002A59  1  A2 00                LDX     #$00            ; clear output string length
002A5B  1  F1 9E                SBC     (des_2l),Y      ; subtract string length
002A5D  1                       .ENDIF
002A5D  1  B0 C2                BCS     LAB_231D        ; if start>string length go do null string
002A5F  1               
002A5F  1  49 FF                EOR     #$FF            ; complement -length
002A61  1  C5 AF                CMP     mids_l          ; compare byte parameter
002A63  1  90 BD                BCC     LAB_231E        ; if length>remaining string go do RIGHT$
002A65  1               
002A65  1  A5 AF                LDA     mids_l          ; get length byte
002A67  1  B0 B9                BCS     LAB_231E        ; go do string copy (branch always)
002A69  1               
002A69  1               ; pull string data and byte parameter from stack
002A69  1               ; return pointer in des_2l/h, byte in A (and X), Y=0
002A69  1               
002A69  1               LAB_236F
002A69  1  20 5D 22             JSR     LAB_1BFB        ; scan for ")" , else do syntax error then warm start
002A6C  1  68                   PLA                     ; pull return address low byte (return address)
002A6D  1  85 A2                STA     Fnxjpl          ; save functions jump vector low byte
002A6F  1  68                   PLA                     ; pull return address high byte (return address)
002A70  1  85 A3                STA     Fnxjph          ; save functions jump vector high byte
002A72  1  68                   PLA                     ; pull byte parameter
002A73  1  AA                   TAX                     ; copy byte parameter to X
002A74  1  68                   PLA                     ; pull string pointer low byte
002A75  1  85 9E                STA     des_2l          ; save it
002A77  1  68                   PLA                     ; pull string pointer high byte
002A78  1  85 9F                STA     des_2h          ; save it
002A7A  1  A0 00                LDY     #$00            ; clear index
002A7C  1  8A                   TXA                     ; copy byte parameter
002A7D  1  F0 79                LBEQ    LAB_23A8        ; if null do function call error then warm start
002A7F  1               
002A7F  1  E6 A2                INC     Fnxjpl          ; increment function jump vector low byte
002A81  1               ; (JSR pushes return addr-1. this is all very nice
002A81  1               ; but will go tits up if either call is on a page
002A81  1               ; boundary!)
002A81  1  6C A2 00             JMP     (Fnxjpl)        ; in effect, RTS
002A84  1               
002A84  1               
002A84  1               ; perform LCASE$()
002A84  1               
002A84  1               LAB_LCASE
002A84  1  20 AD 29             JSR     LAB_EVST        ; evaluate string
002A87  1  85 AC                STA     str_ln          ; set string length
002A89  1  A8                   TAY                     ; copy length to Y
002A8A  1  F0 38                LBEQ    NoString        ; branch if null string
002A8C  1               
002A8C  1  20 AA 27             JSR     LAB_MSSP        ; make string space A bytes long A=length,
002A8F  1               ; X=Sutill=ptr low byte, Y=Sutilh=ptr high byte
002A8F  1  86 AD                STX     str_pl          ; save string pointer low byte
002A91  1  84 AE                STY     str_ph          ; save string pointer high byte
002A93  1  A8                   TAY                     ; get string length back
002A94  1               
002A94  1               LC_loop
002A94  1  88                   DEY                     ; decrement index
002A95  1  B1 71                LDAINDIRECTY ut1_pl     ; get byte from string
002A97  1  20 92 24             JSR     LAB_1D82        ; is character "A" to "Z"
002A9A  1  90 02                BCC     NoUcase         ; branch if not upper case alpha
002A9C  1               
002A9C  1  09 20                ORA     #$20            ; convert upper to lower case
002A9E  1               NoUcase
002A9E  1  91 83                STAINDIRECTY Sutill     ; save byte back to string
002AA0  1  98                   TYA                     ; test index
002AA1  1  D0 F1                BNE     LC_loop         ; loop if not all done
002AA3  1               
002AA3  1  F0 1F                BEQ     NoString        ; tidy up and exit, branch always
002AA5  1               
002AA5  1               ; perform UCASE$()
002AA5  1               
002AA5  1               LAB_UCASE
002AA5  1  20 AD 29             JSR     LAB_EVST        ; evaluate string
002AA8  1  85 AC                STA     str_ln          ; set string length
002AAA  1  A8                   TAY                     ; copy length to Y
002AAB  1  F0 17                BEQ     NoString        ; branch if null string
002AAD  1               
002AAD  1  20 AA 27             JSR     LAB_MSSP        ; make string space A bytes long A=length,
002AB0  1               ; X=Sutill=ptr low byte, Y=Sutilh=ptr high byte
002AB0  1  86 AD                STX     str_pl          ; save string pointer low byte
002AB2  1  84 AE                STY     str_ph          ; save string pointer high byte
002AB4  1  A8                   TAY                     ; get string length back
002AB5  1               
002AB5  1               UC_loop
002AB5  1  88                   DEY                     ; decrement index
002AB6  1  B1 71                LDAINDIRECTY ut1_pl     ; get byte from string
002AB8  1  20 8E 24             JSR     LAB_CASC        ; is character "a" to "z" (or "A" to "Z")
002ABB  1  90 02                BCC     NoLcase         ; branch if not alpha
002ABD  1               
002ABD  1  29 DF                AND     #$DF            ; convert lower to upper case
002ABF  1               NoLcase
002ABF  1  91 83                STAINDIRECTY Sutill     ; save byte back to string
002AC1  1  98                   TYA                     ; test index
002AC2  1  D0 F1                BNE     UC_loop         ; loop if not all done
002AC4  1               
002AC4  1               NoString
002AC4  1  4C F7 27             JMP     LAB_RTST        ; check for space on descriptor stack then put string
002AC7  1               ; address and length on descriptor stack and update stack
002AC7  1               ; pointers
002AC7  1               
002AC7  1               ; perform SADD()
002AC7  1               
002AC7  1               LAB_SADD
002AC7  1                       .IFDEF  DUODYNE
002AC7  1                       JSL     LAB_IGBY        ; increment and scan memory
002AC7  1                       .ELSE
002AC7  1  20 BC 00             JSR     LAB_IGBY        ; increment and scan memory
002ACA  1                       .ENDIF
002ACA  1               
002ACA  1  20 1A 24             JSR     LAB_GVAR        ; get var address
002ACD  1               
002ACD  1  20 5D 22             JSR     LAB_1BFB        ; scan for ")", else do syntax error then warm start
002AD0  1  20 40 21             JSR     LAB_CTST        ; check if source is string, else do type mismatch
002AD3  1               
002AD3  1  A0 02                LDY     #$02            ; index to string pointer high byte
002AD5  1  B1 95                LDAINDIRECTY Cvaral     ; get string pointer high byte
002AD7  1  AA                   TAX                     ; copy string pointer high byte to X
002AD8  1  88                   DEY                     ; index to string pointer low byte
002AD9  1  B1 95                LDAINDIRECTY Cvaral     ; get string pointer low byte
002ADB  1  A8                   TAY                     ; copy string pointer low byte to Y
002ADC  1  8A                   TXA                     ; copy string pointer high byte to A
002ADD  1  4C C9 26             JMP     LAB_AYFC        ; save and convert integer AY to FAC1 and return
002AE0  1               
002AE0  1               ; perform LEN()
002AE0  1               
002AE0  1               LAB_LENS
002AE0  1  20 E6 2A             JSR     LAB_ESGL        ; evaluate string, get length in A (and Y)
002AE3  1  4C D6 26             JMP     LAB_1FD0        ; convert Y to byte in FAC1 and return
002AE6  1               
002AE6  1               ; evaluate string, get length in Y
002AE6  1               
002AE6  1               LAB_ESGL
002AE6  1  20 AD 29             JSR     LAB_EVST        ; evaluate string
002AE9  1  A8                   TAY                     ; copy length to Y
002AEA  1  60                   RTS
002AEB  1               
002AEB  1               ; perform ASC()
002AEB  1               
002AEB  1               LAB_ASC
002AEB  1  20 E6 2A             JSR     LAB_ESGL        ; evaluate string, get length in A (and Y)
002AEE  1  F0 08                BEQ     LAB_23A8        ; if null do function call error then warm start
002AF0  1               
002AF0  1  A0 00                LDY     #$00            ; set index to first character
002AF2  1  B1 71                LDAINDIRECTY ut1_pl     ; get byte
002AF4  1  A8                   TAY                     ; copy to Y
002AF5  1  4C D6 26             JMP     LAB_1FD0        ; convert Y to byte in FAC1 and return
002AF8  1               
002AF8  1               ; do function call error then warm start
002AF8  1               
002AF8  1               LAB_23A8
002AF8  1  4C 99 25             JMP     LAB_FCER        ; do function call error then warm start
002AFB  1               
002AFB  1               ; scan and get byte parameter
002AFB  1               
002AFB  1               LAB_SGBY
002AFB  1                       .IFDEF  DUODYNE
002AFB  1                       JSL     LAB_IGBY        ; increment and scan memory
002AFB  1                       .ELSE
002AFB  1  20 BC 00             JSR     LAB_IGBY        ; increment and scan memory
002AFE  1                       .ENDIF
002AFE  1               
002AFE  1               
002AFE  1               ; get byte parameter
002AFE  1               
002AFE  1               LAB_GTBY
002AFE  1  20 3B 21             JSR     LAB_EVNM        ; evaluate expression and check is numeric,
002B01  1               ; else do type mismatch
002B01  1               
002B01  1               ; evaluate byte expression, result in X
002B01  1               
002B01  1               LAB_EVBY
002B01  1  20 12 25             JSR     LAB_EVPI        ; evaluate integer expression (no check)
002B04  1               
002B04  1  A4 AE                LDY     FAC1_2          ; get FAC1 mantissa2
002B06  1  D0 F0                BNE     LAB_23A8        ; if top byte <> 0 do function call error then warm start
002B08  1               
002B08  1  A6 AF                LDX     FAC1_3          ; get FAC1 mantissa3
002B0A  1                       .IFDEF  DUODYNE
002B0A  1                       JSL     LAB_GBYT        ; scan memory
002B0A  1                       .ELSE
002B0A  1  20 C2 00             JSR     LAB_GBYT        ; scan memory
002B0D  1                       .ENDIF
002B0D  1  60                   RTS
002B0E  1               
002B0E  1               ; perform VAL()
002B0E  1               
002B0E  1               LAB_VAL
002B0E  1  20 E6 2A             JSR     LAB_ESGL        ; evaluate string, get length in A (and Y)
002B11  1  D0 03                BNE     LAB_23C5        ; branch if not null string
002B13  1               
002B13  1               ; string was null so set result = $00
002B13  1  4C CA 2C             JMP     LAB_24F1        ; clear FAC1 exponent and sign and return
002B16  1               
002B16  1               LAB_23C5
002B16  1  A6 C3                LDX     Bpntrl          ; get BASIC execute pointer low byte
002B18  1  A4 C4                LDY     Bpntrh          ; get BASIC execute pointer high byte
002B1A  1  86 BA                STX     Btmpl           ; save BASIC execute pointer low byte
002B1C  1  84 BB                STY     Btmph           ; save BASIC execute pointer high byte
002B1E  1  A6 71                LDX     ut1_pl          ; get string pointer low byte
002B20  1  86 C3                STX     Bpntrl          ; save as BASIC execute pointer low byte
002B22  1  18                   CLC                     ; clear carry
002B23  1  65 71                ADC     ut1_pl          ; add string length
002B25  1  85 73                STA     ut2_pl          ; save string end low byte
002B27  1  A5 72                LDA     ut1_ph          ; get string pointer high byte
002B29  1  85 C4                STA     Bpntrh          ; save as BASIC execute pointer high byte
002B2B  1  69 00                ADC     #$00            ; add carry to high byte
002B2D  1  85 74                STA     ut2_ph          ; save string end high byte
002B2F  1  A0 00                LDY     #$00            ; set index to $00
002B31  1  B1 73                LDAINDIRECTY ut2_pl     ; get string end +1 byte
002B33  1  48                   PHA                     ; push it
002B34  1  98                   TYA                     ; clear A
002B35  1  91 73                STAINDIRECTY ut2_pl     ; terminate string with $00
002B37  1                       .IFDEF  DUODYNE
002B37  1                       JSL     LAB_GBYT        ; scan memory
002B37  1                       .ELSE
002B37  1  20 C2 00             JSR     LAB_GBYT        ; scan memory
002B3A  1                       .ENDIF
002B3A  1               
002B3A  1  20 20 30             JSR     LAB_2887        ; get FAC1 from string
002B3D  1  68                   PLA                     ; restore string end +1 byte
002B3E  1  A0 00                LDY     #$00            ; set index to zero
002B40  1  91 73                STAINDIRECTY ut2_pl     ; put string end byte back
002B42  1               
002B42  1               ; restore BASIC execute pointer from temp (Btmpl/Btmph)
002B42  1               
002B42  1               LAB_23F3
002B42  1  A6 BA                LDX     Btmpl           ; get BASIC execute pointer low byte back
002B44  1  A4 BB                LDY     Btmph           ; get BASIC execute pointer high byte back
002B46  1  86 C3                STX     Bpntrl          ; save BASIC execute pointer low byte
002B48  1  84 C4                STY     Bpntrh          ; save BASIC execute pointer high byte
002B4A  1  60                   RTS
002B4B  1               
002B4B  1               ; get two parameters for POKE or WAIT
002B4B  1               
002B4B  1               LAB_GADB
002B4B  1  20 3B 21             JSR     LAB_EVNM        ; evaluate expression and check is numeric,
002B4E  1               ; else do type mismatch
002B4E  1  20 64 2B             JSR     LAB_F2FX        ; save integer part of FAC1 in temporary integer
002B51  1               
002B51  1               ; scan for "," and get byte, else do Syntax error then warm start
002B51  1               
002B51  1               LAB_SCGB
002B51  1  20 6D 22             JSR     LAB_1C01        ; scan for "," , else do syntax error then warm start
002B54  1  A5 12                LDA     Itemph          ; save temporary integer high byte
002B56  1  48                   PHA                     ; on stack
002B57  1  A5 11                LDA     Itempl          ; save temporary integer low byte
002B59  1  48                   PHA                     ; on stack
002B5A  1  20 FE 2A             JSR     LAB_GTBY        ; get byte parameter
002B5D  1  68                   PLA                     ; pull low byte
002B5E  1  85 11                STA     Itempl          ; restore temporary integer low byte
002B60  1  68                   PLA                     ; pull high byte
002B61  1  85 12                STA     Itemph          ; restore temporary integer high byte
002B63  1  60                   RTS
002B64  1               
002B64  1               ; convert float to fixed routine. accepts any value that fits in 24 bits, +ve or
002B64  1               ; -ve and converts it into a right truncated integer in Itempl and Itemph
002B64  1               
002B64  1               ; save unsigned 16 bit integer part of FAC1 in temporary integer
002B64  1               
002B64  1               LAB_F2FX
002B64  1  A5 AC                LDA     FAC1_e          ; get FAC1 exponent
002B66  1  C9 98                CMP     #$98            ; compare with exponent = 2^24
002B68  1  B0 8E                LBCS    LAB_23A8        ; if >= do function call error then warm start
002B6A  1               
002B6A  1               LAB_F2FU
002B6A  1  20 CA 2F             JSR     LAB_2831        ; convert FAC1 floating-to-fixed
002B6D  1  A5 AE                LDA     FAC1_2          ; get FAC1 mantissa2
002B6F  1  A4 AF                LDY     FAC1_3          ; get FAC1 mantissa3
002B71  1  84 11                STY     Itempl          ; save temporary integer low byte
002B73  1  85 12                STA     Itemph          ; save temporary integer high byte
002B75  1  60                   RTS
002B76  1               
002B76  1               ; perform PEEK()
002B76  1               
002B76  1               LAB_PEEK
002B76  1  20 64 2B             JSR     LAB_F2FX        ; save integer part of FAC1 in temporary integer
002B79  1  A2 00                LDX     #$00            ; clear index
002B7B  1  A1 11                LDA     (Itempl,X)      ; get byte via temporary integer (addr)
002B7D  1  A8                   TAY                     ; copy byte to Y
002B7E  1  4C D6 26             JMP     LAB_1FD0        ; convert Y to byte in FAC1 and return
002B81  1               
002B81  1               ; perform POKE
002B81  1               
002B81  1               LAB_POKE
002B81  1  20 4B 2B             JSR     LAB_GADB        ; get two parameters for POKE or WAIT
002B84  1  8A                   TXA                     ; copy byte argument to A
002B85  1  A2 00                LDX     #$00            ; clear index
002B87  1  81 11                STA     (Itempl,X)      ; save byte via temporary integer (addr)
002B89  1  60                   RTS
002B8A  1               
002B8A  1               ; perform DEEK()
002B8A  1               
002B8A  1               LAB_DEEK
002B8A  1  20 64 2B             JSR     LAB_F2FX        ; save integer part of FAC1 in temporary integer
002B8D  1  A2 00                LDX     #$00            ; clear index
002B8F  1  A1 11                LDA     (Itempl,X)      ; PEEK low byte
002B91  1  A8                   TAY                     ; copy to Y
002B92  1  E6 11                INC     Itempl          ; increment pointer low byte
002B94  1  D0 02                BNE     Deekh           ; skip high increment if no rollover
002B96  1               
002B96  1  E6 12                INC     Itemph          ; increment pointer high byte
002B98  1               Deekh
002B98  1  A1 11                LDA     (Itempl,X)      ; PEEK high byte
002B9A  1  4C C9 26             JMP     LAB_AYFC        ; save and convert integer AY to FAC1 and return
002B9D  1               
002B9D  1               ; perform DOKE
002B9D  1               
002B9D  1               LAB_DOKE
002B9D  1  20 3B 21             JSR     LAB_EVNM        ; evaluate expression and check is numeric,
002BA0  1               ; else do type mismatch
002BA0  1  20 64 2B             JSR     LAB_F2FX        ; convert floating-to-fixed
002BA3  1               
002BA3  1  84 97                STY     Frnxtl          ; save pointer low byte (float to fixed returns word in AY)
002BA5  1  85 98                STA     Frnxth          ; save pointer high byte
002BA7  1               
002BA7  1  20 6D 22             JSR     LAB_1C01        ; scan for "," , else do syntax error then warm start
002BAA  1  20 3B 21             JSR     LAB_EVNM        ; evaluate expression and check is numeric,
002BAD  1               ; else do type mismatch
002BAD  1  20 64 2B             JSR     LAB_F2FX        ; convert floating-to-fixed
002BB0  1               
002BB0  1  98                   TYA                     ; copy value low byte (float to fixed returns word in AY)
002BB1  1  A2 00                LDX     #$00            ; clear index
002BB3  1  81 97                STA     (Frnxtl,X)      ; POKE low byte
002BB5  1  E6 97                INC     Frnxtl          ; increment pointer low byte
002BB7  1  D0 02                BNE     Dokeh           ; skip high increment if no rollover
002BB9  1               
002BB9  1  E6 98                INC     Frnxth          ; increment pointer high byte
002BBB  1               Dokeh
002BBB  1  A5 12                LDA     Itemph          ; get value high byte
002BBD  1  81 97                STA     (Frnxtl,X)      ; POKE high byte
002BBF  1                       .IFDEF  DUODYNE
002BBF  1                       JSL     LAB_GBYT        ; scan memory
002BBF  1                       .ELSE
002BBF  1  20 C2 00             JSR     LAB_GBYT        ; scan memory
002BC2  1                       .ENDIF
002BC2  1  60                   RTS
002BC3  1               
002BC3  1               ; perform SWAP
002BC3  1               
002BC3  1               LAB_SWAP
002BC3  1  20 1A 24             JSR     LAB_GVAR        ; get var1 address
002BC6  1  85 97                STA     Lvarpl          ; save var1 address low byte
002BC8  1  84 98                STY     Lvarph          ; save var1 address high byte
002BCA  1  A5 5F                LDA     Dtypef          ; get data type flag, $FF=string, $00=numeric
002BCC  1  48                   PHA                     ; save data type flag
002BCD  1               
002BCD  1  20 6D 22             JSR     LAB_1C01        ; scan for "," , else do syntax error then warm start
002BD0  1  20 1A 24             JSR     LAB_GVAR        ; get var2 address (pointer in Cvaral/h)
002BD3  1  68                   PLA                     ; pull var1 data type flag
002BD4  1  45 5F                EOR     Dtypef          ; compare with var2 data type
002BD6  1  10 10                BPL     SwapErr         ; exit if not both the same type
002BD8  1               
002BD8  1  A0 03                LDY     #$03            ; four bytes to swap (either value or descriptor+1)
002BDA  1               SwapLp
002BDA  1  B1 97                LDAINDIRECTY Lvarpl     ; get byte from var1
002BDC  1  AA                   TAX                     ; save var1 byte
002BDD  1  B1 95                LDAINDIRECTY Cvaral     ; get byte from var2
002BDF  1  91 97                STAINDIRECTY Lvarpl     ; save byte to var1
002BE1  1  8A                   TXA                     ; restore var1 byte
002BE2  1  91 95                STAINDIRECTY Cvaral     ; save byte to var2
002BE4  1  88                   DEY                     ; decrement index
002BE5  1  10 F3                BPL     SwapLp          ; loop until done
002BE7  1               
002BE7  1  60                   RTS
002BE8  1               
002BE8  1               SwapErr
002BE8  1  4C 4A 21             JMP     LAB_1ABC        ; do "Type mismatch" error then warm start
002BEB  1               
002BEB  1               ; perform CALL
002BEB  1               
002BEB  1               
002BEB  1               LAB_CALL
002BEB  1  20 3B 21             JSR     LAB_EVNM        ; evaluate expression and check is numeric,
002BEE  1               ; else do type mismatch
002BEE  1  20 64 2B             JSR     LAB_F2FX        ; convert floating-to-fixed
002BF1  1  A9 2B                LDA     #>CallExit      ; set return address high byte
002BF3  1  48                   PHA                     ; put on stack
002BF4  1  A9 FE                LDA     #<CallExit-1    ; set return address low byte
002BF6  1  48                   PHA                     ; put on stack
002BF7  1  6C 11 00             JMP     (Itempl)        ; do indirect jump to user routine
002BFA  1               
002BFA  1  EA                   NOP                     ; NEEDED FOR ASSEMBLER BUG?
002BFB  1  EA                   NOP                     ; NEEDED FOR ASSEMBLER BUG?
002BFC  1  EA                   NOP                     ; NEEDED FOR ASSEMBLER BUG?
002BFD  1  EA                   NOP                     ; NEEDED FOR ASSEMBLER BUG?
002BFE  1  EA                   NOP                     ; NEEDED FOR ASSEMBLER BUG?
002BFF  1               
002BFF  1               ; if the called routine exits correctly then it will return to here. this will then get
002BFF  1               ; the next byte for the interpreter and return
002BFF  1               
002BFF  1               CallExit
002BFF  1                       .IFDEF  DUODYNE
002BFF  1                       JSL     LAB_GBYT        ; scan memory
002BFF  1                       .ELSE
002BFF  1  20 C2 00             JSR     LAB_GBYT        ; scan memory
002C02  1                       .ENDIF
002C02  1  60                   RTS
002C03  1               
002C03  1               
002C03  1               ; perform WAIT
002C03  1               
002C03  1               LAB_WAIT
002C03  1  20 4B 2B             JSR     LAB_GADB        ; get two parameters for POKE or WAIT
002C06  1  86 97                STX     Frnxtl          ; save byte
002C08  1  A2 00                LDX     #$00            ; clear mask
002C0A  1                       .IFDEF  DUODYNE
002C0A  1                       JSL     LAB_GBYT        ; scan memory
002C0A  1                       .ELSE
002C0A  1  20 C2 00             JSR     LAB_GBYT        ; scan memory
002C0D  1                       .ENDIF
002C0D  1               
002C0D  1  F0 03                BEQ     LAB_2441        ; skip if no third argument
002C0F  1               
002C0F  1  20 51 2B             JSR     LAB_SCGB        ; scan for "," and get byte, else SN error then warm start
002C12  1               LAB_2441
002C12  1  86 98                STX     Frnxth          ; save EOR argument
002C14  1               LAB_2445
002C14  1  B1 11                LDAINDIRECTY Itempl     ; get byte via temporary integer (addr)
002C16  1  45 98                EOR     Frnxth          ; EOR with second argument (mask)
002C18  1  25 97                AND     Frnxtl          ; AND with first argument (byte)
002C1A  1  F0 F8                BEQ     LAB_2445        ; loop if result is zero
002C1C  1               
002C1C  1               LAB_244D
002C1C  1  60                   RTS
002C1D  1               
002C1D  1               ; perform subtraction, FAC1 from (AY)
002C1D  1               
002C1D  1               LAB_2455
002C1D  1  20 05 2E             JSR     LAB_264D        ; unpack memory (AY) into FAC2
002C20  1               
002C20  1               ; perform subtraction, FAC1 from FAC2
002C20  1               
002C20  1               LAB_SUBTRACT
002C20  1  A5 B0                LDA     FAC1_s          ; get FAC1 sign (b7)
002C22  1  49 FF                EOR     #$FF            ; complement it
002C24  1  85 B0                STA     FAC1_s          ; save FAC1 sign (b7)
002C26  1  45 B7                EOR     FAC2_s          ; EOR with FAC2 sign (b7)
002C28  1  85 B8                STA     FAC_sc          ; save sign compare (FAC1 EOR FAC2)
002C2A  1  A5 AC                LDA     FAC1_e          ; get FAC1 exponent
002C2C  1  4C 3B 2C             JMP     LAB_ADD         ; go add FAC2 to FAC1
002C2F  1               
002C2F  1               ; perform addition
002C2F  1               
002C2F  1               LAB_2467
002C2F  1  20 54 2D             JSR     LAB_257B        ; shift FACX A times right (>8 shifts)
002C32  1  90 4D                BCC     LAB_24A8        ;.go subtract mantissas
002C34  1               
002C34  1               ; add 0.5 to FAC1
002C34  1               
002C34  1               LAB_244E
002C34  1  A9 5D                LDA     #<LAB_2A96      ; set 0.5 pointer low byte
002C36  1  A0 10                LDY     #>LAB_2A96      ; set 0.5 pointer high byte
002C38  1               
002C38  1               ; add (AY) to FAC1
002C38  1               
002C38  1               LAB_246C
002C38  1  20 05 2E             JSR     LAB_264D        ; unpack memory (AY) into FAC2
002C3B  1               
002C3B  1               ; add FAC2 to FAC1
002C3B  1               
002C3B  1               LAB_ADD
002C3B  1  D0 10                BNE     LAB_2474        ; branch if FAC1 was not zero
002C3D  1               
002C3D  1               ; copy FAC2 to FAC1
002C3D  1               
002C3D  1               LAB_279B
002C3D  1  A5 B7                LDA     FAC2_s          ; get FAC2 sign (b7)
002C3F  1               
002C3F  1               ; save FAC1 sign and copy ABS(FAC2) to FAC1
002C3F  1               
002C3F  1               LAB_279D
002C3F  1  85 B0                STA     FAC1_s          ; save FAC1 sign (b7)
002C41  1  A2 04                LDX     #$04            ; 4 bytes to copy
002C43  1               LAB_27A1
002C43  1  B5 B2                LDA     FAC1_o,X        ; get byte from FAC2,X
002C45  1  95 AB                STA     FAC1_e-1,X      ; save byte at FAC1,X
002C47  1  CA                   DEX                     ; decrement count
002C48  1  D0 F9                BNE     LAB_27A1        ; loop if not all done
002C4A  1               
002C4A  1  86 B9                STX     FAC1_r          ; clear FAC1 rounding byte
002C4C  1  60                   RTS
002C4D  1               
002C4D  1               ; FAC1 is non zero
002C4D  1               LAB_2474
002C4D  1  A6 B9                LDX     FAC1_r          ; get FAC1 rounding byte
002C4F  1  86 A3                STX     FAC2_r          ; save as FAC2 rounding byte
002C51  1  A2 B3                LDX     #FAC2_e         ; set index to FAC2 exponent addr
002C53  1  A5 B3                LDA     FAC2_e          ; get FAC2 exponent
002C55  1               LAB_247C
002C55  1  A8                   TAY                     ; copy exponent
002C56  1  F0 C4                BEQ     LAB_244D        ; exit if zero
002C58  1               
002C58  1  38                   SEC                     ; set carry for subtract
002C59  1  E5 AC                SBC     FAC1_e          ; subtract FAC1 exponent
002C5B  1  F0 24                BEQ     LAB_24A8        ; branch if = (go add mantissa)
002C5D  1               
002C5D  1  90 12                BCC     LAB_2498        ; branch if <
002C5F  1               
002C5F  1               ; FAC2>FAC1
002C5F  1  84 AC                STY     FAC1_e          ; save FAC1 exponent
002C61  1  A4 B7                LDY     FAC2_s          ; get FAC2 sign (b7)
002C63  1  84 B0                STY     FAC1_s          ; save FAC1 sign (b7)
002C65  1  49 FF                EOR     #$FF            ; complement A
002C67  1  69 00                ADC     #$00            ; +1 (twos complement, carry is set)
002C69  1  A0 00                LDY     #$00            ; clear Y
002C6B  1  84 A3                STY     FAC2_r          ; clear FAC2 rounding byte
002C6D  1  A2 AC                LDX     #FAC1_e         ; set index to FAC1 exponent addr
002C6F  1  D0 04                BNE     LAB_249C        ; branch always
002C71  1               
002C71  1               LAB_2498
002C71  1  A0 00                LDY     #$00            ; clear Y
002C73  1  84 B9                STY     FAC1_r          ; clear FAC1 rounding byte
002C75  1               LAB_249C
002C75  1  C9 F9                CMP     #$F9            ; compare exponent diff with $F9
002C77  1  30 B6                BMI     LAB_2467        ; branch if range $79-$F8
002C79  1               
002C79  1  A8                   TAY                     ; copy exponent difference to Y
002C7A  1  A5 B9                LDA     FAC1_r          ; get FAC1 rounding byte
002C7C  1  56 01                LSR     PLUS_1,X        ; shift FAC? mantissa1
002C7E  1  20 6B 2D             JSR     LAB_2592        ; shift FACX Y times right
002C81  1               
002C81  1               ; exponents are equal now do mantissa subtract
002C81  1               LAB_24A8
002C81  1  24 B8                BIT     FAC_sc          ; test sign compare (FAC1 EOR FAC2)
002C83  1  10 4C                BPL     LAB_24F8        ; if = add FAC2 mantissa to FAC1 mantissa and return
002C85  1               
002C85  1  A0 AC                LDY     #FAC1_e         ; set index to FAC1 exponent addr
002C87  1  E0 B3                CPX     #FAC2_e         ; compare X to FAC2 exponent addr
002C89  1  F0 02                BEQ     LAB_24B4        ; branch if =
002C8B  1               
002C8B  1  A0 B3                LDY     #FAC2_e         ; else set index to FAC2 exponent addr
002C8D  1               
002C8D  1               ; subtract smaller from bigger (take sign of bigger)
002C8D  1               LAB_24B4
002C8D  1  38                   SEC                     ; set carry for subtract
002C8E  1  49 FF                EOR     #$FF            ; ones complement A
002C90  1  65 A3                ADC     FAC2_r          ; add FAC2 rounding byte
002C92  1  85 B9                STA     FAC1_r          ; save FAC1 rounding byte
002C94  1                       .IFDEF  DUODYNE
002C94  1                       PHX
002C94  1                       TYX
002C94  1                       LDA     PLUS_3,X        ; get FACY mantissa3
002C94  1                       PLX
002C94  1                       .ELSE
002C94  1  B9 03 00             LDA     PLUS_3,Y        ; get FACY mantissa3
002C97  1                       .ENDIF
002C97  1  F5 03                SBC     PLUS_3,X        ; subtract FACX mantissa3
002C99  1  85 AF                STA     FAC1_3          ; save FAC1 mantissa3
002C9B  1                       .IFDEF  DUODYNE
002C9B  1                       PHX
002C9B  1                       TYX
002C9B  1                       LDA     PLUS_2,X        ; get FACY mantissa2
002C9B  1                       PLX
002C9B  1                       .ELSE
002C9B  1  B9 02 00             LDA     PLUS_2,Y        ; get FACY mantissa2
002C9E  1                       .ENDIF
002C9E  1  F5 02                SBC     PLUS_2,X        ; subtract FACX mantissa2
002CA0  1  85 AE                STA     FAC1_2          ; save FAC1 mantissa2
002CA2  1               
002CA2  1                       .IFDEF  DUODYNE
002CA2  1                       PHX
002CA2  1                       TYX
002CA2  1                       LDA     PLUS_1,X        ; get FACY mantissa1
002CA2  1                       PLX
002CA2  1                       .ELSE
002CA2  1  B9 01 00             LDA     PLUS_1,Y        ; get FACY mantissa1
002CA5  1                       .ENDIF
002CA5  1  F5 01                SBC     PLUS_1,X        ; subtract FACX mantissa1
002CA7  1  85 AD                STA     FAC1_1          ; save FAC1 mantissa1
002CA9  1               
002CA9  1               ; do ABS and normalise FAC1
002CA9  1               
002CA9  1               LAB_24D0
002CA9  1  B0 03                BCS     LAB_24D5        ; branch if number is +ve
002CAB  1               
002CAB  1  20 10 2D             JSR     LAB_2537        ; negate FAC1
002CAE  1               
002CAE  1               ; normalise FAC1
002CAE  1               
002CAE  1               LAB_24D5
002CAE  1  A0 00                LDY     #$00            ; clear Y
002CB0  1  98                   TYA                     ; clear A
002CB1  1  18                   CLC                     ; clear carry for add
002CB2  1               LAB_24D9
002CB2  1  A6 AD                LDX     FAC1_1          ; get FAC1 mantissa1
002CB4  1  D0 3E                BNE     LAB_251B        ; if not zero normalise FAC1
002CB6  1               
002CB6  1  A6 AE                LDX     FAC1_2          ; get FAC1 mantissa2
002CB8  1  86 AD                STX     FAC1_1          ; save FAC1 mantissa1
002CBA  1  A6 AF                LDX     FAC1_3          ; get FAC1 mantissa3
002CBC  1  86 AE                STX     FAC1_2          ; save FAC1 mantissa2
002CBE  1  A6 B9                LDX     FAC1_r          ; get FAC1 rounding byte
002CC0  1  86 AF                STX     FAC1_3          ; save FAC1 mantissa3
002CC2  1  84 B9                STY     FAC1_r          ; clear FAC1 rounding byte
002CC4  1  69 08                ADC     #$08            ; add x to exponent offset
002CC6  1  C9 18                CMP     #$18            ; compare with $18 (max offset, all bits would be =0)
002CC8  1  D0 E8                BNE     LAB_24D9        ; loop if not max
002CCA  1               
002CCA  1               ; clear FAC1 exponent and sign
002CCA  1               
002CCA  1               LAB_24F1
002CCA  1  A9 00                LDA     #$00            ; clear A
002CCC  1               LAB_24F3
002CCC  1  85 AC                STA     FAC1_e          ; set FAC1 exponent
002CCE  1               
002CCE  1               ; save FAC1 sign
002CCE  1               
002CCE  1               LAB_24F5
002CCE  1  85 B0                STA     FAC1_s          ; save FAC1 sign (b7)
002CD0  1  60                   RTS
002CD1  1               
002CD1  1               ; add FAC2 mantissa to FAC1 mantissa
002CD1  1               
002CD1  1               LAB_24F8
002CD1  1  65 A3                ADC     FAC2_r          ; add FAC2 rounding byte
002CD3  1  85 B9                STA     FAC1_r          ; save FAC1 rounding byte
002CD5  1  A5 AF                LDA     FAC1_3          ; get FAC1 mantissa3
002CD7  1  65 B6                ADC     FAC2_3          ; add FAC2 mantissa3
002CD9  1  85 AF                STA     FAC1_3          ; save FAC1 mantissa3
002CDB  1  A5 AE                LDA     FAC1_2          ; get FAC1 mantissa2
002CDD  1  65 B5                ADC     FAC2_2          ; add FAC2 mantissa2
002CDF  1  85 AE                STA     FAC1_2          ; save FAC1 mantissa2
002CE1  1  A5 AD                LDA     FAC1_1          ; get FAC1 mantissa1
002CE3  1  65 B4                ADC     FAC2_1          ; add FAC2 mantissa1
002CE5  1  85 AD                STA     FAC1_1          ; save FAC1 mantissa1
002CE7  1  B0 1A                BCS     LAB_252A        ; if carry then normalise FAC1 for C=1
002CE9  1               
002CE9  1  60                   RTS                     ; else just exit
002CEA  1               
002CEA  1               LAB_2511
002CEA  1  69 01                ADC     #$01            ; add 1 to exponent offset
002CEC  1  06 B9                ASL     FAC1_r          ; shift FAC1 rounding byte
002CEE  1  26 AF                ROL     FAC1_3          ; shift FAC1 mantissa3
002CF0  1  26 AE                ROL     FAC1_2          ; shift FAC1 mantissa2
002CF2  1  26 AD                ROL     FAC1_1          ; shift FAC1 mantissa1
002CF4  1               
002CF4  1               ; normalise FAC1
002CF4  1               
002CF4  1               LAB_251B
002CF4  1  10 F4                BPL     LAB_2511        ; loop if not normalised
002CF6  1               
002CF6  1  38                   SEC                     ; set carry for subtract
002CF7  1  E5 AC                SBC     FAC1_e          ; subtract FAC1 exponent
002CF9  1  B0 CF                BCS     LAB_24F1        ; branch if underflow (set result = $0)
002CFB  1               
002CFB  1  49 FF                EOR     #$FF            ; complement exponent
002CFD  1  69 01                ADC     #$01            ; +1 (twos complement)
002CFF  1  85 AC                STA     FAC1_e          ; save FAC1 exponent
002D01  1               
002D01  1               ; test and normalise FAC1 for C=0/1
002D01  1               
002D01  1               LAB_2528
002D01  1  90 0C                BCC     LAB_2536        ; exit if no overflow
002D03  1               
002D03  1               ; normalise FAC1 for C=1
002D03  1               
002D03  1               LAB_252A
002D03  1  E6 AC                INC     FAC1_e          ; increment FAC1 exponent
002D05  1  F0 36                BEQ     LAB_2564        ; if zero do overflow error and warm start
002D07  1               
002D07  1  66 AD                ROR     FAC1_1          ; shift FAC1 mantissa1
002D09  1  66 AE                ROR     FAC1_2          ; shift FAC1 mantissa2
002D0B  1  66 AF                ROR     FAC1_3          ; shift FAC1 mantissa3
002D0D  1  66 B9                ROR     FAC1_r          ; shift FAC1 rounding byte
002D0F  1               LAB_2536
002D0F  1  60                   RTS
002D10  1               
002D10  1               ; negate FAC1
002D10  1               
002D10  1               LAB_2537
002D10  1  A5 B0                LDA     FAC1_s          ; get FAC1 sign (b7)
002D12  1  49 FF                EOR     #$FF            ; complement it
002D14  1  85 B0                STA     FAC1_s          ; save FAC1 sign (b7)
002D16  1               
002D16  1               ; twos complement FAC1 mantissa
002D16  1               
002D16  1               LAB_253D
002D16  1  A5 AD                LDA     FAC1_1          ; get FAC1 mantissa1
002D18  1  49 FF                EOR     #$FF            ; complement it
002D1A  1  85 AD                STA     FAC1_1          ; save FAC1 mantissa1
002D1C  1  A5 AE                LDA     FAC1_2          ; get FAC1 mantissa2
002D1E  1  49 FF                EOR     #$FF            ; complement it
002D20  1  85 AE                STA     FAC1_2          ; save FAC1 mantissa2
002D22  1  A5 AF                LDA     FAC1_3          ; get FAC1 mantissa3
002D24  1  49 FF                EOR     #$FF            ; complement it
002D26  1  85 AF                STA     FAC1_3          ; save FAC1 mantissa3
002D28  1  A5 B9                LDA     FAC1_r          ; get FAC1 rounding byte
002D2A  1  49 FF                EOR     #$FF            ; complement it
002D2C  1  85 B9                STA     FAC1_r          ; save FAC1 rounding byte
002D2E  1  E6 B9                INC     FAC1_r          ; increment FAC1 rounding byte
002D30  1  D0 0A                BNE     LAB_2563        ; exit if no overflow
002D32  1               
002D32  1               ; increment FAC1 mantissa
002D32  1               
002D32  1               LAB_2559
002D32  1  E6 AF                INC     FAC1_3          ; increment FAC1 mantissa3
002D34  1  D0 06                BNE     LAB_2563        ; finished if no rollover
002D36  1               
002D36  1  E6 AE                INC     FAC1_2          ; increment FAC1 mantissa2
002D38  1  D0 02                BNE     LAB_2563        ; finished if no rollover
002D3A  1               
002D3A  1  E6 AD                INC     FAC1_1          ; increment FAC1 mantissa1
002D3C  1               LAB_2563
002D3C  1  60                   RTS
002D3D  1               
002D3D  1               ; do overflow error (overflow exit)
002D3D  1               
002D3D  1               LAB_2564
002D3D  1  A2 0A                LDX     #$0A            ; error code $0A ("Overflow" error)
002D3F  1  4C BE 17             JMP     LAB_XERR        ; do error #X, then warm start
002D42  1               
002D42  1               ; shift FCAtemp << A+8 times
002D42  1               
002D42  1               LAB_2569
002D42  1  A2 74                LDX     #FACt_1-1       ; set offset to FACtemp
002D44  1               LAB_256B
002D44  1  B4 03                LDY     PLUS_3,X        ; get FACX mantissa3
002D46  1  84 B9                STY     FAC1_r          ; save as FAC1 rounding byte
002D48  1  B4 02                LDY     PLUS_2,X        ; get FACX mantissa2
002D4A  1  94 03                STY     PLUS_3,X        ; save FACX mantissa3
002D4C  1  B4 01                LDY     PLUS_1,X        ; get FACX mantissa1
002D4E  1  94 02                STY     PLUS_2,X        ; save FACX mantissa2
002D50  1  A4 B2                LDY     FAC1_o          ; get FAC1 overflow byte
002D52  1  94 01                STY     PLUS_1,X        ; save FACX mantissa1
002D54  1               
002D54  1               ; shift FACX -A times right (> 8 shifts)
002D54  1               
002D54  1               LAB_257B
002D54  1  69 08                ADC     #$08            ; add 8 to shift count
002D56  1  30 EC                BMI     LAB_256B        ; go do 8 shift if still -ve
002D58  1               
002D58  1  F0 EA                BEQ     LAB_256B        ; go do 8 shift if zero
002D5A  1               
002D5A  1  E9 08                SBC     #$08            ; else subtract 8 again
002D5C  1  A8                   TAY                     ; save count to Y
002D5D  1  A5 B9                LDA     FAC1_r          ; get FAC1 rounding byte
002D5F  1  B0 12                BCS     LAB_259A        ;.
002D61  1               
002D61  1               LAB_2588
002D61  1  16 01                ASL     PLUS_1,X        ; shift FACX mantissa1
002D63  1  90 02                BCC     LAB_258E        ; branch if +ve
002D65  1               
002D65  1  F6 01                INC     PLUS_1,X        ; this sets b7 eventually
002D67  1               LAB_258E
002D67  1  76 01                ROR     PLUS_1,X        ; shift FACX mantissa1 (correct for ASL)
002D69  1  76 01                ROR     PLUS_1,X        ; shift FACX mantissa1 (put carry in b7)
002D6B  1               
002D6B  1               ; shift FACX Y times right
002D6B  1               
002D6B  1               LAB_2592
002D6B  1  76 02                ROR     PLUS_2,X        ; shift FACX mantissa2
002D6D  1  76 03                ROR     PLUS_3,X        ; shift FACX mantissa3
002D6F  1  6A                   ROR     A               ; shift FACX rounding byte
002D70  1  C8                   INY                     ; increment exponent diff
002D71  1  D0 EE                BNE     LAB_2588        ; branch if range adjust not complete
002D73  1               
002D73  1               LAB_259A
002D73  1  18                   CLC                     ; just clear it
002D74  1  60                   RTS
002D75  1               
002D75  1               ; perform LOG()
002D75  1               
002D75  1               LAB_LOG
002D75  1  20 63 2F             JSR     LAB_27CA        ; test sign and zero
002D78  1  F0 02                BEQ     LAB_25C4        ; if zero do function call error then warm start
002D7A  1               
002D7A  1  10 03                BPL     LAB_25C7        ; skip error if +ve
002D7C  1               
002D7C  1               LAB_25C4
002D7C  1  4C 99 25             JMP     LAB_FCER        ; do function call error then warm start (-ve)
002D7F  1               
002D7F  1               LAB_25C7
002D7F  1  A5 AC                LDA     FAC1_e          ; get FAC1 exponent
002D81  1  E9 7F                SBC     #$7F            ; normalise it
002D83  1  48                   PHA                     ; save it
002D84  1  A9 80                LDA     #$80            ; set exponent to zero
002D86  1  85 AC                STA     FAC1_e          ; save FAC1 exponent
002D88  1  A9 DD                LDA     #<LAB_25AD      ; set 1/root2 pointer low byte
002D8A  1  A0 0F                LDY     #>LAB_25AD      ; set 1/root2 pointer high byte
002D8C  1  20 38 2C             JSR     LAB_246C        ; add (AY) to FAC1 (1/root2)
002D8F  1  A9 E1                LDA     #<LAB_25B1      ; set root2 pointer low byte
002D91  1  A0 0F                LDY     #>LAB_25B1      ; set root2 pointer high byte
002D93  1  20 7B 2E             JSR     LAB_26CA        ; convert AY and do (AY)/FAC1 (root2/(x+(1/root2)))
002D96  1  A9 54                LDA     #<LAB_259C      ; set 1 pointer low byte
002D98  1  A0 10                LDY     #>LAB_259C      ; set 1 pointer high byte
002D9A  1  20 1D 2C             JSR     LAB_2455        ; subtract (AY) from FAC1 ((root2/(x+(1/root2)))-1)
002D9D  1  A9 D0                LDA     #<LAB_25A0      ; set pointer low byte to counter
002D9F  1  A0 0F                LDY     #>LAB_25A0      ; set pointer high byte to counter
002DA1  1  20 CE 32             JSR     LAB_2B6E        ; ^2 then series evaluation
002DA4  1  A9 E5                LDA     #<LAB_25B5      ; set -0.5 pointer low byte
002DA6  1  A0 0F                LDY     #>LAB_25B5      ; set -0.5 pointer high byte
002DA8  1  20 38 2C             JSR     LAB_246C        ; add (AY) to FAC1
002DAB  1  68                   PLA                     ; restore FAC1 exponent
002DAC  1  20 C2 30             JSR     LAB_2912        ; evaluate new ASCII digit
002DAF  1  A9 E9                LDA     #<LAB_25B9      ; set LOG(2) pointer low byte
002DB1  1  A0 0F                LDY     #>LAB_25B9      ; set LOG(2) pointer high byte
002DB3  1               
002DB3  1               ; do convert AY, FCA1*(AY)
002DB3  1               
002DB3  1               LAB_25FB
002DB3  1  20 05 2E             JSR     LAB_264D        ; unpack memory (AY) into FAC2
002DB6  1               LAB_MULTIPLY
002DB6  1  F0 4C                BEQ     LAB_264C        ; exit if zero
002DB8  1               
002DB8  1  20 2B 2E             JSR     LAB_2673        ; test and adjust accumulators
002DBB  1  A9 00                LDA     #$00            ; clear A
002DBD  1  85 75                STA     FACt_1          ; clear temp mantissa1
002DBF  1  85 76                STA     FACt_2          ; clear temp mantissa2
002DC1  1  85 77                STA     FACt_3          ; clear temp mantissa3
002DC3  1  A5 B9                LDA     FAC1_r          ; get FAC1 rounding byte
002DC5  1  20 DA 2D             JSR     LAB_2622        ; go do shift/add FAC2
002DC8  1  A5 AF                LDA     FAC1_3          ; get FAC1 mantissa3
002DCA  1  20 DA 2D             JSR     LAB_2622        ; go do shift/add FAC2
002DCD  1  A5 AE                LDA     FAC1_2          ; get FAC1 mantissa2
002DCF  1  20 DA 2D             JSR     LAB_2622        ; go do shift/add FAC2
002DD2  1  A5 AD                LDA     FAC1_1          ; get FAC1 mantissa1
002DD4  1  20 DF 2D             JSR     LAB_2627        ; go do shift/add FAC2
002DD7  1  4C E8 2E             JMP     LAB_273C        ; copy temp to FAC1, normalise and return
002DDA  1               
002DDA  1               LAB_2622
002DDA  1  D0 03                BNE     LAB_2627        ; branch if byte <> zero
002DDC  1               
002DDC  1  4C 42 2D             JMP     LAB_2569        ; shift FCAtemp << A+8 times
002DDF  1               
002DDF  1               ; else do shift and add
002DDF  1               LAB_2627
002DDF  1  4A                   LSR     A               ; shift byte
002DE0  1  09 80                ORA     #$80            ; set top bit (mark for 8 times)
002DE2  1               LAB_262A
002DE2  1  A8                   TAY                     ; copy result
002DE3  1  90 13                BCC     LAB_2640        ; skip next if bit was zero
002DE5  1               
002DE5  1  18                   CLC                     ; clear carry for add
002DE6  1  A5 77                LDA     FACt_3          ; get temp mantissa3
002DE8  1  65 B6                ADC     FAC2_3          ; add FAC2 mantissa3
002DEA  1  85 77                STA     FACt_3          ; save temp mantissa3
002DEC  1  A5 76                LDA     FACt_2          ; get temp mantissa2
002DEE  1  65 B5                ADC     FAC2_2          ; add FAC2 mantissa2
002DF0  1  85 76                STA     FACt_2          ; save temp mantissa2
002DF2  1  A5 75                LDA     FACt_1          ; get temp mantissa1
002DF4  1  65 B4                ADC     FAC2_1          ; add FAC2 mantissa1
002DF6  1  85 75                STA     FACt_1          ; save temp mantissa1
002DF8  1               LAB_2640
002DF8  1  66 75                ROR     FACt_1          ; shift temp mantissa1
002DFA  1  66 76                ROR     FACt_2          ; shift temp mantissa2
002DFC  1  66 77                ROR     FACt_3          ; shift temp mantissa3
002DFE  1  66 B9                ROR     FAC1_r          ; shift temp rounding byte
002E00  1  98                   TYA                     ; get byte back
002E01  1  4A                   LSR     A               ; shift byte
002E02  1  D0 DE                BNE     LAB_262A        ; loop if all bits not done
002E04  1               
002E04  1               LAB_264C
002E04  1  60                   RTS
002E05  1               
002E05  1               ; unpack memory (AY) into FAC2
002E05  1               
002E05  1               LAB_264D
002E05  1  85 71                STA     ut1_pl          ; save pointer low byte
002E07  1  84 72                STY     ut1_ph          ; save pointer high byte
002E09  1  A0 03                LDY     #$03            ; 4 bytes to get (0-3)
002E0B  1  B1 71                LDAINDIRECTY ut1_pl     ; get mantissa3
002E0D  1  85 B6                STA     FAC2_3          ; save FAC2 mantissa3
002E0F  1  88                   DEY                     ; decrement index
002E10  1  B1 71                LDAINDIRECTY ut1_pl     ; get mantissa2
002E12  1  85 B5                STA     FAC2_2          ; save FAC2 mantissa2
002E14  1  88                   DEY                     ; decrement index
002E15  1  B1 71                LDAINDIRECTY ut1_pl     ; get mantissa1+sign
002E17  1  85 B7                STA     FAC2_s          ; save FAC2 sign (b7)
002E19  1  45 B0                EOR     FAC1_s          ; EOR with FAC1 sign (b7)
002E1B  1  85 B8                STA     FAC_sc          ; save sign compare (FAC1 EOR FAC2)
002E1D  1  A5 B7                LDA     FAC2_s          ; recover FAC2 sign (b7)
002E1F  1  09 80                ORA     #$80            ; set 1xxx xxx (set normal bit)
002E21  1  85 B4                STA     FAC2_1          ; save FAC2 mantissa1
002E23  1  88                   DEY                     ; decrement index
002E24  1  B1 71                LDAINDIRECTY ut1_pl     ; get exponent byte
002E26  1  85 B3                STA     FAC2_e          ; save FAC2 exponent
002E28  1  A5 AC                LDA     FAC1_e          ; get FAC1 exponent
002E2A  1  60                   RTS
002E2B  1               
002E2B  1               ; test and adjust accumulators
002E2B  1               
002E2B  1               LAB_2673
002E2B  1  A5 B3                LDA     FAC2_e          ; get FAC2 exponent
002E2D  1               LAB_2675
002E2D  1  F0 1D                BEQ     LAB_2696        ; branch if FAC2 = $00 (handle underflow)
002E2F  1               
002E2F  1  18                   CLC                     ; clear carry for add
002E30  1  65 AC                ADC     FAC1_e          ; add FAC1 exponent
002E32  1  90 04                BCC     LAB_2680        ; branch if sum of exponents <$0100
002E34  1               
002E34  1  30 31                BMI     LAB_269B        ; do overflow error
002E36  1               
002E36  1  18                   CLC                     ; clear carry for the add
002E37  1  2C                   .BYTE   $2C             ; makes next line BIT $1410
002E38  1               LAB_2680
002E38  1  10 12                BPL     LAB_2696        ; if +ve go handle underflow
002E3A  1               
002E3A  1  69 80                ADC     #$80            ; adjust exponent
002E3C  1  85 AC                STA     FAC1_e          ; save FAC1 exponent
002E3E  1  D0 03                BNE     LAB_268B        ; branch if not zero
002E40  1               
002E40  1  4C CE 2C             JMP     LAB_24F5        ; save FAC1 sign and return
002E43  1               
002E43  1               LAB_268B
002E43  1  A5 B8                LDA     FAC_sc          ; get sign compare (FAC1 EOR FAC2)
002E45  1  85 B0                STA     FAC1_s          ; save FAC1 sign (b7)
002E47  1               LAB_268F
002E47  1  60                   RTS
002E48  1               
002E48  1               ; handle overflow and underflow
002E48  1               
002E48  1               LAB_2690
002E48  1  A5 B0                LDA     FAC1_s          ; get FAC1 sign (b7)
002E4A  1  10 1B                BPL     LAB_269B        ; do overflow error
002E4C  1               
002E4C  1               ; handle underflow
002E4C  1               LAB_2696
002E4C  1  68                   PLA                     ; pop return address low byte
002E4D  1  68                   PLA                     ; pop return address high byte
002E4E  1  4C CA 2C             JMP     LAB_24F1        ; clear FAC1 exponent and sign and return
002E51  1               
002E51  1               ; multiply by 10
002E51  1               
002E51  1               LAB_269E
002E51  1  20 44 2F             JSR     LAB_27AB        ; round and copy FAC1 to FAC2
002E54  1  AA                   TAX                     ; copy exponent (set the flags)
002E55  1  F0 F0                BEQ     LAB_268F        ; exit if zero
002E57  1               
002E57  1  18                   CLC                     ; clear carry for add
002E58  1  69 02                ADC     #$02            ; add two to exponent (*4)
002E5A  1  B0 0B                BCS     LAB_269B        ; do overflow error if > $FF
002E5C  1               
002E5C  1  A2 00                LDX     #$00            ; clear byte
002E5E  1  86 B8                STX     FAC_sc          ; clear sign compare (FAC1 EOR FAC2)
002E60  1  20 55 2C             JSR     LAB_247C        ; add FAC2 to FAC1 (*5)
002E63  1  E6 AC                INC     FAC1_e          ; increment FAC1 exponent (*10)
002E65  1  D0 E0                BNE     LAB_268F        ; if non zero just do RTS
002E67  1               
002E67  1               LAB_269B
002E67  1  4C 3D 2D             JMP     LAB_2564        ; do overflow error and warm start
002E6A  1               
002E6A  1               ; divide by 10
002E6A  1               
002E6A  1               LAB_26B9
002E6A  1  20 44 2F             JSR     LAB_27AB        ; round and copy FAC1 to FAC2
002E6D  1  A9 65                LDA     #<LAB_26B5      ; set pointer to 10d low addr
002E6F  1  A0 10                LDY     #>LAB_26B5      ; set pointer to 10d high addr
002E71  1  A2 00                LDX     #$00            ; clear sign
002E73  1               
002E73  1               ; divide by (AY) (X=sign)
002E73  1               
002E73  1               LAB_26C2
002E73  1  86 B8                STX     FAC_sc          ; save sign compare (FAC1 EOR FAC2)
002E75  1  20 F7 2E             JSR     LAB_UFAC        ; unpack memory (AY) into FAC1
002E78  1  4C 7E 2E             JMP     LAB_DIVIDE      ; do FAC2/FAC1
002E7B  1               
002E7B  1               ; Perform divide-by
002E7B  1               ; convert AY and do (AY)/FAC1
002E7B  1               
002E7B  1               LAB_26CA
002E7B  1  20 05 2E             JSR     LAB_264D        ; unpack memory (AY) into FAC2
002E7E  1               
002E7E  1               ; Perform divide-into
002E7E  1               LAB_DIVIDE
002E7E  1  F0 63                BEQ     LAB_2737        ; if zero go do /0 error
002E80  1               
002E80  1  20 53 2F             JSR     LAB_27BA        ; round FAC1
002E83  1  A9 00                LDA     #$00            ; clear A
002E85  1  38                   SEC                     ; set carry for subtract
002E86  1  E5 AC                SBC     FAC1_e          ; subtract FAC1 exponent (2s complement)
002E88  1  85 AC                STA     FAC1_e          ; save FAC1 exponent
002E8A  1  20 2B 2E             JSR     LAB_2673        ; test and adjust accumulators
002E8D  1  E6 AC                INC     FAC1_e          ; increment FAC1 exponent
002E8F  1  F0 D6                BEQ     LAB_269B        ; if zero do overflow error
002E91  1               
002E91  1  A2 FF                LDX     #$FF            ; set index for pre increment
002E93  1  A9 01                LDA     #$01            ; set bit to flag byte save
002E95  1               LAB_26E4
002E95  1  A4 B4                LDY     FAC2_1          ; get FAC2 mantissa1
002E97  1  C4 AD                CPY     FAC1_1          ; compare FAC1 mantissa1
002E99  1  D0 0A                BNE     LAB_26F4        ; branch if <>
002E9B  1               
002E9B  1  A4 B5                LDY     FAC2_2          ; get FAC2 mantissa2
002E9D  1  C4 AE                CPY     FAC1_2          ; compare FAC1 mantissa2
002E9F  1  D0 04                BNE     LAB_26F4        ; branch if <>
002EA1  1               
002EA1  1  A4 B6                LDY     FAC2_3          ; get FAC2 mantissa3
002EA3  1  C4 AF                CPY     FAC1_3          ; compare FAC1 mantissa3
002EA5  1               LAB_26F4
002EA5  1  08                   PHP                     ; save FAC2-FAC1 compare status
002EA6  1  2A                   ROL     A               ; shift the result byte
002EA7  1  90 0E                BCC     LAB_2702        ; if no carry skip the byte save
002EA9  1               
002EA9  1  A0 01                LDY     #$01            ; set bit to flag byte save
002EAB  1  E8                   INX                     ; else increment the index to FACt
002EAC  1  E0 02                CPX     #$02            ; compare with the index to FACt_3
002EAE  1  30 04                BMI     LAB_2701        ; if not last byte just go save it
002EB0  1               
002EB0  1  D0 28                BNE     LAB_272B        ; if all done go save FAC1 rounding byte, normalise and
002EB2  1               ; return
002EB2  1               
002EB2  1  A0 40                LDY     #$40            ; set bit to flag byte save for the rounding byte
002EB4  1               LAB_2701
002EB4  1  95 75                STA     FACt_1,X        ; write result byte to FACt_1 + index
002EB6  1  98                   TYA                     ; copy the next save byte flag
002EB7  1               LAB_2702
002EB7  1  28                   PLP                     ; restore FAC2-FAC1 compare status
002EB8  1  90 14                BCC     LAB_2704        ; if FAC2 < FAC1 then skip the subtract
002EBA  1               
002EBA  1  A8                   TAY                     ; save FAC2-FAC1 compare status
002EBB  1  A5 B6                LDA     FAC2_3          ; get FAC2 mantissa3
002EBD  1  E5 AF                SBC     FAC1_3          ; subtract FAC1 mantissa3
002EBF  1  85 B6                STA     FAC2_3          ; save FAC2 mantissa3
002EC1  1  A5 B5                LDA     FAC2_2          ; get FAC2 mantissa2
002EC3  1  E5 AE                SBC     FAC1_2          ; subtract FAC1 mantissa2
002EC5  1  85 B5                STA     FAC2_2          ; save FAC2 mantissa2
002EC7  1  A5 B4                LDA     FAC2_1          ; get FAC2 mantissa1
002EC9  1  E5 AD                SBC     FAC1_1          ; subtract FAC1 mantissa1
002ECB  1  85 B4                STA     FAC2_1          ; save FAC2 mantissa1
002ECD  1  98                   TYA                     ; restore FAC2-FAC1 compare status
002ECE  1               
002ECE  1               ; FAC2 = FAC2*2
002ECE  1               LAB_2704
002ECE  1  06 B6                ASL     FAC2_3          ; shift FAC2 mantissa3
002ED0  1  26 B5                ROL     FAC2_2          ; shift FAC2 mantissa2
002ED2  1  26 B4                ROL     FAC2_1          ; shift FAC2 mantissa1
002ED4  1  B0 CF                BCS     LAB_26F4        ; loop with no compare
002ED6  1               
002ED6  1  30 BD                BMI     LAB_26E4        ; loop with compare
002ED8  1               
002ED8  1  10 CB                BPL     LAB_26F4        ; loop always with no compare
002EDA  1               
002EDA  1               ; do A<<6, save as FAC1 rounding byte, normalise and return
002EDA  1               
002EDA  1               LAB_272B
002EDA  1  4A                   LSR     A               ; shift b1 - b0 ..
002EDB  1  6A                   ROR     A               ; ..
002EDC  1  6A                   ROR     A               ; .. to b7 - b6
002EDD  1  85 B9                STA     FAC1_r          ; save FAC1 rounding byte
002EDF  1  28                   PLP                     ; dump FAC2-FAC1 compare status
002EE0  1  4C E8 2E             JMP     LAB_273C        ; copy temp to FAC1, normalise and return
002EE3  1               
002EE3  1               ; do "Divide by zero" error
002EE3  1               
002EE3  1               LAB_2737
002EE3  1  A2 14                LDX     #$14            ; error code $14 ("Divide by zero" error)
002EE5  1  4C BE 17             JMP     LAB_XERR        ; do error #X, then warm start
002EE8  1               
002EE8  1               ; copy temp to FAC1 and normalise
002EE8  1               
002EE8  1               LAB_273C
002EE8  1  A5 75                LDA     FACt_1          ; get temp mantissa1
002EEA  1  85 AD                STA     FAC1_1          ; save FAC1 mantissa1
002EEC  1  A5 76                LDA     FACt_2          ; get temp mantissa2
002EEE  1  85 AE                STA     FAC1_2          ; save FAC1 mantissa2
002EF0  1  A5 77                LDA     FACt_3          ; get temp mantissa3
002EF2  1  85 AF                STA     FAC1_3          ; save FAC1 mantissa3
002EF4  1  4C AE 2C             JMP     LAB_24D5        ; normalise FAC1 and return
002EF7  1               
002EF7  1               ; unpack memory (AY) into FAC1
002EF7  1               
002EF7  1               LAB_UFAC
002EF7  1  85 71                STA     ut1_pl          ; save pointer low byte
002EF9  1  84 72                STY     ut1_ph          ; save pointer high byte
002EFB  1  A0 03                LDY     #$03            ; 4 bytes to do
002EFD  1  B1 71                LDAINDIRECTY ut1_pl     ; get last byte
002EFF  1  85 AF                STA     FAC1_3          ; save FAC1 mantissa3
002F01  1  88                   DEY                     ; decrement index
002F02  1  B1 71                LDAINDIRECTY ut1_pl     ; get last-1 byte
002F04  1  85 AE                STA     FAC1_2          ; save FAC1 mantissa2
002F06  1  88                   DEY                     ; decrement index
002F07  1  B1 71                LDAINDIRECTY ut1_pl     ; get second byte
002F09  1  85 B0                STA     FAC1_s          ; save FAC1 sign (b7)
002F0B  1  09 80                ORA     #$80            ; set 1xxx xxxx (add normal bit)
002F0D  1  85 AD                STA     FAC1_1          ; save FAC1 mantissa1
002F0F  1  88                   DEY                     ; decrement index
002F10  1  B1 71                LDAINDIRECTY ut1_pl     ; get first byte (exponent)
002F12  1  85 AC                STA     FAC1_e          ; save FAC1 exponent
002F14  1  84 B9                STY     FAC1_r          ; clear FAC1 rounding byte
002F16  1  60                   RTS
002F17  1               
002F17  1               ; pack FAC1 into Adatal
002F17  1               
002F17  1               LAB_276E
002F17  1  A2 A4                LDX     #<Adatal        ; set pointer low byte
002F19  1               LAB_2770
002F19  1  A0 00                LDY     #>Adatal        ; set pointer high byte
002F1B  1  F0 04                BEQ     LAB_2778        ; pack FAC1 into (XY) and return
002F1D  1               
002F1D  1               ; pack FAC1 into (Lvarpl)
002F1D  1               
002F1D  1               LAB_PFAC
002F1D  1  A6 97                LDX     Lvarpl          ; get destination pointer low byte
002F1F  1  A4 98                LDY     Lvarph          ; get destination pointer high byte
002F21  1               
002F21  1               ; pack FAC1 into (XY)
002F21  1               
002F21  1               LAB_2778
002F21  1  20 53 2F             JSR     LAB_27BA        ; round FAC1
002F24  1  86 71                STX     ut1_pl          ; save pointer low byte
002F26  1  84 72                STY     ut1_ph          ; save pointer high byte
002F28  1  A0 03                LDY     #$03            ; set index
002F2A  1  A5 AF                LDA     FAC1_3          ; get FAC1 mantissa3
002F2C  1  91 71                STAINDIRECTY ut1_pl     ; store in destination
002F2E  1  88                   DEY                     ; decrement index
002F2F  1  A5 AE                LDA     FAC1_2          ; get FAC1 mantissa2
002F31  1  91 71                STAINDIRECTY ut1_pl     ; store in destination
002F33  1  88                   DEY                     ; decrement index
002F34  1  A5 B0                LDA     FAC1_s          ; get FAC1 sign (b7)
002F36  1  09 7F                ORA     #$7F            ; set bits x111 1111
002F38  1  25 AD                AND     FAC1_1          ; AND in FAC1 mantissa1
002F3A  1  91 71                STAINDIRECTY ut1_pl     ; store in destination
002F3C  1  88                   DEY                     ; decrement index
002F3D  1  A5 AC                LDA     FAC1_e          ; get FAC1 exponent
002F3F  1  91 71                STAINDIRECTY ut1_pl     ; store in destination
002F41  1  84 B9                STY     FAC1_r          ; clear FAC1 rounding byte
002F43  1  60                   RTS
002F44  1               
002F44  1               ; round and copy FAC1 to FAC2
002F44  1               
002F44  1               LAB_27AB
002F44  1  20 53 2F             JSR     LAB_27BA        ; round FAC1
002F47  1               
002F47  1               ; copy FAC1 to FAC2
002F47  1               
002F47  1               LAB_27AE
002F47  1  A2 05                LDX     #$05            ; 5 bytes to copy
002F49  1               LAB_27B0
002F49  1  B5 AB                LDA     FAC1_e-1,X      ; get byte from FAC1,X
002F4B  1  95 B2                STA     FAC1_o,X        ; save byte at FAC2,X
002F4D  1  CA                   DEX                     ; decrement count
002F4E  1  D0 F9                BNE     LAB_27B0        ; loop if not all done
002F50  1               
002F50  1  86 B9                STX     FAC1_r          ; clear FAC1 rounding byte
002F52  1               LAB_27B9
002F52  1  60                   RTS
002F53  1               
002F53  1               ; round FAC1
002F53  1               
002F53  1               LAB_27BA
002F53  1  A5 AC                LDA     FAC1_e          ; get FAC1 exponent
002F55  1  F0 FB                BEQ     LAB_27B9        ; exit if zero
002F57  1               
002F57  1  06 B9                ASL     FAC1_r          ; shift FAC1 rounding byte
002F59  1  90 F7                BCC     LAB_27B9        ; exit if no overflow
002F5B  1               
002F5B  1               ; round FAC1 (no check)
002F5B  1               
002F5B  1               LAB_27C2
002F5B  1  20 32 2D             JSR     LAB_2559        ; increment FAC1 mantissa
002F5E  1  D0 F2                BNE     LAB_27B9        ; branch if no overflow
002F60  1               
002F60  1  4C 03 2D             JMP     LAB_252A        ; normalise FAC1 for C=1 and return
002F63  1               
002F63  1               ; get FAC1 sign
002F63  1               ; return A=FF,C=1/-ve A=01,C=0/+ve
002F63  1               
002F63  1               LAB_27CA
002F63  1  A5 AC                LDA     FAC1_e          ; get FAC1 exponent
002F65  1  F0 09                BEQ     LAB_27D7        ; exit if zero (already correct SGN(0)=0)
002F67  1               
002F67  1               ; return A=FF,C=1/-ve A=01,C=0/+ve
002F67  1               ; no = 0 check
002F67  1               
002F67  1               LAB_27CE
002F67  1  A5 B0                LDA     FAC1_s          ; else get FAC1 sign (b7)
002F69  1               
002F69  1               ; return A=FF,C=1/-ve A=01,C=0/+ve
002F69  1               ; no = 0 check, sign in A
002F69  1               
002F69  1               LAB_27D0
002F69  1  2A                   ROL     A               ; move sign bit to carry
002F6A  1  A9 FF                LDA     #$FF            ; set byte for -ve result
002F6C  1  B0 02                BCS     LAB_27D7        ; return if sign was set (-ve)
002F6E  1               
002F6E  1  A9 01                LDA     #$01            ; else set byte for +ve result
002F70  1               LAB_27D7
002F70  1  60                   RTS
002F71  1               
002F71  1               ; perform SGN()
002F71  1               
002F71  1               LAB_SGN
002F71  1  20 63 2F             JSR     LAB_27CA        ; get FAC1 sign
002F74  1               ; return A=$FF/-ve A=$01/+ve
002F74  1               ; save A as integer byte
002F74  1               
002F74  1               LAB_27DB
002F74  1  85 AD                STA     FAC1_1          ; save FAC1 mantissa1
002F76  1  A9 00                LDA     #$00            ; clear A
002F78  1  85 AE                STA     FAC1_2          ; clear FAC1 mantissa2
002F7A  1  A2 88                LDX     #$88            ; set exponent
002F7C  1               
002F7C  1               ; set exp=X, clearFAC1 mantissa3 and normalise
002F7C  1               
002F7C  1               LAB_27E3
002F7C  1  A5 AD                LDA     FAC1_1          ; get FAC1 mantissa1
002F7E  1  49 FF                EOR     #$FF            ; complement it
002F80  1  2A                   ROL     A               ; sign bit into carry
002F81  1               
002F81  1               ; set exp=X, clearFAC1 mantissa3 and normalise
002F81  1               
002F81  1               LAB_STFA
002F81  1  A9 00                LDA     #$00            ; clear A
002F83  1  85 AF                STA     FAC1_3          ; clear FAC1 mantissa3
002F85  1  86 AC                STX     FAC1_e          ; set FAC1 exponent
002F87  1  85 B9                STA     FAC1_r          ; clear FAC1 rounding byte
002F89  1  85 B0                STA     FAC1_s          ; clear FAC1 sign (b7)
002F8B  1  4C A9 2C             JMP     LAB_24D0        ; do ABS and normalise FAC1
002F8E  1               
002F8E  1               ; perform ABS()
002F8E  1               
002F8E  1               LAB_ABS
002F8E  1  46 B0                LSR     FAC1_s          ; clear FAC1 sign (put zero in b7)
002F90  1  60                   RTS
002F91  1               
002F91  1               ; compare FAC1 with (AY)
002F91  1               ; returns A=$00 if FAC1 = (AY)
002F91  1               ; returns A=$01 if FAC1 > (AY)
002F91  1               ; returns A=$FF if FAC1 < (AY)
002F91  1               
002F91  1               LAB_27F8
002F91  1  85 73                STA     ut2_pl          ; save pointer low byte
002F93  1               LAB_27FA
002F93  1  84 74                STY     ut2_ph          ; save pointer high byte
002F95  1  A0 00                LDY     #$00            ; clear index
002F97  1  B1 73                LDAINDIRECTY ut2_pl     ; get exponent
002F99  1  C8                   INY                     ; increment index
002F9A  1  AA                   TAX                     ; copy (AY) exponent to X
002F9B  1  F0 C6                BEQ     LAB_27CA        ; branch if (AY) exponent=0 and get FAC1 sign
002F9D  1               ; A=FF,C=1/-ve A=01,C=0/+ve
002F9D  1               
002F9D  1  B1 73                LDAINDIRECTY ut2_pl     ; get (AY) mantissa1 (with sign)
002F9F  1  45 B0                EOR     FAC1_s          ; EOR FAC1 sign (b7)
002FA1  1  30 C4                BMI     LAB_27CE        ; if signs <> do return A=FF,C=1/-ve
002FA3  1               ; A=01,C=0/+ve and return
002FA3  1               
002FA3  1  E4 AC                CPX     FAC1_e          ; compare (AY) exponent with FAC1 exponent
002FA5  1  D0 1A                BNE     LAB_2828        ; branch if different
002FA7  1               
002FA7  1  B1 73                LDAINDIRECTY ut2_pl     ; get (AY) mantissa1 (with sign)
002FA9  1  09 80                ORA     #$80            ; normalise top bit
002FAB  1  C5 AD                CMP     FAC1_1          ; compare with FAC1 mantissa1
002FAD  1  D0 12                BNE     LAB_2828        ; branch if different
002FAF  1               
002FAF  1  C8                   INY                     ; increment index
002FB0  1  B1 73                LDAINDIRECTY ut2_pl     ; get mantissa2
002FB2  1  C5 AE                CMP     FAC1_2          ; compare with FAC1 mantissa2
002FB4  1  D0 0B                BNE     LAB_2828        ; branch if different
002FB6  1               
002FB6  1  C8                   INY                     ; increment index
002FB7  1  A9 7F                LDA     #$7F            ; set for 1/2 value rounding byte
002FB9  1  C5 B9                CMP     FAC1_r          ; compare with FAC1 rounding byte (set carry)
002FBB  1  B1 73                LDAINDIRECTY ut2_pl     ; get mantissa3
002FBD  1  E5 AF                SBC     FAC1_3          ; subtract FAC1 mantissa3
002FBF  1  F0 28                BEQ     LAB_2850        ; exit if mantissa3 equal
002FC1  1               
002FC1  1               ; gets here if number <> FAC1
002FC1  1               
002FC1  1               LAB_2828
002FC1  1  A5 B0                LDA     FAC1_s          ; get FAC1 sign (b7)
002FC3  1  90 02                BCC     LAB_282E        ; branch if FAC1 > (AY)
002FC5  1               
002FC5  1  49 FF                EOR     #$FF            ; else toggle FAC1 sign
002FC7  1               LAB_282E
002FC7  1  4C 69 2F             JMP     LAB_27D0        ; return A=FF,C=1/-ve A=01,C=0/+ve
002FCA  1               
002FCA  1               ; convert FAC1 floating-to-fixed
002FCA  1               
002FCA  1               LAB_2831
002FCA  1  A5 AC                LDA     FAC1_e          ; get FAC1 exponent
002FCC  1  F0 4A                BEQ     LAB_287F        ; if zero go clear FAC1 and return
002FCE  1               
002FCE  1  38                   SEC                     ; set carry for subtract
002FCF  1  E9 98                SBC     #$98            ; subtract maximum integer range exponent
002FD1  1  24 B0                BIT     FAC1_s          ; test FAC1 sign (b7)
002FD3  1  10 09                BPL     LAB_2845        ; branch if FAC1 +ve
002FD5  1               
002FD5  1               ; FAC1 was -ve
002FD5  1  AA                   TAX                     ; copy subtracted exponent
002FD6  1  A9 FF                LDA     #$FF            ; overflow for -ve number
002FD8  1  85 B2                STA     FAC1_o          ; set FAC1 overflow byte
002FDA  1  20 16 2D             JSR     LAB_253D        ; twos complement FAC1 mantissa
002FDD  1  8A                   TXA                     ; restore subtracted exponent
002FDE  1               LAB_2845
002FDE  1  A2 AC                LDX     #FAC1_e         ; set index to FAC1
002FE0  1  C9 F9                CMP     #$F9            ; compare exponent result
002FE2  1  10 06                BPL     LAB_2851        ; if < 8 shifts shift FAC1 A times right and return
002FE4  1               
002FE4  1  20 54 2D             JSR     LAB_257B        ; shift FAC1 A times right (> 8 shifts)
002FE7  1  84 B2                STY     FAC1_o          ; clear FAC1 overflow byte
002FE9  1               LAB_2850
002FE9  1  60                   RTS
002FEA  1               
002FEA  1               ; shift FAC1 A times right
002FEA  1               
002FEA  1               LAB_2851
002FEA  1  A8                   TAY                     ; copy shift count
002FEB  1  A5 B0                LDA     FAC1_s          ; get FAC1 sign (b7)
002FED  1  29 80                AND     #$80            ; mask sign bit only (x000 0000)
002FEF  1  46 AD                LSR     FAC1_1          ; shift FAC1 mantissa1
002FF1  1  05 AD                ORA     FAC1_1          ; OR sign in b7 FAC1 mantissa1
002FF3  1  85 AD                STA     FAC1_1          ; save FAC1 mantissa1
002FF5  1  20 6B 2D             JSR     LAB_2592        ; shift FAC1 Y times right
002FF8  1  84 B2                STY     FAC1_o          ; clear FAC1 overflow byte
002FFA  1  60                   RTS
002FFB  1               
002FFB  1               ; perform INT()
002FFB  1               
002FFB  1               LAB_INT
002FFB  1  A5 AC                LDA     FAC1_e          ; get FAC1 exponent
002FFD  1  C9 98                CMP     #$98            ; compare with max int
002FFF  1  B0 1E                BCS     LAB_2886        ; exit if >= (already int, too big for fractional part!)
003001  1               
003001  1  20 CA 2F             JSR     LAB_2831        ; convert FAC1 floating-to-fixed
003004  1  84 B9                STY     FAC1_r          ; save FAC1 rounding byte
003006  1  A5 B0                LDA     FAC1_s          ; get FAC1 sign (b7)
003008  1  84 B0                STY     FAC1_s          ; save FAC1 sign (b7)
00300A  1  49 80                EOR     #$80            ; toggle FAC1 sign
00300C  1  2A                   ROL     A               ; shift into carry
00300D  1  A9 98                LDA     #$98            ; set new exponent
00300F  1  85 AC                STA     FAC1_e          ; save FAC1 exponent
003011  1  A5 AF                LDA     FAC1_3          ; get FAC1 mantissa3
003013  1  85 5B                STA     Temp3           ; save for EXP() function
003015  1  4C A9 2C             JMP     LAB_24D0        ; do ABS and normalise FAC1
003018  1               
003018  1               ; clear FAC1 and return
003018  1               
003018  1               LAB_287F
003018  1  85 AD                STA     FAC1_1          ; clear FAC1 mantissa1
00301A  1  85 AE                STA     FAC1_2          ; clear FAC1 mantissa2
00301C  1  85 AF                STA     FAC1_3          ; clear FAC1 mantissa3
00301E  1  A8                   TAY                     ; clear Y
00301F  1               LAB_2886
00301F  1  60                   RTS
003020  1               
003020  1               ; get FAC1 from string
003020  1               ; this routine now handles hex and binary values from strings
003020  1               ; starting with "$" and "%" respectively
003020  1               
003020  1               LAB_2887
003020  1  A0 00                LDY     #$00            ; clear Y
003022  1  84 5F                STY     Dtypef          ; clear data type flag, $FF=string, $00=numeric
003024  1  A2 09                LDX     #$09            ; set index
003026  1               LAB_288B
003026  1  94 A8                STY     numexp,X        ; clear byte
003028  1  CA                   DEX                     ; decrement index
003029  1  10 FB                BPL     LAB_288B        ; loop until numexp to negnum (and FAC1) = $00
00302B  1               
00302B  1  B0 03                BCS     LAB_s28FE       ; branch if 1st NOT character numeric
00302D  1  4C AF 30             JMP     LAB_28FE        ; branch if 1st character numeric
003030  1               LAB_s28FE:
003030  1               
003030  1               ; get FAC1 from string .. first character wasn't numeric
003030  1               
003030  1  C9 2D                CMP     #'-'            ; else compare with "-"
003032  1  D0 04                BNE     LAB_289A        ; branch if not "-"
003034  1               
003034  1  86 B1                STX     negnum          ; set flag for -ve number (X = $FF)
003036  1  F0 04                BEQ     LAB_289C        ; branch always (go scan and check for hex/bin)
003038  1               
003038  1               ; get FAC1 from string .. first character wasn't numeric or -
003038  1               
003038  1               LAB_289A
003038  1  C9 2B                CMP     #'+'            ; else compare with "+"
00303A  1  D0 05                BNE     LAB_289D        ; branch if not "+" (go check for hex/bin)
00303C  1               
00303C  1               ; was "+" or "-" to start, so get next character
00303C  1               
00303C  1               LAB_289C
00303C  1                       .IFDEF  DUODYNE
00303C  1                       JSL     LAB_IGBY        ; increment and scan memory
00303C  1                       .ELSE
00303C  1  20 BC 00             JSR     LAB_IGBY        ; increment and scan memory
00303F  1                       .ENDIF
00303F  1               
00303F  1  90 6E                BCC     LAB_28FE        ; branch if numeric character
003041  1               
003041  1               ; code here for hex and binary numbers
003041  1               
003041  1               LAB_289D
003041  1  C9 24                CMP     #'$'            ; else compare with "$"
003043  1  D0 03                BNE     LAB_NHEX        ; branch if not "$"
003045  1               
003045  1  4C EB 34             JMP     LAB_CHEX        ; branch if "$"
003048  1               
003048  1               LAB_NHEX
003048  1  C9 25                CMP     #'%'            ; else compare with "%"
00304A  1  D0 08                BNE     LAB_28A3        ; branch if not "%" (continue original code)
00304C  1               
00304C  1  4C 19 35             JMP     LAB_CBIN        ; branch if "%"
00304F  1               
00304F  1               LAB_289E
00304F  1                       .IFDEF  DUODYNE
00304F  1                       JSL     LAB_IGBY        ; increment and scan memory
00304F  1                       .ELSE
00304F  1  20 BC 00             JSR     LAB_IGBY        ; increment and scan memory
003052  1                       .ENDIF
003052  1               
003052  1               LAB_28A1
003052  1  90 5B                BCC     LAB_28FE        ; branch if numeric character
003054  1               
003054  1               ; get FAC1 from string .. character wasn't numeric, -, +, hex or binary
003054  1               
003054  1               LAB_28A3
003054  1  C9 2E                CMP     #'.'            ; else compare with "."
003056  1  F0 2E                BEQ     LAB_28D5        ; branch if "."
003058  1               
003058  1               ; get FAC1 from string .. character wasn't numeric, -, + or .
003058  1               
003058  1  C9 45                CMP     #'E'            ; else compare with "E"
00305A  1  D0 30                BNE     LAB_28DB        ; branch if not "E"
00305C  1               
00305C  1               ; was "E" so evaluate exponential part
00305C  1                       .IFDEF  DUODYNE
00305C  1                       JSL     LAB_IGBY        ; increment and scan memory
00305C  1                       .ELSE
00305C  1  20 BC 00             JSR     LAB_IGBY        ; increment and scan memory
00305F  1                       .ENDIF
00305F  1               
00305F  1  90 17                BCC     LAB_28C7        ; branch if numeric character
003061  1               
003061  1  C9 C4                CMP     #TK_MINUS       ; else compare with token for -
003063  1  F0 0E                BEQ     LAB_28C2        ; branch if token for -
003065  1               
003065  1  C9 2D                CMP     #'-'            ; else compare with "-"
003067  1  F0 0A                BEQ     LAB_28C2        ; branch if "-"
003069  1               
003069  1  C9 C3                CMP     #TK_PLUS        ; else compare with token for +
00306B  1  F0 08                BEQ     LAB_28C4        ; branch if token for +
00306D  1               
00306D  1  C9 2B                CMP     #'+'            ; else compare with "+"
00306F  1  F0 04                BEQ     LAB_28C4        ; branch if "+"
003071  1               
003071  1  D0 07                BNE     LAB_28C9        ; branch always
003073  1               
003073  1               LAB_28C2
003073  1  66 AB                ROR     expneg          ; set exponent -ve flag (C, which=1, into b7)
003075  1               LAB_28C4
003075  1                       .IFDEF  DUODYNE
003075  1                       JSL     LAB_IGBY        ; increment and scan memory
003075  1                       .ELSE
003075  1  20 BC 00             JSR     LAB_IGBY        ; increment and scan memory
003078  1                       .ENDIF
003078  1               
003078  1               LAB_28C7
003078  1  90 5B                BCC     LAB_2925        ; branch if numeric character
00307A  1               
00307A  1               LAB_28C9
00307A  1  24 AB                BIT     expneg          ; test exponent -ve flag
00307C  1  10 0E                BPL     LAB_28DB        ; if +ve go evaluate exponent
00307E  1               
00307E  1               ; else do exponent = -exponent
00307E  1  A9 00                LDA     #$00            ; clear result
003080  1  38                   SEC                     ; set carry for subtract
003081  1  E5 A9                SBC     expcnt          ; subtract exponent byte
003083  1  4C 8E 30             JMP     LAB_28DD        ; go evaluate exponent
003086  1               
003086  1               LAB_28D5
003086  1  66 AA                ROR     numdpf          ; set decimal point flag
003088  1  24 AA                BIT     numdpf          ; test decimal point flag
00308A  1  50 C3                BVC     LAB_289E        ; branch if only one decimal point so far
00308C  1               
00308C  1               ; evaluate exponent
00308C  1               LAB_28DB
00308C  1  A5 A9                LDA     expcnt          ; get exponent count byte
00308E  1               LAB_28DD
00308E  1  38                   SEC                     ; set carry for subtract
00308F  1  E5 A8                SBC     numexp          ; subtract numerator exponent
003091  1  85 A9                STA     expcnt          ; save exponent count byte
003093  1  F0 12                BEQ     LAB_28F6        ; branch if no adjustment
003095  1               
003095  1  10 09                BPL     LAB_28EF        ; else if +ve go do FAC1*10^expcnt
003097  1               
003097  1               ; else go do FAC1/10^(0-expcnt)
003097  1               LAB_28E6
003097  1  20 6A 2E             JSR     LAB_26B9        ; divide by 10
00309A  1  E6 A9                INC     expcnt          ; increment exponent count byte
00309C  1  D0 F9                BNE     LAB_28E6        ; loop until all done
00309E  1               
00309E  1  F0 07                BEQ     LAB_28F6        ; branch always
0030A0  1               
0030A0  1               LAB_28EF
0030A0  1  20 51 2E             JSR     LAB_269E        ; multiply by 10
0030A3  1  C6 A9                DEC     expcnt          ; decrement exponent count byte
0030A5  1  D0 F9                BNE     LAB_28EF        ; loop until all done
0030A7  1               
0030A7  1               LAB_28F6
0030A7  1  A5 B1                LDA     negnum          ; get -ve flag
0030A9  1  30 01                BMI     LAB_28FB        ; if -ve do - FAC1 and return
0030AB  1               
0030AB  1  60                   RTS
0030AC  1               
0030AC  1               ; do - FAC1 and return
0030AC  1               
0030AC  1               LAB_28FB
0030AC  1  4C 71 32             JMP     LAB_GTHAN       ; do - FAC1 and return
0030AF  1               
0030AF  1               ; do unsigned FAC1*10+number
0030AF  1               
0030AF  1               LAB_28FE
0030AF  1  48                   PHA                     ; save character
0030B0  1  24 AA                BIT     numdpf          ; test decimal point flag
0030B2  1  10 02                BPL     LAB_2905        ; skip exponent increment if not set
0030B4  1               
0030B4  1  E6 A8                INC     numexp          ; else increment number exponent
0030B6  1               LAB_2905
0030B6  1  20 51 2E             JSR     LAB_269E        ; multiply FAC1 by 10
0030B9  1  68                   PLA                     ; restore character
0030BA  1  29 0F                AND     #$0F            ; convert to binary
0030BC  1  20 C2 30             JSR     LAB_2912        ; evaluate new ASCII digit
0030BF  1  4C 4F 30             JMP     LAB_289E        ; go do next character
0030C2  1               
0030C2  1               ; evaluate new ASCII digit
0030C2  1               
0030C2  1               LAB_2912
0030C2  1  48                   PHA                     ; save digit
0030C3  1  20 44 2F             JSR     LAB_27AB        ; round and copy FAC1 to FAC2
0030C6  1  68                   PLA                     ; restore digit
0030C7  1  20 74 2F             JSR     LAB_27DB        ; save A as integer byte
0030CA  1  A5 B7                LDA     FAC2_s          ; get FAC2 sign (b7)
0030CC  1  45 B0                EOR     FAC1_s          ; toggle with FAC1 sign (b7)
0030CE  1  85 B8                STA     FAC_sc          ; save sign compare (FAC1 EOR FAC2)
0030D0  1  A6 AC                LDX     FAC1_e          ; get FAC1 exponent
0030D2  1  4C 3B 2C             JMP     LAB_ADD         ; add FAC2 to FAC1 and return
0030D5  1               
0030D5  1               ; evaluate next character of exponential part of number
0030D5  1               
0030D5  1               LAB_2925
0030D5  1  A5 A9                LDA     expcnt          ; get exponent count byte
0030D7  1  C9 0A                CMP     #$0A            ; compare with 10 decimal
0030D9  1  90 09                BCC     LAB_2934        ; branch if less
0030DB  1               
0030DB  1  A9 64                LDA     #$64            ; make all -ve exponents = -100 decimal (causes underflow)
0030DD  1  24 AB                BIT     expneg          ; test exponent -ve flag
0030DF  1  30 0E                BMI     LAB_2942        ; branch if -ve
0030E1  1               
0030E1  1  4C 3D 2D             JMP     LAB_2564        ; else do overflow error
0030E4  1               
0030E4  1               LAB_2934
0030E4  1  0A                   ASL     A               ; * 2
0030E5  1  0A                   ASL     A               ; * 4
0030E6  1  65 A9                ADC     expcnt          ; * 5
0030E8  1  0A                   ASL     A               ; * 10
0030E9  1  A0 00                LDY     #$00            ; set index
0030EB  1  71 C3                ADCINDIRECTY Bpntrl     ; add character (will be $30 too much!)
0030ED  1  E9 2F                SBC     #'0'-1          ; convert character to binary
0030EF  1               LAB_2942
0030EF  1  85 A9                STA     expcnt          ; save exponent count byte
0030F1  1  4C 75 30             JMP     LAB_28C4        ; go get next character
0030F4  1               
0030F4  1               ; print " in line [LINE #]"
0030F4  1               
0030F4  1               LAB_2953
0030F4  1  A9 48                LDA     #<LAB_LMSG      ; point to " in line " message low byte
0030F6  1  A0 0F                LDY     #>LAB_LMSG      ; point to " in line " message high byte
0030F8  1  20 41 1F             JSR     LAB_18C3        ; print null terminated string from memory
0030FB  1               
0030FB  1               ; print Basic line #
0030FB  1  A5 88                LDA     Clineh          ; get current line high byte
0030FD  1  A6 87                LDX     Clinel          ; get current line low byte
0030FF  1               
0030FF  1               ; print XA as unsigned integer
0030FF  1               
0030FF  1               LAB_295E
0030FF  1  85 AD                STA     FAC1_1          ; save low byte as FAC1 mantissa1
003101  1  86 AE                STX     FAC1_2          ; save high byte as FAC1 mantissa2
003103  1  A2 90                LDX     #$90            ; set exponent to 16d bits
003105  1  38                   SEC                     ; set integer is +ve flag
003106  1  20 81 2F             JSR     LAB_STFA        ; set exp=X, clearFAC1 mantissa3 and normalise
003109  1  A0 00                LDY     #$00            ; clear index
00310B  1  98                   TYA                     ; clear A
00310C  1  20 1F 31             JSR     LAB_297B        ; convert FAC1 to string, skip sign character save
00310F  1  4C 41 1F             JMP     LAB_18C3        ; print null terminated string from memory and return
003112  1               
003112  1               ; convert FAC1 to ASCII string result in (AY)
003112  1               ; not any more, moved scratchpad to page 0
003112  1               
003112  1               LAB_296E
003112  1  A0 01                LDY     #$01            ; set index = 1
003114  1  A9 20                LDA     #$20            ; character = " " (assume +ve)
003116  1  24 B0                BIT     FAC1_s          ; test FAC1 sign (b7)
003118  1  10 02                BPL     LAB_2978        ; branch if +ve
00311A  1               
00311A  1  A9 2D                LDA     #$2D            ; else character = "-"
00311C  1               LAB_2978
00311C  1                       .IFDEF  DUODYNE
00311C  1                       PHX
00311C  1                       TYX
00311C  1                       STA     Decss,X         ; save leading character (" " or "-")
00311C  1                       PLX
00311C  1                       .ELSE
00311C  1  99 EF 00             STA     Decss,Y         ; save leading character (" " or "-")
00311F  1                       .ENDIF
00311F  1               LAB_297B
00311F  1  85 B0                STA     FAC1_s          ; clear FAC1 sign (b7)
003121  1  84 BA                STY     Sendl           ; save index
003123  1  C8                   INY                     ; increment index
003124  1  A6 AC                LDX     FAC1_e          ; get FAC1 exponent
003126  1  D0 05                BNE     LAB_2989        ; branch if FAC1<>0
003128  1               
003128  1               ; exponent was $00 so FAC1 is 0
003128  1  A9 30                LDA     #'0'            ; set character = "0"
00312A  1  4C 2B 32             JMP     LAB_2A89        ; save last character, [EOT] and exit
00312D  1               
00312D  1               ; FAC1 is some non zero value
00312D  1               LAB_2989
00312D  1  A9 00                LDA     #$00            ; clear (number exponent count)
00312F  1  E0 81                CPX     #$81            ; compare FAC1 exponent with $81 (>1.00000)
003131  1               
003131  1  B0 09                BCS     LAB_299A        ; branch if FAC1=>1
003133  1               
003133  1               ; FAC1<1
003133  1  A9 F5                LDA     #<LAB_294F      ; set pointer low byte to 1,000,000
003135  1  A0 0F                LDY     #>LAB_294F      ; set pointer high byte to 1,000,000
003137  1  20 B3 2D             JSR     LAB_25FB        ; do convert AY, FCA1*(AY)
00313A  1  A9 FA                LDA     #$FA            ; set number exponent count (-6)
00313C  1               LAB_299A
00313C  1  85 A8                STA     numexp          ; save number exponent count
00313E  1               LAB_299C
00313E  1  A9 F1                LDA     #<LAB_294B      ; set pointer low byte to 999999.4375 (max before sci note)
003140  1  A0 0F                LDY     #>LAB_294B      ; set pointer high byte to 999999.4375
003142  1  20 91 2F             JSR     LAB_27F8        ; compare FAC1 with (AY)
003145  1  F0 1E                BEQ     LAB_29C3        ; exit if FAC1 = (AY)
003147  1               
003147  1  10 12                BPL     LAB_29B9        ; go do /10 if FAC1 > (AY)
003149  1               
003149  1               ; FAC1 < (AY)
003149  1               LAB_29A7
003149  1  A9 ED                LDA     #<LAB_2947      ; set pointer low byte to 99999.9375
00314B  1  A0 0F                LDY     #>LAB_2947      ; set pointer high byte to 99999.9375
00314D  1  20 91 2F             JSR     LAB_27F8        ; compare FAC1 with (AY)
003150  1  F0 02                BEQ     LAB_29B2        ; branch if FAC1 = (AY) (allow decimal places)
003152  1               
003152  1  10 0E                BPL     LAB_29C0        ; branch if FAC1 > (AY) (no decimal places)
003154  1               
003154  1               ; FAC1 <= (AY)
003154  1               LAB_29B2
003154  1  20 51 2E             JSR     LAB_269E        ; multiply by 10
003157  1  C6 A8                DEC     numexp          ; decrement number exponent count
003159  1  D0 EE                BNE     LAB_29A7        ; go test again (branch always)
00315B  1               
00315B  1               LAB_29B9
00315B  1  20 6A 2E             JSR     LAB_26B9        ; divide by 10
00315E  1  E6 A8                INC     numexp          ; increment number exponent count
003160  1  D0 DC                BNE     LAB_299C        ; go test again (branch always)
003162  1               
003162  1               ; now we have just the digits to do
003162  1               
003162  1               LAB_29C0
003162  1  20 34 2C             JSR     LAB_244E        ; add 0.5 to FAC1 (round FAC1)
003165  1               LAB_29C3
003165  1  20 CA 2F             JSR     LAB_2831        ; convert FAC1 floating-to-fixed
003168  1  A2 01                LDX     #$01            ; set default digits before dp = 1
00316A  1  A5 A8                LDA     numexp          ; get number exponent count
00316C  1  18                   CLC                     ; clear carry for add
00316D  1  69 07                ADC     #$07            ; up to 6 digits before point
00316F  1  30 09                BMI     LAB_29D8        ; if -ve then 1 digit before dp
003171  1               
003171  1  C9 08                CMP     #$08            ; A>=8 if n>=1E6
003173  1  B0 06                BCS     LAB_29D9        ; branch if >= $08
003175  1               
003175  1               ; carry is clear
003175  1  69 FF                ADC     #$FF            ; take 1 from digit count
003177  1  AA                   TAX                     ; copy to A
003178  1  A9 02                LDA     #$02            ;.set exponent adjust
00317A  1               LAB_29D8
00317A  1  38                   SEC                     ; set carry for subtract
00317B  1               LAB_29D9
00317B  1  E9 02                SBC     #$02            ; -2
00317D  1  85 A9                STA     expcnt          ;.save exponent adjust
00317F  1  86 A8                STX     numexp          ; save digits before dp count
003181  1  8A                   TXA                     ; copy to A
003182  1  F0 02                BEQ     LAB_29E4        ; branch if no digits before dp
003184  1               
003184  1  10 13                BPL     LAB_29F7        ; branch if digits before dp
003186  1               
003186  1               LAB_29E4
003186  1  A4 BA                LDY     Sendl           ; get output string index
003188  1  A9 2E                LDA     #$2E            ; character "."
00318A  1  C8                   INY                     ; increment index
00318B  1                       .IFDEF  DUODYNE
00318B  1                       PHX
00318B  1                       TYX
00318B  1                       STA     Decss,X         ; save to output string
00318B  1                       PLX
00318B  1                       .ELSE
00318B  1  99 EF 00             STA     Decss,Y         ; save to output string
00318E  1                       .ENDIF
00318E  1  8A                   TXA                     ;.
00318F  1  F0 06                BEQ     LAB_29F5        ;.
003191  1               
003191  1  A9 30                LDA     #'0'            ; character "0"
003193  1  C8                   INY                     ; increment index
003194  1                       .IFDEF  DUODYNE
003194  1                       PHX
003194  1                       TYX
003194  1                       STA     Decss,X         ; save to output string
003194  1                       PLX
003194  1                       .ELSE
003194  1  99 EF 00             STA     Decss,Y         ; save to output string
003197  1                       .ENDIF
003197  1               
003197  1               LAB_29F5
003197  1  84 BA                STY     Sendl           ; save output string index
003199  1               LAB_29F7
003199  1  A0 00                LDY     #$00            ; clear index (point to 100,000)
00319B  1  A2 80                LDX     #$80            ;
00319D  1               LAB_29FB
00319D  1  A5 AF                LDA     FAC1_3          ; get FAC1 mantissa3
00319F  1  18                   CLC                     ; clear carry for add
0031A0  1  79 6B 10             ADC     LAB_2A9C,Y      ; add -ve LSB
0031A3  1  85 AF                STA     FAC1_3          ; save FAC1 mantissa3
0031A5  1  A5 AE                LDA     FAC1_2          ; get FAC1 mantissa2
0031A7  1  79 6A 10             ADC     LAB_2A9B,Y      ; add -ve NMSB
0031AA  1  85 AE                STA     FAC1_2          ; save FAC1 mantissa2
0031AC  1  A5 AD                LDA     FAC1_1          ; get FAC1 mantissa1
0031AE  1  79 69 10             ADC     LAB_2A9A,Y      ; add -ve MSB
0031B1  1  85 AD                STA     FAC1_1          ; save FAC1 mantissa1
0031B3  1  E8                   INX                     ;
0031B4  1  B0 04                BCS     LAB_2A18        ;
0031B6  1               
0031B6  1  10 E5                BPL     LAB_29FB        ; not -ve so try again
0031B8  1               
0031B8  1  30 02                BMI     LAB_2A1A        ;
0031BA  1               
0031BA  1               LAB_2A18
0031BA  1  30 E1                BMI     LAB_29FB        ;
0031BC  1               
0031BC  1               LAB_2A1A
0031BC  1  8A                   TXA                     ;
0031BD  1  90 04                BCC     LAB_2A21        ;
0031BF  1               
0031BF  1  49 FF                EOR     #$FF            ;
0031C1  1  69 0A                ADC     #$0A            ;
0031C3  1               LAB_2A21
0031C3  1  69 2F                ADC     #'0'-1          ; add "0"-1 to result
0031C5  1  C8                   INY                     ; increment index ..
0031C6  1  C8                   INY                     ; .. to next less ..
0031C7  1  C8                   INY                     ; .. power of ten
0031C8  1  84 95                STY     Cvaral          ; save as current var address low byte
0031CA  1  A4 BA                LDY     Sendl           ; get output string index
0031CC  1  C8                   INY                     ; increment output string index
0031CD  1  AA                   TAX                     ; copy character to X
0031CE  1  29 7F                AND     #$7F            ; mask out top bit
0031D0  1                       .IFDEF  DUODYNE
0031D0  1                       PHX
0031D0  1                       TYX
0031D0  1                       STA     Decss,X         ; save to output string
0031D0  1                       PLX
0031D0  1                       .ELSE
0031D0  1  99 EF 00             STA     Decss,Y         ; save to output string
0031D3  1                       .ENDIF
0031D3  1  C6 A8                DEC     numexp          ; decrement # of characters before the dp
0031D5  1  D0 06                BNE     LAB_2A3B        ; branch if still characters to do
0031D7  1               
0031D7  1               ; else output the point
0031D7  1  A9 2E                LDA     #$2E            ; character "."
0031D9  1  C8                   INY                     ; increment output string index
0031DA  1                       .IFDEF  DUODYNE
0031DA  1                       PHX
0031DA  1                       TYX
0031DA  1                       STA     Decss,X         ; save to output string
0031DA  1                       PLX
0031DA  1                       .ELSE
0031DA  1  99 EF 00             STA     Decss,Y         ; save to output string
0031DD  1                       .ENDIF
0031DD  1               LAB_2A3B
0031DD  1  84 BA                STY     Sendl           ; save output string index
0031DF  1  A4 95                LDY     Cvaral          ; get current var address low byte
0031E1  1  8A                   TXA                     ; get character back
0031E2  1  49 FF                EOR     #$FF            ;
0031E4  1  29 80                AND     #$80            ;
0031E6  1  AA                   TAX                     ;
0031E7  1  C0 12                CPY     #$12            ; compare index with max
0031E9  1  D0 B2                BNE     LAB_29FB        ; loop if not max
0031EB  1               
0031EB  1               ; now remove trailing zeroes
0031EB  1  A4 BA                LDY     Sendl           ; get output string index
0031ED  1               LAB_2A4B
0031ED  1                       .IFDEF  DUODYNE
0031ED  1                       PHX
0031ED  1                       TYX
0031ED  1                       LDA     Decss,X         ; save to output string
0031ED  1                       PLX
0031ED  1                       .ELSE
0031ED  1  B9 EF 00             LDA     Decss,Y         ; GET FROM output string
0031F0  1                       .ENDIF
0031F0  1  88                   DEY                     ; decrement output string index
0031F1  1  C9 30                CMP     #'0'            ; compare with "0"
0031F3  1  F0 F8                BEQ     LAB_2A4B        ; loop until non "0" character found
0031F5  1               
0031F5  1  C9 2E                CMP     #'.'            ; compare with "."
0031F7  1  F0 01                BEQ     LAB_2A58        ; branch if was dp
0031F9  1               
0031F9  1               ; restore last character
0031F9  1  C8                   INY                     ; increment output string index
0031FA  1               LAB_2A58
0031FA  1  A9 2B                LDA     #$2B            ; character "+"
0031FC  1  A6 A9                LDX     expcnt          ; get exponent count
0031FE  1  F0 2E                BEQ     LAB_2A8C        ; if zero go set null terminator and exit
003200  1               
003200  1               ; exponent isn't zero so write exponent
003200  1  10 08                BPL     LAB_2A68        ; branch if exponent count +ve
003202  1               
003202  1  A9 00                LDA     #$00            ; clear A
003204  1  38                   SEC                     ; set carry for subtract
003205  1  E5 A9                SBC     expcnt          ; subtract exponent count adjust (convert -ve to +ve)
003207  1  AA                   TAX                     ; copy exponent count to X
003208  1  A9 2D                LDA     #'-'            ; character "-"
00320A  1               LAB_2A68
00320A  1               
00320A  1                       .IFDEF  DUODYNE
00320A  1                       PHX
00320A  1                       TYX
00320A  1                       STA     Decss+2,X       ; save to output string
00320A  1                       PLX
00320A  1                       .ELSE
00320A  1  99 F1 00             STA     Decss+2,Y       ; save to output string
00320D  1                       .ENDIF
00320D  1  A9 45                LDA     #$45            ; character "E"
00320F  1                       .IFDEF  DUODYNE
00320F  1                       PHX
00320F  1                       TYX
00320F  1                       STA     Decss+1,X       ; save EXPONENT SIGN to output string
00320F  1                       PLX
00320F  1                       .ELSE
00320F  1  99 F0 00             STA     Decss+1,Y       ; save EXPONENT SIGN to output string
003212  1                       .ENDIF
003212  1  8A                   TXA                     ; get exponent count back
003213  1  A2 2F                LDX     #'0'-1          ; one less than "0" character
003215  1  38                   SEC                     ; set carry for subtract
003216  1               LAB_2A74
003216  1  E8                   INX                     ; increment 10's character
003217  1  E9 0A                SBC     #$0A            ;.subtract 10 from exponent count
003219  1  B0 FB                BCS     LAB_2A74        ; loop while still >= 0
00321B  1               
00321B  1  69 3A                ADC     #':'            ; add character ":" ($30+$0A, result is 10 less that value)
00321D  1                       .IFDEF  DUODYNE
00321D  1                       PHX
00321D  1                       TYX
00321D  1                       STA     Decss+4,X       ; save to output string
00321D  1                       PLX
00321D  1                       .ELSE
00321D  1  99 F3 00             STA     Decss+4,Y       ; save to output string
003220  1                       .ENDIF
003220  1  8A                   TXA                     ; copy 10's character
003221  1                       .IFDEF  DUODYNE
003221  1                       PHX
003221  1                       TYX
003221  1                       STA     Decss+3,X       ; save to output string
003221  1                       PLX
003221  1                       .ELSE
003221  1  99 F2 00             STA     Decss+3,Y       ; save to output string
003224  1                       .ENDIF
003224  1  A9 00                LDA     #$00            ; set null terminator
003226  1                       .IFDEF  DUODYNE
003226  1                       PHX
003226  1                       TYX
003226  1                       STA     Decss+5,X       ; save to output string
003226  1                       PLX
003226  1                       .ELSE
003226  1  99 F4 00             STA     Decss+5,Y       ; save to output string
003229  1                       .ENDIF
003229  1  F0 08                BEQ     LAB_2A91        ; go set string pointer (AY) and exit (branch always)
00322B  1               
00322B  1               ; save last character, [EOT] and exit
00322B  1               LAB_2A89
00322B  1                       .IFDEF  DUODYNE
00322B  1                       PHX
00322B  1                       TYX
00322B  1                       STA     Decss,X         ; save to output string
00322B  1                       PLX
00322B  1                       .ELSE
00322B  1  99 EF 00             STA     Decss,Y         ; save to output string
00322E  1                       .ENDIF
00322E  1               
00322E  1               ; set null terminator and exit
00322E  1               LAB_2A8C
00322E  1  A9 00                LDA     #$00            ; set null terminator
003230  1                       .IFDEF  DUODYNE
003230  1                       PHX
003230  1                       TYX
003230  1                       STA     Decss+1,X       ; save to output string
003230  1                       PLX
003230  1                       .ELSE
003230  1  99 F0 00             STA     Decss+1,Y       ; save to output string
003233  1                       .ENDIF
003233  1               
003233  1               ; set string pointer (AY) and exit
003233  1               LAB_2A91
003233  1  A9 F0                LDA     #<Decssp1       ; set result string low pointer
003235  1  A0 00                LDY     #>Decssp1       ; set result string high pointer
003237  1  60                   RTS
003238  1               
003238  1               ; perform power function
003238  1               
003238  1               LAB_POWER
003238  1  F0 42                BEQ     LAB_EXP         ; go do  EXP()
00323A  1               
00323A  1  A5 B3                LDA     FAC2_e          ; get FAC2 exponent
00323C  1  D0 03                BNE     LAB_2ABF        ; branch if FAC2<>0
00323E  1               
00323E  1  4C CC 2C             JMP     LAB_24F3        ; clear FAC1 exponent and sign and return
003241  1               
003241  1               LAB_2ABF
003241  1  A2 9C                LDX     #<func_l        ; set destination pointer low byte
003243  1  A0 00                LDY     #>func_l        ; set destination pointer high byte
003245  1  20 21 2F             JSR     LAB_2778        ; pack FAC1 into (XY)
003248  1  A5 B7                LDA     FAC2_s          ; get FAC2 sign (b7)
00324A  1  10 0F                BPL     LAB_2AD9        ; branch if FAC2>0
00324C  1               
00324C  1               ; else FAC2 is -ve and can only be raised to an
00324C  1               ; integer power which gives an x +j0 result
00324C  1  20 FB 2F             JSR     LAB_INT         ; perform INT
00324F  1  A9 9C                LDA     #<func_l        ; set source pointer low byte
003251  1  A0 00                LDY     #>func_l        ; set source pointer high byte
003253  1  20 91 2F             JSR     LAB_27F8        ; compare FAC1 with (AY)
003256  1  D0 03                BNE     LAB_2AD9        ; branch if FAC1 <> (AY) to allow Function Call error
003258  1               ; this will leave FAC1 -ve and cause a Function Call
003258  1               ; error when LOG() is called
003258  1               
003258  1  98                   TYA                     ; clear sign b7
003259  1  A4 5B                LDY     Temp3           ; save mantissa 3 from INT() function as sign in Y
00325B  1               ; for possible later negation, b0
00325B  1               LAB_2AD9
00325B  1  20 3F 2C             JSR     LAB_279D        ; save FAC1 sign and copy ABS(FAC2) to FAC1
00325E  1  98                   TYA                     ; copy sign back ..
00325F  1  48                   PHA                     ; .. and save it
003260  1  20 75 2D             JSR     LAB_LOG         ; do LOG(n)
003263  1  A9 9C                LDA     #<garb_l        ; set pointer low byte
003265  1  A0 00                LDY     #>garb_l        ; set pointer high byte
003267  1  20 B3 2D             JSR     LAB_25FB        ; do convert AY, FCA1*(AY) (square the value)
00326A  1  20 7C 32             JSR     LAB_EXP         ; go do EXP(n)
00326D  1  68                   PLA                     ; pull sign from stack
00326E  1  4A                   LSR     A               ; b0 is to be tested, shift to Cb
00326F  1  90 0A                BCC     LAB_2AF9        ; if no bit then exit
003271  1               
003271  1               ; Perform negation
003271  1               ; do - FAC1
003271  1               
003271  1               LAB_GTHAN
003271  1  A5 AC                LDA     FAC1_e          ; get FAC1 exponent
003273  1  F0 06                BEQ     LAB_2AF9        ; exit if FAC1_e = $00
003275  1               
003275  1  A5 B0                LDA     FAC1_s          ; get FAC1 sign (b7)
003277  1  49 FF                EOR     #$FF            ; complement it
003279  1  85 B0                STA     FAC1_s          ; save FAC1 sign (b7)
00327B  1               LAB_2AF9
00327B  1  60                   RTS
00327C  1               
00327C  1               ; perform EXP()	(x^e)
00327C  1               
00327C  1               LAB_EXP
00327C  1  A9 F9                LDA     #<LAB_2AFA      ; set 1.443 pointer low byte
00327E  1  A0 0F                LDY     #>LAB_2AFA      ; set 1.443 pointer high byte
003280  1  20 B3 2D             JSR     LAB_25FB        ; do convert AY, FCA1*(AY)
003283  1  A5 B9                LDA     FAC1_r          ; get FAC1 rounding byte
003285  1  69 50                ADC     #$50            ; +$50/$100
003287  1  90 03                BCC     LAB_2B2B        ; skip rounding if no carry
003289  1               
003289  1  20 5B 2F             JSR     LAB_27C2        ; round FAC1 (no check)
00328C  1               LAB_2B2B
00328C  1  85 A3                STA     FAC2_r          ; save FAC2 rounding byte
00328E  1  20 47 2F             JSR     LAB_27AE        ; copy FAC1 to FAC2
003291  1  A5 AC                LDA     FAC1_e          ; get FAC1 exponent
003293  1  C9 88                CMP     #$88            ; compare with EXP limit (256d)
003295  1  90 03                BCC     LAB_2B39        ; branch if less
003297  1               
003297  1               LAB_2B36
003297  1  20 48 2E             JSR     LAB_2690        ; handle overflow and underflow
00329A  1               LAB_2B39
00329A  1  20 FB 2F             JSR     LAB_INT         ; perform INT
00329D  1  A5 5B                LDA     Temp3           ; get mantissa 3 from INT() function
00329F  1  18                   CLC                     ; clear carry for add
0032A0  1  69 81                ADC     #$81            ; normalise +1
0032A2  1  F0 F3                BEQ     LAB_2B36        ; if $00 go handle overflow
0032A4  1               
0032A4  1  38                   SEC                     ; set carry for subtract
0032A5  1  E9 01                SBC     #$01            ; now correct for exponent
0032A7  1  48                   PHA                     ; save FAC2 exponent
0032A8  1               
0032A8  1               ; swap FAC1 and FAC2
0032A8  1  A2 04                LDX     #$04            ; 4 bytes to do
0032AA  1               LAB_2B49
0032AA  1  B5 B3                LDA     FAC2_e,X        ; get FAC2,X
0032AC  1  B4 AC                LDY     FAC1_e,X        ; get FAC1,X
0032AE  1  95 AC                STA     FAC1_e,X        ; save FAC1,X
0032B0  1  94 B3                STY     FAC2_e,X        ; save FAC2,X
0032B2  1  CA                   DEX                     ; decrement count/index
0032B3  1  10 F5                BPL     LAB_2B49        ; loop if not all done
0032B5  1               
0032B5  1  A5 A3                LDA     FAC2_r          ; get FAC2 rounding byte
0032B7  1  85 B9                STA     FAC1_r          ; save as FAC1 rounding byte
0032B9  1  20 20 2C             JSR     LAB_SUBTRACT    ; perform subtraction, FAC2 from FAC1
0032BC  1  20 71 32             JSR     LAB_GTHAN       ; do - FAC1
0032BF  1  A9 FD                LDA     #<LAB_2AFE      ; set counter pointer low byte
0032C1  1  A0 0F                LDY     #>LAB_2AFE      ; set counter pointer high byte
0032C3  1  20 E4 32             JSR     LAB_2B84        ; go do series evaluation
0032C6  1  A9 00                LDA     #$00            ; clear A
0032C8  1  85 B8                STA     FAC_sc          ; clear sign compare (FAC1 EOR FAC2)
0032CA  1  68                   PLA                     ;.get saved FAC2 exponent
0032CB  1  4C 2D 2E             JMP     LAB_2675        ; test and adjust accumulators and return
0032CE  1               
0032CE  1               ; ^2 then series evaluation
0032CE  1               
0032CE  1               LAB_2B6E
0032CE  1  85 BA                STA     Cptrl           ; save count pointer low byte
0032D0  1  84 BB                STY     Cptrh           ; save count pointer high byte
0032D2  1  20 17 2F             JSR     LAB_276E        ; pack FAC1 into Adatal
0032D5  1  A9 A4                LDA     #<Adatal        ; set pointer low byte (Y already $00)
0032D7  1  20 B3 2D             JSR     LAB_25FB        ; do convert AY, FCA1*(AY)
0032DA  1  20 E8 32             JSR     LAB_2B88        ; go do series evaluation
0032DD  1  A9 A4                LDA     #<Adatal        ; pointer to original # low byte
0032DF  1  A0 00                LDY     #>Adatal        ; pointer to original # high byte
0032E1  1  4C B3 2D             JMP     LAB_25FB        ; do convert AY, FCA1*(AY) and return
0032E4  1               
0032E4  1               ; series evaluation
0032E4  1               
0032E4  1               LAB_2B84
0032E4  1  85 BA                STA     Cptrl           ; save count pointer low byte
0032E6  1  84 BB                STY     Cptrh           ; save count pointer high byte
0032E8  1               LAB_2B88
0032E8  1  A2 A8                LDX     #<numexp        ; set pointer low byte
0032EA  1  20 19 2F             JSR     LAB_2770        ; set pointer high byte and pack FAC1 into numexp
0032ED  1  B1 BA                LDAINDIRECTY Cptrl      ; get constants count
0032EF  1  85 B1                STA     numcon          ; save constants count
0032F1  1  A4 BA                LDY     Cptrl           ; get count pointer low byte
0032F3  1  C8                   INY                     ; increment it (now constants pointer)
0032F4  1  98                   TYA                     ; copy it
0032F5  1  D0 02                BNE     LAB_2B97        ; skip next if no overflow
0032F7  1               
0032F7  1  E6 BB                INC     Cptrh           ; else increment high byte
0032F9  1               LAB_2B97
0032F9  1  85 BA                STA     Cptrl           ; save low byte
0032FB  1  A4 BB                LDY     Cptrh           ; get high byte
0032FD  1               LAB_2B9B
0032FD  1  20 B3 2D             JSR     LAB_25FB        ; do convert AY, FCA1*(AY)
003300  1  A5 BA                LDA     Cptrl           ; get constants pointer low byte
003302  1  A4 BB                LDY     Cptrh           ; get constants pointer high byte
003304  1  18                   CLC                     ; clear carry for add
003305  1  69 04                ADC     #$04            ; +4 to  low pointer (4 bytes per constant)
003307  1  90 01                BCC     LAB_2BA8        ; skip next if no overflow
003309  1               
003309  1  C8                   INY                     ; increment high byte
00330A  1               LAB_2BA8
00330A  1  85 BA                STA     Cptrl           ; save pointer low byte
00330C  1  84 BB                STY     Cptrh           ; save pointer high byte
00330E  1  20 38 2C             JSR     LAB_246C        ; add (AY) to FAC1
003311  1  A9 A8                LDA     #<numexp        ; set pointer low byte to partial @ numexp
003313  1  A0 00                LDY     #>numexp        ; set pointer high byte to partial @ numexp
003315  1  C6 B1                DEC     numcon          ; decrement constants count
003317  1  D0 E4                BNE     LAB_2B9B        ; loop until all done
003319  1               
003319  1  60                   RTS
00331A  1               
00331A  1               ; RND(n), 32 bit Galoise version. make n=0 for 19th next number in sequence or n<>0
00331A  1               ; to get 19th next number in sequence after seed n. This version of the PRNG uses
00331A  1               ; the Galois method and a sample of 65536 bytes produced gives the following values.
00331A  1               
00331A  1               ; Entropy = 7.997442 bits per byte
00331A  1               ; Optimum compression would reduce these 65536 bytes by 0 percent
00331A  1               
00331A  1               ; Chi square distribution for 65536 samples is 232.01, and
00331A  1               ; randomly would exceed this value 75.00 percent of the time
00331A  1               
00331A  1               ; Arithmetic mean value of data bytes is 127.6724, 127.5 would be random
00331A  1               ; Monte Carlo value for Pi is 3.122871269, error 0.60 percent
00331A  1               ; Serial correlation coefficient is -0.000370, totally uncorrelated would be 0.0
00331A  1               
00331A  1               LAB_RND:
00331A  1  A5 AC                LDA     FAC1_e          ; get FAC1 exponent
00331C  1  F0 07                BEQ     NextPRN         ; do next random # if zero
00331E  1               
00331E  1               ; else get seed into random number store
00331E  1  A2 E1                LDX     #Rbyte4         ; set PRNG pointer low byte
003320  1  A0 00                LDY     #$00            ; set PRNG pointer high byte
003322  1  20 21 2F             JSR     LAB_2778        ; pack FAC1 into (XY)
003325  1               NextPRN:
003325  1  A2 AF                LDX     #$AF            ; set EOR byte
003327  1  A0 13                LDY     #$13            ; do this nineteen times
003329  1               LoopPRN:
003329  1  06 E2                ASL     Rbyte1          ; shift PRNG most significant byte
00332B  1  26 E3                ROL     Rbyte2          ; shift PRNG middle byte
00332D  1  26 E4                ROL     Rbyte3          ; shift PRNG least significant byte
00332F  1  26 E1                ROL     Rbyte4          ; shift PRNG extra byte
003331  1  90 05                BCC     Ninc1           ; branch if bit 32 clear
003333  1               
003333  1  8A                   TXA                     ; set EOR byte
003334  1  45 E2                EOR     Rbyte1          ; EOR PRNG extra byte
003336  1  85 E2                STA     Rbyte1          ; save new PRNG extra byte
003338  1               Ninc1:
003338  1  88                   DEY                     ; decrement loop count
003339  1  D0 EE                BNE     LoopPRN         ; loop if not all done
00333B  1               
00333B  1  A2 02                LDX     #$02            ; three bytes to copy
00333D  1               CopyPRNG:
00333D  1  B5 E2                LDA     Rbyte1,X        ; get PRNG byte
00333F  1  95 AD                STA     FAC1_1,X        ; save FAC1 byte
003341  1  CA                   DEX
003342  1  10 F9                BPL     CopyPRNG        ; loop if not complete
003344  1               
003344  1  A9 80                LDA     #$80            ; set the exponent
003346  1  85 AC                STA     FAC1_e          ; save FAC1 exponent
003348  1               
003348  1  0A                   ASL     A               ; clear A
003349  1  85 B0                STA     FAC1_s          ; save FAC1 sign
00334B  1               
00334B  1  4C AE 2C             JMP     LAB_24D5        ; normalise FAC1 and return
00334E  1               
00334E  1               ; perform COS()
00334E  1               
00334E  1               LAB_COS:
00334E  1  A9 1A                LDA     #<LAB_2C78      ; set (pi/2) pointer low byte
003350  1  A0 10                LDY     #>LAB_2C78      ; set (pi/2) pointer high byte
003352  1  20 38 2C             JSR     LAB_246C        ; add (AY) to FAC1
003355  1               
003355  1               ; perform SIN()
003355  1               
003355  1               LAB_SIN:
003355  1  20 44 2F             JSR     LAB_27AB        ; round and copy FAC1 to FAC2
003358  1  A9 2F                LDA     #<LAB_2C7C      ; set (2*pi) pointer low byte
00335A  1  A0 10                LDY     #>LAB_2C7C      ; set (2*pi) pointer high byte
00335C  1  A6 B7                LDX     FAC2_s          ; get FAC2 sign (b7)
00335E  1  20 73 2E             JSR     LAB_26C2        ; divide by (AY) (X=sign)
003361  1  20 44 2F             JSR     LAB_27AB        ; round and copy FAC1 to FAC2
003364  1  20 FB 2F             JSR     LAB_INT         ; perform INT
003367  1  A9 00                LDA     #$00            ; clear byte
003369  1  85 B8                STA     FAC_sc          ; clear sign compare (FAC1 EOR FAC2)
00336B  1  20 20 2C             JSR     LAB_SUBTRACT    ; perform subtraction, FAC2 from FAC1
00336E  1  A9 61                LDA     #<LAB_2C80      ; set 0.25 pointer low byte
003370  1  A0 10                LDY     #>LAB_2C80      ; set 0.25 pointer high byte
003372  1  20 1D 2C             JSR     LAB_2455        ; perform subtraction, (AY) from FAC1
003375  1  A5 B0                LDA     FAC1_s          ; get FAC1 sign (b7)
003377  1  48                   PHA                     ; save FAC1 sign
003378  1  10 0D                BPL     LAB_2C35        ; branch if +ve
00337A  1               
00337A  1               ; FAC1 sign was -ve
00337A  1  20 34 2C             JSR     LAB_244E        ; add 0.5 to FAC1
00337D  1  A5 B0                LDA     FAC1_s          ; get FAC1 sign (b7)
00337F  1  30 09                BMI     LAB_2C38        ; branch if -ve
003381  1               
003381  1  A5 63                LDA     Cflag           ; get comparison evaluation flag
003383  1  49 FF                EOR     #$FF            ; toggle flag
003385  1  85 63                STA     Cflag           ; save comparison evaluation flag
003387  1               LAB_2C35
003387  1  20 71 32             JSR     LAB_GTHAN       ; do - FAC1
00338A  1               LAB_2C38:
00338A  1  A9 61                LDA     #<LAB_2C80      ; set 0.25 pointer low byte
00338C  1  A0 10                LDY     #>LAB_2C80      ; set 0.25 pointer high byte
00338E  1  20 38 2C             JSR     LAB_246C        ; add (AY) to FAC1
003391  1  68                   PLA                     ; restore FAC1 sign
003392  1  10 03                BPL     LAB_2C45        ; branch if was +ve
003394  1               
003394  1               ; else correct FAC1
003394  1  20 71 32             JSR     LAB_GTHAN       ; do - FAC1
003397  1               LAB_2C45:
003397  1  A9 1E                LDA     #<LAB_2C84      ; set pointer low byte to counter
003399  1  A0 10                LDY     #>LAB_2C84      ; set pointer high byte to counter
00339B  1  4C CE 32             JMP     LAB_2B6E        ; ^2 then series evaluation and return
00339E  1               
00339E  1               ; perform TAN()
00339E  1               
00339E  1               LAB_TAN:
00339E  1  20 17 2F             JSR     LAB_276E        ; pack FAC1 into Adatal
0033A1  1  A9 00                LDA     #$00            ; clear byte
0033A3  1  85 63                STA     Cflag           ; clear comparison evaluation flag
0033A5  1  20 55 33             JSR     LAB_SIN         ; go do SIN(n)
0033A8  1  A2 9C                LDX     #<func_l        ; set sin(n) pointer low byte
0033AA  1  A0 00                LDY     #>func_l        ; set sin(n) pointer high byte
0033AC  1  20 21 2F             JSR     LAB_2778        ; pack FAC1 into (XY)
0033AF  1  A9 A4                LDA     #<Adatal        ; set n pointer low addr
0033B1  1  A0 00                LDY     #>Adatal        ; set n pointer high addr
0033B3  1  20 F7 2E             JSR     LAB_UFAC        ; unpack memory (AY) into FAC1
0033B6  1  A9 00                LDA     #$00            ; clear byte
0033B8  1  85 B0                STA     FAC1_s          ; clear FAC1 sign (b7)
0033BA  1  A5 63                LDA     Cflag           ; get comparison evaluation flag
0033BC  1  20 C6 33             JSR     LAB_2C74        ; save flag and go do series evaluation
0033BF  1               
0033BF  1  A9 9C                LDA     #<func_l        ; set sin(n) pointer low byte
0033C1  1  A0 00                LDY     #>func_l        ; set sin(n) pointer high byte
0033C3  1  4C 7B 2E             JMP     LAB_26CA        ; convert AY and do (AY)/FAC1
0033C6  1               
0033C6  1               LAB_2C74:
0033C6  1  48                   PHA                     ; save comparison evaluation flag
0033C7  1  4C 87 33             JMP     LAB_2C35        ; go do series evaluation
0033CA  1               
0033CA  1               ; perform USR()
0033CA  1               
0033CA  1               LAB_USR:
0033CA  1  20 0A 00             JSR     Usrjmp          ; call user code
0033CD  1  4C 5D 22             JMP     LAB_1BFB        ; scan for ")", else do syntax error then warm start
0033D0  1               
0033D0  1               ; perform ATN()
0033D0  1               
0033D0  1               LAB_ATN:
0033D0  1  A5 B0                LDA     FAC1_s          ; get FAC1 sign (b7)
0033D2  1  48                   PHA                     ; save sign
0033D3  1  10 03                BPL     LAB_2CA1        ; branch if +ve
0033D5  1               
0033D5  1  20 71 32             JSR     LAB_GTHAN       ; else do - FAC1
0033D8  1               LAB_2CA1:
0033D8  1  A5 AC                LDA     FAC1_e          ; get FAC1 exponent
0033DA  1  48                   PHA                     ; push exponent
0033DB  1  C9 81                CMP     #$81            ; compare with 1
0033DD  1  90 07                BCC     LAB_2CAF        ; branch if FAC1<1
0033DF  1               
0033DF  1  A9 54                LDA     #<LAB_259C      ; set 1 pointer low byte
0033E1  1  A0 10                LDY     #>LAB_259C      ; set 1 pointer high byte
0033E3  1  20 7B 2E             JSR     LAB_26CA        ; convert AY and do (AY)/FAC1
0033E6  1               LAB_2CAF:
0033E6  1  A9 33                LDA     #<LAB_2CC9      ; set pointer low byte to counter
0033E8  1  A0 10                LDY     #>LAB_2CC9      ; set pointer high byte to counter
0033EA  1  20 CE 32             JSR     LAB_2B6E        ; ^2 then series evaluation
0033ED  1  68                   PLA                     ; restore old FAC1 exponent
0033EE  1  C9 81                CMP     #$81            ; compare with 1
0033F0  1  90 07                BCC     LAB_2CC2        ; branch if FAC1<1
0033F2  1               
0033F2  1  A9 1A                LDA     #<LAB_2C78      ; set (pi/2) pointer low byte
0033F4  1  A0 10                LDY     #>LAB_2C78      ; set (pi/2) pointer high byte
0033F6  1  20 1D 2C             JSR     LAB_2455        ; perform subtraction, (AY) from FAC1
0033F9  1               LAB_2CC2:
0033F9  1  68                   PLA                     ; restore FAC1 sign
0033FA  1  10 16                BPL     LAB_2D04        ; exit if was +ve
0033FC  1               
0033FC  1  4C 71 32             JMP     LAB_GTHAN       ; else do - FAC1 and return
0033FF  1               
0033FF  1               ; perform BITSET
0033FF  1               
0033FF  1               LAB_BITSET:
0033FF  1  20 4B 2B             JSR     LAB_GADB        ; get two parameters for POKE or WAIT
003402  1  E0 08                CPX     #$08            ; only 0 to 7 are allowed
003404  1  B0 20                BCS     FCError         ; branch if > 7
003406  1               
003406  1  A9 00                LDA     #$00            ; clear A
003408  1  38                   SEC                     ; set the carry
003409  1               S_Bits:
003409  1  2A                   ROL     A               ; shift bit
00340A  1  CA                   DEX                     ; decrement bit number
00340B  1  10 FC                BPL     S_Bits          ; loop if still +ve
00340D  1               
00340D  1  E8                   INX                     ; make X = $00
00340E  1  01 11                ORA     (Itempl,X)      ; or with byte via temporary integer (addr)
003410  1  81 11                STA     (Itempl,X)      ; save byte via temporary integer (addr)
003412  1               LAB_2D04:
003412  1  60                   RTS
003413  1               
003413  1               ; perform BITCLR
003413  1               
003413  1               LAB_BITCLR:
003413  1  20 4B 2B             JSR     LAB_GADB        ; get two parameters for POKE or WAIT
003416  1  E0 08                CPX     #$08            ; only 0 to 7 are allowed
003418  1  B0 0C                BCS     FCError         ; branch if > 7
00341A  1               
00341A  1  A9 FF                LDA     #$FF            ; set A
00341C  1               S_Bitc:
00341C  1  2A                   ROL     A               ; shift bit
00341D  1  CA                   DEX                     ; decrement bit number
00341E  1  10 FC                BPL     S_Bitc          ; loop if still +ve
003420  1               
003420  1  E8                   INX                     ; make X = $00
003421  1  21 11                AND     (Itempl,X)      ; and with byte via temporary integer (addr)
003423  1  81 11                STA     (Itempl,X)      ; save byte via temporary integer (addr)
003425  1  60                   RTS
003426  1               
003426  1               FCError:
003426  1  4C 99 25             JMP     LAB_FCER        ; do function call error then warm start
003429  1               
003429  1               ; perform BITTST()
003429  1               
003429  1               LAB_BTST:
003429  1                       .IFDEF  DUODYNE
003429  1                       JSL     LAB_IGBY        ; increment and scan memory
003429  1                       .ELSE
003429  1  20 BC 00             JSR     LAB_IGBY        ; increment and scan memory
00342C  1                       .ENDIF
00342C  1               
00342C  1  20 4B 2B             JSR     LAB_GADB        ; get two parameters for POKE or WAIT
00342F  1  E0 08                CPX     #$08            ; only 0 to 7 are allowed
003431  1  B0 F3                BCS     FCError         ; branch if > 7
003433  1               
003433  1                       .IFDEF  DUODYNE
003433  1                       JSL     LAB_GBYT        ; scan memory
003433  1                       .ELSE
003433  1  20 C2 00             JSR     LAB_GBYT        ; scan memory
003436  1                       .ENDIF
003436  1               
003436  1  C9 29                CMP     #')'            ; is next character ")"
003438  1  F0 03                BEQ     TST_OK          ; if ")" go do rest of function
00343A  1               
00343A  1  4C 71 22             JMP     LAB_SNER        ; do syntax error then warm start
00343D  1               
00343D  1               TST_OK:
00343D  1                       .IFDEF  DUODYNE
00343D  1                       JSL     LAB_IGBY        ; increment and scan memory
00343D  1                       .ELSE
00343D  1  20 BC 00             JSR     LAB_IGBY        ; increment and scan memory
003440  1                       .ENDIF
003440  1               
003440  1  A9 00                LDA     #$00            ; clear A
003442  1  38                   SEC                     ; set the carry
003443  1               T_Bits:
003443  1  2A                   ROL     A               ; shift bit
003444  1  CA                   DEX                     ; decrement bit number
003445  1  10 FC                BPL     T_Bits          ; loop if still +ve
003447  1               
003447  1  E8                   INX                     ; make X = $00
003448  1  21 11                AND     (Itempl,X)      ; AND with byte via temporary integer (addr)
00344A  1  F0 02                BEQ     LAB_NOTT        ; branch if zero (already correct)
00344C  1               
00344C  1  A9 FF                LDA     #$FF            ; set for -1 result
00344E  1               LAB_NOTT:
00344E  1  4C 74 2F             JMP     LAB_27DB        ; go do SGN tail
003451  1               
003451  1               ; perform BIN$()
003451  1               
003451  1               LAB_BINS:
003451  1  E0 19                CPX     #$19            ; max + 1
003453  1  B0 48                BCS     BinFErr         ; exit if too big ( > or = )
003455  1               
003455  1  86 78                STX     TempB           ; save # of characters ($00 = leading zero remove)
003457  1  A9 18                LDA     #$18            ; need A byte long space
003459  1  20 AA 27             JSR     LAB_MSSP        ; make string space A bytes long
00345C  1  A0 17                LDY     #$17            ; set index
00345E  1  A2 18                LDX     #$18            ; character count
003460  1               NextB1:
003460  1  46 11                LSR     nums_1          ; shift highest byte
003462  1  66 12                ROR     nums_2          ; shift middle byte
003464  1  66 13                ROR     nums_3          ; shift lowest byte bit 0 to carry
003466  1  8A                   TXA                     ; load with "0"/2
003467  1  2A                   ROL     A               ; shift in carry
003468  1  91 AD                STAINDIRECTY str_pl     ; save to temp string + index
00346A  1  88                   DEY                     ; decrement index
00346B  1  10 F3                BPL     NextB1          ; loop if not done
00346D  1               
00346D  1  A5 78                LDA     TempB           ; get # of characters
00346F  1  F0 0A                BEQ     EndBHS          ; branch if truncate
003471  1               
003471  1  AA                   TAX                     ; copy length to X
003472  1  38                   SEC                     ; set carry for add !
003473  1  49 FF                EOR     #$FF            ; 1's complement
003475  1  69 18                ADC     #$18            ; add 24d
003477  1  F0 1C                BEQ     GoPr2           ; if zero print whole string
003479  1               
003479  1  D0 0F                BNE     GoPr1           ; else go make output string
00347B  1               
00347B  1               ; this is the exit code and is also used by HEX$()
00347B  1               ; truncate string to remove leading "0"s
00347B  1               
00347B  1               EndBHS:
00347B  1  A8                   TAY                     ; clear index (A=0, X=length here)
00347C  1               NextB2:
00347C  1  B1 AD                LDAINDIRECTY str_pl     ; get character from string
00347E  1  C9 30                CMP     #'0'            ; compare with "0"
003480  1  D0 07                BNE     GoPr            ; if not "0" then go print string from here
003482  1               
003482  1  CA                   DEX                     ; decrement character count
003483  1  F0 03                BEQ     GoPr3           ; if zero then end of string so go print it
003485  1               
003485  1  C8                   INY                     ; else increment index
003486  1  10 F4                BPL     NextB2          ; loop always
003488  1               
003488  1               ; make fixed length output string - ignore overflows!
003488  1               
003488  1               GoPr3:
003488  1  E8                   INX                     ; need at least 1 character
003489  1               GoPr:
003489  1  98                   TYA                     ; copy result
00348A  1               GoPr1:
00348A  1  18                   CLC                     ; clear carry for add
00348B  1  65 AD                ADC     str_pl          ; add low address
00348D  1  85 AD                STA     str_pl          ; save low address
00348F  1  A9 00                LDA     #$00            ; do high byte
003491  1  65 AE                ADC     str_ph          ; add high address
003493  1  85 AE                STA     str_ph          ; save high address
003495  1               GoPr2:
003495  1  86 AC                STX     str_ln          ; X holds string length
003497  1                       .IFDEF  DUODYNE
003497  1                       JSL     LAB_IGBY        ; increment and scan memory
003497  1                       .ELSE
003497  1  20 BC 00             JSR     LAB_IGBY        ; increment and scan memory
00349A  1                       .ENDIF
00349A  1               
00349A  1  4C F7 27             JMP     LAB_RTST        ; check for space on descriptor stack then put address
00349D  1               ; and length on descriptor stack and update stack pointers
00349D  1               
00349D  1               BinFErr:
00349D  1  4C 99 25             JMP     LAB_FCER        ; do function call error then warm start
0034A0  1               
0034A0  1               ; perform HEX$()
0034A0  1               
0034A0  1               LAB_HEXS:
0034A0  1  E0 07                CPX     #$07            ; max + 1
0034A2  1  B0 F9                BCS     BinFErr         ; exit if too big ( > or = )
0034A4  1               
0034A4  1  86 78                STX     TempB           ; save # of characters
0034A6  1               
0034A6  1  A9 06                LDA     #$06            ; need 6 bytes for string
0034A8  1  20 AA 27             JSR     LAB_MSSP        ; make string space A bytes long
0034AB  1  A0 05                LDY     #$05            ; set string index
0034AD  1               
0034AD  1  F8                   SED                     ; need decimal mode for nibble convert
0034AE  1  A5 13                LDA     nums_3          ; get lowest byte
0034B0  1  20 CE 34             JSR     LAB_A2HX        ; convert A to ASCII hex byte and output
0034B3  1  A5 12                LDA     nums_2          ; get middle byte
0034B5  1  20 CE 34             JSR     LAB_A2HX        ; convert A to ASCII hex byte and output
0034B8  1  A5 11                LDA     nums_1          ; get highest byte
0034BA  1  20 CE 34             JSR     LAB_A2HX        ; convert A to ASCII hex byte and output
0034BD  1  D8                   CLD                     ; back to binary
0034BE  1               
0034BE  1  A2 06                LDX     #$06            ; character count
0034C0  1  A5 78                LDA     TempB           ; get # of characters
0034C2  1  F0 B7                BEQ     EndBHS          ; branch if truncate
0034C4  1               
0034C4  1  AA                   TAX                     ; copy length to X
0034C5  1  38                   SEC                     ; set carry for add !
0034C6  1  49 FF                EOR     #$FF            ; 1's complement
0034C8  1  69 06                ADC     #$06            ; add 6d
0034CA  1  F0 C9                BEQ     GoPr2           ; if zero print whole string
0034CC  1               
0034CC  1  D0 BC                BNE     GoPr1           ; else go make output string (branch always)
0034CE  1               
0034CE  1               ; convert A to ASCII hex byte and output .. note set decimal mode before calling
0034CE  1               
0034CE  1               LAB_A2HX:
0034CE  1  AA                   TAX                     ; save byte
0034CF  1  29 0F                AND     #$0F            ; mask off top bits
0034D1  1  20 D9 34             JSR     LAB_AL2X        ; convert low nibble to ASCII and output
0034D4  1  8A                   TXA                     ; get byte back
0034D5  1  4A                   LSR     A               ; /2	shift high nibble to low nibble
0034D6  1  4A                   LSR     A               ; /4
0034D7  1  4A                   LSR     A               ; /8
0034D8  1  4A                   LSR     A               ; /16
0034D9  1               LAB_AL2X:
0034D9  1  C9 0A                CMP     #$0A            ; set carry for +1 if >9
0034DB  1  69 30                ADC     #'0'            ; add ASCII "0"
0034DD  1  91 AD                STAINDIRECTY str_pl     ; save to temp string
0034DF  1  88                   DEY                     ; decrement counter
0034E0  1  60                   RTS
0034E1  1               
0034E1  1               LAB_NLTO:
0034E1  1  85 AC                STA     FAC1_e          ; save FAC1 exponent
0034E3  1  A9 00                LDA     #$00            ; clear sign compare
0034E5  1               LAB_MLTE:
0034E5  1  85 B8                STA     FAC_sc          ; save sign compare (FAC1 EOR FAC2)
0034E7  1  8A                   TXA                     ; restore character
0034E8  1  20 C2 30             JSR     LAB_2912        ; evaluate new ASCII digit
0034EB  1               
0034EB  1               ; gets here if the first character was "$" for hex
0034EB  1               ; get hex number
0034EB  1               
0034EB  1               LAB_CHEX:
0034EB  1                       .IFDEF  DUODYNE
0034EB  1                       JSL     LAB_IGBY        ; increment and scan memory
0034EB  1                       .ELSE
0034EB  1  20 BC 00             JSR     LAB_IGBY        ; increment and scan memory
0034EE  1                       .ENDIF
0034EE  1               
0034EE  1  90 0A                BCC     LAB_ISHN        ; branch if numeric character
0034F0  1               
0034F0  1  09 20                ORA     #$20            ; case convert, allow "A" to "F" and "a" to "f"
0034F2  1  E9 61                SBC     #'a'            ; subtract "a" (carry set here)
0034F4  1  C9 06                CMP     #$06            ; compare normalised with $06 (max+1)
0034F6  1  B0 2A                BCS     LAB_EXCH        ; exit if >"f" or <"0"
0034F8  1               
0034F8  1  69 0A                ADC     #$0A            ; convert to nibble
0034FA  1               LAB_ISHN:
0034FA  1  29 0F                AND     #$0F            ; convert to binary
0034FC  1  AA                   TAX                     ; save nibble
0034FD  1  A5 AC                LDA     FAC1_e          ; get FAC1 exponent
0034FF  1  F0 E4                BEQ     LAB_MLTE        ; skip multiply if zero
003501  1               
003501  1  69 04                ADC     #$04            ; add four to exponent (*16 - carry clear here)
003503  1  90 DC                BCC     LAB_NLTO        ; if no overflow do evaluate digit
003505  1               
003505  1               LAB_MLTO:
003505  1  4C 3D 2D             JMP     LAB_2564        ; do overflow error and warm start
003508  1               
003508  1               LAB_NXCH:
003508  1  AA                   TAX                     ; save bit
003509  1  A5 AC                LDA     FAC1_e          ; get FAC1 exponent
00350B  1  F0 06                BEQ     LAB_MLBT        ; skip multiply if zero
00350D  1               
00350D  1  E6 AC                INC     FAC1_e          ; increment FAC1 exponent (*2)
00350F  1  F0 F4                BEQ     LAB_MLTO        ; do overflow error if = $00
003511  1               
003511  1  A9 00                LDA     #$00            ; clear sign compare
003513  1               LAB_MLBT:
003513  1  85 B8                STA     FAC_sc          ; save sign compare (FAC1 EOR FAC2)
003515  1  8A                   TXA                     ; restore bit
003516  1  20 C2 30             JSR     LAB_2912        ; evaluate new ASCII digit
003519  1               
003519  1               ; gets here if the first character was  "%" for binary
003519  1               ; get binary number
003519  1               
003519  1               LAB_CBIN:
003519  1                       .IFDEF  DUODYNE
003519  1                       JSL     LAB_IGBY        ; increment and scan memory
003519  1                       .ELSE
003519  1  20 BC 00             JSR     LAB_IGBY        ; increment and scan memory
00351C  1                       .ENDIF
00351C  1               
00351C  1  49 30                EOR     #'0'            ; convert "0" to 0 etc.
00351E  1  C9 02                CMP     #$02            ; compare with max+1
003520  1  90 E6                BCC     LAB_NXCH        ; branch exit if < 2
003522  1               
003522  1               LAB_EXCH:
003522  1  4C A7 30             JMP     LAB_28F6        ; evaluate -ve flag and return
003525  1               
003525  1               ; ctrl-c check routine. includes limited "life" byte save for INGET routine
003525  1               ; now also the code that checks to see if an interrupt has occurred
003525  1               
003525  1               CTRLC:
003525  1  AD 00 06             LDA     ccflag          ; get [CTRL-C] check flag
003528  1  D0 18                BNE     LAB_FBA2        ; exit if inhibited
00352A  1               
00352A  1  20 7C 10             JSR     V_INPT          ; scan input device
00352D  1  90 0B                BCC     LAB_FBA0        ; exit if buffer empty
00352F  1               
00352F  1  8D 01 06             STA     ccbyte          ; save received byte
003532  1  A2 20                LDX     #$20            ; "life" timer for bytes
003534  1  8E 02 06             STX     ccnull          ; set countdown
003537  1  4C 9D 1B             JMP     LAB_1636        ; return to BASIC
00353A  1               
00353A  1               LAB_FBA0:
00353A  1  AE 02 06             LDX     ccnull          ; get countdown byte
00353D  1  F0 03                BEQ     LAB_FBA2        ; exit if finished
00353F  1               
00353F  1  CE 02 06             DEC     ccnull          ; else decrement countdown
003542  1               LAB_FBA2:
003542  1  A2 E5                LDX     #NmiBase        ; set pointer to NMI values
003544  1  20 4D 35             JSR     LAB_CKIN        ; go check interrupt
003547  1  A2 E8                LDX     #IrqBase        ; set pointer to IRQ values
003549  1  20 4D 35             JSR     LAB_CKIN        ; go check interrupt
00354C  1               LAB_CRTS:
00354C  1  60                   RTS
00354D  1               
00354D  1               ; check whichever interrupt is indexed by X
00354D  1               
00354D  1               LAB_CKIN:
00354D  1  B5 00                LDA     PLUS_0,X        ; get interrupt flag byte
00354F  1  10 FB                BPL     LAB_CRTS        ; branch if interrupt not enabled
003551  1               
003551  1               ; we disable the interrupt here and make two new commands RETIRQ and RETNMI to
003551  1               ; automatically enable the interrupt when we exit
003551  1               
003551  1  0A                   ASL     A               ; move happened bit to setup bit
003552  1  29 40                AND     #$40            ; mask happened bits
003554  1  F0 F6                BEQ     LAB_CRTS        ; if no interrupt then exit
003556  1               
003556  1  95 00                STA     PLUS_0,X        ; save interrupt flag byte
003558  1               
003558  1  8A                   TXA                     ; copy index ..
003559  1  A8                   TAY                     ; .. to Y
00355A  1               
00355A  1  68                   PLA                     ; dump return address low byte, call from CTRL-C
00355B  1  68                   PLA                     ; dump return address high byte
00355C  1               
00355C  1  A9 05                LDA     #$05            ; need 5 bytes for GOSUB
00355E  1  20 85 17             JSR     LAB_1212        ; check room on stack for A bytes
003561  1  A5 C4                LDA     Bpntrh          ; get BASIC execute pointer high byte
003563  1  48                   PHA                     ; push on stack
003564  1  A5 C3                LDA     Bpntrl          ; get BASIC execute pointer low byte
003566  1  48                   PHA                     ; push on stack
003567  1  A5 88                LDA     Clineh          ; get current line high byte
003569  1  48                   PHA                     ; push on stack
00356A  1  A5 87                LDA     Clinel          ; get current line low byte
00356C  1  48                   PHA                     ; push on stack
00356D  1  A9 8E                LDA     #TK_GOSUB       ; token for GOSUB
00356F  1  48                   PHA                     ; push on stack
003570  1                       .IFDEF  DUODYNE
003570  1                       PHX
003570  1                       TYX
003570  1                       LDA     PLUS_1,X        ; get interrupt code pointer low byte
003570  1                       PLX
003570  1                       .ELSE
003570  1  B9 01 00             LDA     PLUS_1,Y        ; get interrupt code pointer low byte
003573  1                       .ENDIF
003573  1  85 C3                STA     Bpntrl          ; save as BASIC execute pointer low byte
003575  1                       .IFDEF  DUODYNE
003575  1                       PHX
003575  1                       TYX
003575  1                       LDA     PLUS_2,X        ; get interrupt code pointer low byte
003575  1                       PLX
003575  1                       .ELSE
003575  1  B9 02 00             LDA     PLUS_2,Y        ; get interrupt code pointer low byte
003578  1                       .ENDIF
003578  1  85 C4                STA     Bpntrh          ; save as BASIC execute pointer high byte
00357A  1               
00357A  1  4C 41 1B             JMP     LAB_15C2        ; go do interpreter inner loop
00357D  1               ; can't RTS, we used the stack! the RTS from the ctrl-c
00357D  1               ; check will be taken when the RETIRQ/RETNMI/RETURN is
00357D  1               ; executed at the end of the subroutine
00357D  1               
00357D  1               ; get byte from input device, no waiting
00357D  1               ; returns with carry set if byte in A
00357D  1               
00357D  1               INGET:
00357D  1  20 7C 10             JSR     V_INPT          ; call scan input device
003580  1  B0 09                BCS     LAB_FB95        ; if byte go reset timer
003582  1               
003582  1  AD 02 06             LDA     ccnull          ; get countdown
003585  1  F0 09                BEQ     LAB_FB96        ; exit if empty
003587  1               
003587  1  AD 01 06             LDA     ccbyte          ; get last received byte
00358A  1  38                   SEC                     ; flag we got a byte
00358B  1               LAB_FB95:
00358B  1  A2 00                LDX     #$00            ; clear X
00358D  1  8E 02 06             STX     ccnull          ; clear timer because we got a byte
003590  1               LAB_FB96:
003590  1  60                   RTS
003591  1               
003591  1               ; these routines only enable the interrupts if the set-up flag is set
003591  1               ; if not they have no effect
003591  1               
003591  1               ; perform IRQ {ON|OFF|CLEAR}
003591  1               
003591  1               LAB_IRQ:
003591  1  A2 E8                LDX     #IrqBase        ; set pointer to IRQ values
003593  1  2C                   .BYTE   $2C             ; make next line BIT abs.
003594  1               
003594  1               ; perform NMI {ON|OFF|CLEAR}
003594  1               
003594  1               LAB_NMI:
003594  1  A2 E5                LDX     #NmiBase        ; set pointer to NMI values
003596  1  C9 92                CMP     #TK_ON          ; compare with token for ON
003598  1  F0 11                BEQ     LAB_INON        ; go turn on interrupt
00359A  1               
00359A  1  C9 C2                CMP     #TK_OFF         ; compare with token for OFF
00359C  1  F0 07                BEQ     LAB_IOFF        ; go turn off interrupt
00359E  1               
00359E  1  49 A4                EOR     #TK_CLEAR       ; compare with token for CLEAR, A = $00 if = TK_CLEAR
0035A0  1  F0 0E                BEQ     LAB_INEX        ; go clear interrupt flags and return
0035A2  1               
0035A2  1  4C 71 22             JMP     LAB_SNER        ; do syntax error then warm start
0035A5  1               
0035A5  1               LAB_IOFF:
0035A5  1  A9 7F                LDA     #$7F            ; clear A
0035A7  1  35 00                AND     PLUS_0,X        ; AND with interrupt setup flag
0035A9  1  10 05                BPL     LAB_INEX        ; go clear interrupt enabled flag and return
0035AB  1               
0035AB  1               LAB_INON:
0035AB  1  B5 00                LDA     PLUS_0,X        ; get interrupt setup flag
0035AD  1  0A                   ASL     A               ; Shift bit to enabled flag
0035AE  1  15 00                ORA     PLUS_0,X        ; OR with flag byte
0035B0  1               LAB_INEX:
0035B0  1  95 00                STA     PLUS_0,X        ; save interrupt flag byte
0035B2  1                       .IFDEF  DUODYNE
0035B2  1                       JSL     LAB_IGBY        ; increment and scan memory
0035B2  1                       .ELSE
0035B2  1  20 BC 00             JSR     LAB_IGBY        ; increment and scan memory
0035B5  1                       .ENDIF
0035B5  1  60                   RTS
0035B6  1               
0035B6  1               ; MAX() MIN() pre process
0035B6  1               
0035B6  1               LAB_MMPP:
0035B6  1  20 57 21             JSR     LAB_EVEZ        ; process expression
0035B9  1  4C 3E 21             JMP     LAB_CTNM        ; check if source is numeric, else do type mismatch
0035BC  1               
0035BC  1               ; perform MAX()
0035BC  1               
0035BC  1               LAB_MAX:
0035BC  1  20 EB 35             JSR     LAB_PHFA        ; push FAC1, evaluate expression,
0035BF  1               ; pull FAC2 and compare with FAC1
0035BF  1  10 FB                BPL     LAB_MAX         ; branch if no swap to do
0035C1  1               
0035C1  1  A5 B4                LDA     FAC2_1          ; get FAC2 mantissa1
0035C3  1  09 80                ORA     #$80            ; set top bit (clear sign from compare)
0035C5  1  85 B4                STA     FAC2_1          ; save FAC2 mantissa1
0035C7  1  20 3D 2C             JSR     LAB_279B        ; copy FAC2 to FAC1
0035CA  1  F0 F0                BEQ     LAB_MAX         ; go do next (branch always)
0035CC  1               
0035CC  1               ; perform MIN()
0035CC  1               
0035CC  1               LAB_MIN:
0035CC  1  20 EB 35             JSR     LAB_PHFA        ; push FAC1, evaluate expression,
0035CF  1               ; pull FAC2 and compare with FAC1
0035CF  1  30 FB                BMI     LAB_MIN         ; branch if no swap to do
0035D1  1               
0035D1  1  F0 F9                BEQ     LAB_MIN         ; branch if no swap to do
0035D3  1               
0035D3  1  A5 B4                LDA     FAC2_1          ; get FAC2 mantissa1
0035D5  1  09 80                ORA     #$80            ; set top bit (clear sign from compare)
0035D7  1  85 B4                STA     FAC2_1          ; save FAC2 mantissa1
0035D9  1  20 3D 2C             JSR     LAB_279B        ; copy FAC2 to FAC1
0035DC  1  F0 EE                BEQ     LAB_MIN         ; go do next (branch always)
0035DE  1               
0035DE  1               ; exit routine. don't bother returning to the loop code
0035DE  1               ; check for correct exit, else so syntax error
0035DE  1               
0035DE  1               LAB_MMEC:
0035DE  1  C9 29                CMP     #')'            ; is it end of function?
0035E0  1  D0 06                BNE     LAB_MMSE        ; if not do MAX MIN syntax error
0035E2  1               
0035E2  1  68                   PLA                     ; dump return address low byte
0035E3  1  68                   PLA                     ; dump return address high byte
0035E4  1                       .IFDEF  DUODYNE
0035E4  1                       JSL     LAB_IGBY        ; increment and scan memory
0035E4  1                       .ELSE
0035E4  1  20 BC 00             JSR     LAB_IGBY        ; increment and scan memory
0035E7  1                       .ENDIF
0035E7  1               
0035E7  1  60                   RTS                     ; update BASIC execute pointer (to chr past ")")
0035E8  1               
0035E8  1               LAB_MMSE:
0035E8  1  4C 71 22             JMP     LAB_SNER        ; do syntax error then warm start
0035EB  1               
0035EB  1               ; check for next, evaluate and return or exit
0035EB  1               ; this is the routine that does most of the work
0035EB  1               
0035EB  1               LAB_PHFA:
0035EB  1                       .IFDEF  DUODYNE
0035EB  1                       JSL     LAB_GBYT        ; scan memory
0035EB  1                       .ELSE
0035EB  1  20 C2 00             JSR     LAB_GBYT        ; scan memory
0035EE  1                       .ENDIF
0035EE  1               
0035EE  1  C9 2C                CMP     #','            ; is there more ?
0035F0  1  D0 EC                BNE     LAB_MMEC        ; if not go do end check
0035F2  1               
0035F2  1               ; push FAC1
0035F2  1  20 53 2F             JSR     LAB_27BA        ; round FAC1
0035F5  1  A5 B0                LDA     FAC1_s          ; get FAC1 sign
0035F7  1  09 7F                ORA     #$7F            ; set all non sign bits
0035F9  1  25 AD                AND     FAC1_1          ; AND FAC1 mantissa1 (AND in sign bit)
0035FB  1  48                   PHA                     ; push on stack
0035FC  1  A5 AE                LDA     FAC1_2          ; get FAC1 mantissa2
0035FE  1  48                   PHA                     ; push on stack
0035FF  1  A5 AF                LDA     FAC1_3          ; get FAC1 mantissa3
003601  1  48                   PHA                     ; push on stack
003602  1  A5 AC                LDA     FAC1_e          ; get FAC1 exponent
003604  1  48                   PHA                     ; push on stack
003605  1               
003605  1                       .IFDEF  DUODYNE
003605  1                       JSL     LAB_IGBY        ; increment and scan memory
003605  1                       .ELSE
003605  1  20 BC 00             JSR     LAB_IGBY        ; increment and scan memory
003608  1                       .ENDIF
003608  1               
003608  1  20 3B 21             JSR     LAB_EVNM        ; evaluate expression and check is numeric,
00360B  1               ; else do type mismatch
00360B  1               
00360B  1               ; pop FAC2 (MAX/MIN expression so far)
00360B  1  68                   PLA                     ; pop exponent
00360C  1  85 B3                STA     FAC2_e          ; save FAC2 exponent
00360E  1  68                   PLA                     ; pop mantissa3
00360F  1  85 B6                STA     FAC2_3          ; save FAC2 mantissa3
003611  1  68                   PLA                     ; pop mantissa1
003612  1  85 B5                STA     FAC2_2          ; save FAC2 mantissa2
003614  1  68                   PLA                     ; pop sign/mantissa1
003615  1  85 B4                STA     FAC2_1          ; save FAC2 sign/mantissa1
003617  1  85 B7                STA     FAC2_s          ; save FAC2 sign
003619  1               
003619  1               ; compare FAC1 with (packed) FAC2
003619  1  A9 B3                LDA     #<FAC2_e        ; set pointer low byte to FAC2
00361B  1  A0 00                LDY     #>FAC2_e        ; set pointer high byte to FAC2
00361D  1  4C 91 2F             JMP     LAB_27F8        ; compare FAC1 with FAC2 (AY) and return
003620  1               ; returns A=$00 if FAC1 = (AY)
003620  1               ; returns A=$01 if FAC1 > (AY)
003620  1               ; returns A=$FF if FAC1 < (AY)
003620  1               
003620  1               ; perform WIDTH
003620  1               
003620  1               LAB_WDTH:
003620  1  C9 2C                CMP     #','            ; is next byte ","
003622  1  F0 1B                BEQ     LAB_TBSZ        ; if so do tab size
003624  1               
003624  1  20 FE 2A             JSR     LAB_GTBY        ; get byte parameter
003627  1  8A                   TXA                     ; copy width to A
003628  1  F0 0A                BEQ     LAB_NSTT        ; branch if set for infinite line
00362A  1               
00362A  1  E0 10                CPX     #$10            ; else make min width = 16d
00362C  1  90 45                BCC     TabErr          ; if less do function call error and exit
00362E  1               
00362E  1               ; this next compare ensures that we can't exit WIDTH via an error leaving the
00362E  1               ; tab size greater than the line length.
00362E  1               
00362E  1  E4 64                CPX     TabSiz          ; compare with tab size
003630  1  B0 02                BCS     LAB_NSTT        ; branch if >= tab size
003632  1               
003632  1  86 64                STX     TabSiz          ; else make tab size = terminal width
003634  1               LAB_NSTT:
003634  1  86 0F                STX     TWidth          ; set the terminal width
003636  1                       .IFDEF  DUODYNE
003636  1                       JSL     LAB_GBYT        ; scan memory
003636  1                       .ELSE
003636  1  20 C2 00             JSR     LAB_GBYT        ; scan memory
003639  1                       .ENDIF
003639  1               
003639  1  F0 1A                BEQ     WExit           ; exit if no following
00363B  1               
00363B  1  C9 2C                CMP     #','            ; else is it ","
00363D  1  D0 A9                BNE     LAB_MMSE        ; if not do syntax error
00363F  1               
00363F  1               LAB_TBSZ:
00363F  1  20 FB 2A             JSR     LAB_SGBY        ; scan and get byte parameter
003642  1  8A                   TXA                     ; copy TAB size
003643  1  30 2E                BMI     TabErr          ; if >127 do function call error and exit
003645  1               
003645  1  E0 01                CPX     #$01            ; compare with min-1
003647  1  90 2A                BCC     TabErr          ; if <=1 do function call error and exit
003649  1               
003649  1  A5 0F                LDA     TWidth          ; set flags for width
00364B  1  F0 06                BEQ     LAB_SVTB        ; skip check if infinite line
00364D  1               
00364D  1  E4 0F                CPX     TWidth          ; compare TAB with width
00364F  1  F0 02                BEQ     LAB_SVTB        ; ok if =
003651  1               
003651  1  B0 20                BCS     TabErr          ; branch if too big
003653  1               
003653  1               LAB_SVTB:
003653  1  86 64                STX     TabSiz          ; save TAB size
003655  1               
003655  1               ; calculate tab column limit from TAB size. The Iclim is set to the last tab
003655  1               ; position on a line that still has at least one whole tab width between it
003655  1               ; and the end of the line.
003655  1               
003655  1               WExit:
003655  1  A5 0F                LDA     TWidth          ; get width
003657  1  F0 06                BEQ     LAB_SULP        ; branch if infinite line
003659  1               
003659  1  C5 64                CMP     TabSiz          ; compare with tab size
00365B  1  B0 03                BCS     LAB_WDLP        ; branch if >= tab size
00365D  1               
00365D  1  85 64                STA     TabSiz          ; else make tab size = terminal width
00365F  1               LAB_SULP:
00365F  1  38                   SEC                     ; set carry for subtract
003660  1               LAB_WDLP:
003660  1  E5 64                SBC     TabSiz          ; subtract tab size
003662  1  B0 FC                BCS     LAB_WDLP        ; loop while no borrow
003664  1               
003664  1  65 64                ADC     TabSiz          ; add tab size back
003666  1  18                   CLC                     ; clear carry for add
003667  1  65 64                ADC     TabSiz          ; add tab size back again
003669  1  85 10                STA     Iclim           ; save for now
00366B  1  A5 0F                LDA     TWidth          ; get width back
00366D  1  38                   SEC                     ; set carry for subtract
00366E  1  E5 10                SBC     Iclim           ; subtract remainder
003670  1  85 10                STA     Iclim           ; save tab column limit
003672  1               LAB_NOSQ:
003672  1  60                   RTS
003673  1               
003673  1               TabErr:
003673  1  4C 99 25             JMP     LAB_FCER        ; do function call error then warm start
003676  1               
003676  1               ; perform SQR()
003676  1               
003676  1               LAB_SQR:
003676  1  A5 B0                LDA     FAC1_s          ; get FAC1 sign
003678  1  30 F9                BMI     TabErr          ; if -ve do function call error
00367A  1               
00367A  1  A5 AC                LDA     FAC1_e          ; get exponent
00367C  1  F0 F4                BEQ     LAB_NOSQ        ; if zero just return
00367E  1               
00367E  1               ; else do root
00367E  1  20 44 2F             JSR     LAB_27AB        ; round and copy FAC1 to FAC2
003681  1  A9 00                LDA     #$00            ; clear A
003683  1               
003683  1  85 77                STA     FACt_3          ; clear remainder
003685  1  85 76                STA     FACt_2          ; ..
003687  1  85 75                STA     FACt_1          ; ..
003689  1  85 78                STA     TempB           ; ..
00368B  1               
00368B  1  85 AF                STA     FAC1_3          ; clear root
00368D  1  85 AE                STA     FAC1_2          ; ..
00368F  1  85 AD                STA     FAC1_1          ; ..
003691  1               
003691  1  A2 18                LDX     #$18            ; 24 pairs of bits to do
003693  1  A5 B3                LDA     FAC2_e          ; get exponent
003695  1  4A                   LSR     A               ; check odd/even
003696  1  B0 0E                BCS     LAB_SQE2        ; if odd only 1 shift first time
003698  1               
003698  1               LAB_SQE1:
003698  1  06 B6                ASL     FAC2_3          ; shift highest bit of number ..
00369A  1  26 B5                ROL     FAC2_2          ; ..
00369C  1  26 B4                ROL     FAC2_1          ; ..
00369E  1  26 77                ROL     FACt_3          ; .. into remainder
0036A0  1  26 76                ROL     FACt_2          ; ..
0036A2  1  26 75                ROL     FACt_1          ; ..
0036A4  1  26 78                ROL     TempB           ; .. never overflows
0036A6  1               LAB_SQE2:
0036A6  1  06 B6                ASL     FAC2_3          ; shift highest bit of number ..
0036A8  1  26 B5                ROL     FAC2_2          ; ..
0036AA  1  26 B4                ROL     FAC2_1          ; ..
0036AC  1  26 77                ROL     FACt_3          ; .. into remainder
0036AE  1  26 76                ROL     FACt_2          ; ..
0036B0  1  26 75                ROL     FACt_1          ; ..
0036B2  1  26 78                ROL     TempB           ; .. never overflows
0036B4  1               
0036B4  1  06 AF                ASL     FAC1_3          ; root = root * 2
0036B6  1  26 AE                ROL     FAC1_2          ; ..
0036B8  1  26 AD                ROL     FAC1_1          ; .. never overflows
0036BA  1               
0036BA  1  A5 AF                LDA     FAC1_3          ; get root low byte
0036BC  1  2A                   ROL     A               ; *2
0036BD  1  85 5B                STA     Temp3           ; save partial low byte
0036BF  1  A5 AE                LDA     FAC1_2          ; get root low mid byte
0036C1  1  2A                   ROL     A               ; *2
0036C2  1  85 5C                STA     Temp3+1         ; save partial low mid byte
0036C4  1  A5 AD                LDA     FAC1_1          ; get root high mid byte
0036C6  1  2A                   ROL     A               ; *2
0036C7  1  85 5D                STA     Temp3+2         ; save partial high mid byte
0036C9  1  A9 00                LDA     #$00            ; get root high byte (always $00)
0036CB  1  2A                   ROL     A               ; *2
0036CC  1  85 5E                STA     Temp3+3         ; save partial high byte
0036CE  1               
0036CE  1               ; carry clear for subtract +1
0036CE  1  A5 77                LDA     FACt_3          ; get remainder low byte
0036D0  1  E5 5B                SBC     Temp3           ; subtract partial low byte
0036D2  1  85 5B                STA     Temp3           ; save partial low byte
0036D4  1               
0036D4  1  A5 76                LDA     FACt_2          ; get remainder low mid byte
0036D6  1  E5 5C                SBC     Temp3+1         ; subtract partial low mid byte
0036D8  1  85 5C                STA     Temp3+1         ; save partial low mid byte
0036DA  1               
0036DA  1  A5 75                LDA     FACt_1          ; get remainder high mid byte
0036DC  1  E5 5D                SBC     Temp3+2         ; subtract partial high mid byte
0036DE  1  A8                   TAY                     ; copy partial high mid byte
0036DF  1               
0036DF  1  A5 78                LDA     TempB           ; get remainder high byte
0036E1  1  E5 5E                SBC     Temp3+3         ; subtract partial high byte
0036E3  1  90 0E                BCC     LAB_SQNS        ; skip sub if remainder smaller
0036E5  1               
0036E5  1  85 78                STA     TempB           ; save remainder high byte
0036E7  1               
0036E7  1  84 75                STY     FACt_1          ; save remainder high mid byte
0036E9  1               
0036E9  1  A5 5C                LDA     Temp3+1         ; get remainder low mid byte
0036EB  1  85 76                STA     FACt_2          ; save remainder low mid byte
0036ED  1               
0036ED  1  A5 5B                LDA     Temp3           ; get partial low byte
0036EF  1  85 77                STA     FACt_3          ; save remainder low byte
0036F1  1               
0036F1  1  E6 AF                INC     FAC1_3          ; increment root low byte (never any rollover)
0036F3  1               LAB_SQNS:
0036F3  1  CA                   DEX                     ; decrement bit pair count
0036F4  1  D0 A2                BNE     LAB_SQE1        ; loop if not all done
0036F6  1               
0036F6  1  38                   SEC                     ; set carry for subtract
0036F7  1  A5 B3                LDA     FAC2_e          ; get exponent
0036F9  1  E9 80                SBC     #$80            ; normalise
0036FB  1  6A                   ROR     A               ; /2 and re-bias to $80
0036FC  1  69 00                ADC     #$00            ; add bit zero back in (allow for half shift)
0036FE  1  85 AC                STA     FAC1_e          ; save it
003700  1  4C AE 2C             JMP     LAB_24D5        ; normalise FAC1 and return
003703  1               
003703  1               ; perform VARPTR()
003703  1               
003703  1               LAB_VARPTR:
003703  1                       .IFDEF  DUODYNE
003703  1                       JSL     LAB_IGBY        ; increment and scan memory
003703  1                       .ELSE
003703  1  20 BC 00             JSR     LAB_IGBY        ; increment and scan memory
003706  1                       .ENDIF
003706  1               
003706  1  20 1A 24             JSR     LAB_GVAR        ; get var address
003709  1  20 5D 22             JSR     LAB_1BFB        ; scan for ")" , else do syntax error then warm start
00370C  1  A4 95                LDY     Cvaral          ; get var address low byte
00370E  1  A5 96                LDA     Cvarah          ; get var address high byte
003710  1  4C C9 26             JMP     LAB_AYFC        ; save and convert integer AY to FAC1 and return
003713  1               
003713  1               ; perform PI
003713  1               
003713  1               LAB_PI:
003713  1  A9 2F                LDA     #<LAB_2C7C      ; set (2*pi) pointer low byte
003715  1  A0 10                LDY     #>LAB_2C7C      ; set (2*pi) pointer high byte
003717  1  20 F7 2E             JSR     LAB_UFAC        ; unpack memory (AY) into FAC1
00371A  1  C6 AC                DEC     FAC1_e          ; make result = PI
00371C  1  60                   RTS
00371D  1               
00371D  1               ; perform TWOPI
00371D  1               
00371D  1               LAB_TWOPI:
00371D  1  A9 2F                LDA     #<LAB_2C7C      ; set (2*pi) pointer low byte
00371F  1  A0 10                LDY     #>LAB_2C7C      ; set (2*pi) pointer high byte
003721  1  4C F7 2E             JMP     LAB_UFAC        ; unpack memory (AY) into FAC1 and return
003724  1               
003724  1               AA_end_basic:
003724  1               FCBBUFFER:
003724  1               ENDOFBASIC:
003724  1  44 45 52 49          .BYTE   "DERIVED FROM ehBASIC"
003728  1  56 45 44 20  
00372C  1  46 52 4F 4D  
003738  1               
003738  1                       .END
