ca65 V2.18 - Ubuntu 2.19-1
Main file   : spsc.asm
Current file: spsc.asm

000000r 1               ;__SpeedScript_________________________________________________________________
000000r 1               ;
000000r 1               ; SpeedScript 3.1 by Charles Brannon
000000r 1               ; published in Compute Magazine for various 8-bit computers.
000000r 1               ; This project is a port of the Commodore 64 version of SpeedScript
000000r 1               ; to the 6502PC running DOS/65 with the memory mapped video card.
000000r 1               ;
000000r 1               ;______________________________________________________________________________
000000r 1                       .PSC02
000000r 1               
000000r 1                       .SEGMENT "TEA"
000000r 1                       .ORG    $0800
000800  1               
000800  1                       .INCLUDE "macro.asm"
000800  2               ; some macros
000800  2                       .macro COPY16  src, dst
000800  2                       LDA     src
000800  2                       STA     dst
000800  2                       LDA     src+1
000800  2                       STA     dst+1
000800  2                       .endmacro
000800  2               
000800  2                       .macro COPY162  src, dst, dst2
000800  2                       LDA     src
000800  2                       STA     dst
000800  2                       STA     dst2
000800  2                       LDA     src+1
000800  2                       STA     dst+1
000800  2                       STA     dst2+1
000800  2                       .endmacro
000800  2               
000800  2               
000800  2                       .macro ADD16   left,right
000800  2                       CLC
000800  2                       LDA     left
000800  2                       ADC     right
000800  2                       STA     left
000800  2                       LDA     left+1
000800  2                       ADC     right+1
000800  2                       STA     left+1
000800  2                       .endmacro
000800  2               
000800  2               ;Compares two 16-bit values, and sets the C and Z flags the
000800  2               ;same as a LDA and CMP;instruction would for 8-bit addresses.
000800  2                       .macro COMP16  left,right
000800  2                       SEC
000800  2                       LDA     left
000800  2                       SBC     right
000800  2                       STA     temp
000800  2                       LDA     left+1
000800  2                       SBC     right+1
000800  2                       ORA     temp
000800  2                       .endmacro
000800  2               
000800  2               ; Compares two 16-bit values but only affects the C flag.
000800  2                       .macro COMPC16 left,right
000800  2                       SEC
000800  2                       LDA     left
000800  2                       SBC     right
000800  2                       LDA     left+1
000800  2                       SBC     right+1
000800  2                       .endmacro
000800  2               
000800  2               ;  sub16 left,right       :  left - right -> left
000800  2               ;  sub16 left,right,dst   : left - right -> dst
000800  2                       .macro SUB16   left,right
000800  2                       SEC
000800  2                       LDA     left
000800  2                       SBC     right
000800  2                       STA     left
000800  2                       LDA     left+1
000800  2                       SBC     right+1
000800  2                       STA     left+1
000800  2                       .endmacro
000800  2               
000800  2                       .macro SUB162   left,right,dst
000800  2                       SEC
000800  2                       LDA     left
000800  2                       SBC     right
000800  2                       STA     dst
000800  2                       LDA     left+1
000800  2                       SBC     right+1
000800  2                       STA     dst+1
000800  2                       .endmacro
000800  2               
000800  2               ; Subtract an 8-bit value from a 16-bit one
000800  2                       .macro  SUB8    left,right
000800  2                       SEC
000800  2                       LDA     left
000800  2                       SBC     right
000800  2                       STA     left
000800  2                       LDA     left+1
000800  2                       SBC     #0
000800  2                       STA     left+1
000800  2                       .endmacro
000800  2               
000800  2               
000800  2                       .macro  SUB82    left,right,dst
000800  2                       SEC
000800  2                       LDA     left
000800  2                       SBC     right
000800  2                       STA     dst
000800  2                       LDA     left+1
000800  2                       SBC     #0
000800  2                       STA     dst+1
000800  2                       .endmacro
000800  2               
000800  2                       .macro  SUB83    left,right,dst,dst2
000800  2                       SEC
000800  2                       LDA     left
000800  2                       SBC     right
000800  2                       STA     dst
000800  2                       STA     dst2
000800  2                       LDA     left+1
000800  2                       SBC     #0
000800  2                       STA     dst+1
000800  2                       STA     dst2+1
000800  2                       .endmacro
000800  2               
000800  2                       .macro PRINTMESSAGE message
000800  2                       LDA     #<message
000800  2                       LDY     #>message
000800  2                       JSR     PRMSG
000800  2                       .endmacro
000800  2               
000800  2                       .macro  TOPPRINTMESSAGE message
000800  2                       JSR     topclr
000800  2                       PRINTMESSAGE message
000800  2                       .endmacro
000800  2               
000800  2               ;Display a 16-bit integer from the A and X registers
000800  2               ;in decimal using CHROUT.
000800  2                       .macro         DISPLAY_NUMBER
000800  2                       JSR     displaynum
000800  2                       .endmacro
000800  2               
000800  2               ;TODO: DOS/65 has no modifier key state register.
000800  2               ; For now, always branch (shift/ctrl combos disabled).
000800  2                       .macro   B_UNLESS_SHIFT_CTRL addr
000800  2                       JMP     addr
000800  2                       .endmacro
000800  2               
000800  2                       .macro        B_UNLESS_SHIFT addr
000800  2                       JMP     addr
000800  2                       .endmacro
000800  2               
000800  2                       .MACRO  B_IF_PUNCT dst
000800  2                       CMP     #'.'
000800  2                       BEQ     dst
000800  2                       CMP     #'!'
000800  2                       BEQ     dst
000800  2                       CMP     #'?'
000800  2                       BEQ     dst
000800  2                       .ENDMACRO
000800  2               
000800  2                       .macro        PRCODE  dst
000800  2                       JSR     aschex
000800  2                       STA     dst
000800  2                       .endmacro
000800  2                       .macro  PRCODE16 dst
000800  2                       PRCODE  dst
000800  2                       LDA     hex+1
000800  2                       STA     dst+1
000800  2                       .endmacro
000800  2               
000800  2                       .macro  RVS_TEXT text
000800  2                       .BYTE   $12
000800  2                       .BYTE   text
000800  2                       .BYTE   $92
000800  2                       .endmacro
000800  2               
000800  1                       .INCLUDE "defines.asm"
000800  2               
000800  2               ; DOS/65 system entry points
000800  2               DFLFCB          = $107          ;DEFAULT FCB
000800  2               PEM             = $103          ;PEM ENTRY
000800  2               BOOT            = $100          ;WARM BOOT
000800  2               
000800  2               CURX            = $0647         ; CURRENT CURSOR POSITION (MEMORY MAPPED)
000800  2               CURY            = $0648
000800  2               SHOWCRSR        = $0649         ; SHOW CURSOR (1-YES, 0-NO) (MEMORY MAPPED)
000800  2               CURCOLOR        = $064A         ; CURRENT PRINT COLOR (MEMORY MAPPED)
000800  2               CSRCOLOR        = $064B         ; CURRENT CURSOR COLOR (MEMORY MAPPED)
000800  2               BVIDEOMODE      = $064C         ; CURRENT VIDEO MODE (MEMORY MAPPED) 00=40 COL, 01=80 COL
000800  2               
000800  2               
000800  2               ; DO_FARCALL dispatch vector
000800  2               DO_FARCALL      = $FFF0
000800  2               farfunct        = $32           ;zero-page: FARCALL function number
000800  2               
000800  2               ; MMU / video paging (6502PC hardware)
000800  2               SETPAGE         = $FFF6         ;configure MMU mapping (A=task, X=bank, Y=page)
000800  2               VIDEOBANK       = $F8           ;base physical page for video RAM
000800  2               PC6502_ACT_TASK = $EFE0        ;MMU active task register (write-only)
000800  2               VIDTEXT_PAGE    = $01+VIDEOBANK ;physical page for text page 1 chars ($F9)
000800  2               
000800  2               ; FARCALL function numbers
000800  2               FC_CHROUT       = 19            ;output character (A=char)
000800  2               FC_CHRIN        = 20            ;read keyboard (returns A=key or $FF)
000800  2               FC_LOCATE       = 37            ;set cursor position (X=col, Y=row)
000800  2               FC_SCNCLR       = 38            ;clear screen
000800  2               FC_COLOR        = 39            ;set color (X=fg|bg, Y=cursor_fg|bg)
000800  2               FC_SCROLLDN     = 56            ;scroll screen down
000800  2               FC_PAINTCSR     = 58            ;paint cursor at current position
000800  2               FC_UNPAINTCSR   = 59            ;unpaint/hide cursor
000800  2               
000800  2               ; memory map
000800  2               TEXEND_INIT     = $9000
000800  2               TEXBUF_INIT     = $A000
000800  2               BUFEND_INIT     = $B800
000800  2               
000800  2               INSCOLOR        = 14
000800  2               TOPFGCOLOR      = 1
000800  2               DEFAULT_DEVICE  = 1
000800  2               
000800  2               ; constants
000800  2               space           = 32
000800  2               BLINK_DELAY     = $60           ;cursor blink speed (higher=slower)
000800  2               
000800  2               ; Screen state variables - relocated from C64 KERNAL addresses
000800  2               ; to safe zero-page locations
000800  2               COLUMNS         = $50
000800  2               ROWS            = $51
000800  2               CURRENT_COLUMN  = $52
000800  2               QUOTE_MODE      = $53
000800  2               INSERT_MODE     = $54
000800  2               
000800  2               ;Locations used by high-speed memory
000800  2               ;move routines:
000800  2               
000800  2               froml           = $55
000800  2               fromh           = $56
000800  2               destl           = $57
000800  2               desth           = $58
000800  2               llen            = $59
000800  2               hlen            = $5A
000800  2               
000800  2               ;curr: Position of cursor within text
000800  2               ;memory. scr: used by the refresh
000800  2               ;routine.
000800  2               
000800  2               curr            = $5F
000800  2               
000800  2               ;tex: An alternate location used in tan-
000800  2               ;dem with curr. COLR is used by RE-
000800  2               ;FRESH. temp is used throughout as a
000800  2               ;reusable scratchpad pointer. INDIR is
000800  2               ;also a reusable indirect pointer.
000800  2               ;UNDERCURS stores the value of the
000800  2               ;character highlighted by the cursor.
000800  2               
000800  2               tex             = $FB
000800  2               temp            = $5E
000800  2               indir           = $FD
000800  2               UNDERCURS       = $FA
000800  2               
000800  2               ;WINDCOLR: Color of command line
000800  2               ;window supported by refresh.
000800  2               ;RETCHAR is the screen-
000800  2               ;code value of the return mark (a left-
000800  2               ;pointing arrow).
000800  2               
000800  2               windcolr        = $0C
000800  2               retchar         = 31
000800  2               
000800  2               ; refresh routine state
000800  2               scrrow          = $5B           ; current screen row during refresh
000800  2               csrcol          = $5C           ; cursor column found during refresh
000800  2               csrrow          = $5D           ; cursor row found during refresh
000800  2               
000800  1               
000800  1               BEGIN:
000800  1  20 61 13             JSR     INIT
000803  1  20 EE 08             JSR     erase
000806  1  20 A9 13             JSR     INIT2
000809  1  4C 3F 09             JMP     main
00080C  1               
00080C  1               ;UMOVE is a high-speed memory move
00080C  1               ;routine. It gets its speed from self-
00080C  1               ;modifying code (the $0000's at
00080C  1               ;MOVLOOP are replaced by actual ad-
00080C  1               ;dresses when UMOVE is called). Some
00080C  1               ;assemblers may assemble this as a
00080C  1               ;zero-page mode, so you may want to
00080C  1               ;change the $0000's to $FFFF's. UMOVE
00080C  1               ;is used to move an overlapping range
00080C  1               ;of memory upward, so it is used to de-
00080C  1               ;lete. Set froml/fromh to point to
00080C  1               ;the source area of memory,
00080C  1               ;destl/desth to point to the destina-
00080C  1               ;tion, and llen/hlen to hold the
00080C  1               ;length of the area being moved.
00080C  1               
00080C  1               umove:
00080C  1  A5 55                LDA     froml
00080E  1  8D 2C 08             STA     MOVLOOP+1
000811  1  A5 56                LDA     fromh
000813  1  8D 2D 08             STA     MOVLOOP+2
000816  1  A5 57                LDA     destl
000818  1  8D 2F 08             STA     MOVLOOP+4
00081B  1  A5 58                LDA     desth
00081D  1  8D 30 08             STA     MOVLOOP+5
000820  1  A6 5A                LDX     hlen
000822  1  F0 20                BEQ     SKIPMOV
000824  1               MOV1:
000824  1  A9 00                LDA     #0
000826  1               MOV2:
000826  1  8D 1A 18             STA     endpos
000829  1  A0 00                LDY     #0
00082B  1               MOVLOOP:
00082B  1  B9 00 00             LDA     $0000,Y
00082E  1  99 00 00             STA     $0000,Y
000831  1  C8                   INY
000832  1  CC 1A 18             CPY     endpos
000835  1  D0 F4                BNE     MOVLOOP
000837  1  EE 2D 08             INC     MOVLOOP+2
00083A  1  EE 30 08             INC     MOVLOOP+5
00083D  1  E0 00                CPX     #0
00083F  1  F0 07                BEQ     OUT
000841  1  CA                   DEX
000842  1  D0 E0                BNE     MOV1
000844  1               SKIPMOV:
000844  1  A5 59                LDA     llen
000846  1  D0 DE                BNE     MOV2
000848  1               OUT:
000848  1  60                   RTS
000849  1               ;DMOVE uses the same variables as UMOVE, but is used to move an
000849  1               ;overlapping block of memory down ward, so it is used to insert. If the block
000849  1               ;of memory to be moved does not overlap the destination area, then either
000849  1               ;routine can be used.
000849  1               dmove:
000849  1  A5 5A                LDA     hlen
00084B  1  AA                   TAX
00084C  1  05 59                ORA     llen
00084E  1  D0 01                BNE     NOTNULL
000850  1  60                   RTS
000851  1               NOTNULL:
000851  1  18                   CLC
000852  1  8A                   TXA
000853  1  65 56                ADC     fromh
000855  1  8D 74 08             STA     DMOVLOOP+2
000858  1  A5 55                LDA     froml
00085A  1  8D 73 08             STA     DMOVLOOP+1
00085D  1  18                   CLC
00085E  1  8A                   TXA
00085F  1  65 58                ADC     desth
000861  1  8D 77 08             STA     DMOVLOOP+5
000864  1  A5 57                LDA     destl
000866  1  8D 76 08             STA     DMOVLOOP+4
000869  1  E8                   INX
00086A  1  A4 59                LDY     llen
00086C  1  D0 04                BNE     DMOVLOOP
00086E  1  F0 0D                BEQ     SKIPDMOV
000870  1               DMOV1:
000870  1  A0 FF                LDY     #255
000872  1               DMOVLOOP:
000872  1  B9 00 00             LDA     $0000,Y
000875  1  99 00 00             STA     $0000,Y
000878  1  88                   DEY
000879  1  C0 FF                CPY     #255
00087B  1  D0 F5                BNE     DMOVLOOP
00087D  1               SKIPDMOV:
00087D  1  CE 74 08             DEC     DMOVLOOP+2
000880  1  CE 77 08             DEC     DMOVLOOP+5
000883  1  CA                   DEX
000884  1  D0 EA                BNE     DMOV1
000886  1  60                   RTS
000887  1               
000887  1               ; displaynum replaces the call to BASIC $BCDC
000887  1               ; from the original one.
000887  1               nums:
000887  1  01 00 0A 00          .WORD   1,10,100,1000,10000
00088B  1  64 00 E8 03  
00088F  1  10 27        
000891  1               numarg:
000891  1  00 00                .WORD   0
000893  1               numspace:
000893  1  20                   .BYTE   $20
000894  1               displaynum:
000894  1  8E 91 08             STX     numarg
000897  1  8D 92 08             STA     numarg+1
00089A  1               ;lda #space
00089A  1               ;jsr chrout ; leading space just like real one
00089A  1               basicdisplaynum:
00089A  1  A0 08                LDY     #8
00089C  1               dnzz:
00089C  1  AD 92 08             LDA     numarg+1
00089F  1  D9 88 08             CMP     nums+1,y
0008A2  1  90 0A                BCC     dn2
0008A4  1  D0 0C                BNE     startout
0008A6  1  AD 91 08             LDA     numarg
0008A9  1  D9 87 08             CMP     nums,y
0008AC  1  B0 04                BCS     startout
0008AE  1               dn2:
0008AE  1  88                   DEY
0008AF  1  88                   DEY
0008B0  1  D0 EA                BNE     dnzz
0008B2  1               startout:
0008B2  1  A9 30                LDA     #$30
0008B4  1  8D 93 08             STA     numspace
0008B7  1               diglp:
0008B7  1  AD 92 08             LDA     numarg+1
0008BA  1  D9 88 08             CMP     nums+1,y
0008BD  1  90 24                BCC     digitout
0008BF  1  D0 0A                BNE     dontcmp
0008C1  1  AD 91 08             LDA     numarg
0008C4  1  F9 87 08             SBC     nums,y          ;carry already set
0008C7  1  90 1A                BCC     digitout
0008C9  1  B0 06                BCS     digsub
0008CB  1               dontcmp:
0008CB  1  AD 91 08             LDA     numarg
0008CE  1  F9 87 08             SBC     nums,y          ;carry already set
0008D1  1               digsub: ; subtract value of digit
0008D1  1  EE 93 08             INC     numspace
0008D4  1  8D 91 08             STA     numarg          ;already subtracted
0008D7  1  AD 92 08             LDA     numarg+1
0008DA  1  F9 88 08             SBC     nums+1,y
0008DD  1  8D 92 08             STA     numarg+1
0008E0  1  4C B7 08             JMP     diglp
0008E3  1               digitout:
0008E3  1  AD 93 08             LDA     numspace
0008E6  1  20 07 14             JSR     chrout
0008E9  1  88                   DEY
0008EA  1  88                   DEY
0008EB  1  10 C5                BPL     startout
0008ED  1  60                   RTS
0008EE  1               
0008EE  1               
0008EE  1               ; comment from left column of page 99
0008EE  1               
0008EE  1               erase:
0008EE  1  AD 0D 18             LDA     texstart
0008F1  1  85 FB                STA     tex
0008F3  1  8D 16 18             STA     toplin
0008F6  1  8D 1C 18             STA     lastline
0008F9  1  85 5F                STA     curr
0008FB  1  AD 0E 18             LDA     texstart+1
0008FE  1  85 FC                STA     tex+1
000900  1  8D 17 18             STA     toplin+1
000903  1  8D 1D 18             STA     lastline+1
000906  1  85 60                STA     curr+1
000908  1  38                   SEC
000909  1  AD 10 18             LDA     texend+1
00090C  1  ED 0E 18             SBC     texstart+1
00090F  1  AA                   TAX
000910  1  A9 20                LDA     #space
000912  1               CLRLOOP:
000912  1  A0 FF                LDY     #255
000914  1  C6 FC                DEC     tex+1
000916  1  91 FB                STA     (tex),Y
000918  1  C8                   INY
000919  1  E6 FC                INC     tex+1
00091B  1               CLR2:
00091B  1  91 FB                STA     (tex),Y
00091D  1  C8                   INY
00091E  1  D0 FB                BNE     CLR2
000920  1  E6 FC                INC     tex+1
000922  1  CA                   DEX
000923  1  D0 F6                BNE     CLR2
000925  1  91 FB                STA     (tex),Y
000927  1  60                   RTS
000928  1               
000928  1               ; PRMSG is used anytime we need to
000928  1               ; print something at the top of the screen
000928  1               ; (the command line). Pass it the address
000928  1               ; of the message to be printed by storing
000928  1               ; the low .byte of the address in the accu
000928  1               ; mulator, and the high .byte in the
000928  1               ; register. The message in memory must
000928  1               ; end with a zero .byte. The routine does
000928  1               ; not add a carriage return.
000928  1               
000928  1               PRMSG:
000928  1  85 5E                STA     temp
00092A  1  84 5F                STY     temp+1
00092C  1  A0 00                LDY     #0
00092E  1               PRLOOP:
00092E  1  B1 5E                LDA     (temp),Y
000930  1  F0 06                BEQ     PREXIT
000932  1  20 07 14             JSR     chrout
000935  1  C8                   INY
000936  1  D0 F6                BNE     PRLOOP
000938  1               PREXIT:
000938  1  60                   RTS
000939  1               getakey:
000939  1  20 F5 13             JSR     chrin
00093C  1  F0 FB                BEQ     getakey
00093E  1  60                   RTS
00093F  1               
00093F  1               
00093F  1               
00093F  1               ;The MAIN loop blinks the cursor,
00093F  1               ;checks for keystrokes, converts
00093F  1               ;them from ASCII to screen codes,
00093F  1               ;puts them in text at the CURRent position, and increments
00093F  1               ;the CURRent position and lastline. It also checks for special
00093F  1               ;cases like the back-arrow and the return key and passes control
00093F  1               ;characters to the CONTROL routine. SHIFTed spaces are turned into
00093F  1               ;unSHIFTed ones. The INSMODE flag is checked to see if we should
00093F  1               ;insert a space before a character.
00093F  1               main:
00093F  1  20 10 15             JSR     hidecursor
000942  1  20 27 14             JSR     refresh
000945  1  20 FD 14             JSR     showcursor
000948  1               WAIT:
000948  1  20 F5 13             JSR     chrin
00094B  1  F0 FB                BEQ     WAIT
00094D  1               KEYPRESS:
00094D  1  48                   PHA                     ; save key code (hidecursor trashes A)
00094E  1  20 10 15             JSR     hidecursor
000951  1  68                   PLA                     ; restore key code
000952  1  AA                   TAX
000953  1  E0 08                CPX     #8              ; ASCII backspace
000955  1  F0 04                BEQ     @dobackspace
000957  1  E0 7F                CPX     #127            ; ASCII DEL
000959  1  D0 0A                BNE     NOTBKS
00095B  1               @dobackspace:
00095B  1  20 FF 0A             JSR     left
00095E  1  A9 20                LDA     #space
000960  1  92 5F                STA     (curr)
000962  1  4C 3F 09             JMP     main
000965  1               NOTBKS:
000965  1  AD 18 18             LDA     msgflg
000968  1  F0 05                BEQ     nomsg
00096A  1  DA                   PHX
00096B  1  20 C4 13             JSR     sysmsg
00096E  1  FA                   PLX
00096F  1               nomsg:
00096F  1  8A                   TXA
000970  1  C9 0D                CMP     #13             ; ASCII carriage return?
000972  1  D0 04                BNE     notcr
000974  1  A2 1F                LDX     #retchar        ; store paragraph marker directly
000976  1  80 0C                BRA     NESHIFT         ; skip control-char check (retchar < 32)
000978  1               notcr:
000978  1  8A                   TXA
000979  1  29 7F                AND     #127
00097B  1  C9 20                CMP     #32
00097D  1  90 4A                BCC     CONTROL
00097F  1  8A                   TXA
000980  1  C9 E0                CMP     #$E0
000982  1  B0 45                BCS     CONTROL
000984  1               NESHIFT:
000984  1  8A                   TXA
000985  1  48                   PHA
000986  1  A0 00                LDY     #0
000988  1  B1 5F                LDA     (curr),Y
00098A  1  C9 1F                CMP     #retchar
00098C  1  F0 07                BEQ     DOINS
00098E  1  AD 19 18             LDA     INSMODE
000991  1  29 F0                AND     #$F0            ; background color
000993  1  F0 03                BEQ     NOTINST
000995  1               DOINS:
000995  1  20 92 0E             JSR     inschar
000998  1               NOTINST:
000998  1  68                   PLA
000999  1               PUTCHR:
000999  1  92 5F                STA     (curr)
00099B  1  20 27 14             JSR     refresh
00099E  1  38                   SEC
00099F  1  A5 5F                LDA     curr
0009A1  1  ED 1C 18             SBC     lastline
0009A4  1  85 5E                STA     temp
0009A6  1  A5 60                LDA     curr+1
0009A8  1  ED 1D 18             SBC     lastline+1
0009AB  1  05 5E                ORA     temp
0009AD  1  90 0E                BCC     INKURR
0009AF  1  A5 5F                LDA     curr
0009B1  1  69 00                ADC     #0
0009B3  1  8D 1C 18             STA     lastline
0009B6  1  A5 60                LDA     curr+1
0009B8  1  69 00                ADC     #0
0009BA  1  8D 1D 18             STA     lastline+1
0009BD  1               INKURR:
0009BD  1  E6 5F                INC     curr
0009BF  1  D0 02                BNE     NOINC2
0009C1  1  E6 60                INC     curr+1
0009C3  1               NOINC2:
0009C3  1  20 40 0A             JSR     check
0009C6  1  4C 3F 09             JMP     main
0009C9  1               ;CONTROl looks up a keyboard command in the list
0009C9  1               ;of control codes at CTBL. The first .byte of
0009C9  1               ;CTBL is the actual number of commands. Once the
0009C9  1               ;position is found, this position is doubled as
0009C9  1               ;an index to the two-byte address table at VECT.
0009C9  1               ;The address of MAIN-1 is put on the stack,
0009C9  1               ;simulating the return address; then the address
0009C9  1               ;of the command routine taken from VECT is pushed.
0009C9  1               ;We then perform an RTS. RTS pulls the .bytes off
0009C9  1               ;the stack as if they were put there by a JSR.
0009C9  1               ;This powerful technique is used to simulate
0009C9  1               ;ON+GOTO in machine language.
0009C9  1               CONTROL:
0009C9  1  8A                   TXA
0009CA  1  AE EB 09             LDX     CTBL
0009CD  1               SRCH:
0009CD  1  DD EB 09             CMP     CTBL,X
0009D0  1  F0 06                BEQ     FOUND
0009D2  1  CA                   DEX
0009D3  1  D0 F8                BNE     SRCH
0009D5  1  4C 3F 09             JMP     main
0009D8  1               FOUND:
0009D8  1  CA                   DEX
0009D9  1  8A                   TXA
0009DA  1  0A                   ASL
0009DB  1  AA                   TAX
0009DC  1  A9 09                LDA     #>(main-1)
0009DE  1  48                   PHA
0009DF  1  A9 3E                LDA     #<(main-1)
0009E1  1  48                   PHA
0009E2  1  BD 09 0A             LDA     VECT+1,X
0009E5  1  48                   PHA
0009E6  1  BD 08 0A             LDA     VECT,X
0009E9  1  48                   PHA
0009EA  1  60                   RTS
0009EB  1               ; Command key table - remapped for ASCII (Ctrl+letter combos)
0009EB  1               ; CTBL[1..N] are key codes, VECT[0..N-1] are matching function addresses
0009EB  1               CTBL:
0009EB  1  1C                   .BYTE   28              ; 27 commands
0009EC  1  F9                   .BYTE   $F9             ; <RIGHT>:cursor right
0009ED  1  F8                   .BYTE   $F8             ; <LEFT>: cursor left
0009EE  1  F1                   .BYTE   $F1             ; <DEL>:  delete character at cursor
0009EF  1  04                   .BYTE   4               ; Ctrl+D: delete (S,W,P)
0009F0  1  13                   .BYTE   19              ; Ctrl+S: home (top of text)
0009F1  1  F0                   .BYTE   $F0             ; <INS>:  insert mode toggle
0009F2  1  11                   .BYTE   17              ; Ctrl+Q: erase all text (with confirm)
0009F3  1  05                   .BYTE   5               ; Ctrl+E: erase (S,W,P)
0009F4  1  0C                   .BYTE   12              ; Ctrl+L: load file
0009F5  1  16                   .BYTE   22              ; Ctrl+V: save file
0009F6  1  12                   .BYTE   18              ; Ctrl+R: insert buffer
0009F7  1  18                   .BYTE   24              ; Ctrl+X: switch (cut to buffer)
0009F8  1  1A                   .BYTE   26              ; Ctrl+Z: go to end of text
0009F9  1  10                   .BYTE   16              ; Ctrl+P: print
0009FA  1  1C                   .BYTE   28              ; Ctrl+\: format code
0009FB  1  19                   .BYTE   25              ; Ctrl+Y: delete line
0009FC  1  01                   .BYTE   1               ; Ctrl+A: alpha (go to top of screen)
0009FD  1  0B                   .BYTE   11              ; Ctrl+K: kill buffer
0009FE  1  08                   .BYTE   8               ; Ctrl+H: hunt/search (backspace handled before here)
0009FF  1  1F                   .BYTE   31              ; Ctrl+_: show free memory
000A00  1  03                   .BYTE   3               ; Ctrl+C: tab
000A01  1  0A                   .BYTE   10              ; Ctrl+J: replace start
000A02  1  07                   .BYTE   7               ; Ctrl+G: search and replace
000A03  1  F7                   .BYTE   $F7             ; <DOWN>: paragraph right
000A04  1  F6                   .BYTE   $F6             ; <UP>:   paragraph left
000A05  1  17                   .BYTE   23              ; Ctrl+W: word left
000A06  1  15                   .BYTE   21              ; Ctrl+U: word right
000A07  1  E2                   .BYTE   $E2             ; <F3>:   return to os
000A08  1               VECT:
000A08  1  F5 0A                .WORD   right-1         ; Ctrl+F
000A0A  1  FE 0A                .WORD   left-1          ; Ctrl+B
000A0C  1  37 0D                .WORD   DELCHAR-1       ; Ctrl+T
000A0E  1  67 0D                .WORD   DELETE-1        ; Ctrl+D
000A10  1  AA 0D                .WORD   HOME-1          ; Ctrl+S
000A12  1  F3 0E                .WORD   instgl-1        ; Ctrl+I
000A14  1  0F 0F                .WORD   CLEAR-1         ; Ctrl+Q
000A16  1  AD 0F                .WORD   ERAS-1          ; Ctrl+E
000A18  1  19 15                .WORD   TLOAD-1         ; Ctrl+L
000A1A  1  74 16                .WORD   TSAVE-1         ; Ctrl+V
000A1C  1  10 11                .WORD   insbuffer-1     ; Ctrl+R
000A1E  1  9E 11                .WORD   switch-1        ; Ctrl+X
000A20  1  83 0B                .WORD   endtex-1        ; Ctrl+Z
000A22  1  74 16                .WORD   print-1         ; Ctrl+P
000A24  1  88 10                .WORD   FORMAT-1        ; Ctrl+\
000A26  1  52 0D                .WORD   DELIN-1         ; Ctrl+Y
000A28  1  AB 11                .WORD   alpha-1         ; Ctrl+A
000A2A  1  52 0C                .WORD   killbuff-1      ; Ctrl+K
000A2C  1  F2 11                .WORD   HUNT-1          ; Ctrl+H
000A2E  1  2C 13                .WORD   FREEMEM-1       ; Ctrl+_
000A30  1  4E 0E                .WORD   tab-1           ; Ctrl+C
000A32  1  8E 12                .WORD   repstart-1      ; Ctrl+J
000A34  1  D1 11                .WORD   SANDR-1         ; Ctrl+G
000A36  1  31 0F                .WORD   paright-1       ; Ctrl+N
000A38  1  52 0F                .WORD   parleft-1       ; Ctrl+O
000A3A  1  09 0B                .WORD   wleft-1         ; Ctrl+W
000A3C  1  3F 0B                .WORD   wright-1        ; Ctrl+U
000A3E  1  46 13                .WORD   quit-1          ; <F3>
000A40  1               ;The check routine first prevents the cursor from
000A40  1               ;disappearing past the beginning or end-of-text memory,
000A40  1               ;and prevents us from cursoring past the end-of-text pointer.
000A40  1               ;It also checks to see if the cursor has left the visible
000A40  1               ;screen, scrolling with REFRESH to make the cursor visible.
000A40  1               
000A40  1               
000A40  1               check:
000A40  1  20 9E 0A             JSR     check2
000A43  1  38 A5 5F ED          COMPC16 curr,toplin
000A47  1  16 18 A5 60  
000A4B  1  ED 17 18     
000A4E  1  B0 20                BCS     OK1
000A50  1  38 AD 16 18          COMP16  toplin,texstart
000A54  1  ED 0D 18 85  
000A58  1  5E AD 17 18  
000A61  1  F0 0D                BEQ     OK1
000A63  1  A5 5F 8D 16          COPY16  curr,toplin
000A67  1  18 A5 60 8D  
000A6B  1  17 18        
000A6D  1  20 27 14             JSR     refresh
000A70  1               OK1:
000A70  1  38                   SEC
000A71  1  AD 20 18             LDA     BOTSCR
000A74  1  E5 5F                SBC     curr
000A76  1  85 FB                STA     tex
000A78  1  AD 21 18             LDA     BOTSCR+1
000A7B  1  E5 60                SBC     curr+1
000A7D  1  85 FC                STA     tex+1
000A7F  1  05 FB                ORA     tex
000A81  1  F0 02                BEQ     EQA
000A83  1  B0 18                BCS     OK2
000A85  1               EQA:
000A85  1  18                   CLC
000A86  1  AD 16 18             LDA     toplin
000A89  1  6D 15 18             ADC     LENTABLE
000A8C  1  8D 16 18             STA     toplin
000A8F  1  AD 17 18             LDA     toplin+1
000A92  1  69 00                ADC     #0
000A94  1  8D 17 18             STA     toplin+1
000A97  1               REF:
000A97  1  20 27 14             JSR     refresh
000A9A  1  4C 70 0A             JMP     OK1
000A9D  1               OK2:
000A9D  1  60                   RTS
000A9E  1               
000A9E  1               check2:
000A9E  1  38                   SEC
000A9F  1  AD 1C 18             LDA     lastline
000AA2  1  ED 0F 18             SBC     texend
000AA5  1  85 5E                STA     temp
000AA7  1  AD 1D 18             LDA     lastline+1
000AAA  1  ED 10 18             SBC     texend+1
000AAD  1  05 5E                ORA     temp
000AAF  1  90 0C                BCC     CK3
000AB1  1  AD 0F 18             LDA     texend
000AB4  1  8D 1C 18             STA     lastline
000AB7  1  AD 10 18             LDA     texend+1
000ABA  1  8D 1D 18             STA     lastline+1
000ABD  1               CK3:
000ABD  1  38                   SEC
000ABE  1  A5 5F                LDA     curr
000AC0  1  ED 0D 18             SBC     texstart
000AC3  1  85 5E                STA     temp
000AC5  1  A5 60                LDA     curr+1
000AC7  1  ED 0E 18             SBC     texstart+1
000ACA  1  05 5E                ORA     temp
000ACC  1  B0 0B                BCS     INRANGE
000ACE  1  AD 0D 18             LDA     texstart
000AD1  1  85 5F                STA     curr
000AD3  1  AD 0E 18             LDA     texstart+1
000AD6  1  85 60                STA     curr+1
000AD8  1  60                   RTS
000AD9  1               INRANGE:
000AD9  1  38                   SEC
000ADA  1  A5 5F                LDA     curr
000ADC  1  ED 1C 18             SBC     lastline
000ADF  1  85 5E                STA     temp
000AE1  1  A5 60                LDA     curr+1
000AE3  1  ED 1D 18             SBC     lastline+1
000AE6  1  05 5E                ORA     temp
000AE8  1  B0 01                BCS     OUTRANGE
000AEA  1  60                   RTS
000AEB  1               OUTRANGE:
000AEB  1  AD 1C 18 85          COPY16  lastline,curr
000AEF  1  5F AD 1D 18  
000AF3  1  85 60        
000AF5  1  60                   RTS
000AF6  1               ; move cursor right.
000AF6  1               right:
000AF6  1  E6 5F                INC     curr
000AF8  1  D0 02                BNE     NOINCR
000AFA  1  E6 60                INC     curr+1
000AFC  1               NOINCR:
000AFC  1  4C 40 0A             JMP     check
000AFF  1               
000AFF  1               ; Cursor left.
000AFF  1               left:
000AFF  1  A5 5F                LDA     curr
000B01  1  D0 02                BNE     NODEC
000B03  1  C6 60                DEC     curr+1
000B05  1               NODEC:
000B05  1  C6 5F                DEC     curr
000B07  1  4C 40 0A             JMP     check
000B0A  1               ; Word left. We look backward for a space.
000B0A  1               wleft:
000B0A  1  A5 5F 85 FB          COPY16  curr,tex
000B0E  1  A5 60 85 FC  
000B12  1  C6 FC                DEC     tex+1
000B14  1  A0 FF                LDY     #$FF
000B16  1               STRIP:
000B16  1  B1 FB                LDA     (tex),Y
000B18  1  C9 20                CMP     #space
000B1A  1  F0 04                BEQ     STRLOOP
000B1C  1  C9 1F                CMP     #retchar
000B1E  1  D0 03                BNE     WLOOP
000B20  1               STRLOOP:
000B20  1  88                   DEY
000B21  1  D0 F3                BNE     STRIP
000B23  1               WLOOP:
000B23  1  B1 FB                LDA     (tex),Y
000B25  1  C9 20                CMP     #space
000B27  1  F0 08                BEQ     wrout
000B29  1  C9 1F                CMP     #retchar
000B2B  1  F0 04                BEQ     wrout
000B2D  1  88                   DEY
000B2E  1  D0 F3                BNE     WLOOP
000B30  1  60                   RTS
000B31  1               wrout:
000B31  1  38                   SEC
000B32  1  98                   TYA
000B33  1  65 FB                ADC     tex
000B35  1  85 5F                STA     curr
000B37  1  A5 FC                LDA     tex+1
000B39  1  69 00                ADC     #0
000B3B  1  85 60                STA     curr+1
000B3D  1  4C 40 0A             JMP     check
000B40  1               ;Word right. We scan forward
000B40  1               ;for a space. OIDS is not a meaningful label.
000B40  1               wright:
000B40  1  A0 00                LDY     #0
000B42  1               RLOOP:
000B42  1  B1 5F                LDA     (curr),Y
000B44  1  C9 20                CMP     #space
000B46  1  F0 08                BEQ     ROUT
000B48  1  C9 1F                CMP     #retchar
000B4A  1  F0 04                BEQ     ROUT
000B4C  1  C8                   INY
000B4D  1  D0 F3                BNE     RLOOP
000B4F  1  60                   RTS
000B50  1               ROUT:
000B50  1  C8                   INY
000B51  1  D0 0B                BNE     OIDS
000B53  1  E6 60                INC     curr+1
000B55  1  A5 60                LDA     curr+1
000B57  1  CD 1D 18             CMP     lastline+1
000B5A  1  90 02                BCC     OIDS
000B5C  1  D0 19                BNE     lastword
000B5E  1               OIDS:
000B5E  1  B1 5F                LDA     (curr),Y
000B60  1  C9 20                CMP     #space
000B62  1  F0 EC                BEQ     ROUT
000B64  1  C9 1F                CMP     #retchar
000B66  1  F0 E8                BEQ     ROUT
000B68  1               ; add Y to curr to move the cursor
000B68  1               ; check prevents illegal cursor movement.
000B68  1               ; LASTWORD is called if the end
000B68  1               ; of the word cannot be found within 255 characters.
000B68  1               adycurr:
000B68  1  18                   CLC
000B69  1  98                   TYA
000B6A  1  65 5F                ADC     curr
000B6C  1  85 5F                STA     curr
000B6E  1  A5 60                LDA     curr+1
000B70  1  69 00                ADC     #0
000B72  1  85 60                STA     curr+1
000B74  1               wrtn:
000B74  1  4C 40 0A             JMP     check
000B77  1               
000B77  1               lastword:
000B77  1  AD 1C 18 85          COPY16  lastline,curr
000B7B  1  5F AD 1D 18  
000B7F  1  85 60        
000B81  1  4C 40 0A             JMP     check
000B84  1               
000B84  1               ;endtex is tricky,  (p103)
000B84  1               
000B84  1               endtex:
000B84  1  9C 16 18             STZ     toplin
000B87  1  AD 1D 18             LDA     lastline+1
000B8A  1  38                   SEC
000B8B  1  E9 04                SBC     #4
000B8D  1  CD 0E 18             CMP     texstart+1
000B90  1  B0 03                BCS     SAFE
000B92  1  AD 0E 18             LDA     texstart+1
000B95  1               SAFE:
000B95  1  8D 17 18             STA     toplin+1
000B98  1  20 27 14             JSR     refresh
000B9B  1  4C 77 0B             JMP     lastword
000B9E  1               
000B9E  1               
000B9E  1               
000B9E  1               ;Sentence left. We look backward for ending punctuation
000B9E  1               ;or a return mark, then go forward until we run out of spaces.
000B9E  1               
000B9E  1               
000B9E  1               sleft:
000B9E  1  A5 5F 85 FB          COPY16  curr,tex
000BA2  1  A5 60 85 FC  
000BA6  1  C6 FC                DEC     tex+1
000BA8  1  A0 FF                LDY     #$FF
000BAA  1               PMANY:
000BAA  1  B1 FB                LDA     (tex),Y
000BAC  1  C9 2E F0 0C          B_IF_PUNCT PSRCH
000BB0  1  C9 21 F0 08  
000BB4  1  C9 3F F0 04  
000BB8  1  C9 1F                CMP     #retchar
000BBA  1  D0 04                BNE     psloop
000BBC  1               PSRCH:
000BBC  1  88                   DEY
000BBD  1  D0 EB                BNE     PMANY
000BBF  1  60                   RTS
000BC0  1               psloop:
000BC0  1  B1 FB                LDA     (tex),Y
000BC2  1  C9 2E F0 1B          B_IF_PUNCT PUNCT
000BC6  1  C9 21 F0 17  
000BCA  1  C9 3F F0 13  
000BCE  1  C9 1F                CMP     #retchar
000BD0  1  F0 0F                BEQ     PUNCT
000BD2  1  88                   DEY
000BD3  1  D0 EB                BNE     psloop
000BD5  1  C6 FC                DEC     tex+1
000BD7  1  A5 FC                LDA     tex+1
000BD9  1  CD 0D 18             CMP     texstart
000BDC  1  B0 E2                BCS     psloop
000BDE  1  4C F7 0B             JMP     firstword
000BE1  1               PUNCT:
000BE1  1  84 5E                STY     temp
000BE3  1  C6 5E                DEC     temp
000BE5  1               SKIPSPC:
000BE5  1  C8                   INY
000BE6  1  F0 0A                BEQ     REPEAT
000BE8  1  B1 FB                LDA     (tex),y
000BEA  1  C9 20                CMP     #space
000BEC  1  F0 F7                BEQ     SKIPSPC
000BEE  1  88                   DEY
000BEF  1  4C 31 0B             JMP     wrout
000BF2  1               REPEAT:
000BF2  1  A4 5E                LDY     temp
000BF4  1  4C C0 0B             JMP     psloop
000BF7  1               firstword:
000BF7  1  AD 0D 18 85          COPY16  texstart,curr
000BFB  1  5F AD 0E 18  
000BFF  1  85 60        
000C01  1  4C 40 0A             JMP     check
000C04  1               ; Sentence right. We look for ending punctuation,
000C04  1               ; then skip forward until we run out of spaces.
000C04  1               sright:
000C04  1  A0 00                LDY     #0
000C06  1               srlp:
000C06  1  B1 5F                LDA     (curr),Y
000C08  1  C9 2E F0 1D          B_IF_PUNCT punct2
000C0C  1  C9 21 F0 19  
000C10  1  C9 3F F0 15  
000C14  1  C9 1F                CMP     #retchar
000C16  1  F0 11                BEQ     punct2
000C18  1  C8                   INY
000C19  1  D0 EB                BNE     srlp
000C1B  1  E6 60                INC     curr+1
000C1D  1  A5 60                LDA     curr+1
000C1F  1  CD 1D 18             CMP     lastline+1
000C22  1  F0 E2                BEQ     srlp
000C24  1  90 E0                BCC     srlp
000C26  1               srexit:
000C26  1  4C 77 0B             JMP     lastword
000C29  1               punct2:
000C29  1  C8                   INY
000C2A  1  D0 0E                BNE     nofixcurr
000C2C  1  E6 60                INC     curr+1
000C2E  1  A5 60                LDA     curr+1
000C30  1  CD 1D 18             CMP     lastline+1
000C33  1  90 05                BCC     nofixcurr
000C35  1  F0 03                BEQ     nofixcurr
000C37  1  4C 77 0B             JMP     lastword
000C3A  1               nofixcurr:
000C3A  1  B1 5F                LDA     (curr),y
000C3C  1  C9 20                CMP     #space
000C3E  1  F0 E9                BEQ     punct2
000C40  1  C9 2E F0 E5          B_IF_PUNCT punct2
000C44  1  C9 21 F0 E1  
000C48  1  C9 3F F0 DD  
000C4C  1  C9 1F                CMP     #retchar
000C4E  1  F0 D9                BEQ     punct2
000C50  1  4C 68 0B             JMP     adycurr
000C53  1               ; The text buffer starts at a fixed
000C53  1               ; location, but the end of the buffer
000C53  1               ; is changed as text is added to it.
000C53  1               ; To clear the buffer, we just set
000C53  1               ; the end of the buffer to the
000C53  1               ; start of the buffer. No text is
000C53  1               ; actually erased.
000C53  1               killbuff:
000C53  1  AD 11 18 8D          COPY16  texbuf,tptr
000C57  1  B9 18 AD 12  
000C5B  1  18 8D BA 18  
000C5F  1  20 D7 13             JSR     topclr
000C62  1  A9 9A A0 16          PRINTMESSAGE killmsg
000C66  1  20 28 09     
000C69  1  A9 01                LDA     #1
000C6B  1  8D 18 18             STA     msgflg
000C6E  1  60                   RTS
000C6F  1               
000C6F  1               ; This is the second level of the
000C6F  1               ; general-purpose delete routines. (p.105)
000C6F  1               
000C6F  1               
000C6F  1               del1:
000C6F  1  38 A5 5F ED          COMP16  curr,texstart
000C73  1  0D 18 85 5E  
000C77  1  A5 60 ED 0E  
000C7E  1  D0 03                BNE     DEL1A
000C80  1               DELABORT:
000C80  1  68                   PLA
000C81  1  68                   PLA
000C82  1  60                   RTS
000C83  1               DEL1A:
000C83  1  A5 5F 85 55          COPY16  curr,froml
000C87  1  A5 60 85 56  
000C8B  1  60                   RTS
000C8C  1               del2:
000C8C  1  38                   SEC
000C8D  1  A5 5F                LDA     curr
000C8F  1  85 57                STA     destl
000C91  1  49 FF                EOR     #$ff
000C93  1  65 55                ADC     froml
000C95  1  8D BD 18             STA     goblen
000C98  1  A5 60                LDA     curr+1
000C9A  1  85 58                STA     desth
000C9C  1  49 FF                EOR     #$ff
000C9E  1  65 56                ADC     fromh
000CA0  1  8D BE 18             STA     goblen+1
000CA3  1               delc:
000CA3  1  A5 55 8D BF          COPY16  froml,fromsav
000CA7  1  18 A5 56 8D  
000CAB  1  C0 18        
000CAD  1  A5 57                LDA     destl
000CAF  1  8D C1 18             STA     destsav
000CB2  1  85 55                STA     froml
000CB4  1  A5 58                LDA     desth
000CB6  1  8D C2 18             STA     destsav+1
000CB9  1  85 56                STA     fromh
000CBB  1  38                   SEC
000CBC  1  AD BE 18             LDA     goblen+1
000CBF  1  6D BA 18             ADC     tptr+1
000CC2  1  CD 14 18             CMP     bufend+1
000CC5  1  90 13                BCC     gosav
000CC7  1  20 D7 13 A9          TOPPRINTMESSAGE buferr
000CCB  1  A9 A0 16 20  
000CCF  1  28 09        
000CD1  1  A9 01                LDA     #1
000CD3  1  8D 18 18             STA     msgflg
000CD6  1  20 15 14             JSR     drainkeys       ; drain any pending keystrokes
000CD9  1  60                   RTS
000CDA  1               
000CDA  1               gosav:
000CDA  1  AD B9 18 85          COPY16  tptr,destl
000CDE  1  57 AD BA 18  
000CE2  1  85 58        
000CE4  1  AD BD 18             LDA     goblen
000CE7  1  85 59                STA     llen
000CE9  1  18                   CLC
000CEA  1  6D B9 18             ADC     tptr
000CED  1  8D B9 18             STA     tptr
000CF0  1  AD BE 18             LDA     goblen+1
000CF3  1  85 5A                STA     hlen
000CF5  1  6D BA 18             ADC     tptr+1
000CF8  1  8D BA 18             STA     tptr+1
000CFB  1               ;lda #0
000CFB  1               ;sta $D01A ;TODO: label
000CFB  1               ;lda #52
000CFB  1               ;sta map
000CFB  1  20 0C 08             JSR     umove
000CFE  1               ;lda #54
000CFE  1               ;sta map
000CFE  1               ;lda #1
000CFE  1               ;sta $D01A
000CFE  1               
000CFE  1  AD BF 18 85          COPY16  fromsav,froml
000D02  1  55 AD C0 18  
000D06  1  85 56        
000D08  1  AD C1 18 85          COPY16  destsav,destl
000D0C  1  57 AD C2 18  
000D10  1  85 58        
000D12  1  38 AD 1C 18          SUB162  lastline,destl,llen
000D16  1  E5 57 85 59  
000D1A  1  AD 1D 18 E5  
000D21  1  20 0C 08             JSR     umove
000D24  1  38 AD 1C 18          SUB16   lastline,goblen
000D28  1  ED BD 18 8D  
000D2C  1  1C 18 AD 1D  
000D37  1  60                   RTS
000D38  1               ;Most delete commands end up calling
000D38  1               ;the above routines. (p106)
000D38  1               DELCHAR:
000D38  1  20 6F 0C             JSR     del1
000D3B  1  20 FF 0A             JSR     left
000D3E  1  20 8C 0C             JSR     del2
000D41  1               fixtp:
000D41  1  38 AD B9 18          SUB8    tptr,#1
000D45  1  E9 01 8D B9  
000D49  1  18 AD BA 18  
000D52  1  60                   RTS
000D53  1               ;this is called from CTRL-back arrow.
000D53  1               ;We first check to see if SHIFT is also
000D53  1               ;held down. If so, we go to another routine
000D53  1               ;that "eats" spaces.
000D53  1               DELIN:
000D53  1  4C 59 0D             B_UNLESS_SHIFT_CTRL DODELIN
000D56  1  4C D4 0D             JMP     EATSPACE
000D59  1               DODELIN:
000D59  1  20 F6 0A             JSR     right
000D5C  1  20 6F 0C             JSR     del1
000D5F  1  20 FF 0A             JSR     left
000D62  1  20 8C 0C             JSR     del2
000D65  1  4C 41 0D             JMP     fixtp
000D68  1               
000D68  1               ;Called by CTRL-D.  (etc)
000D68  1               DELETE:
000D68  1  20 53 0C             JSR     killbuff
000D6B  1  A9 21                LDA     #$21            ; white on red
000D6D  1  85 0C                STA     windcolr
000D6F  1  20 D7 13             JSR     topclr
000D72  1  A9 B5 A0 16          PRINTMESSAGE delmsg
000D76  1  20 28 09     
000D79  1  20 39 09             JSR     getakey
000D7C  1  48                   PHA
000D7D  1  20 C4 13             JSR     sysmsg
000D80  1  68                   PLA
000D81  1  29 BF                AND     #191
000D83  1  C9 17                CMP     #23             ; "W"
000D85  1  D0 09                BNE     NOTWORD
000D87  1               DELWORD:
000D87  1  20 6F 0C             JSR     del1
000D8A  1  20 0A 0B             JSR     wleft
000D8D  1  4C 8C 0C             JMP     del2
000D90  1               NOTWORD:
000D90  1  C9 13                CMP     #19             ; "S"
000D92  1  D0 09                BNE     NOTSENT
000D94  1               DELSENT:
000D94  1  20 6F 0C             JSR     del1
000D97  1  20 9E 0B             JSR     sleft
000D9A  1  4C 8C 0C             JMP     del2
000D9D  1               NOTSENT:
000D9D  1  C9 10                CMP     #16             ; "P"
000D9F  1  D0 09                BNE     NOTPAR
000DA1  1  20 6F 0C             JSR     del1
000DA4  1  20 53 0F             JSR     parleft
000DA7  1  4C 8C 0C             JMP     del2
000DAA  1               NOTPAR:
000DAA  1  60                   RTS
000DAB  1               
000DAB  1               
000DAB  1               ;Home the cursor. if the cursor
000DAB  1               ;is already home, move the cursor
000DAB  1               ;to the top of text.
000DAB  1               HOME:
000DAB  1  38 A5 5F ED          COMP16  curr,toplin
000DAF  1  16 18 85 5E  
000DB3  1  A5 60 ED 17  
000DBA  1  F0 0B                BEQ     tophome
000DBC  1  AD 16 18 85          COPY16  toplin,curr
000DC0  1  5F AD 17 18  
000DC4  1  85 60        
000DC6  1  60                   RTS
000DC7  1               tophome:
000DC7  1  AD 0D 18 85          COPY16  texstart,curr
000DCB  1  5F AD 0E 18  
000DCF  1  85 60        
000DD1  1  4C 40 0A             JMP     check
000DD4  1               
000DD4  1               ; This deletes all spaces between the
000DD4  1               ; cursor and following nonspace text.
000DD4  1               ; Sometimes inventing labels can be fun.
000DD4  1               EATSPACE:
000DD4  1  A5 5F 85 FB          COPY162 curr,tex,destl
000DD8  1  85 57 A5 60  
000DDC  1  85 FC 85 58  
000DE0  1  A0 00                LDY     #0
000DE2  1               spcsrch:
000DE2  1  B1 FB                LDA     (tex),y
000DE4  1  C9 20                CMP     #space
000DE6  1  D0 1E                BNE     outspace
000DE8  1  C8                   INY
000DE9  1  D0 F7                BNE     spcsrch
000DEB  1  A5 FC                LDA     tex+1
000DED  1  CD 1D 18             CMP     lastline+1
000DF0  1  90 0F                BCC     goinc
000DF2  1  AD 1C 18 85          COPY16  lastline,tex
000DF6  1  FB AD 1D 18  
000DFA  1  85 FC        
000DFC  1  A0 00                LDY     #0
000DFE  1  4C 06 0E             JMP     outspace
000E01  1               goinc:
000E01  1  E6 FC                INC     tex+1
000E03  1  4C E2 0D             JMP     spcsrch
000E06  1               outspace:
000E06  1  18                   CLC
000E07  1  98                   TYA
000E08  1  65 FB                ADC     tex
000E0A  1  85 55                STA     froml
000E0C  1  A9 00                LDA     #0
000E0E  1  65 FC                ADC     tex+1
000E10  1  85 56                STA     fromh
000E12  1               
000E12  1  38 AD 1C 18          SUB162  lastline,destl,llen
000E16  1  E5 57 85 59  
000E1A  1  AD 1D 18 E5  
000E21  1  38 A5 55 E5          SUB162  froml,destl,goblen
000E25  1  57 8D BD 18  
000E29  1  A5 56 E5 58  
000E30  1  20 0C 08             JSR     umove
000E33  1  38 AD 1C 18          SUB162  lastline,goblen,lastline
000E37  1  ED BD 18 8D  
000E3B  1  1C 18 AD 1D  
000E46  1  60                   RTS
000E47  1               
000E47  1               ;Inserts 255 spaces. Notice how it and other
000E47  1               ;insert routines use TAB2.
000E47  1               lottaspaces:
000E47  1  A9 FF                LDA     #255
000E49  1  8D D6 18             STA     inslen
000E4C  1  4C 61 0E             JMP     tab2
000E4F  1               
000E4F  1               tab:
000E4F  1  A9 05                LDA     #5
000E51  1  8D D6 18             STA     inslen
000E54  1  20 61 0E             JSR     tab2
000E57  1  B1 5F                LDA     (curr),y
000E59  1  C9 20                CMP     #space
000E5B  1  D0 01                BNE     noincy
000E5D  1  C8                   INY
000E5E  1               noincy:
000E5E  1  4C 68 0B             JMP     adycurr
000E61  1               tab2:
000E61  1  A9 00                LDA     #0
000E63  1  8D D7 18             STA     inslen+1
000E66  1  20 A4 0E             JSR     insblock
000E69  1  A9 20                LDA     #space
000E6B  1  AE D6 18             LDX     inslen
000E6E  1  A0 00                LDY     #0
000E70  1               fillsp:
000E70  1  91 5F                STA     (curr),y
000E72  1  C8                   INY
000E73  1  CA                   DEX
000E74  1  D0 FA                BNE     fillsp
000E76  1  60                   RTS
000E77  1               ;SHIFT-RETURN calls this. It inserts
000E77  1               ;two spaces, fills them with return marks,
000E77  1               ;then calls tAB for a margin indent. Not
000E77  1               ;much code for a useful routine.
000E77  1               endpar:
000E77  1  20 92 0E             JSR     inschar
000E7A  1  20 92 0E             JSR     inschar
000E7D  1  A9 1F                LDA     #retchar
000E7F  1  A0 00                LDY     #0
000E81  1  91 5F                STA     (curr),Y
000E83  1  C8                   INY
000E84  1  91 5F                STA     (curr),Y
000E86  1  20 27 14             JSR     refresh
000E89  1  20 F6 0A             JSR     right
000E8C  1  20 F6 0A             JSR     right
000E8F  1  4C 4F 0E             JMP     tab
000E92  1               ;insert a single space:
000E92  1               inschar:
000E92  1  A9 01                LDA     #1
000E94  1  8D D6 18             STA     inslen
000E97  1  9C D7 18             STZ     inslen+1
000E9A  1  20 A4 0E             JSR     insblock
000E9D  1  A9 20                LDA     #space
000E9F  1  92 5F                STA     (curr)
000EA1  1  4C 40 0A             JMP     check
000EA4  1               ;A general routine to insert as many
000EA4  1               ;spaces as are specified by inslen.
000EA4  1               insblock:
000EA4  1  18                   CLC
000EA5  1  AD 1C 18             LDA     lastline
000EA8  1  6D D6 18             ADC     inslen          ; discarded?
000EAB  1  AD 1D 18             LDA     lastline+1
000EAE  1  6D D7 18             ADC     inslen+1
000EB1  1  CD 10 18             CMP     texend+1
000EB4  1  90 05                BCC     okins
000EB6  1  68                   PLA
000EB7  1  68                   PLA
000EB8  1  4C F3 0E             JMP     inout
000EBB  1               okins:
000EBB  1  18                   CLC
000EBC  1  A5 5F                LDA     curr
000EBE  1  85 55                STA     froml
000EC0  1  6D D6 18             ADC     inslen
000EC3  1  85 57                STA     destl
000EC5  1  A5 60                LDA     curr+1
000EC7  1  85 56                STA     froml+1
000EC9  1  6D D7 18             ADC     inslen+1
000ECC  1  85 58                STA     destl+1
000ECE  1  38 AD 1C 18          SUB162  lastline,froml,llen
000ED2  1  E5 55 85 59  
000ED6  1  AD 1D 18 E5  
000EDD  1  20 49 08             JSR     dmove
000EE0  1  18 AD 1C 18          ADD16   lastline,inslen
000EE4  1  6D D6 18 8D  
000EE8  1  1C 18 AD 1D  
000EF3  1               inout:
000EF3  1  60                   RTS
000EF4  1               ;toggle insert mode. The INSMODE
000EF4  1               ;flag doubles as the color of the
000EF4  1               ;command line.
000EF4  1               instgl:
000EF4  1  AD 19 18             LDA     INSMODE
000EF7  1  49 E0                EOR     #INSCOLOR << 4
000EF9  1  8D 19 18             STA     INSMODE
000EFC  1  4C C4 13             JMP     sysmsg
000EFF  1               ;Another example of modular code.
000EFF  1               YORN:
000EFF  1  A9 C4 A0 16          PRINTMESSAGE ynmsg
000F03  1  20 28 09     
000F06  1               YORNKEY:                        ;JSR scnkey
000F06  1  20 F5 13             JSR     chrin
000F09  1  F0 FB                BEQ     YORNKEY
000F0B  1  29 7F                AND     #127
000F0D  1  C9 79                CMP     #'y'
000F0F  1  60                   RTS
000F10  1               ;Erase all text. (p108)
000F10  1               CLEAR:
000F10  1  A9 21                LDA     #$21            ;white on red
000F12  1  85 0C                STA     windcolr
000F14  1  20 D7 13             JSR     topclr
000F17  1  A9 DB A0 16          PRINTMESSAGE clrmsg
000F1B  1  20 28 09     
000F1E  1  20 FF 0E             JSR     YORN
000F21  1  F0 03                BEQ     DOIT
000F23  1  4C C4 13             JMP     sysmsg
000F26  1               DOIT:
000F26  1  A2 FA                LDX     #$FA
000F28  1  9A                   TXS
000F29  1  20 EE 08             JSR     erase
000F2C  1  20 AC 13             JSR     INIT3
000F2F  1  4C 3F 09             JMP     main
000F32  1               ;Paragraph right.
000F32  1               paright:
000F32  1  A0 00                LDY     #0
000F34  1               parlp:
000F34  1  B1 5F                LDA     (curr),Y
000F36  1  C9 1F                CMP     #retchar
000F38  1  F0 11                BEQ     retfound
000F3A  1  C8                   INY
000F3B  1  D0 F7                BNE     parlp
000F3D  1  E6 60                INC     curr+1
000F3F  1  A5 60                LDA     curr+1
000F41  1  CD 1D 18             CMP     lastline+1
000F44  1  90 EE                BCC     parlp
000F46  1  F0 EC                BEQ     parlp
000F48  1  4C 77 0B             JMP     lastword
000F4B  1               retfound:
000F4B  1  C8                   INY
000F4C  1  D0 02                BNE     goady
000F4E  1  E6 60                INC     curr+1
000F50  1               goady:
000F50  1  4C 68 0B             JMP     adycurr
000F53  1               ;Paragraph left.
000F53  1               parleft:
000F53  1  A5 5F 85 FB          COPY16  curr,tex
000F57  1  A5 60 85 FC  
000F5B  1  C6 FC                DEC     tex+1
000F5D  1  A0 FF                LDY     #$ff
000F5F  1               parloop:
000F5F  1  B1 FB                LDA     (tex),y
000F61  1  C9 1F                CMP     #retchar
000F63  1  F0 11                BEQ     retf2
000F65  1               parcont:
000F65  1  88                   DEY
000F66  1  C0 FF                CPY     #255
000F68  1  D0 F5                BNE     parloop
000F6A  1  C6 FC                DEC     tex+1
000F6C  1  A5 FC                LDA     tex+1
000F6E  1  CD 0E 18             CMP     texstart+1
000F71  1  B0 EC                BCS     parloop
000F73  1  4C F7 0B             JMP     firstword
000F76  1               retf2:
000F76  1  38                   SEC
000F77  1  98                   TYA
000F78  1  65 FB                ADC     tex
000F7A  1  85 FB                STA     tex
000F7C  1  A9 00                LDA     #0
000F7E  1  65 FC                ADC     tex+1
000F80  1  85 FC                STA     tex+1
000F82  1  38 A5 FB E5          COMP16  tex,curr
000F86  1  5F 85 5E A5  
000F8A  1  FC E5 60 05  
000F8F  1  D0 12                BNE     textocurr
000F91  1  84 5E                STY     temp
000F93  1  18                   CLC
000F94  1  A5 FB                LDA     tex
000F96  1  E5 5E                SBC     temp
000F98  1  85 FB                STA     tex
000F9A  1  A5 FC                LDA     tex+1
000F9C  1  E9 00                SBC     #0
000F9E  1  85 FC                STA     tex+1
000FA0  1  4C 65 0F             JMP     parcont
000FA3  1               textocurr:
000FA3  1  A5 FB 85 5F          COPY16  tex,curr
000FA7  1  A5 FC 85 60  
000FAB  1  4C 40 0A             JMP     check
000FAE  1               
000FAE  1               ;ERAS is called by CTRL-E. It works
000FAE  1               ;much like CTRL-D. Notice that the
000FAE  1               ;ORA #64 allows ....
000FAE  1               ERAS:
000FAE  1  4C B4 0F             B_UNLESS_SHIFT ERAS1
000FB1  1  20 53 0C             JSR     killbuff
000FB4  1               ERAS1:
000FB4  1  20 D7 13             JSR     topclr
000FB7  1  A9 FC A0 16          PRINTMESSAGE erasmsg
000FBB  1  20 28 09     
000FBE  1               erasagain:
000FBE  1  B2 5F                LDA     (curr)
000FC0  1  49 80                EOR     #$80
000FC2  1  92 5F                STA     (curr)
000FC4  1  20 27 14             JSR     refresh
000FC7  1  B2 5F                LDA     (curr)
000FC9  1  49 80                EOR     #$80
000FCB  1  92 5F                STA     (curr)
000FCD  1  A9 21                LDA     #$21
000FCF  1  85 0C                STA     windcolr
000FD1  1  20 39 09             JSR     getakey
000FD4  1  09 40                ORA     #64
000FD6  1  C9 77                CMP     #'w'
000FD8  1  D0 09                BNE     noword
000FDA  1               erasword:
000FDA  1  20 03 10             JSR     era1
000FDD  1  20 40 0B             JSR     wright
000FE0  1  4C 12 10             JMP     era2
000FE3  1               noword:
000FE3  1  C9 73                CMP     #'s'
000FE5  1  D0 09                BNE     unsent
000FE7  1               erasent:
000FE7  1  20 03 10             JSR     era1
000FEA  1  20 04 0C             JSR     sright
000FED  1  4C 12 10             JMP     era2
000FF0  1               unsent:
000FF0  1  C9 70                CMP     #'p'
000FF2  1  D0 09                BNE     nopar
000FF4  1  20 03 10             JSR     era1
000FF7  1  20 32 0F             JSR     paright
000FFA  1  4C 12 10             JMP     era2
000FFD  1               nopar:
000FFD  1  20 40 0A             JSR     check
001000  1  4C C4 13             JMP     sysmsg
001003  1               era1:
001003  1  A5 5F 85 57          COPY162 curr,destl,savcurr
001007  1  8D B3 18 A5  
00100B  1  60 85 58 8D  
001011  1  60                   RTS
001012  1               era2:
001012  1  38                   SEC
001013  1  A5 5F                LDA     curr
001015  1  85 55                STA     froml
001017  1  ED B3 18             SBC     savcurr
00101A  1  8D BD 18             STA     goblen
00101D  1  A5 60                LDA     curr+1
00101F  1  85 56                STA     froml+1
001021  1  ED B4 18             SBC     savcurr+1
001024  1  8D BE 18             STA     goblen+1
001027  1  20 A3 0C             JSR     delc
00102A  1  AD B3 18 85          COPY16  savcurr,curr
00102E  1  5F AD B4 18  
001032  1  85 60        
001034  1  20 27 14             JSR     refresh
001037  1  4C BE 0F             JMP     erasagain
00103A  1               ;the INPUT routine is used to get responses
00103A  1               ;from the command line.
00103A  1               ;input: get a line of text from the command line.
00103A  1               ;Returns length in A, text in inbuff (null-terminated).
00103A  1               input:
00103A  1  A9 27                LDA     #39             ; max input length (inbuff is 40 bytes)
00103C  1  8D 1E 18             STA     limit
00103F  1               inp1:
00103F  1  A0 00                LDY     #0
001041  1               cursin:
001041  1  8C 1F 18             STY     inlen
001044  1  20 39 09             JSR     getakey         ; blocking wait for key
001047  1  AC 1F 18             LDY     inlen
00104A  1  C9 0D                CMP     #13             ; CR = done
00104C  1  F0 34                BEQ     inexit
00104E  1  C9 08                CMP     #8              ; ASCII backspace
001050  1  F0 19                BEQ     @inback
001052  1  C9 7F                CMP     #127            ; ASCII DEL
001054  1  F0 15                BEQ     @inback
001056  1  29 7F                AND     #127
001058  1  C9 20                CMP     #space
00105A  1  90 E5                BCC     cursin          ; ignore control chars
00105C  1  CC 1E 18             CPY     limit
00105F  1  F0 E0                BEQ     cursin          ; buffer full
001061  1  99 72 18             STA     inbuff,Y
001064  1  20 07 14             JSR     chrout          ; echo the character
001067  1  C8                   INY
001068  1  4C 41 10             JMP     cursin
00106B  1               @inback:
00106B  1  C0 00                CPY     #0
00106D  1  F0 D2                BEQ     cursin          ; nothing to delete
00106F  1  88                   DEY
001070  1  A9 08                LDA     #8              ; backspace (cursor left)
001072  1  20 07 14             JSR     chrout
001075  1  A9 20                LDA     #space          ; overwrite with space
001077  1  20 07 14             JSR     chrout
00107A  1  A9 08                LDA     #8              ; backspace again
00107C  1  20 07 14             JSR     chrout
00107F  1  4C 41 10             JMP     cursin
001082  1               inexit:
001082  1  A9 00                LDA     #0
001084  1  99 72 18             STA     inbuff,Y
001087  1  98                   TYA
001088  1  60                   RTS
001089  1               
001089  1               ; called by CTRL-\ to enter a format code.
001089  1               ; It checks insert mode and inserts if necessary.
001089  1               FORMAT:
001089  1  20 D7 13             JSR     topclr
00108C  1  A9 1A A0 17          PRINTMESSAGE formsg
001090  1  20 28 09     
001093  1  20 39 09             JSR     getakey
001096  1  09 80                ORA     #$80
001098  1  48                   PHA
001099  1  AD 19 18             LDA     INSMODE
00109C  1  29 F0                AND     #$F0            ;background color
00109E  1  F0 03                BEQ     NOINS
0010A0  1  20 92 0E             JSR     inschar
0010A3  1               NOINS:
0010A3  1  20 C4 13             JSR     sysmsg
0010A6  1  68                   PLA
0010A7  1  4C 99 09             JMP     PUTCHR
0010AA  1               ; oh boy
0010AA  1               aschex:
0010AA  1  9C B5 18             STZ     bcd
0010AD  1  9C B6 18             STZ     bcd+1
0010B0  1  9C B7 18             STZ     hex
0010B3  1  9C B8 18             STZ     hex+1
0010B6  1               digit:
0010B6  1  38                   SEC
0010B7  1  B1 FB                LDA     (tex),y
0010B9  1  E9 30                SBC     #'0'
0010BB  1  90 2A                BCC     nonum
0010BD  1  C9 0A                CMP     #10             ;radix
0010BF  1  B0 26                BCS     nonum
0010C1  1  0E B5 18             ASL     bcd
0010C4  1  2E B6 18             ROL     bcd+1
0010C7  1  0E B5 18             ASL     bcd
0010CA  1  2E B6 18             ROL     bcd+1
0010CD  1  0E B5 18             ASL     bcd
0010D0  1  2E B6 18             ROL     bcd+1
0010D3  1  0E B5 18             ASL     bcd
0010D6  1  2E B6 18             ROL     bcd+1
0010D9  1  0D B5 18             ORA     bcd
0010DC  1  8D B5 18             STA     bcd
0010DF  1  C8                   INY
0010E0  1  D0 D4                BNE     digit
0010E2  1  E6 FC                INC     tex+1
0010E4  1  4C B6 10             JMP     digit
0010E7  1               nonum:
0010E7  1  F8                   SED
0010E8  1               dechex:
0010E8  1  AD B5 18             LDA     bcd
0010EB  1  0D B6 18             ORA     bcd+1
0010EE  1  F0 1C                BEQ     donenum
0010F0  1  38 AD B5 18          SUB8    bcd,#1
0010F4  1  E9 01 8D B5  
0010F8  1  18 AD B6 18  
001101  1  EE B7 18             INC     hex
001104  1  D0 03                BNE     nohexinc
001106  1  EE B8 18             INC     hex+1
001109  1               nohexinc:
001109  1  4C E8 10             JMP     dechex
00110C  1               donenum:
00110C  1  AD B7 18             LDA     hex
00110F  1  D8                   CLD
001110  1  60                   RTS
001111  1               
001111  1               ;p113
001111  1               
001111  1               insbuffer:
001111  1  38 AD B9 18          SUB162  tptr,texbuf,buflen
001115  1  ED 11 18 8D  
001119  1  BB 18 AD BA  
001124  1  0D BB 18             ORA     buflen
001127  1  D0 10                BNE     okbuff
001129  1  20 D7 13             JSR     topclr
00112C  1  A9 63 A0 17          PRINTMESSAGE insmsg
001130  1  20 28 09     
001133  1  A9 01                LDA     #1
001135  1  8D 18 18             STA     msgflg
001138  1  60                   RTS
001139  1               
001139  1               okbuff:
001139  1  18                   CLC
00113A  1  A5 5F                LDA     curr
00113C  1  85 55                STA     froml
00113E  1  6D BB 18             ADC     buflen
001141  1  85 57                STA     destl
001143  1  A5 60                LDA     curr+1
001145  1  85 56                STA     froml+1
001147  1  6D BC 18             ADC     buflen+1
00114A  1  85 58                STA     destl+1
00114C  1  38 AD 1C 18          SUB162  lastline,froml, llen
001150  1  E5 55 85 59  
001154  1  AD 1D 18 E5  
00115B  1  18                   CLC
00115C  1  65 58                ADC     desth
00115E  1  CD 10 18             CMP     texend+1
001161  1  90 10                BCC     okmov
001163  1  20 D7 13             JSR     topclr
001166  1  A9 5B A0 17          PRINTMESSAGE inserr
00116A  1  20 28 09     
00116D  1  A9 01                LDA     #1
00116F  1  8D 18 18             STA     msgflg
001172  1  60                   RTS
001173  1               
001173  1               okmov:
001173  1  20 49 08             JSR     dmove
001176  1  18                   CLC
001177  1  AD BB 18             LDA     buflen
00117A  1  85 59                STA     llen
00117C  1  6D 1C 18             ADC     lastline
00117F  1  8D 1C 18             STA     lastline
001182  1  AD BC 18             LDA     buflen+1
001185  1  85 5A                STA     llen+1
001187  1  6D 1D 18             ADC     lastline+1
00118A  1  8D 1D 18             STA     lastline+1
00118D  1  A5 5F 85 57          COPY16  curr,destl
001191  1  A5 60 85 58  
001195  1  AD 11 18 85          COPY16  texbuf,froml
001199  1  55 AD 12 18  
00119D  1  85 56        
00119F  1               ;lda #0
00119F  1               ;sta $d01a
00119F  1               ;;;;; TODO         LDA     #52
00119F  1               ;;;;; TODO         STA     map
00119F  1               ;;;;; TODO         JSR     umove
00119F  1               ;;;;; TODO         LDA     #54
00119F  1               ;;;;; TODO         STA     map
00119F  1               ;lda #1
00119F  1               ;sta $d01a
00119F  1               ;;;;; TODO         JMP     check
00119F  1               
00119F  1               switch:
00119F  1  A0 01                LDY     #1
0011A1  1  B2 5F                LDA     (curr)
0011A3  1  AA                   TAX
0011A4  1  B1 5F                LDA     (curr),y
0011A6  1  92 5F                STA     (curr)
0011A8  1  8A                   TXA
0011A9  1  91 5F                STA     (curr),y
0011AB  1  60                   RTS
0011AC  1               
0011AC  1               alpha:
0011AC  1  B2 5F                LDA     (curr)
0011AE  1  29 3F                AND     #63
0011B0  1  F0 0A                BEQ     notalpha
0011B2  1  C9 1B                CMP     #27
0011B4  1  B0 06                BCS     notalpha
0011B6  1  B2 5F                LDA     (curr)
0011B8  1  49 40                EOR     #64
0011BA  1  92 5F                STA     (curr)
0011BC  1               notalpha:
0011BC  1  4C F6 0A             JMP     right
0011BF  1               
0011BF  1               intoas:
0011BF  1  85 5E                STA     temp
0011C1  1  29 3F                AND     #$3f
0011C3  1  06 5E                ASL     temp
0011C5  1  24 5E                BIT     temp
0011C7  1  10 02                BPL     isk1
0011C9  1  09 80                ORA     #$80
0011CB  1               isk1:
0011CB  1  70 02                BVS     isk2
0011CD  1  09 40                ORA     #$40
0011CF  1               isk2:
0011CF  1  85 5E                STA     temp
0011D1  1  60                   RTS
0011D2  1               
0011D2  1               
0011D2  1               ;Global search and replace. This just
0011D2  1               ;links together the search-specify routine,
0011D2  1               ;the replace-specify routine,
0011D2  1               ;then repeatedly calls Hunt and Replace,
0011D2  1               ;until Hunt returns "Not Found." (fpos+1
0011D2  1               ;is $FF after a search failure.)
0011D2  1               SANDR:
0011D2  1  20 F6 11             JSR     reset
0011D5  1  AD DD 18             LDA     huntlen
0011D8  1  F0 16                BEQ     NOSR
0011DA  1  20 92 12             JSR     askrep
0011DD  1               SNR:
0011DD  1  20 1C 12             JSR     CONTSRCH
0011E0  1  AD DB 18             LDA     fpos+1
0011E3  1  C9 FF                CMP     #$FF
0011E5  1  F0 09                BEQ     NOSR
0011E7  1  20 B5 12             JSR     repl
0011EA  1  20 27 14             JSR     refresh
0011ED  1  4C DD 11             JMP     SNR
0011F0  1               NOSR:
0011F0  1  4C C4 13             JMP     sysmsg
0011F3  1               ;if SHIFT is held down, we ask for and store
0011F3  1               ;the hunt phrase. If SHIFT is not down, we
0011F3  1               ;perform the actual hunt. The line in the inbuff is compared with
0011F3  1               ;characters in text. (p121)
0011F3  1               HUNT:
0011F3  1  4C 1C 12             B_UNLESS_SHIFT_CTRL CONTSRCH
0011F6  1               reset:
0011F6  1  20 D7 13 A9          TOPPRINTMESSAGE srchmsg
0011FA  1  DA A0 17 20  
0011FE  1  28 09        
001200  1  20 3A 10             JSR     input
001203  1  8D DD 18             STA     huntlen
001206  1  D0 03                BNE     oksrch
001208  1  4C C4 13             JMP     sysmsg
00120B  1               oksrch:
00120B  1  A0 00                LDY     #0
00120D  1               tobuff:
00120D  1  B9 72 18             LDA     inbuff,Y
001210  1  99 DE 18             STA     huntbuff,Y
001213  1  C8                   INY
001214  1  CC 1F 18             CPY     inlen
001217  1  D0 F4                BNE     tobuff
001219  1  4C C4 13             JMP     sysmsg
00121C  1               CONTSRCH:
00121C  1  A5 5F 85 FB          COPY16  curr,tex
001220  1  A5 60 85 FC  
001224  1  A9 FF                LDA     #$FF
001226  1  8D DB 18             STA     fpos+1
001229  1  A0 01                LDY     #1
00122B  1  A2 00                LDX     #0
00122D  1  AD DD 18             LDA     huntlen
001230  1  F0 4D                BEQ     notfound
001232  1               SRCH1:
001232  1  BD DE 18             LDA     huntbuff,X
001235  1  D1 FB                CMP     (tex),Y
001237  1  F0 02                BEQ     CY
001239  1  A2 FF                LDX     #$FF
00123B  1               CY:
00123B  1  C8                   INY
00123C  1  D0 0B                BNE     novfl
00123E  1  E6 FC                INC     tex+1
001240  1  A5 FC                LDA     tex+1
001242  1  CD 1D 18             CMP     lastline+1
001245  1  F0 02                BEQ     novfl
001247  1  B0 36                BCS     notfound
001249  1               novfl:
001249  1  E8                   INX
00124A  1  EC DD 18             CPX     huntlen
00124D  1  D0 E3                BNE     SRCH1
00124F  1  18                   CLC
001250  1  98                   TYA
001251  1  65 FB                ADC     tex
001253  1  85 5E                STA     temp
001255  1  A5 FC                LDA     tex+1
001257  1  69 00                ADC     #0
001259  1  85 5F                STA     temp+1
00125B  1  AD 1C 18             LDA     lastline
00125E  1  C5 5E                CMP     temp
001260  1  AD 1D 18             LDA     lastline+1
001263  1  E5 5F                SBC     temp+1
001265  1  90 18                BCC     notfound
001267  1  38                   SEC
001268  1  A5 5E                LDA     temp
00126A  1  ED DD 18             SBC     huntlen
00126D  1  85 5F                STA     curr
00126F  1  8D DA 18             STA     fpos
001272  1  A5 5F                LDA     temp+1
001274  1  E9 00                SBC     #0
001276  1  85 60                STA     curr+1
001278  1  8D DB 18             STA     fpos+1
00127B  1  20 40 0A             JSR     check
00127E  1  60                   RTS
00127F  1               
00127F  1               
00127F  1               notfound:
00127F  1  20 D7 13 A9          TOPPRINTMESSAGE nfmsg
001283  1  E4 A0 17 20  
001287  1  28 09        
001289  1  A9 01                LDA     #1
00128B  1  8D 18 18             STA     msgflg
00128E  1  60                   RTS
00128F  1               
00128F  1               ;replace
00128F  1               repstart:
00128F  1  4C B5 12             B_UNLESS_SHIFT_CTRL repl
001292  1               askrep:
001292  1  20 D7 13 A9          TOPPRINTMESSAGE repmsg
001296  1  EE A0 17 20  
00129A  1  28 09        
00129C  1  20 3A 10             JSR     input
00129F  1  8D FC 18             STA     replen
0012A2  1  F0 0E                BEQ     norep
0012A4  1  A0 00                LDY     #0
0012A6  1               repmov:
0012A6  1  B9 72 18             LDA     inbuff,y
0012A9  1  99 FD 18             STA     repbuff,y
0012AC  1  C8                   INY
0012AD  1  CC 1F 18             CPY     inlen
0012B0  1  D0 F4                BNE     repmov
0012B2  1               norep:
0012B2  1  4C C4 13             JMP     sysmsg
0012B5  1               repl:
0012B5  1  38                   SEC
0012B6  1  A5 5F                LDA     curr
0012B8  1  85 57                STA     destl
0012BA  1  ED DA 18             SBC     fpos
0012BD  1  85 5E                STA     temp
0012BF  1  A5 60                LDA     curr+1
0012C1  1  85 58                STA     destl+1
0012C3  1  ED DB 18             SBC     fpos+1
0012C6  1  05 5E                ORA     temp
0012C8  1  D0 60                BNE     norepl
0012CA  1  A9 FF                LDA     #$ff
0012CC  1  8D DB 18             STA     fpos+1
0012CF  1  18                   CLC
0012D0  1  AD DD 18             LDA     huntlen
0012D3  1  65 5F                ADC     curr
0012D5  1  85 55                STA     froml
0012D7  1  A9 00                LDA     #0
0012D9  1  65 60                ADC     curr+1
0012DB  1  85 56                STA     fromh
0012DD  1  38 AD 1C 18          SUB162  lastline,destl, llen
0012E1  1  E5 57 85 59  
0012E5  1  AD 1D 18 E5  
0012EC  1  20 0C 08             JSR     umove
0012EF  1  38 AD 1C 18          SUB8    lastline,huntlen
0012F3  1  ED DD 18 8D  
0012F7  1  1C 18 AD 1D  
001301  1  AD FC 18             LDA     replen
001304  1  F0 24                BEQ     norepl
001306  1  8D D6 18             STA     inslen
001309  1  9C D7 18             STZ     inslen+1
00130C  1  20 A4 0E             JSR     insblock
00130F  1  A0 00                LDY     #0
001311  1               reploop:
001311  1  B9 FD 18             LDA     repbuff,y
001314  1  91 5F                STA     (curr),y
001316  1  C8                   INY
001317  1  CC FC 18             CPY     replen
00131A  1  D0 F5                BNE     reploop
00131C  1  18                   CLC
00131D  1  A5 5F                LDA     curr
00131F  1  6D FC 18             ADC     replen
001322  1  85 5F                STA     curr
001324  1  A5 60                LDA     curr+1
001326  1  69 00                ADC     #0
001328  1  85 60                STA     curr+1
00132A  1               norepl:
00132A  1  4C 40 0A             JMP     check
00132D  1               
00132D  1               ;display free memory
00132D  1               FREEMEM:
00132D  1  20 D7 13             JSR     topclr
001330  1  38                   SEC
001331  1  AD 0F 18             LDA     texend
001334  1  ED 1C 18             SBC     lastline
001337  1  AA                   TAX
001338  1  AD 10 18             LDA     texend+1
00133B  1  ED 1D 18             SBC     lastline+1
00133E  1  20 94 08             DISPLAY_NUMBER
001341  1  A9 01                LDA     #1
001343  1  8D 18 18             STA     msgflg
001346  1  60                   RTS
001347  1               
001347  1               
001347  1               quit:
001347  1  20 D7 13             JSR     topclr
00134A  1  A9 EA A0 16          PRINTMESSAGE quitmsg
00134E  1  20 28 09     
001351  1  20 FF 0E             JSR     YORN
001354  1  F0 03                BEQ     :+
001356  1  4C C4 13             JMP     sysmsg
001359  1               :
001359  1  A9 01                LDA     #1
00135B  1  8D 49 06             STA     SHOWCRSR        ; TURN ON CURSOR
00135E  1  4C 00 01             JMP     $0100
001361  1               
001361  1               
001361  1                       .INCLUDE "screen.asm"
001361  2               ;
001361  2               ;
001361  2               ;
001361  2               
001361  2               ;The initialization routine sets up the
001361  2               ;memory map, clears out certain flags,
001361  2               ;and enables the raster interrupt
001361  2               
001361  2               INIT:
001361  2               ; set 80 col text mode here
001361  2  A2 50                LDX     #80
001363  2  86 50                STX     COLUMNS
001365  2               ; Use 23 rows so refresh paints rows 1-22 only.
001365  2               ; Row 0 = banner, row 23 = unused. Screen has 24 rows (0-23).
001365  2               ; Painting row 23 wraps cursor to row 24 which auto-scrolls.
001365  2  A0 17                LDY     #23
001367  2  84 51                STY     ROWS
001369  2               ; clear screen
001369  2  A9 26                LDA     #FC_SCNCLR
00136B  2  85 32                STA     farfunct
00136D  2  20 F0 FF             JSR     DO_FARCALL
001370  2               ; init default cursor tracking
001370  2  A9 01                LDA     #1
001372  2  85 5D                STA     csrrow
001374  2  64 5C                STZ     csrcol
001376  2               
001376  2  A9 01                LDA     #TOPFGCOLOR
001378  2  8D 19 18             STA     INSMODE
00137B  2  9C 0D 18             STZ     texstart
00137E  2  9C 0F 18             STZ     texend
001381  2  9C 11 18             STZ     texbuf
001384  2  9C 13 18             STZ     bufend
001387  2  9C DD 18             STZ     huntlen
00138A  2  9C FC 18             STZ     replen
00138D  2  9C 49 06             STZ     SHOWCRSR        ; TURN OFF CURSOR
001390  2               
001390  2  A9 1C                LDA     #>END           ;
001392  2  1A                   INC
001393  2  8D 0E 18             STA     texstart+1
001396  2  A9 90                LDA     #>TEXEND_INIT
001398  2  8D 10 18             STA     texend+1
00139B  2  A9 A0                LDA     #>TEXBUF_INIT
00139D  2  8D 12 18             STA     texbuf+1
0013A0  2  A9 B8                LDA     #>BUFEND_INIT
0013A2  2  8D 14 18             STA     bufend+1
0013A5  2  8D DB 18             STA     fpos+1
0013A8  2  60                   RTS
0013A9  2               INIT2:
0013A9  2  20 53 0C             JSR     killbuff
0013AC  2               ; moved forward to match binary
0013AC  2               ;       TODO: confirm or convert 650/$9D settings
0013AC  2               INIT3:
0013AC  2  AD 0D 18 85          COPY16  texstart,curr
0013B0  2  5F AD 0E 18  
0013B4  2  85 60        
0013B6  2               ; display program title
0013B6  2  20 C4 13             JSR     sysmsg
0013B9  2               ; display author name
0013B9  2  A9 86 A0 16          PRINTMESSAGE MSG2
0013BD  2  20 28 09     
0013C0  2  EE 18 18             INC     msgflg
0013C3  2  60                   RTS
0013C4  2               
0013C4  2               ;sysmsg displays "SpeedScript" and the version.
0013C4  2               sysmsg:
0013C4  2  AD 19 18             LDA     INSMODE
0013C7  2  85 0C                STA     windcolr
0013C9  2  20 D7 13             JSR     topclr
0013CC  2  A9 76 A0 16          PRINTMESSAGE MSG1
0013D0  2  20 28 09     
0013D3  2  9C 18 18             STZ     msgflg
0013D6  2  60                   RTS
0013D7  2               
0013D7  2               ;topclr keeps the command line clean.
0013D7  2               ;It is called before most messages.
0013D7  2               ;It's like a one-line clear-screen.
0013D7  2               topclr:
0013D7  2               ; map video text page into $A000-$AFFF
0013D7  2  A0 F9                LDY     #VIDTEXT_PAGE
0013D9  2  20 EA 14             JSR     vid_enter
0013DC  2               ; fill row 0 ($A000-$A04F) with spaces
0013DC  2  A0 4F                LDY     #79
0013DE  2  A9 20                LDA     #space
0013E0  2               @tcloop:
0013E0  2  99 00 A0             STA     $A000,Y
0013E3  2  88                   DEY
0013E4  2  10 FA                BPL     @tcloop
0013E6  2               ; unmap video
0013E6  2  20 F7 14             JSR     vid_exit
0013E9  2               ; position firmware cursor at row 0, col 0 for PRINTMESSAGE
0013E9  2  A2 00                LDX     #0
0013EB  2  A0 00                LDY     #0
0013ED  2  A9 25                LDA     #FC_LOCATE
0013EF  2  85 32                STA     farfunct
0013F1  2  20 F0 FF             JSR     DO_FARCALL
0013F4  2  60                   RTS
0013F5  2               
0013F5  2               
0013F5  2               chrin:
0013F5  2  DA                   PHX
0013F6  2  5A                   PHY
0013F7  2  A9 14                LDA     #FC_CHRIN       ; FARCALL #20 - read keyboard (non-blocking)
0013F9  2  85 32                STA     farfunct
0013FB  2  20 F0 FF             JSR     DO_FARCALL      ; returns A=key or A=$FF if no key
0013FE  2  7A                   PLY
0013FF  2  FA                   PLX
001400  2  C9 FF                CMP     #$FF
001402  2  D0 02                BNE     @gotkey
001404  2  A9 00                LDA     #0              ; return 0 for "no key"
001406  2               @gotkey:
001406  2  60                   RTS
001407  2               
001407  2               chrout:
001407  2  DA                   PHX
001408  2  5A                   PHY
001409  2  48                   PHA                     ; save character
00140A  2  A9 13                LDA     #FC_CHROUT      ; FARCALL #19 - output char
00140C  2  85 32                STA     farfunct
00140E  2  68                   PLA                     ; restore character to A
00140F  2  20 F0 FF             JSR     DO_FARCALL
001412  2  7A                   PLY
001413  2  FA                   PLX
001414  2  60                   RTS
001415  2               
001415  2               ; drain all pending keystrokes from the keyboard buffer
001415  2               drainkeys:
001415  2  A2 0B                LDX     #11             ; keyboard status
001417  2  20 03 01             JSR     PEM
00141A  2  C9 00                CMP     #0
00141C  2  F0 08                BEQ     @drained
00141E  2  A2 06                LDX     #6              ; consume the key
001420  2  20 03 01             JSR     PEM
001423  2  4C 15 14             JMP     drainkeys
001426  2               @drained:
001426  2  60                   RTS
001427  2               
001427  2               ;refresh copies a screenful of text
001427  2               ;from the area of memory pointed to by
001427  2               ;toplin. It works like a printer routine,
001427  2               ;fitting a line of text between the screen
001427  2               ;margins, wrapping words, and restarts
001427  2               ;at the left margin after printing a car-
001427  2               ;riage return.
001427  2               ;
001427  2               ;It also tracks the screen position of
001427  2               ;the cursor (curr) so the hardware cursor
001427  2               ;can be painted there afterward.
001427  2               ;
001427  2               ;Uses direct video memory writes via MMU
001427  2               ;paging for performance (~18x faster than
001427  2               ;per-character FARCALL calls).
001427  2               
001427  2               refresh:
001427  2               ; force screen dimensions (protect against corruption)
001427  2  A9 17                LDA     #23
001429  2  85 51                STA     ROWS
00142B  2  A9 50                LDA     #80
00142D  2  85 50                STA     COLUMNS
00142F  2               ; set pointer tex to top of visible text
00142F  2  AD 16 18 85          COPY16  toplin,tex
001433  2  FB AD 17 18  
001437  2  85 FC        
001439  2  A9 01                LDA     #1
00143B  2  85 5B                STA     scrrow          ; start at screen row 1 (row 0 = command line)
00143D  2               ; default cursor position (in case curr is off-screen)
00143D  2  A9 01                LDA     #1
00143F  2  85 5D                STA     csrrow
001441  2  64 5C                STZ     csrcol
001443  2               
001443  2               ; map video text page into $A000-$AFFF
001443  2  A0 F9                LDY     #VIDTEXT_PAGE
001445  2  20 EA 14             JSR     vid_enter
001448  2               ; initialize video pointer to row 1 ($A000 + 1*80 = $A050)
001448  2  A9 50                LDA     #$50
00144A  2  85 FD                STA     indir
00144C  2  A9 A0                LDA     #$A0
00144E  2  85 FE                STA     indir+1
001450  2               
001450  2               ; main page loop: process one screen row per iteration
001450  2               RPPAGE:
001450  2  A0 00                LDY     #0
001452  2               ; scan text for line break point
001452  2               RPLINE:
001452  2  B1 FB                LDA     (tex),Y
001454  2  C8                   INY
001455  2  29 7F                AND     #$7F            ; strip high bit for comparison
001457  2  C9 1F                CMP     #retchar        ; end of paragraph?
001459  2  F0 14                BEQ     RBREAK
00145B  2  C4 50                CPY     COLUMNS
00145D  2  D0 F3                BNE     RPLINE
00145F  2               
00145F  2               ; hit screen width without a paragraph break - word wrap
00145F  2               ; scan backward for a space to break at
00145F  2  88                   DEY
001460  2               RSLOOP:
001460  2  B1 FB                LDA     (tex),Y
001462  2  29 7F                AND     #$7F
001464  2  C9 20                CMP     #space
001466  2  F0 06                BEQ     RSBRK           ; found a space - wrap here
001468  2  88                   DEY
001469  2  D0 F5                BNE     RSLOOP
00146B  2               ; no space found in entire line - force break at column width
00146B  2  A4 50                LDY     COLUMNS
00146D  2  88                   DEY
00146E  2               RSBRK:
00146E  2  C8                   INY                     ; wrap point (char after the space)
00146F  2               RBREAK:
00146F  2  84 5E                STY     temp            ; temp = number of chars in this line
001471  2               
001471  2               ; copy line to video memory, tracking cursor position
001471  2  A0 00                LDY     #0
001473  2               RCOPY:
001473  2               ; check if this text position is the cursor (tex + Y == curr?)
001473  2  98                   TYA
001474  2  18                   CLC
001475  2  65 FB                ADC     tex             ; A = low byte of tex+Y
001477  2  48                   PHA                     ; save (preserves carry for high byte calc)
001478  2  A5 FC                LDA     tex+1
00147A  2  69 00                ADC     #0              ; A = high byte of tex+Y
00147C  2  C5 60                CMP     curr+1          ; compare high bytes
00147E  2  D0 0D                BNE     @nocsr
001480  2  68                   PLA                     ; A = low byte of tex+Y
001481  2  C5 5F                CMP     curr            ; compare low bytes
001483  2  D0 09                BNE     @nocsr2
001485  2               ; found the cursor position on screen
001485  2  84 5C                STY     csrcol
001487  2  A5 5B                LDA     scrrow
001489  2  85 5D                STA     csrrow
00148B  2  80 01                BRA     @dochr
00148D  2               @nocsr:
00148D  2  68                   PLA                     ; clean up stack
00148E  2               @nocsr2:
00148E  2               @dochr:
00148E  2               ; read character from text memory and write to video RAM
00148E  2  B1 FB                LDA     (tex),Y         ; read from text buffer (below $A000)
001490  2  29 7F                AND     #$7F            ; strip high bit
001492  2  C9 20                CMP     #space
001494  2  B0 02                BCS     @rok            ; >= 32 is printable
001496  2  A9 20                LDA     #space          ; replace control chars with space
001498  2               @rok:
001498  2  91 FD                STA     (indir),Y       ; write directly to video RAM
00149A  2  C8                   INY
00149B  2  C4 5E                CPY     temp
00149D  2  D0 D4                BNE     RCOPY
00149F  2               
00149F  2               ; store length of first screen line in LENTABLE
00149F  2  A5 5B                LDA     scrrow
0014A1  2  C9 01                CMP     #1
0014A3  2  D0 05                BNE     RCLRLN
0014A5  2  A5 5E                LDA     temp
0014A7  2  8D 15 18             STA     LENTABLE
0014AA  2               
0014AA  2               ; pad remainder of line with spaces
0014AA  2               RCLRLN:
0014AA  2  A4 5E                LDY     temp
0014AC  2  A9 20                LDA     #space
0014AE  2               @rpad:
0014AE  2  C4 50                CPY     COLUMNS
0014B0  2  F0 05                BEQ     RCLEARED
0014B2  2  91 FD                STA     (indir),Y       ; write space to video RAM
0014B4  2  C8                   INY
0014B5  2  80 F7                BRA     @rpad
0014B7  2               
0014B7  2               RCLEARED:
0014B7  2               ; advance tex past the characters consumed
0014B7  2  18                   CLC
0014B8  2  A5 5E                LDA     temp
0014BA  2  65 FB                ADC     tex
0014BC  2  85 FB                STA     tex
0014BE  2  A5 FC                LDA     tex+1
0014C0  2  69 00                ADC     #0
0014C2  2  85 FC                STA     tex+1
0014C4  2               
0014C4  2               ; advance video pointer to next row (+80 bytes)
0014C4  2  18                   CLC
0014C5  2  A5 FD                LDA     indir
0014C7  2  69 50                ADC     #80
0014C9  2  85 FD                STA     indir
0014CB  2  A5 FE                LDA     indir+1
0014CD  2  69 00                ADC     #0
0014CF  2  85 FE                STA     indir+1
0014D1  2               
0014D1  2               ; next screen row
0014D1  2  E6 5B                INC     scrrow
0014D3  2  A5 5B                LDA     scrrow
0014D5  2  C5 51                CMP     ROWS
0014D7  2  F0 03                BEQ     @refdone
0014D9  2  4C 50 14             JMP     RPPAGE
0014DC  2               @refdone:
0014DC  2               
0014DC  2               ; unmap video memory
0014DC  2  20 F7 14             JSR     vid_exit
0014DF  2               ; record bottom-of-screen text address
0014DF  2  A5 FB 8D 20          COPY16  tex,BOTSCR
0014E3  2  18 A5 FC 8D  
0014E7  2  21 18        
0014E9  2  60                   RTS
0014EA  2               
0014EA  2               ; --- video memory paging helpers ---
0014EA  2               ; Following the pattern from dbasic/screencmds.asm
0014EA  2               
0014EA  2               ; Map a video sub-page into $A000-$AFFF via Task 01.
0014EA  2               ; Y = video sub-page (e.g. VIDTEXT_PAGE for text chars).
0014EA  2               ; Trashes A, X. Preserves Y.
0014EA  2               vid_enter:
0014EA  2  A9 01                LDA     #$01            ; configure Task 01
0014EC  2  A2 0A                LDX     #$0A            ; bank $A ($A000-$AFFF)
0014EE  2  20 F6 FF             JSR     SETPAGE         ; Y = video sub-page (set by caller)
0014F1  2  A9 01                LDA     #$01
0014F3  2  8D E0 EF             STA     PC6502_ACT_TASK ; switch to Task 01
0014F6  2  60                   RTS
0014F7  2               
0014F7  2               ; Switch back to Task 00 (normal memory at $A000-$AFFF).
0014F7  2               vid_exit:
0014F7  2  A9 00                LDA     #$00
0014F9  2  8D E0 EF             STA     PC6502_ACT_TASK ; switch to Task 00
0014FC  2  60                   RTS
0014FD  2               
0014FD  2               ; --- cursor helpers using FARCALL #58/#59 ---
0014FD  2               
0014FD  2               ; Paint the hardware cursor at the position found during refresh.
0014FD  2               ; Call this AFTER refresh returns.
0014FD  2               showcursor:
0014FD  2  A6 5C                LDX     csrcol
0014FF  2  A4 5D                LDY     csrrow
001501  2  A9 25                LDA     #FC_LOCATE
001503  2  85 32                STA     farfunct
001505  2  20 F0 FF             JSR     DO_FARCALL
001508  2  A9 3A                LDA     #FC_PAINTCSR
00150A  2  85 32                STA     farfunct
00150C  2  20 F0 FF             JSR     DO_FARCALL
00150F  2  60                   RTS
001510  2               
001510  2               ; Remove the hardware cursor from the screen.
001510  2               ; Call this BEFORE refresh or when processing a keypress.
001510  2               hidecursor:
001510  2  A9 3B                LDA     #FC_UNPAINTCSR
001512  2  85 32                STA     farfunct
001514  2  20 F0 FF             JSR     DO_FARCALL
001517  2  60                   RTS
001518  2               
001518  2               BORDER:
001518  2  60                   RTS
001519  2               
001519  2               scrcol:
001519  2               LETTERS:
001519  2  60                   RTS
00151A  2               
00151A  1                       .INCLUDE "io.asm"
00151A  2               ;
00151A  2               ;
00151A  2               ;
00151A  2               ; i/o
00151A  2               ;--------------------------------------------------------------
00151A  2               ; TLOAD: Load a text file from disk into the editor.
00151A  2               ; Prompts for filename, opens via DOS/65 PEM, reads sequential
00151A  2               ; 128-byte records into text memory, stops at CP/M EOF ($1A).
00151A  2               ;--------------------------------------------------------------
00151A  2               TLOAD:
00151A  2  20 D7 13 A9          TOPPRINTMESSAGE loadmsg ; "Load:" on command line
00151E  2  55 A0 17 20  
001522  2  28 09        
001524  2  A9 01                LDA     #1
001526  2  8D 49 06             STA     SHOWCRSR        ; TURN ON CURSOR
001529  2  20 3A 10             JSR     input           ; get filename in inbuff, length in A
00152C  2  F0 4C                BEQ     @tabort         ; empty = abort
00152E  2  8D 1F 18             STA     inlen
001531  2  20 05 16             JSR     fcb_prep        ; parse inbuff → fcb
001534  2               
001534  2               ; initialize DOS/65 file system
001534  2  A2 0D                LDX     #13
001536  2  20 03 01             JSR     PEM
001539  2               
001539  2  9C 49 06             STZ     SHOWCRSR        ; TURN OFF CURSOR
00153C  2               ; open the file (before erasing text!)
00153C  2  A9 00                LDA     #0
00153E  2  8D C0 1C             STA     fcb+32          ; next record = 0
001541  2  A9 A0                LDA     #<fcb
001543  2  A0 1C                LDY     #>fcb
001545  2  A2 0F                LDX     #15             ; PEM: open file
001547  2  20 03 01             JSR     PEM
00154A  2  C9 FF                CMP     #$FF
00154C  2  D0 03                BNE     :+
00154E  2  4C DC 15             JMP     @notfound       ; file not found
001551  2               :
001551  2               ; file opened successfully - now erase existing text
001551  2  20 EE 08             JSR     erase           ; resets curr/toplin/lastline to texstart
001554  2               
001554  2               ; set DMA buffer to codebuffer (128 bytes)
001554  2  A9 1B                LDA     #<codebuffer
001556  2  A0 19                LDY     #>codebuffer
001558  2  A2 1A                LDX     #26             ; PEM: set DMA address
00155A  2  20 03 01             JSR     PEM
00155D  2               
00155D  2               ; destination pointer: load at curr (= texstart after erase)
00155D  2  A5 5F 85 FB          COPY16  curr,tex
001561  2  A5 60 85 FC  
001565  2               
001565  2               @readloop:
001565  2  A9 A0                LDA     #<fcb
001567  2  A0 1C                LDY     #>fcb
001569  2  A2 14                LDX     #20             ; PEM: read sequential
00156B  2  20 03 01             JSR     PEM
00156E  2  A0 00                LDY     #0              ; default: no bytes to copy
001570  2  C9 00                CMP     #$00
001572  2  F0 0A                BEQ     @gotdata        ; success - 128 bytes in codebuffer
001574  2  C9 01                CMP     #$01
001576  2  F0 3D                BEQ     @closefile      ; EOF - done reading
001578  2  80 72                BRA     @ioerror        ; any other value = error
00157A  2               
00157A  2               @tabort:
00157A  2  20 C4 13             JSR     sysmsg          ; restore banner
00157D  2  60                   RTS
00157E  2               
00157E  2               @gotdata:
00157E  2               @copybyte:
00157E  2  B9 1B 19             LDA     codebuffer,Y
001581  2  C9 1A                CMP     #$1A            ; CP/M EOF marker?
001583  2  F0 30                BEQ     @closefile
001585  2  C9 0A                CMP     #10
001587  2  D0 0B                BNE     :++
001589  2  A5 FB                LDA     tex
00158B  2  D0 02                BNE     :+
00158D  2  C6 FC                DEC     tex+1
00158F  2               :
00158F  2  C6 FB                DEC     tex
001591  2  4C 9C 15             JMP     @skipbyte
001594  2               :
001594  2  C9 0D                CMP     #13
001596  2  D0 02                bne     :+
001598  2  A9 1F                LDA     #retchar
00159A  2               :
00159A  2  91 FB                STA     (tex),Y         ; store in text memory
00159C  2               @skipbyte:
00159C  2  C8                   INY
00159D  2  C0 80                CPY     #128
00159F  2  D0 DD                BNE     @copybyte
0015A1  2               
0015A1  2               ; advance destination by 128 bytes
0015A1  2  18                   CLC
0015A2  2  A5 FB                LDA     tex
0015A4  2  69 80                ADC     #128
0015A6  2  85 FB                STA     tex
0015A8  2  A5 FC                LDA     tex+1
0015AA  2  69 00                ADC     #0
0015AC  2  85 FC                STA     tex+1
0015AE  2               
0015AE  2               ; check for text area overflow
0015AE  2  A5 FC                LDA     tex+1
0015B0  2  CD 10 18             CMP     texend+1
0015B3  2  90 B0                BCC     @readloop       ; still room
0015B5  2               ; fall through to close (text area full)
0015B5  2               
0015B5  2               @closefile:
0015B5  2               ; lastline = tex + Y (end of loaded data)
0015B5  2  98                   TYA
0015B6  2  18                   CLC
0015B7  2  65 FB                ADC     tex
0015B9  2  8D 1C 18             STA     lastline
0015BC  2  A5 FC                LDA     tex+1
0015BE  2  69 00                ADC     #0
0015C0  2  8D 1D 18             STA     lastline+1
0015C3  2               
0015C3  2               ; close the file
0015C3  2  A9 A0                LDA     #<fcb
0015C5  2  A0 1C                LDY     #>fcb
0015C7  2  A2 10                LDX     #16             ; PEM: close file
0015C9  2  20 03 01             JSR     PEM
0015CC  2               
0015CC  2  20 D7 13 A9          TOPPRINTMESSAGE okmsg
0015D0  2  4B A0 17 20  
0015D4  2  28 09        
0015D6  2  A9 01                LDA     #1
0015D8  2  8D 18 18             STA     msgflg
0015DB  2  60                   RTS                     ; returns to main (via stacked return addr)
0015DC  2               
0015DC  2               @notfound:
0015DC  2  20 D7 13 A9          TOPPRINTMESSAGE fnfmsg
0015E0  2  32 A0 17 20  
0015E4  2  28 09        
0015E6  2  A9 01                LDA     #1
0015E8  2  8D 18 18             STA     msgflg
0015EB  2  60                   RTS
0015EC  2               
0015EC  2               @ioerror:
0015EC  2               ; close file on error
0015EC  2  A9 A0                LDA     #<fcb
0015EE  2  A0 1C                LDY     #>fcb
0015F0  2  A2 10                LDX     #16
0015F2  2  20 03 01             JSR     PEM
0015F5  2  20 D7 13 A9          TOPPRINTMESSAGE ioerrmsg
0015F9  2  41 A0 17 20  
0015FD  2  28 09        
0015FF  2  A9 01                LDA     #1
001601  2  8D 18 18             STA     msgflg
001604  2  60                   RTS
001605  2               
001605  2               
001605  2               
001605  2               ;--------------------------------------------------------------
001605  2               ; fcb_prep: Parse filename from inbuff into fcb (33-byte FCB).
001605  2               ; Handles optional "X:" drive prefix, 8.3 format, uppercase.
001605  2               ; Input: inbuff (null-terminated filename)
001605  2               ; Output: fcb filled with drive, name, extension, zeros
001605  2               ;--------------------------------------------------------------
001605  2               fcb_prep:
001605  2               ; clear entire fcb to zeros
001605  2  A2 20                LDX     #32
001607  2  A9 00                LDA     #0
001609  2               @clr:
001609  2  9D A0 1C             STA     fcb,X
00160C  2  CA                   DEX
00160D  2  10 FA                BPL     @clr
00160F  2               
00160F  2               ; fill name (bytes 1-8) and extension (bytes 9-11) with spaces
00160F  2  A2 01                LDX     #1
001611  2  A9 20                LDA     #space
001613  2               @spc:
001613  2  9D A0 1C             STA     fcb,X
001616  2  E8                   INX
001617  2  E0 0C                CPX     #12
001619  2  D0 F8                BNE     @spc
00161B  2               
00161B  2               ; check for drive prefix (e.g., "A:")
00161B  2  A0 00                LDY     #0              ; Y = index into inbuff
00161D  2  AD 73 18             LDA     inbuff+1
001620  2  C9 3A                CMP     #':'
001622  2  D0 0E                BNE     @nodrive
001624  2               ; extract drive letter
001624  2  AD 72 18             LDA     inbuff
001627  2  20 6A 16             JSR     @toupper
00162A  2  38                   SEC
00162B  2  E9 40                SBC     #'A'-1          ; A=1, B=2, etc.
00162D  2  8D A0 1C             STA     fcb             ; fcb+0 = drive number
001630  2  A0 02                LDY     #2              ; skip past "X:"
001632  2               @nodrive:
001632  2               ; copy filename (up to 8 chars, until '.' or null)
001632  2  A2 01                LDX     #1              ; X = FCB position (1-8)
001634  2               @fname:
001634  2  B9 72 18             LDA     inbuff,Y
001637  2  F0 30                BEQ     @done           ; null terminator = end
001639  2  C9 2E                CMP     #'.'
00163B  2  F0 18                BEQ     @doext          ; dot = start extension
00163D  2  20 6A 16             JSR     @toupper
001640  2  9D A0 1C             STA     fcb,X
001643  2  C8                   INY
001644  2  E8                   INX
001645  2  E0 09                CPX     #9              ; max 8 chars for name
001647  2  D0 EB                BNE     @fname
001649  2               ; if name > 8 chars, skip to dot or end
001649  2               @skip:
001649  2  B9 72 18             LDA     inbuff,Y
00164C  2  F0 1B                BEQ     @done
00164E  2  C9 2E                CMP     #'.'
001650  2  F0 03                BEQ     @doext
001652  2  C8                   INY
001653  2  80 F4                BRA     @skip
001655  2               
001655  2               @doext:
001655  2  C8                   INY                     ; skip the '.'
001656  2  A2 09                LDX     #9              ; X = FCB position (9-11)
001658  2               @ext:
001658  2  B9 72 18             LDA     inbuff,Y
00165B  2  F0 0C                BEQ     @done           ; null terminator
00165D  2  20 6A 16             JSR     @toupper
001660  2  9D A0 1C             STA     fcb,X
001663  2  C8                   INY
001664  2  E8                   INX
001665  2  E0 0C                CPX     #12             ; max 3 chars for extension
001667  2  D0 EF                BNE     @ext
001669  2               @done:
001669  2  60                   RTS
00166A  2               
00166A  2               @toupper:
00166A  2  C9 61                CMP     #'a'
00166C  2  90 06                BCC     @noup
00166E  2  C9 7B                CMP     #'z'+1
001670  2  B0 02                BCS     @noup
001672  2  29 DF                AND     #$DF            ; clear bit 5 → uppercase
001674  2               @noup:
001674  2  60                   RTS
001675  2               
001675  2               TSAVE:
001675  2               verify:
001675  2               catalog:
001675  2               dcmnd:
001675  2               print:
001675  2               ;; stubs - not yet implemented
001675  2  60                   RTS
001676  2               
001676  1               
001676  1               ; speedscript 3.1 by charles brannon
001676  1               MSG1:
001676  1  53 70 65 65          .ASCIIZ "SpeedScript 3.1"
00167A  1  64 53 63 72  
00167E  1  69 70 74 20  
001686  1               MSG2:
001686  1  20 62 79 20          .ASCIIZ " by Charles Brannon"
00168A  1  43 68 61 72  
00168E  1  6C 65 73 20  
00169A  1               killmsg:
00169A  1  42 75 66 66          .ASCIIZ "Buffer Cleared"
00169E  1  65 72 20 43  
0016A2  1  6C 65 61 72  
0016A9  1               buferr:
0016A9  1  42 75 66 66          .ASCIIZ "Buffer Full"
0016AD  1  65 72 20 46  
0016B1  1  75 6C 6C 00  
0016B5  1               delmsg:
0016B5  1  44 65 6C 65          .ASCIIZ "Delete (S,W,P)"
0016B9  1  74 65 20 28  
0016BD  1  53 2C 57 2C  
0016C4  1               ynmsg:
0016C4  1  3A 20 41 72          .ASCIIZ ": Are you sure? (Y/N):"
0016C8  1  65 20 79 6F  
0016CC  1  75 20 73 75  
0016DB  1               clrmsg:
0016DB  1  45 52 41 53          .ASCIIZ "ERASE ALL TEXT"
0016DF  1  45 20 41 4C  
0016E3  1  4C 20 54 45  
0016EA  1               quitmsg:
0016EA  1  4C 65 61 76          .ASCIIZ "Leave SpeedScript"
0016EE  1  65 20 53 70  
0016F2  1  65 65 64 53  
0016FC  1               erasmsg:
0016FC  1  45 72 61 73          .ASCIIZ "Erase (S,W,P): RETURN to exit"
001700  1  65 20 28 53  
001704  1  2C 57 2C 50  
00171A  1               formsg:
00171A  1  50 72 65 73          .ASCIIZ "Press format key:"
00171E  1  73 20 66 6F  
001722  1  72 6D 61 74  
00172C  1               savmsg:
00172C  1  53 61 76 65          .ASCIIZ "Save:"
001730  1  3A 00        
001732  1               fnfmsg:
001732  1  46 69 6C 65          .ASCIIZ "File not found"
001736  1  20 6E 6F 74  
00173A  1  20 66 6F 75  
001741  1               ioerrmsg:
001741  1  49 2F 4F 20          .ASCIIZ "I/O error"
001745  1  65 72 72 6F  
001749  1  72 00        
00174B  1               okmsg:
00174B  1  4E 6F 20 65          .ASCIIZ "No errors"
00174F  1  72 72 6F 72  
001753  1  73 00        
001755  1               loadmsg:
001755  1  4C 6F 61 64          .ASCIIZ "Load:"
001759  1  3A 00        
00175B  1               inserr:
00175B  1  4E 6F 20 52          .ASCIIZ "No Room"
00175F  1  6F 6F 6D 00  
001763  1               insmsg:
001763  1  4E 6F 20 74          .ASCIIZ "No text in buffer."
001767  1  65 78 74 20  
00176B  1  69 6E 20 62  
001776  1               choosemsg:
001776  1  50 72 69 6E          .ASCIIZ "Print to: [S]creen,[D]isk,[P]rinter?"
00177A  1  74 20 74 6F  
00177E  1  3A 20 5B 53  
00179B  1               fnmsg:
00179B  1  50 72 69 6E          .ASCIIZ "Print to filename:"
00179F  1  74 20 74 6F  
0017A3  1  20 66 69 6C  
0017AE  1               prinmsg:
0017AE  1  50 72 69 6E          .ASCIIZ "Printing..."
0017B2  1  74 69 6E 67  
0017B6  1  2E 2E 2E 00  
0017BA  1               waitmsg:
0017BA  1  49 6E 73 65          .ASCIIZ "Insert next sheet, press RETURN"
0017BE  1  72 74 20 6E  
0017C2  1  65 78 74 20  
0017DA  1               srchmsg:
0017DA  1  48 75 6E 74          .ASCIIZ "Hunt for:"
0017DE  1  20 66 6F 72  
0017E2  1  3A 00        
0017E4  1               nfmsg:
0017E4  1  4E 6F 74 20          .ASCIIZ "Not Found"
0017E8  1  46 6F 75 6E  
0017EC  1  64 00        
0017EE  1               repmsg:
0017EE  1  52 65 70 6C          .ASCIIZ "Replace with:"
0017F2  1  61 63 65 20  
0017F6  1  77 69 74 68  
0017FC  1               xitmsg:
0017FC  1               ;EXIT SpeedScript
0017FC  1  45 58 49 54          .ASCIIZ "EXIT SpeedScript"
001800  1  20 53 70 65  
001804  1  65 64 53 63  
00180D  1               
00180D  1               texstart:
00180D  1                       .ORG    *+2
00180F  1               texend:
00180F  1                       .ORG    *+2
001811  1               texbuf:
001811  1                       .ORG    *+2
001813  1               bufend:
001813  1                       .ORG    *+2
001815  1               LENTABLE:
001815  1                       .ORG    *+1
001816  1               toplin:
001816  1                       .ORG    *+2
001818  1               msgflg:
001818  1                       .ORG    *+1
001819  1               INSMODE:
001819  1                       .ORG    *+1
00181A  1               endpos:
00181A  1                       .ORG    *+1
00181B  1               finpos:
00181B  1                       .ORG    *+1
00181C  1               lastline:
00181C  1                       .ORG    *+2
00181E  1               limit:
00181E  1                       .ORG    *+1
00181F  1               inlen:
00181F  1                       .ORG    *+1
001820  1               BOTSCR:
001820  1                       .ORG    *+2
001822  1               lbuff:
001822  1                       .ORG    *+80
001872  1               inbuff:
001872  1                       .ORG    *+40
00189A  1               filename:
00189A  1                       .ORG    *+24
0018B2  1               fnlen:
0018B2  1                       .ORG    *+1
0018B3  1               savcurr:
0018B3  1                       .ORG    *+2
0018B5  1               bcd:
0018B5  1                       .ORG    *+2
0018B7  1               hex:
0018B7  1                       .ORG    *+2
0018B9  1               tptr:
0018B9  1                       .ORG    *+2
0018BB  1               buflen:
0018BB  1                       .ORG    *+2
0018BD  1               goblen:
0018BD  1                       .ORG    *+2
0018BF  1               fromsav:
0018BF  1                       .ORG    *+2
0018C1  1               destsav:
0018C1  1                       .ORG    *+2
0018C3  1               hdlen:
0018C3  1                       .ORG    *+1
0018C4  1               ftlen:
0018C4  1                       .ORG    *+1
0018C5  1               lmargin:
0018C5  1                       .ORG    *+1
0018C6  1               rmargin:
0018C6  1                       .ORG    *+1
0018C7  1               pagelength:
0018C7  1                       .ORG    *+1
0018C8  1               topmarg:
0018C8  1                       .ORG    *+1
0018C9  1               botmarg:
0018C9  1                       .ORG    *+1
0018CA  1               spacing:
0018CA  1                       .ORG    *+1
0018CB  1               continuous:
0018CB  1                       .ORG    *+1
0018CC  1               pagenum:
0018CC  1                       .ORG    *+2
0018CE  1               startnum:
0018CE  1                       .ORG    *+2
0018D0  1               pagewidth:
0018D0  1                       .ORG    *+1
0018D1  1               nomarg:
0018D1  1                       .ORG    *+1
0018D2  1               pos:
0018D2  1                       .ORG    *+1
0018D3  1               line:
0018D3  1                       .ORG    *+1
0018D4  1               ysave:
0018D4  1                       .ORG    *+1
0018D5  1               savchar:
0018D5  1                       .ORG    *+1
0018D6  1               inslen:
0018D6  1                       .ORG    *+1
0018D7  1               devno:
0018D7  1                       .ORG    *+1
0018D8  1               needasc:
0018D8  1                       .ORG    *+1
0018D9  1               underline:
0018D9  1                       .ORG    *+1
0018DA  1               fpos:
0018DA  1                       .ORG    *+2
0018DC  1               pcr:
0018DC  1                       .ORG    *+1
0018DD  1               huntlen:
0018DD  1                       .ORG    *+1
0018DE  1               huntbuff:
0018DE  1                       .ORG    *+30
0018FC  1               replen:
0018FC  1                       .ORG    *+1
0018FD  1               repbuff:
0018FD  1                       .ORG    *+30
00191B  1               codebuffer:
00191B  1                       .ORG    *+128
00199B  1               prbuff:
00199B  1                       .ORG    *+256
001A9B  1               hdbuff:
001A9B  1                       .ORG    *+256
001B9B  1               firstrun:
001B9B  1                       .ORG    *+1
001B9C  1               ftbuff:
001B9C  1                       .ORG    *+256
001C9C  1               savcol:
001C9C  1                       .ORG    *+1
001C9D  1               linefeed:
001C9D  1                       .ORG    *+1
001C9E  1               blinkflag:
001C9E  1                       .ORG    *+1
001C9F  1               blinktimer:
001C9F  1                       .ORG    *+1
001CA0  1               fcb:
001CA0  1                       .ORG    *+33
001CC1  1               END:
001CC1  1               
