ca65 V2.18 - Ubuntu 2.19-1
Main file   : dbasic.asm
Current file: dbasic.asm

000000r 1                       .INCLUDE "macro816.asm"
000000r 2                .IFDEF  DUODYNE
000000r 2               .P816
000000r 2               
000000r 2                       .MACRO  INDEX16         ; Set 16bit Index Registers
000000r 2                       REP     #$10            ; 16 bit Index registers
000000r 2                       .I16
000000r 2                       .ENDMACRO
000000r 2                       .MACRO  INDEX8          ; Set 8bit Index Registers
000000r 2                       SEP     #$10            ; 8 bit Index registers
000000r 2                       .I8
000000r 2                       .ENDMACRO
000000r 2               
000000r 2                       .MACRO  ACCUMULATOR16   ; Set 16bit Index Registers
000000r 2                       REP     #$20            ; 16 bit Index registers
000000r 2                       .A16
000000r 2                       .ENDMACRO
000000r 2               
000000r 2                       .MACRO  ACCUMULATOR8    ; Set 8bit Index Registers
000000r 2                       SEP     #$20            ; 8 bit Index registers
000000r 2                       .A8
000000r 2                       .ENDMACRO
000000r 2               
000000r 2                       .MACRO  ACCUMULATORINDEX16; Set 16bit Index Registers
000000r 2                       REP     #$30            ; 16 bit Index registers
000000r 2                       .A16
000000r 2                       .I16
000000r 2                       .ENDMACRO
000000r 2               
000000r 2                       .MACRO  ACCUMULATORINDEX8; Set 8bit Index Registers
000000r 2                       SEP     #$30            ; 8 bit Index registers
000000r 2                       .A8
000000r 2                       .I8
000000r 2                       .ENDMACRO
000000r 2               
000000r 2               
000000r 2                       .MACRO  LDAINDIRECTY PARM1
000000r 2                       PHB
000000r 2                       PHX
000000r 2                       LDX     #$01
000000r 2                       LDA     <PARM1,X
000000r 2                       CMP     #$00
000000r 2                       BNE     *+6
000000r 2                       LDX     #00
000000r 2                       PHX
000000r 2                       PLB
000000r 2                       PLX
000000r 2                       LDA     (<PARM1),Y      ;
000000r 2                       STA     <TMPFLG
000000r 2                       PLB
000000r 2                       LDA     <TMPFLG
000000r 2                       .ENDMACRO
000000r 2               
000000r 2                       .MACRO  STAINDIRECTY PARM1
000000r 2                       PHB
000000r 2                       PHX
000000r 2                       PHA
000000r 2                       LDX     #$01
000000r 2                       LDA     <PARM1,X
000000r 2                       CMP     #$00
000000r 2                       BNE     *+6
000000r 2                       LDX     #00
000000r 2                       PHX
000000r 2                       PLB
000000r 2                       PLA
000000r 2                       PLX
000000r 2                       STA     (<PARM1),Y      ;
000000r 2                       PLB
000000r 2                       STA     <TMPFLG
000000r 2                       .ENDMACRO
000000r 2               
000000r 2                       .MACRO  FETCHINDIRECTY PARM1
000000r 2                       PHB
000000r 2                       PHA
000000r 2                       PHX
000000r 2                       LDX     #$01
000000r 2                       LDA     <PARM1,X
000000r 2                       CMP     #$00
000000r 2                       BNE     *+6
000000r 2                       LDX     #00
000000r 2                       PHX
000000r 2                       PLB
000000r 2                       PLX
000000r 2                       LDA     (<PARM1),Y      ;
000000r 2                       STA     <TMPFLG
000000r 2                       PLA
000000r 2                       PLB
000000r 2                       .ENDMACRO
000000r 2               
000000r 2                       .MACRO  CMPINDIRECTY  PARM1
000000r 2                       PHB
000000r 2                       PHA
000000r 2                       PHX
000000r 2                       LDX     #$01
000000r 2                       LDA     <PARM1,X
000000r 2                       CMP     #$00
000000r 2                       BNE     *+6
000000r 2                       LDX     #00
000000r 2                       PHX
000000r 2                       PLB
000000r 2                       PLX
000000r 2                       LDA     (<PARM1),Y      ;
000000r 2                       STA     <TMPFLG
000000r 2                       PLA
000000r 2                       PLB
000000r 2                       CMP     <TMPFLG         ;
000000r 2                       .ENDMACRO
000000r 2               
000000r 2                       .MACRO  ADCINDIRECTY  PARM1
000000r 2                       PHB
000000r 2                       PHA
000000r 2                       PHX
000000r 2                       LDX     #$01
000000r 2                       LDA     <PARM1,X
000000r 2                       CMP     #$00
000000r 2                       BNE     *+6
000000r 2                       LDX     #00
000000r 2                       PHX
000000r 2                       PLB
000000r 2                       PLX
000000r 2                       LDA     (<PARM1),Y      ;
000000r 2                       STA     <TMPFLG
000000r 2                       PLA
000000r 2                       PLB
000000r 2                       CLC
000000r 2                       ADC     <TMPFLG         ;
000000r 2                       .ENDMACRO
000000r 2               
000000r 2                       .MACRO  ORAINDIRECTY  PARM1
000000r 2                       PHB
000000r 2                       PHA
000000r 2                       PHX
000000r 2                       LDX     #$01
000000r 2                       LDA     <PARM1,X
000000r 2                       CMP     #$00
000000r 2                       BNE     *+6
000000r 2                       LDX     #00
000000r 2                       PHX
000000r 2                       PLB
000000r 2                       PLX
000000r 2                       LDA     (<PARM1),Y      ;
000000r 2                       STA     <TMPFLG
000000r 2                       PLA
000000r 2                       PLB
000000r 2                       CLC
000000r 2                       ORA     <TMPFLG         ;
000000r 2                       .ENDMACRO
000000r 2               
000000r 2                       .MACRO  LBEQ  PARM1
000000r 2                       BNE     *+5
000000r 2                       JMP     PARM1
000000r 2                       .ENDMACRO
000000r 2               
000000r 2                       .MACRO  LBNE PARM1
000000r 2                       BEQ     *+5
000000r 2                       JMP     PARM1
000000r 2                       .ENDMACRO
000000r 2               
000000r 2                       .MACRO  LBCC  PARM1
000000r 2                       BCC     *+4
000000r 2                       BRA     *+5
000000r 2                       JMP     PARM1
000000r 2                       .ENDMACRO
000000r 2               
000000r 2                       .MACRO  LBCS PARM1
000000r 2                       BCS     *+4
000000r 2                       BRA     *+5
000000r 2                       JMP     PARM1
000000r 2                       .ENDMACRO
000000r 2               
000000r 2                       .ELSE
000000r 2               
000000r 2                       .MACRO  LDAINDIRECTY PARM1
000000r 2                       LDA     (PARM1),Y       ;
000000r 2                       .ENDMACRO
000000r 2               
000000r 2                       .MACRO  STAINDIRECTY PARM1
000000r 2                       STA     (PARM1),Y       ;
000000r 2                       .ENDMACRO
000000r 2               
000000r 2                       .MACRO  FETCHINDIRECTY PARM1
000000r 2                       LDA     (PARM1),Y       ;
000000r 2                       .ENDMACRO
000000r 2               
000000r 2                       .MACRO  CMPINDIRECTY  PARM1
000000r 2                       CMP     (<PARM1),Y      ;
000000r 2                       .ENDMACRO
000000r 2               
000000r 2                       .MACRO  ADCINDIRECTY  PARM1
000000r 2                       ADC     (PARM1),Y       ;
000000r 2                       .ENDMACRO
000000r 2               
000000r 2                       .MACRO  ORAINDIRECTY  PARM1
000000r 2                       ORA     (PARM1),Y       ;
000000r 2                       .ENDMACRO
000000r 2               
000000r 2                       .MACRO  LBEQ  PARM1
000000r 2                       BEQ     PARM1
000000r 2                       .ENDMACRO
000000r 2               
000000r 2                       .MACRO  LBNE  PARM1
000000r 2                       BNE     PARM1
000000r 2                       .ENDMACRO
000000r 2               
000000r 2                       .MACRO  LBCC  PARM1
000000r 2                       BCC     PARM1
000000r 2                       .ENDMACRO
000000r 2               
000000r 2                       .MACRO  LBCS PARM1
000000r 2                       BCS     PARM1
000000r 2                       .ENDMACRO
000000r 2               
000000r 2                       .ENDIF
000000r 2               
000000r 1               ; Enhanced BASIC to assemble under 6502 simulator, $ver 2.23
000000r 1               ; THIS WORK IS DERIVED FROM ehBASIC BY LEE DAVIDSON
000000r 1               ;
000000r 1               ; $E7E1 $E7CF $E7C6 $E7D3 $E7D1 $E7D5 $E7CF $E81E $E825
000000r 1               
000000r 1               ; 2.00	new revision numbers start here
000000r 1               ; 2.01	fixed LCASE$() and UCASE$()
000000r 1               ; 2.02	new get value routine done
000000r 1               ; 2.03	changed RND() to galoise method
000000r 1               ; 2.04	fixed SPC()
000000r 1               ; 2.05	new get value routine fixedf
000000r 1               ; 2.06	changed USR() code
000000r 1               ; 2.07	fixed STR$()
000000r 1               ; 2.08	changed INPUT and READ to remove need for $00 start to input buffer
000000r 1               ; 2.09	fixed RND()
000000r 1               ; 2.10	integrated missed changes from an earlier version
000000r 1               ; 2.20	added ELSE to IF .. THEN and fixed IF .. GOTO <statement> to cause error
000000r 1               ; 2.21	fixed IF .. THEN RETURN to not cause error
000000r 1               ; 2.22	fixed RND() breaking the get byte routine
000000r 1               ; 2.23  ADDED "KILL" COMMAND TO RETURN TO DOS/65
000000r 1               
000000r 1               ; zero page use ..
000000r 1               
000000r 1               LAB_WARM        = $00           ; BASIC warm start entry point
000000r 1               Wrmjpl          = LAB_WARM+1    ; BASIC warm start vector jump low byte
000000r 1               Wrmjph          = LAB_WARM+2    ; BASIC warm start vector jump high byte
000000r 1               TMPFLG          = $04
000000r 1               Usrjmp          = $0A           ; USR function JMP address
000000r 1               Usrjpl          = Usrjmp+1      ; USR function JMP vector low byte
000000r 1               Usrjph          = Usrjmp+2      ; USR function JMP vector high byte
000000r 1               Nullct          = $0D           ; nulls output after each line
000000r 1               TPos            = $0E           ; BASIC terminal position byte
000000r 1               TWidth          = $0F           ; BASIC terminal width byte
000000r 1               Iclim           = $10           ; input column limit
000000r 1               Itempl          = $11           ; temporary integer low byte
000000r 1               Itemph          = Itempl+1      ; temporary integer high byte
000000r 1               
000000r 1               nums_1          = Itempl        ; number to bin/hex string convert MSB
000000r 1               nums_2          = nums_1+1      ; number to bin/hex string convert
000000r 1               nums_3          = nums_1+2      ; number to bin/hex string convert LSB
000000r 1               
000000r 1               Srchc           = $5B           ; search character
000000r 1               Temp3           = Srchc         ; temp byte used in number routines
000000r 1               Scnquo          = $5C           ; scan-between-quotes flag
000000r 1               Asrch           = Scnquo        ; alt search character
000000r 1               
000000r 1               XOAw_l          = Srchc         ; eXclusive OR, OR and AND word low byte
000000r 1               XOAw_h          = Scnquo        ; eXclusive OR, OR and AND word high byte
000000r 1               
000000r 1               Ibptr           = $5D           ; input buffer pointer
000000r 1               Dimcnt          = Ibptr         ; # of dimensions
000000r 1               Tindx           = Ibptr         ; token index
000000r 1               
000000r 1               Defdim          = $5E           ; default DIM flag
000000r 1               Dtypef          = $5F           ; data type flag, $FF=string, $00=numeric
000000r 1               Oquote          = $60           ; open quote flag (b7) (Flag: DATA scan; LIST quote; memory)
000000r 1               Gclctd          = $60           ; garbage collected flag
000000r 1               Sufnxf          = $61           ; subscript/FNX flag, 1xxx xxx = FN(0xxx xxx)
000000r 1               Imode           = $62           ; input mode flag, $00=INPUT, $80=READ
000000r 1               
000000r 1               Cflag           = $63           ; comparison evaluation flag
000000r 1               
000000r 1               TabSiz          = $64           ; TAB step size (was input flag)
000000r 1               
000000r 1               next_s          = $65           ; next descriptor stack address
000000r 1               
000000r 1               ; these two bytes form a word pointer to the item
000000r 1               ; currently on top of the descriptor stack
000000r 1               last_sl         = $66           ; last descriptor stack address low byte
000000r 1               last_sh         = $67           ; last descriptor stack address high byte (always $00)
000000r 1               
000000r 1               des_sk          = $68           ; descriptor stack start address (temp strings)
000000r 1               
000000r 1               ;			= $70		; End of descriptor stack
000000r 1               
000000r 1               ut1_pl          = $71           ; utility pointer 1 low byte
000000r 1               ut1_ph          = ut1_pl+1      ; utility pointer 1 high byte
000000r 1               ut2_pl          = $73           ; utility pointer 2 low byte
000000r 1               ut2_ph          = ut2_pl+1      ; utility pointer 2 high byte
000000r 1               
000000r 1               Temp_2          = ut1_pl        ; temp byte for block move
000000r 1               
000000r 1               FACt_1          = $75           ; FAC temp mantissa1
000000r 1               FACt_2          = FACt_1+1      ; FAC temp mantissa2
000000r 1               FACt_3          = FACt_2+1      ; FAC temp mantissa3
000000r 1               
000000r 1               dims_l          = FACt_2        ; array dimension size low byte
000000r 1               dims_h          = FACt_3        ; array dimension size high byte
000000r 1               
000000r 1               TempB           = $78           ; temp page 0 byte
000000r 1               
000000r 1               Smeml           = $79           ; start of mem low byte		(Start-of-Basic)
000000r 1               Smemh           = Smeml+1       ; start of mem high byte	(Start-of-Basic)
000000r 1               Svarl           = $7B           ; start of vars low byte	(Start-of-Variables)
000000r 1               Svarh           = Svarl+1       ; start of vars high byte	(Start-of-Variables)
000000r 1               Sarryl          = $7D           ; var mem end low byte		(Start-of-Arrays)
000000r 1               Sarryh          = Sarryl+1      ; var mem end high byte		(Start-of-Arrays)
000000r 1               Earryl          = $7F           ; array mem end low byte	(End-of-Arrays)
000000r 1               Earryh          = Earryl+1      ; array mem end high byte	(End-of-Arrays)
000000r 1               Sstorl          = $81           ; string storage low byte	(String storage (moving down))
000000r 1               Sstorh          = Sstorl+1      ; string storage high byte	(String storage (moving down))
000000r 1               Sutill          = $83           ; string utility ptr low byte
000000r 1               Sutilh          = Sutill+1      ; string utility ptr high byte
000000r 1               Ememl           = $85           ; end of mem low byte		(Limit-of-memory)
000000r 1               Ememh           = Ememl+1       ; end of mem high byte		(Limit-of-memory)
000000r 1               Clinel          = $87           ; current line low byte		(Basic line number)
000000r 1               Clineh          = Clinel+1      ; current line high byte	(Basic line number)
000000r 1               Blinel          = $89           ; break line low byte		(Previous Basic line number)
000000r 1               Blineh          = Blinel+1      ; break line high byte		(Previous Basic line number)
000000r 1               
000000r 1               Cpntrl          = $8B           ; continue pointer low byte
000000r 1               Cpntrh          = Cpntrl+1      ; continue pointer high byte
000000r 1               
000000r 1               Dlinel          = $8D           ; current DATA line low byte
000000r 1               Dlineh          = Dlinel+1      ; current DATA line high byte
000000r 1               
000000r 1               Dptrl           = $8F           ; DATA pointer low byte
000000r 1               Dptrh           = Dptrl+1       ; DATA pointer high byte
000000r 1               
000000r 1               Rdptrl          = $91           ; read pointer low byte
000000r 1               Rdptrh          = Rdptrl+1      ; read pointer high byte
000000r 1               
000000r 1               Varnm1          = $93           ; current var name 1st byte
000000r 1               Varnm2          = Varnm1+1      ; current var name 2nd byte
000000r 1               
000000r 1               Cvaral          = $95           ; current var address low byte
000000r 1               Cvarah          = Cvaral+1      ; current var address high byte
000000r 1               
000000r 1               Frnxtl          = $97           ; var pointer for FOR/NEXT low byte
000000r 1               Frnxth          = Frnxtl+1      ; var pointer for FOR/NEXT high byte
000000r 1               
000000r 1               Tidx1           = Frnxtl        ; temp line index
000000r 1               
000000r 1               Lvarpl          = Frnxtl        ; let var pointer low byte
000000r 1               Lvarph          = Frnxth        ; let var pointer high byte
000000r 1               
000000r 1               prstk           = $99           ; precedence stacked flag
000000r 1               
000000r 1               comp_f          = $9B           ; compare function flag, bits 0,1 and 2 used
000000r 1               ; bit 2 set if >
000000r 1               ; bit 1 set if =
000000r 1               ; bit 0 set if <
000000r 1               
000000r 1               func_l          = $9C           ; function pointer low byte
000000r 1               func_h          = func_l+1      ; function pointer high byte
000000r 1               
000000r 1               garb_l          = func_l        ; garbage collection working pointer low byte
000000r 1               garb_h          = func_h        ; garbage collection working pointer high byte
000000r 1               
000000r 1               des_2l          = $9E           ; string descriptor_2 pointer low byte
000000r 1               des_2h          = des_2l+1      ; string descriptor_2 pointer high byte
000000r 1               
000000r 1               g_step          = $A0           ; garbage collect step size
000000r 1               
000000r 1               Fnxjmp          = $A1           ; jump vector for functions
000000r 1               Fnxjpl          = Fnxjmp+1      ; functions jump vector low byte
000000r 1               Fnxjph          = Fnxjmp+2      ; functions jump vector high byte
000000r 1               
000000r 1               g_indx          = Fnxjpl        ; garbage collect temp index
000000r 1               
000000r 1               FAC2_r          = $A3           ; FAC2 rounding byte
000000r 1               
000000r 1               Adatal          = $A4           ; array data pointer low byte
000000r 1               Adatah          = Adatal+1      ; array data pointer high  byte
000000r 1               
000000r 1               Nbendl          = Adatal        ; new block end pointer low byte
000000r 1               Nbendh          = Adatah        ; new block end pointer high  byte
000000r 1               
000000r 1               Obendl          = $A6           ; old block end pointer low byte
000000r 1               Obendh          = Obendl+1      ; old block end pointer high  byte
000000r 1               
000000r 1               numexp          = $A8           ; string to float number exponent count
000000r 1               expcnt          = $A9           ; string to float exponent count
000000r 1               
000000r 1               numbit          = numexp        ; bit count for array element calculations
000000r 1               
000000r 1               numdpf          = $AA           ; string to float decimal point flag
000000r 1               expneg          = $AB           ; string to float eval exponent -ve flag
000000r 1               
000000r 1               Astrtl          = numdpf        ; array start pointer low byte
000000r 1               Astrth          = expneg        ; array start pointer high  byte
000000r 1               
000000r 1               Histrl          = numdpf        ; highest string low byte
000000r 1               Histrh          = expneg        ; highest string high  byte
000000r 1               
000000r 1               Baslnl          = numdpf        ; BASIC search line pointer low byte
000000r 1               Baslnh          = expneg        ; BASIC search line pointer high  byte
000000r 1               
000000r 1               Fvar_l          = numdpf        ; find/found variable pointer low byte
000000r 1               Fvar_h          = expneg        ; find/found variable pointer high  byte
000000r 1               
000000r 1               Ostrtl          = numdpf        ; old block start pointer low byte
000000r 1               Ostrth          = expneg        ; old block start pointer high  byte
000000r 1               
000000r 1               Vrschl          = numdpf        ; variable search pointer low byte
000000r 1               Vrschh          = expneg        ; variable search pointer high  byte
000000r 1               
000000r 1               FAC1_e          = $AC           ; FAC1 exponent
000000r 1               FAC1_1          = FAC1_e+1      ; FAC1 mantissa1
000000r 1               FAC1_2          = FAC1_e+2      ; FAC1 mantissa2
000000r 1               FAC1_3          = FAC1_e+3      ; FAC1 mantissa3
000000r 1               FAC1_s          = FAC1_e+4      ; FAC1 sign (b7)
000000r 1               
000000r 1               str_ln          = FAC1_e        ; string length
000000r 1               str_pl          = FAC1_1        ; string pointer low byte
000000r 1               str_ph          = FAC1_2        ; string pointer high byte
000000r 1               
000000r 1               des_pl          = FAC1_2        ; string descriptor pointer low byte
000000r 1               des_ph          = FAC1_3        ; string descriptor pointer high byte
000000r 1               
000000r 1               mids_l          = FAC1_3        ; MID$ string temp length byte
000000r 1               
000000r 1               negnum          = $B1           ; string to float eval -ve flag
000000r 1               numcon          = $B1           ; series evaluation constant count
000000r 1               
000000r 1               FAC1_o          = $B2           ; FAC1 overflow byte
000000r 1               
000000r 1               FAC2_e          = $B3           ; FAC2 exponent
000000r 1               FAC2_1          = FAC2_e+1      ; FAC2 mantissa1
000000r 1               FAC2_2          = FAC2_e+2      ; FAC2 mantissa2
000000r 1               FAC2_3          = FAC2_e+3      ; FAC2 mantissa3
000000r 1               FAC2_s          = FAC2_e+4      ; FAC2 sign (b7)
000000r 1               
000000r 1               FAC_sc          = $B8           ; FAC sign comparison, Acc#1 vs #2
000000r 1               FAC1_r          = $B9           ; FAC1 rounding byte
000000r 1               
000000r 1               ssptr_l         = FAC_sc        ; string start pointer low byte
000000r 1               ssptr_h         = FAC1_r        ; string start pointer high byte
000000r 1               
000000r 1               sdescr          = FAC_sc        ; string descriptor pointer
000000r 1               
000000r 1               csidx           = $BA           ; line crunch save index
000000r 1               Asptl           = csidx         ; array size/pointer low byte
000000r 1               Aspth           = $BB           ; array size/pointer high byte
000000r 1               
000000r 1               Btmpl           = Asptl         ; BASIC pointer temp low byte
000000r 1               Btmph           = Aspth         ; BASIC pointer temp low byte
000000r 1               
000000r 1               Cptrl           = Asptl         ; BASIC pointer temp low byte
000000r 1               Cptrh           = Aspth         ; BASIC pointer temp low byte
000000r 1               
000000r 1               Sendl           = Asptl         ; BASIC pointer temp low byte
000000r 1               Sendh           = Aspth         ; BASIC pointer temp low byte
000000r 1               
000000r 1               LAB_IGBY        = $BC           ; get next BASIC byte subroutine
000000r 1               
000000r 1               LAB_GBYT        = $C2           ; get current BASIC byte subroutine
000000r 1               Bpntrl          = $C3           ; BASIC execute (get byte) pointer low byte
000000r 1               Bpntrh          = Bpntrl+1      ; BASIC execute (get byte) pointer high byte
000000r 1               Bpntrp          = Bpntrl+2      ; BASIC execute (get byte) pointer PAGE byte
000000r 1               ;		= $E0		; end of get BASIC char subroutine
000000r 1               Rbyte4          = $E1           ; extra PRNG byte
000000r 1               Rbyte1          = Rbyte4+1      ; most significant PRNG byte
000000r 1               Rbyte2          = Rbyte4+2      ; middle PRNG byte
000000r 1               Rbyte3          = <Rbyte4+3     ; least significant PRNG byte
000000r 1               NmiBase         = $E5           ; NMI handler enabled/setup/triggered flags
000000r 1               ; bit	function
000000r 1               ; ===	========
000000r 1               ; 7	interrupt enabled
000000r 1               ; 6	interrupt setup
000000r 1               ; 5	interrupt happened
000000r 1               ;			= $E6		; NMI handler addr low byte
000000r 1               ;			= $E7		; NMI handler addr high byte
000000r 1               IrqBase         = $E8           ; IRQ handler enabled/setup/triggered flags
000000r 1               ;			= $E9		; IRQ handler addr low byte
000000r 1               ;			= $EA		; IRQ handler addr high byte
000000r 1               FCBPTR          = $20           ; POINTER TO FCB FOR FILE OPS
000000r 1               Decss           = $EF           ; number to decimal string start
000000r 1               Decssp1         = Decss+1       ; number to decimal string start
000000r 1               TEMPW           = $FD
000000r 1               ;			= $FF		; decimal string end
000000r 1               
000000r 1                       .IFDEF  DUODYNE
000000r 1               STACK_BOTTOM    = $4000         ; stack bottom, no offset
000000r 1               STACK           = $5FFF         ; stack top, no offset
000000r 1                       .ENDIF
000000r 1               
000000r 1               ; token values needed for BASIC
000000r 1               
000000r 1               ; primary command tokens (can start a statement)
000000r 1               
000000r 1               TK_END          = $80           ; END token
000000r 1               TK_FOR          = TK_END+1      ; FOR token
000000r 1               TK_NEXT         = TK_FOR+1      ; NEXT token
000000r 1               TK_DATA         = TK_NEXT+1     ; DATA token
000000r 1               TK_INPUT        = TK_DATA+1     ; INPUT token
000000r 1               TK_DIM          = TK_INPUT+1    ; DIM token
000000r 1               TK_READ         = TK_DIM+1      ; READ token
000000r 1               TK_LET          = TK_READ+1     ; LET token
000000r 1               TK_DEC          = TK_LET+1      ; DEC token
000000r 1               TK_GOTO         = TK_DEC+1      ; GOTO token
000000r 1               TK_RUN          = TK_GOTO+1     ; RUN token
000000r 1               TK_IF           = TK_RUN+1      ; IF token
000000r 1               TK_RESTORE      = TK_IF+1       ; RESTORE token
000000r 1               TK_GOSUB        = TK_RESTORE+1  ; GOSUB token
000000r 1               TK_RETIRQ       = TK_GOSUB+1    ; RETIRQ token
000000r 1               TK_RETNMI       = TK_RETIRQ+1   ; RETNMI token
000000r 1               TK_RETURN       = TK_RETNMI+1   ; RETURN token
000000r 1               TK_REM          = TK_RETURN+1   ; REM token
000000r 1               TK_STOP         = TK_REM+1      ; STOP token
000000r 1               TK_ON           = TK_STOP+1     ; ON token
000000r 1               TK_NULL         = TK_ON+1       ; NULL token
000000r 1               TK_INC          = TK_NULL+1     ; INC token
000000r 1               TK_WAIT         = TK_INC+1      ; WAIT token
000000r 1               TK_LOAD         = TK_WAIT+1     ; LOAD token
000000r 1               TK_SAVE         = TK_LOAD+1     ; SAVE token
000000r 1               TK_DEF          = TK_SAVE+1     ; DEF token
000000r 1               TK_POKE         = TK_DEF+1      ; POKE token
000000r 1               TK_DOKE         = TK_POKE+1     ; DOKE token
000000r 1               TK_CALL         = TK_DOKE+1     ; CALL token
000000r 1               TK_DO           = TK_CALL+1     ; DO token
000000r 1               TK_LOOP         = TK_DO+1       ; LOOP token
000000r 1               TK_PRINT        = TK_LOOP+1     ; PRINT token
000000r 1               TK_CONT         = TK_PRINT+1    ; CONT token
000000r 1               TK_LIST         = TK_CONT+1     ; LIST token
000000r 1               TK_CLEAR        = TK_LIST+1     ; CLEAR token
000000r 1               TK_NEW          = TK_CLEAR+1    ; NEW token
000000r 1               TK_WIDTH        = TK_NEW+1      ; WIDTH token
000000r 1               TK_GET          = TK_WIDTH+1    ; GET token
000000r 1               TK_SWAP         = TK_GET+1      ; SWAP token
000000r 1               TK_BITSET       = TK_SWAP+1     ; BITSET token
000000r 1               TK_BITCLR       = TK_BITSET+1   ; BITCLR token
000000r 1               TK_IRQ          = TK_BITCLR+1   ; IRQ token
000000r 1               TK_NMI          = TK_IRQ+1      ; NMI token
000000r 1               TK_KILL         = TK_NMI+1      ; NMI token
000000r 1               
000000r 1               ; secondary command tokens, can't start a statement
000000r 1               
000000r 1               TK_TAB          = TK_KILL+1     ; TAB token
000000r 1               TK_ELSE         = TK_TAB+1      ; ELSE token
000000r 1               TK_TO           = TK_ELSE+1     ; TO token
000000r 1               TK_FN           = TK_TO+1       ; FN token
000000r 1               TK_SPC          = TK_FN+1       ; SPC token
000000r 1               TK_THEN         = TK_SPC+1      ; THEN token
000000r 1               TK_NOT          = TK_THEN+1     ; NOT token
000000r 1               TK_STEP         = TK_NOT+1      ; STEP token
000000r 1               TK_UNTIL        = TK_STEP+1     ; UNTIL token
000000r 1               TK_WHILE        = TK_UNTIL+1    ; WHILE token
000000r 1               TK_OFF          = TK_WHILE+1    ; OFF token
000000r 1               
000000r 1               ; opperator tokens
000000r 1               
000000r 1               TK_PLUS         = TK_OFF+1      ; + token
000000r 1               TK_MINUS        = TK_PLUS+1     ; - token
000000r 1               TK_MUL          = TK_MINUS+1    ; * token
000000r 1               TK_DIV          = TK_MUL+1      ; / token
000000r 1               TK_POWER        = TK_DIV+1      ; ^ token
000000r 1               TK_AND          = TK_POWER+1    ; AND token
000000r 1               TK_EOR          = TK_AND+1      ; EOR token
000000r 1               TK_OR           = TK_EOR+1      ; OR token
000000r 1               TK_RSHIFT       = TK_OR+1       ; RSHIFT token
000000r 1               TK_LSHIFT       = TK_RSHIFT+1   ; LSHIFT token
000000r 1               TK_GT           = TK_LSHIFT+1   ; > token
000000r 1               TK_EQUAL        = TK_GT+1       ; = token
000000r 1               TK_LT           = TK_EQUAL+1    ; < token
000000r 1               
000000r 1               ; functions tokens
000000r 1               
000000r 1               TK_SGN          = TK_LT+1       ; SGN token
000000r 1               TK_INT          = TK_SGN+1      ; INT token
000000r 1               TK_ABS          = TK_INT+1      ; ABS token
000000r 1               TK_USR          = TK_ABS+1      ; USR token
000000r 1               TK_FRE          = TK_USR+1      ; FRE token
000000r 1               TK_POS          = TK_FRE+1      ; POS token
000000r 1               TK_SQR          = TK_POS+1      ; SQR token
000000r 1               TK_RND          = TK_SQR+1      ; RND token
000000r 1               TK_LOG          = TK_RND+1      ; LOG token
000000r 1               TK_EXP          = TK_LOG+1      ; EXP token
000000r 1               TK_COS          = TK_EXP+1      ; COS token
000000r 1               TK_SIN          = TK_COS+1      ; SIN token
000000r 1               TK_TAN          = TK_SIN+1      ; TAN token
000000r 1               TK_ATN          = TK_TAN+1      ; ATN token
000000r 1               TK_PEEK         = TK_ATN+1      ; PEEK token
000000r 1               TK_DEEK         = TK_PEEK+1     ; DEEK token
000000r 1               TK_SADD         = TK_DEEK+1     ; SADD token
000000r 1               TK_LEN          = TK_SADD+1     ; LEN token
000000r 1               TK_STRS         = TK_LEN+1      ; STR$ token
000000r 1               TK_VAL          = TK_STRS+1     ; VAL token
000000r 1               TK_ASC          = TK_VAL+1      ; ASC token
000000r 1               TK_UCASES       = TK_ASC+1      ; UCASE$ token
000000r 1               TK_LCASES       = TK_UCASES+1   ; LCASE$ token
000000r 1               TK_CHRS         = TK_LCASES+1   ; CHR$ token
000000r 1               TK_HEXS         = TK_CHRS+1     ; HEX$ token
000000r 1               TK_BINS         = TK_HEXS+1     ; BIN$ token
000000r 1               TK_BITTST       = TK_BINS+1     ; BITTST token
000000r 1               TK_MAX          = TK_BITTST+1   ; MAX token
000000r 1               TK_MIN          = TK_MAX+1      ; MIN token
000000r 1               TK_PI           = TK_MIN+1      ; PI token
000000r 1               TK_TWOPI        = TK_PI+1       ; TWOPI token
000000r 1               TK_VPTR         = TK_TWOPI+1    ; VARPTR token
000000r 1               TK_LEFTS        = TK_VPTR+1     ; LEFT$ token
000000r 1               TK_RIGHTS       = TK_LEFTS+1    ; RIGHT$ token
000000r 1               TK_MIDS         = TK_RIGHTS+1   ; MID$ token
000000r 1               
000000r 1               ; offsets from a base of X or Y
000000r 1               
000000r 1               PLUS_0          = $00           ; X or Y plus 0
000000r 1               PLUS_1          = $01           ; X or Y plus 1
000000r 1               PLUS_2          = $02           ; X or Y plus 2
000000r 1               PLUS_3          = $03           ; X or Y plus 3
000000r 1               
000000r 1               LAB_STAK        = $0100         ; stack bottom, no offset
000000r 1               
000000r 1               LAB_SKFE        = LAB_STAK+$FE
000000r 1               ; flushed stack address
000000r 1               LAB_SKFF        = LAB_STAK+$FF
000000r 1               ; flushed stack address
000000r 1               
000000r 1               ccflag          = $0600         ; BASIC CTRL-C flag, 00 = enabled, 01 = dis
000000r 1               ccbyte          = ccflag+1      ; BASIC CTRL-C byte
000000r 1               ccnull          = ccbyte+1      ; BASIC CTRL-C byte timeout
000000r 1               
000000r 1               VEC_CC          = ccnull+1      ; ctrl c check vector
000000r 1               
000000r 1               
000000r 1               
000000r 1               
000000r 1               
000000r 1               
000000r 1               ; This start can be changed to suit your system (TEA START)
000000r 1               
000000r 1                       .FEATURE labels_without_colons
000000r 1                       .SEGMENT "TEA"
000000r 1                       .ORG    $0800
000800  1               
000800  1               BASICBEGIN:
000800  1  AD 04 01             LDA     $0104
000803  1  8D 7B 30             STA     PEMVEC
000806  1  AD 05 01             LDA     $0105
000809  1  8D 7C 30             STA     PEMVEC+1
00080C  1               
00080C  1               
00080C  1               LAB_COLD:
00080C  1  A0 04                LDY     #PG2_TABE-PG2_TABS-1
00080E  1               ; byte count-1
00080E  1               LAB_2D13:
00080E  1  B9 F4 28             LDA     PG2_TABS,Y      ; get byte
000811  1  99 00 06             STA     ccflag,Y        ; store in page 2
000814  1  88                   DEY                     ; decrement count
000815  1  10 F7                BPL     LAB_2D13        ; loop if not done
000817  1               
000817  1  A2 FF                LDX     #$FF            ; set byte
000819  1  86 88                STX     Clineh          ; set current line high byte (set immediate mode)
00081B  1               
00081B  1  A9 4C                LDA     #$4C            ; code for JMP
00081D  1  85 A1                STA     Fnxjmp          ; save for jump vector for functions
00081F  1               
00081F  1               ; copy block from LAB_2CEE to $00BC - $00D3
00081F  1               
00081F  1  A0 1C                LDY     #StrTab-LAB_2CEE; set byte count
000821  1               LAB_2D4E:
000821  1  BE F8 28             LDX     LAB_2CEE-1,Y    ; get byte from table
000824  1  96 BB                STX     LAB_IGBY-1,Y    ; save byte in page zero
000826  1  88                   DEY                     ; decrement count
000827  1  D0 F8                BNE     LAB_2D4E        ; loop if not all done
000829  1               
000829  1               ; copy block from StrTab to $0000 - $0012
000829  1               
000829  1               LAB_GMEM:
000829  1  A0 12                LDY     #EndTab-StrTab-1; set byte count-1
00082B  1               TabLoop:
00082B  1  BE 15 29             LDX     StrTab,Y        ; get byte from table
00082E  1  96 00                STX     PLUS_0,Y        ; save byte in page zero
000830  1  88                   DEY                     ; decrement count
000831  1  10 F8                BPL     TabLoop         ; loop if not all done
000833  1               
000833  1               
000833  1                       .IFDEF  DUODYNE
000833  1                       PHB
000833  1                       PLA
000833  1                       STA     Bpntrp          ; SET LAB_GBYT PAGE POINTER TO DATA BANK
000833  1                       .ELSE
000833  1  9A                   TXS                     ; reset stack pointer
000834  1                       .ENDIF
000834  1               
000834  1               
000834  1               ; set-up start values
000834  1               
000834  1  A9 00                LDA     #$00            ; clear A
000836  1  85 E5                STA     NmiBase         ; clear NMI handler enabled flag
000838  1  85 E8                STA     IrqBase         ; clear IRQ handler enabled flag
00083A  1  85 B2                STA     FAC1_o          ; clear FAC1 overflow byte
00083C  1  85 67                STA     last_sh         ; clear descriptor stack top item pointer high byte
00083E  1               
00083E  1  A9 0E                LDA     #$0E            ; set default tab size
000840  1  85 64                STA     TabSiz          ; save it
000842  1  A9 03                LDA     #$03            ; set garbage collect step size for descriptor stack
000844  1  85 A0                STA     g_step          ; save it
000846  1  A2 68                LDX     #des_sk         ; descriptor stack start
000848  1  86 65                STX     next_s          ; set descriptor stack pointer
00084A  1  20 92 10             JSR     LAB_CRLF        ; print CR/LF
00084D  1               ;	LDA	#<LAB_MSZM		; point to memory size message (low addr)
00084D  1               ;	LDY	#>LAB_MSZM		; point to memory size message (high addr)
00084D  1               ;	JSR	LAB_18C3		; print null terminated string from memory
00084D  1               ;	JSR	LAB_INLN		; print "? " and get BASIC input
00084D  1               ;	STX	Bpntrl		; set BASIC execute pointer low byte
00084D  1               ;	STY	Bpntrh		; set BASIC execute pointer high byte
00084D  1               ;	JSR	LAB_GBYT		; get last byte back
00084D  1               
00084D  1               ;	BNE	LAB_2DAA		; branch if not null (user typed something)
00084D  1               
00084D  1  A0 00                LDY     #$00            ; else clear Y
00084F  1               ; character was null so get memory size the hard way
00084F  1               ; we get here with Y=0 and Itempl/h = Ram_base
00084F  1               LAB_2D93:
00084F  1  E6 11                INC     Itempl          ; increment temporary integer low byte
000851  1  D0 08                BNE     LAB_2D99        ; branch if no overflow
000853  1               
000853  1  E6 12                INC     Itemph          ; increment temporary integer high byte
000855  1  A5 12                LDA     Itemph          ; get high byte
000857  1  C9 B8                CMP     #>Ram_top       ; compare with top of RAM+1
000859  1  F0 0F                BEQ     LAB_2DB6        ; branch if match (end of user RAM)
00085B  1               
00085B  1               LAB_2D99:
00085B  1  A9 55                LDA     #$55            ; set test byte
00085D  1  91 11                STAINDIRECTY Itempl     ; save via temporary integer
00085F  1  D1 11                CMPINDIRECTY Itempl     ; compare via temporary integer
000861  1  D0 07                BNE     LAB_2DB6        ; branch if fail
000863  1               
000863  1  0A                   ASL     A               ; shift test byte left (now $AA)
000864  1  91 11                STAINDIRECTY Itempl     ; save via temporary integer
000866  1  D1 11                CMPINDIRECTY Itempl     ; compare via temporary integer
000868  1  F0 E5                BEQ     LAB_2D93        ; if ok go do next byte
00086A  1               
00086A  1               ;	BNE	LAB_2DB6		; branch if fail
00086A  1               
00086A  1               ;LAB_2DAA
00086A  1               ;	JSR	LAB_2887		; get FAC1 from string
00086A  1               ;	LDA	FAC1_e		; get FAC1 exponent
00086A  1               ;	CMP	#$98			; compare with exponent = 2^24
00086A  1               ;	BCS	LAB_GMEM		; if too large go try again
00086A  1               ;
00086A  1               ;	JSR	LAB_F2FU		; save integer part of FAC1 in temporary integer
00086A  1               ;					; (no range check)
00086A  1               
00086A  1               LAB_2DB6:
00086A  1  A5 11                LDA     Itempl          ; get temporary integer low byte
00086C  1  A4 12                LDY     Itemph          ; get temporary integer high byte
00086E  1  C0 01                CPY     #<Ram_base+1    ; compare with start of RAM+$100 high byte
000870  1  90 B7                LBCC    LAB_GMEM        ; if too small go try again
000872  1               
000872  1               
000872  1               ; uncomment these lines if you want to check on the high limit of memory. Note if
000872  1               ; Ram_top is set too low then this will fail. default is ignore it and assume the
000872  1               ; users know what they're doing!
000872  1               
000872  1               ;	CPY	#>Ram_top		; compare with top of RAM high byte
000872  1               ;	BCC	MEM_OK		; branch if < RAM top
000872  1               
000872  1               ;	BNE	LAB_GMEM		; if too large go try again
000872  1               ; else was = so compare low bytes
000872  1               ;	CMP	#<Ram_top		; compare with top of RAM low byte
000872  1               ;	BEQ	MEM_OK		; branch if = RAM top
000872  1               
000872  1               ;	BCS	LAB_GMEM		; if too large go try again
000872  1               
000872  1               ;MEM_OK
000872  1  85 85                STA     Ememl           ; set end of mem low byte
000874  1  84 86                STY     Ememh           ; set end of mem high byte
000876  1  85 81                STA     Sstorl          ; set bottom of string space low byte
000878  1  84 82                STY     Sstorh          ; set bottom of string space high byte
00087A  1               
00087A  1  A0 00                LDY     #<Ram_base      ; set start addr low byte
00087C  1  A2 34                LDX     #>Ram_base      ; set start addr high byte
00087E  1  84 79                STY     Smeml           ; save start of mem low byte
000880  1  86 7A                STX     Smemh           ; save start of mem high byte
000882  1               
000882  1               ; this line is only needed if Ram_base is not $xx00
000882  1               
000882  1               ;	LDY	#$00			; clear Y
000882  1  98                   TYA                     ; clear A
000883  1  91 79                STA     (Smeml),Y       ; clear first byte
000885  1  E6 79                INC     Smeml           ; increment start of mem low byte
000887  1               
000887  1               ; these two lines are only needed if Ram_base is $xxFF
000887  1               
000887  1               ;	BNE	LAB_2E05		; branch if no rollover
000887  1               
000887  1               ;	INC	Smemh			; increment start of mem high byte
000887  1               LAB_2E05:
000887  1  20 92 10             JSR     LAB_CRLF        ; print CR/LF
00088A  1  20 4F 0B             JSR     LAB_1463        ; do "NEW" and "CLEAR"
00088D  1  A5 85                LDA     Ememl           ; get end of mem low byte
00088F  1  38                   SEC                     ; set carry for subtract
000890  1  E5 79                SBC     Smeml           ; subtract start of mem low byte
000892  1  AA                   TAX                     ; copy to X
000893  1  A5 86                LDA     Ememh           ; get end of mem high byte
000895  1  E5 7A                SBC     Smemh           ; subtract start of mem high byte
000897  1  20 8A 22             JSR     LAB_295E        ; print XA as unsigned integer (bytes free)
00089A  1  A9 37                LDA     #<LAB_SMSG      ; point to sign-on message (low addr)
00089C  1  A0 29                LDY     #>LAB_SMSG      ; point to sign-on message (high addr)
00089E  1  20 D3 10             JSR     LAB_18C3        ; print null terminated string from memory
0008A1  1  A9 45                LDA     #<LAB_1274      ; warm start vector low byte
0008A3  1  A0 09                LDY     #>LAB_1274      ; warm start vector high byte
0008A5  1  85 01                STA     Wrmjpl          ; save warm start vector low byte
0008A7  1  84 02                STY     Wrmjph          ; save warm start vector high byte
0008A9  1  6C 01 00             JMP     (Wrmjpl)        ; go do warm start
0008AC  1               
0008AC  1               ; open up space in memory
0008AC  1               ; move (Ostrtl)-(Obendl) to new block ending at (Nbendl)
0008AC  1               
0008AC  1               ; Nbendl,Nbendh - new block end address (A/Y)
0008AC  1               ; Obendl,Obendh - old block end address
0008AC  1               ; Ostrtl,Ostrth - old block start address
0008AC  1               
0008AC  1               ; returns with ..
0008AC  1               
0008AC  1               ; Nbendl,Nbendh - new block start address (high byte - $100)
0008AC  1               ; Obendl,Obendh - old block start address (high byte - $100)
0008AC  1               ; Ostrtl,Ostrth - old block start address (unchanged)
0008AC  1               
0008AC  1               LAB_11CF:
0008AC  1  20 F6 08             JSR     LAB_121F        ; check available memory, "Out of memory" error if no room
0008AF  1               ; addr to check is in AY (low/high)
0008AF  1  85 7F                STA     Earryl          ; save new array mem end low byte
0008B1  1  84 80                STY     Earryh          ; save new array mem end high byte
0008B3  1               
0008B3  1               ; open up space in memory
0008B3  1               ; move (Ostrtl)-(Obendl) to new block ending at (Nbendl)
0008B3  1               ; don't set array end
0008B3  1               
0008B3  1               LAB_11D6:
0008B3  1  38                   SEC                     ; set carry for subtract
0008B4  1  A5 A6                LDA     Obendl          ; get block end low byte
0008B6  1  E5 AA                SBC     Ostrtl          ; subtract block start low byte
0008B8  1  A8                   TAY                     ; copy MOD(block length/$100) byte to Y
0008B9  1  A5 A7                LDA     Obendh          ; get block end high byte
0008BB  1  E5 AB                SBC     Ostrth          ; subtract block start high byte
0008BD  1  AA                   TAX                     ; copy block length high byte to X
0008BE  1  E8                   INX                     ; +1 to allow for count=0 exit
0008BF  1  98                   TYA                     ; copy block length low byte to A
0008C0  1  F0 24                BEQ     LAB_120A        ; branch if length low byte=0
0008C2  1               
0008C2  1               ; block is (X-1)*256+Y bytes, do the Y bytes first
0008C2  1               
0008C2  1  38                   SEC                     ; set carry for add + 1, two's complement
0008C3  1  49 FF                EOR     #$FF            ; invert low byte for subtract
0008C5  1  65 A6                ADC     Obendl          ; add block end low byte
0008C7  1               
0008C7  1  85 A6                STA     Obendl          ; save corrected old block end low byte
0008C9  1  B0 03                BCS     LAB_11F3        ; branch if no underflow
0008CB  1               
0008CB  1  C6 A7                DEC     Obendh          ; else decrement block end high byte
0008CD  1  38                   SEC                     ; set carry for add + 1, two's complement
0008CE  1               LAB_11F3:
0008CE  1  98                   TYA                     ; get MOD(block length/$100) byte
0008CF  1  49 FF                EOR     #$FF            ; invert low byte for subtract
0008D1  1  65 A4                ADC     Nbendl          ; add destination end low byte
0008D3  1  85 A4                STA     Nbendl          ; save modified new block end low byte
0008D5  1  B0 08                BCS     LAB_1203        ; branch if no underflow
0008D7  1               
0008D7  1  C6 A5                DEC     Nbendh          ; else decrement block end high byte
0008D9  1  90 04                BCC     LAB_1203        ; branch always
0008DB  1               
0008DB  1               LAB_11FF:
0008DB  1  B1 A6                LDAINDIRECTY Obendl     ; get byte from source
0008DD  1  91 A4                STAINDIRECTY Nbendl     ; copy byte to destination
0008DF  1               LAB_1203:
0008DF  1  88                   DEY                     ; decrement index
0008E0  1  D0 F9                BNE     LAB_11FF        ; loop until Y=0
0008E2  1               
0008E2  1               ; now do Y=0 indexed byte
0008E2  1  B1 A6                LDAINDIRECTY Obendl     ; get byte from source
0008E4  1  91 A4                STAINDIRECTY Nbendl     ; save byte to destination
0008E6  1               LAB_120A:
0008E6  1  C6 A7                DEC     Obendh          ; decrement source pointer high byte
0008E8  1  C6 A5                DEC     Nbendh          ; decrement destination pointer high byte
0008EA  1  CA                   DEX                     ; decrement block count
0008EB  1  D0 F2                BNE     LAB_1203        ; loop until count = $0
0008ED  1               
0008ED  1  60                   RTS
0008EE  1               
0008EE  1               ; check room on stack for A bytes
0008EE  1               ; stack too deep? do OM error
0008EE  1               
0008EE  1               LAB_1212:
0008EE  1                       .IFDEF  DUODYNE
0008EE  1                       ACCUMULATOR16
0008EE  1                       AND     #$00FF
0008EE  1                       CLC
0008EE  1                       ADC     #STACK_BOTTOM
0008EE  1                       STA     <TEMPW
0008EE  1                       TSC
0008EE  1                       CMP     <TEMPW
0008EE  1                       BCC     LAB_1213        ; if stack < limit do "Out of memory" error then warm start
0008EE  1                       ACCUMULATOR8
0008EE  1                       RTS
0008EE  1               LAB_1213:
0008EE  1                       ACCUMULATOR8
0008EE  1                       JMP     LAB_OMER
0008EE  1                       .ELSE
0008EE  1  85 78                STA     TempB           ; save result in temp byte
0008F0  1  BA                   TSX                     ; copy stack
0008F1  1  E4 78                CPX     TempB           ; compare new "limit" with stack
0008F3  1  90 30                BCC     LAB_OMER        ; if stack < limit do "Out of memory" error then warm start
0008F5  1  60                   RTS
0008F6  1                       .ENDIF
0008F6  1               
0008F6  1               
0008F6  1               ; check available memory, "Out of memory" error if no room
0008F6  1               ; addr to check is in AY (low/high)
0008F6  1               
0008F6  1               LAB_121F:
0008F6  1  C4 82                CPY     Sstorh          ; compare bottom of string mem high byte
0008F8  1  90 2A                BCC     LAB_124B        ; if less then exit (is ok)
0008FA  1               
0008FA  1  D0 04                BNE     LAB_1229        ; skip next test if greater (tested <)
0008FC  1               
0008FC  1               ; high byte was =, now do low byte
0008FC  1  C5 81                CMP     Sstorl          ; compare with bottom of string mem low byte
0008FE  1  90 24                BCC     LAB_124B        ; if less then exit (is ok)
000900  1               
000900  1               ; addr is > string storage ptr (oops!)
000900  1               LAB_1229:
000900  1  48                   PHA                     ; push addr low byte
000901  1  A2 08                LDX     #$08            ; set index to save Adatal to expneg inclusive
000903  1  98                   TYA                     ; copy addr high byte (to push on stack)
000904  1               
000904  1               ; save misc numeric work area
000904  1               LAB_122D:
000904  1  48                   PHA                     ; push byte
000905  1  B5 A3                LDA     Adatal-1,X      ; get byte from Adatal to expneg ( ,$00 not pushed)
000907  1  CA                   DEX                     ; decrement index
000908  1  10 FA                BPL     LAB_122D        ; loop until all done
00090A  1               
00090A  1  20 E1 19             JSR     LAB_GARB        ; garbage collection routine
00090D  1               
00090D  1               ; restore misc numeric work area
00090D  1  A2 00                LDX     #$00            ; clear the index to restore bytes
00090F  1               LAB_1238:
00090F  1  68                   PLA                     ; pop byte
000910  1  95 A4                STA     Adatal,X        ; save byte to Adatal to expneg
000912  1  E8                   INX                     ; increment index
000913  1  E0 08                CPX     #$08            ; compare with end + 1
000915  1  30 F8                BMI     LAB_1238        ; loop if more to do
000917  1               
000917  1  68                   PLA                     ; pop addr high byte
000918  1  A8                   TAY                     ; copy back to Y
000919  1  68                   PLA                     ; pop addr low byte
00091A  1  C4 82                CPY     Sstorh          ; compare bottom of string mem high byte
00091C  1  90 06                BCC     LAB_124B        ; if less then exit (is ok)
00091E  1               
00091E  1  D0 05                BNE     LAB_OMER        ; if greater do "Out of memory" error then warm start
000920  1               
000920  1               ; high byte was =, now do low byte
000920  1  C5 81                CMP     Sstorl          ; compare with bottom of string mem low byte
000922  1  B0 01                BCS     LAB_OMER        ; if >= do "Out of memory" error then warm start
000924  1               
000924  1               ; ok exit, carry clear
000924  1               LAB_124B:
000924  1  60                   RTS
000925  1               
000925  1               ; do "Out of memory" error then warm start
000925  1               
000925  1               LAB_OMER:
000925  1  A2 0C                LDX     #$0C            ; error code $0C ("Out of memory" error)
000927  1               
000927  1               ; do error #X, then warm start
000927  1               
000927  1               LAB_XERR:
000927  1  20 92 10             JSR     LAB_CRLF        ; print CR/LF
00092A  1               
00092A  1  BD B4 2E             LDA     LAB_BAER,X      ; get error message pointer low byte
00092D  1  BC B5 2E             LDY     LAB_BAER+1,X    ; get error message pointer high byte
000930  1  20 D3 10             JSR     LAB_18C3        ; print null terminated string from memory
000933  1               
000933  1  20 88 0B             JSR     LAB_1491        ; flush stack and clear continue flag
000936  1  A9 F1                LDA     #<LAB_EMSG      ; point to " Error" low addr
000938  1  A0 2F                LDY     #>LAB_EMSG      ; point to " Error" high addr
00093A  1               LAB_1269:
00093A  1  20 D3 10             JSR     LAB_18C3        ; print null terminated string from memory
00093D  1  A4 88                LDY     Clineh          ; get current line high byte
00093F  1  C8                   INY                     ; increment it
000940  1  F0 03                BEQ     LAB_1274        ; go do warm start (was immediate mode)
000942  1               
000942  1               ; else print line number
000942  1  20 7F 22             JSR     LAB_2953        ; print " in line [LINE #]"
000945  1               
000945  1               ; BASIC warm start entry point
000945  1               ; wait for Basic command
000945  1               
000945  1               LAB_1274:
000945  1               
000945  1  A9 2A                LDA     #'*'
000947  1  20 EC 32             JSR     WRSER1
00094A  1               
00094A  1               ; clear ON IRQ/NMI bytes
00094A  1  A9 00                LDA     #$00            ; clear A
00094C  1  85 E8                STA     IrqBase         ; clear enabled byte
00094E  1  85 E5                STA     NmiBase         ; clear enabled byte
000950  1  A9 02                LDA     #<LAB_RMSG      ; point to "Ready" message low byte
000952  1  A0 30                LDY     #>LAB_RMSG      ; point to "Ready" message high byte
000954  1               
000954  1               
000954  1  48                   PHA
000955  1  A9 24                LDA     #'$'
000957  1  20 EC 32             JSR     WRSER1
00095A  1  68                   PLA
00095B  1               
00095B  1               
00095B  1  20 D3 10             JSR     LAB_18C3        ; go do print string
00095E  1               
00095E  1               
00095E  1               ; wait for Basic command (no "Ready")
00095E  1               
00095E  1               LAB_127D:
00095E  1  A9 25                LDA     #'%'
000960  1  20 EC 32             JSR     WRSER1
000963  1               
000963  1  20 49 0A             JSR     LAB_1357        ; call for BASIC input
000966  1               LAB_1280:
000966  1  86 C3                STX     Bpntrl          ; set BASIC execute pointer low byte
000968  1  84 C4                STY     Bpntrh          ; set BASIC execute pointer high byte
00096A  1                       .IFDEF  DUODYNE
00096A  1                       JSL     LAB_GBYT        ; scan memory
00096A  1                       .ELSE
00096A  1  20 C2 00             JSR     LAB_GBYT        ; scan memory
00096D  1                       .ENDIF
00096D  1  F0 EF                BEQ     LAB_127D        ; loop while null
00096F  1               
00096F  1               ; got to interpret input line now ..
00096F  1               
00096F  1  A2 FF                LDX     #$FF            ; current line to null value
000971  1  86 88                STX     Clineh          ; set current line high byte
000973  1  90 06                BCC     LAB_1295        ; branch if numeric character (handle new BASIC line)
000975  1               
000975  1               ; no line number .. immediate mode
000975  1  20 7D 0A             JSR     LAB_13A6        ; crunch keywords into Basic tokens
000978  1  4C F2 0C             JMP     LAB_15F6        ; go scan and interpret code
00097B  1               
00097B  1               ; handle new BASIC line
00097B  1               
00097B  1               LAB_1295:
00097B  1  20 55 0F             JSR     LAB_GFPN        ; get fixed-point number into temp integer
00097E  1  20 7D 0A             JSR     LAB_13A6        ; crunch keywords into Basic tokens
000981  1  84 5D                STY     Ibptr           ; save index pointer to end of crunched line
000983  1  20 23 0B             JSR     LAB_SSLN        ; search BASIC for temp integer line number
000986  1  90 44                BCC     LAB_12E6        ; branch if not found
000988  1               
000988  1               ; aroooogah! line # already exists! delete it
000988  1  A0 01                LDY     #$01            ; set index to next line pointer high byte
00098A  1  B1 AA                LDA     (Baslnl),Y      ; get next line pointer high byte
00098C  1  85 72                STA     ut1_ph          ; save it
00098E  1  A5 7B                LDA     Svarl           ; get start of vars low byte
000990  1  85 71                STA     ut1_pl          ; save it
000992  1  A5 AB                LDA     Baslnh          ; get found line pointer high byte
000994  1  85 74                STA     ut2_ph          ; save it
000996  1  A5 AA                LDA     Baslnl          ; get found line pointer low byte
000998  1  88                   DEY                     ; decrement index
000999  1  F1 AA                SBC     (Baslnl),Y      ; subtract next line pointer low byte
00099B  1  18                   CLC                     ; clear carry for add
00099C  1  65 7B                ADC     Svarl           ; add start of vars low byte
00099E  1  85 7B                STA     Svarl           ; save new start of vars low byte
0009A0  1  85 73                STA     ut2_pl          ; save destination pointer low byte
0009A2  1  A5 7C                LDA     Svarh           ; get start of vars high byte
0009A4  1  69 FF                ADC     #$FF            ; -1 + carry
0009A6  1  85 7C                STA     Svarh           ; save start of vars high byte
0009A8  1  E5 AB                SBC     Baslnh          ; subtract found line pointer high byte
0009AA  1  AA                   TAX                     ; copy to block count
0009AB  1  38                   SEC                     ; set carry for subtract
0009AC  1  A5 AA                LDA     Baslnl          ; get found line pointer low byte
0009AE  1  E5 7B                SBC     Svarl           ; subtract start of vars low byte
0009B0  1  A8                   TAY                     ; copy to bytes in first block count
0009B1  1  B0 03                BCS     LAB_12D0        ; branch if overflow
0009B3  1               
0009B3  1  E8                   INX                     ; increment block count (correct for =0 loop exit)
0009B4  1  C6 74                DEC     ut2_ph          ; decrement destination high byte
0009B6  1               LAB_12D0:
0009B6  1  18                   CLC                     ; clear carry for add
0009B7  1  65 71                ADC     ut1_pl          ; add source pointer low byte
0009B9  1  90 03                BCC     LAB_12D8        ; branch if no overflow
0009BB  1               
0009BB  1  C6 72                DEC     ut1_ph          ; else decrement source pointer high byte
0009BD  1  18                   CLC                     ; clear carry
0009BE  1               
0009BE  1               ; close up memory to delete old line
0009BE  1               LAB_12D8:
0009BE  1  B1 71                LDA     (ut1_pl),Y      ; get byte from source
0009C0  1  91 73                STA     (ut2_pl),Y      ; copy to destination
0009C2  1  C8                   INY                     ; increment index
0009C3  1  D0 F9                BNE     LAB_12D8        ; while <> 0 do this block
0009C5  1               
0009C5  1  E6 72                INC     ut1_ph          ; increment source pointer high byte
0009C7  1  E6 74                INC     ut2_ph          ; increment destination pointer high byte
0009C9  1  CA                   DEX                     ; decrement block count
0009CA  1  D0 F2                BNE     LAB_12D8        ; loop until all done
0009CC  1               
0009CC  1               ; got new line in buffer and no existing same #
0009CC  1               LAB_12E6:
0009CC  1  AD 81 33             LDA     Ibuffs          ; get byte from start of input buffer
0009CF  1  F0 3F                LBEQ    LAB_1319        ; if null line just go flush stack/vars and exit
0009D1  1               
0009D1  1               ; got new line and it isn't empty line
0009D1  1  A5 85                LDA     Ememl           ; get end of mem low byte
0009D3  1  A4 86                LDY     Ememh           ; get end of mem high byte
0009D5  1  85 81                STA     Sstorl          ; set bottom of string space low byte
0009D7  1  84 82                STY     Sstorh          ; set bottom of string space high byte
0009D9  1  A5 7B                LDA     Svarl           ; get start of vars low byte	(end of BASIC)
0009DB  1  85 A6                STA     Obendl          ; save old block end low byte
0009DD  1  A4 7C                LDY     Svarh           ; get start of vars high byte	(end of BASIC)
0009DF  1  84 A7                STY     Obendh          ; save old block end high byte
0009E1  1  65 5D                ADC     Ibptr           ; add input buffer pointer	(also buffer length)
0009E3  1  90 01                BCC     LAB_1301        ; branch if no overflow from add
0009E5  1               
0009E5  1  C8                   INY                     ; else increment high byte
0009E6  1               LAB_1301:
0009E6  1  85 A4                STA     Nbendl          ; save new block end low byte	(move to, low byte)
0009E8  1  84 A5                STY     Nbendh          ; save new block end high byte
0009EA  1  20 AC 08             JSR     LAB_11CF        ; open up space in memory
0009ED  1               ; old start pointer Ostrtl,Ostrth set by the find line call
0009ED  1  A5 7F                LDA     Earryl          ; get array mem end low byte
0009EF  1  A4 80                LDY     Earryh          ; get array mem end high byte
0009F1  1  85 7B                STA     Svarl           ; save start of vars low byte
0009F3  1  84 7C                STY     Svarh           ; save start of vars high byte
0009F5  1  A4 5D                LDY     Ibptr           ; get input buffer pointer	(also buffer length)
0009F7  1  88                   DEY                     ; adjust for loop type
0009F8  1               LAB_1311:
0009F8  1  B9 7D 33             LDA     Ibuffs-4,Y      ; get byte from crunched line
0009FB  1  91 AA                STA     (Baslnl),Y      ; save it to program memory
0009FD  1  88                   DEY                     ; decrement count
0009FE  1  C0 03                CPY     #$03            ; compare with first byte-1
000A00  1  D0 F6                BNE     LAB_1311        ; continue while count <> 3
000A02  1               
000A02  1  A5 12                LDA     Itemph          ; get line # high byte
000A04  1  91 AA                STA     (Baslnl),Y      ; save it to program memory
000A06  1  88                   DEY                     ; decrement count
000A07  1  A5 11                LDA     Itempl          ; get line # low byte
000A09  1  91 AA                STA     (Baslnl),Y      ; save it to program memory
000A0B  1  88                   DEY                     ; decrement count
000A0C  1  A9 FF                LDA     #$FF            ; set byte to allow chain rebuild. if you didn't set this
000A0E  1               ; byte then a zero already here would stop the chain rebuild
000A0E  1               ; as it would think it was the [EOT] marker.
000A0E  1  91 AA                STA     (Baslnl),Y      ; save it to program memory
000A10  1               
000A10  1               LAB_1319:
000A10  1  20 64 0B             JSR     LAB_1477        ; reset execution to start, clear vars and flush stack
000A13  1  A6 79                LDX     Smeml           ; get start of mem low byte
000A15  1  A5 7A                LDA     Smemh           ; get start of mem high byte
000A17  1  A0 01                LDY     #$01            ; index to high byte of next line pointer
000A19  1               LAB_1325:
000A19  1  86 71                STX     ut1_pl          ; set line start pointer low byte
000A1B  1  85 72                STA     ut1_ph          ; set line start pointer high byte
000A1D  1  B1 71                LDA     (ut1_pl),Y      ; get it
000A1F  1  F0 18                BEQ     LAB_133E        ; exit if end of program
000A21  1               
000A21  1               ; rebuild chaining of Basic lines
000A21  1               
000A21  1  A0 04                LDY     #$04            ; point to first code byte of line
000A23  1               ; there is always 1 byte + [EOL] as null entries are deleted
000A23  1               LAB_1330:
000A23  1  C8                   INY                     ; next code byte
000A24  1  B1 71                LDA     (ut1_pl),Y      ; get byte
000A26  1  D0 FB                BNE     LAB_1330        ; loop if not [EOL]
000A28  1               
000A28  1  38                   SEC                     ; set carry for add + 1
000A29  1  98                   TYA                     ; copy end index
000A2A  1  65 71                ADC     ut1_pl          ; add to line start pointer low byte
000A2C  1  AA                   TAX                     ; copy to X
000A2D  1  A0 00                LDY     #$00            ; clear index, point to this line's next line pointer
000A2F  1  91 71                STA     (ut1_pl),Y      ; set next line pointer low byte
000A31  1  98                   TYA                     ; clear A
000A32  1  65 72                ADC     ut1_ph          ; add line start pointer high byte + carry
000A34  1  C8                   INY                     ; increment index to high byte
000A35  1  91 71                STA     (ut1_pl),Y      ; save next line pointer low byte
000A37  1  90 E0                BCC     LAB_1325        ; go do next line, branch always, carry clear
000A39  1               
000A39  1               
000A39  1               LAB_133E:
000A39  1  4C 5E 09             JMP     LAB_127D        ; else we just wait for Basic command, no "Ready"
000A3C  1               
000A3C  1               ; print "? " and get BASIC input
000A3C  1               
000A3C  1               LAB_INLN:
000A3C  1  20 EB 10             JSR     LAB_18E3        ; print "?" character
000A3F  1  20 E8 10             JSR     LAB_18E0        ; print " "
000A42  1  D0 05                BNE     LAB_1357        ; call for BASIC input and return
000A44  1               
000A44  1               ; receive line from keyboard
000A44  1               
000A44  1               ; $08 as delete key (BACKSPACE on standard keyboard)
000A44  1               LAB_134B:
000A44  1  20 ED 10             JSR     LAB_PRNA        ; go print the character
000A47  1  CA                   DEX                     ; decrement the buffer counter (delete)
000A48  1  2C                   .BYTE   $2C             ; make LDX into BIT abs
000A49  1               
000A49  1               ; call for BASIC input (main entry point)
000A49  1               
000A49  1               LAB_1357:
000A49  1  A2 00                LDX     #$00            ; clear BASIC line buffer pointer
000A4B  1               LAB_1359:
000A4B  1  A9 5E                LDA     #'^'
000A4D  1  20 EC 32             JSR     WRSER1
000A50  1               
000A50  1  20 30 30             JSR     V_INPT          ; call scan input device
000A53  1  90 F6                BCC     LAB_1359        ; loop if no byte
000A55  1               
000A55  1               ;BEQ	LAB_1359		; loop until valid input (ignore NULLs)
000A55  1               
000A55  1  C9 07                CMP     #$07            ; compare with [BELL]
000A57  1  F0 10                BEQ     LAB_1378        ; branch if [BELL]
000A59  1               
000A59  1  C9 0D                CMP     #$0D            ; compare with [CR]
000A5B  1  F0 19                BEQ     LAB_1384        ; do CR/LF exit if [CR]
000A5D  1               
000A5D  1  E0 00                CPX     #$00            ; compare pointer with $00
000A5F  1  D0 04                BNE     LAB_1374        ; branch if not empty
000A61  1               
000A61  1               ; next two lines ignore any non print character and [SPACE] if input buffer empty
000A61  1               
000A61  1  C9 21                CMP     #$21            ; compare with [SP]+1
000A63  1  90 E6                BCC     LAB_1359        ; if < ignore character
000A65  1               
000A65  1               LAB_1374:
000A65  1  C9 08                CMP     #$08            ; compare with [BACKSPACE] (delete last character)
000A67  1  F0 DB                BEQ     LAB_134B        ; go delete last character
000A69  1               
000A69  1               LAB_1378:
000A69  1  E0 47                CPX     #Ibuffe-Ibuffs  ; compare character count with max
000A6B  1  B0 0C                BCS     LAB_138E        ; skip store and do [BELL] if buffer full
000A6D  1               
000A6D  1  9D 81 33             STA     Ibuffs,X        ; else store in buffer
000A70  1  E8                   INX                     ; increment pointer
000A71  1               LAB_137F:
000A71  1  20 ED 10             JSR     LAB_PRNA        ; go print the character
000A74  1  D0 D5                BNE     LAB_1359        ; always loop for next character
000A76  1               
000A76  1               LAB_1384:
000A76  1  4C 89 10             JMP     LAB_1866        ; do CR/LF exit to BASIC
000A79  1               
000A79  1               ; announce buffer full
000A79  1               
000A79  1               LAB_138E:
000A79  1  A9 07                LDA     #$07            ; [BELL] character into A
000A7B  1  D0 F4                BNE     LAB_137F        ; go print the [BELL] but ignore input character
000A7D  1               ; branch always
000A7D  1               
000A7D  1               ; crunch keywords into Basic tokens
000A7D  1               ; position independent buffer version ..
000A7D  1               ; faster, dictionary search version ....
000A7D  1               
000A7D  1               LAB_13A6:
000A7D  1  A0 FF                LDY     #$FF            ; set save index (makes for easy math later)
000A7F  1               
000A7F  1  38                   SEC                     ; set carry for subtract
000A80  1  A5 C3                LDA     Bpntrl          ; get basic execute pointer low byte
000A82  1  E9 81                SBC     #<Ibuffs        ; subtract input buffer start pointer
000A84  1  AA                   TAX                     ; copy result to X (index past line # if any)
000A85  1               
000A85  1  86 60                STX     Oquote          ; clear open quote/DATA flag
000A87  1               LAB_13AC:
000A87  1  BD 81 33             LDA     Ibuffs,X        ; get byte from input buffer
000A8A  1  F0 51                BEQ     LAB_13EC        ; if null save byte then exit
000A8C  1               
000A8C  1  C9 5F                CMP     #'_'            ; compare with "_"
000A8E  1  B0 4D                BCS     LAB_13EC        ; if >= go save byte then continue crunching
000A90  1               
000A90  1  C9 3C                CMP     #'<'            ; compare with "<"
000A92  1  B0 0E                BCS     LAB_13CC        ; if >= go crunch now
000A94  1               
000A94  1  C9 30                CMP     #'0'            ; compare with "0"
000A96  1  B0 45                BCS     LAB_13EC        ; if >= go save byte then continue crunching
000A98  1               
000A98  1  85 5C                STA     Scnquo          ; save buffer byte as search character
000A9A  1  C9 22                CMP     #$22            ; is it quote character?
000A9C  1  F0 61                LBEQ    LAB_1410        ; branch if so (copy quoted string)
000A9E  1               
000A9E  1  C9 2A                CMP     #'*'            ; compare with "*"
000AA0  1  90 3B                BCC     LAB_13EC        ; if < go save byte then continue crunching
000AA2  1               
000AA2  1               ; else crunch now
000AA2  1               LAB_13CC:
000AA2  1  24 60                BIT     Oquote          ; get open quote/DATA token flag
000AA4  1  70 37                BVS     LAB_13EC        ; branch if b6 of Oquote set (was DATA)
000AA6  1               ; go save byte then continue crunching
000AA6  1               
000AA6  1  86 78                STX     TempB           ; save buffer read index
000AA8  1  84 BA                STY     csidx           ; copy buffer save index
000AAA  1  A0 10                LDY     #<TAB_1STC      ; get keyword first character table low address
000AAC  1  84 73                STY     ut2_pl          ; save pointer low byte
000AAE  1  A0 2B                LDY     #>TAB_1STC      ; get keyword first character table high address
000AB0  1  84 74                STY     ut2_ph          ; save pointer high byte
000AB2  1  A0 00                LDY     #$00            ; clear table pointer
000AB4  1               
000AB4  1               LAB_13D0:
000AB4  1  D1 73                CMP     (ut2_pl),Y      ; compare with keyword first character table byte
000AB6  1  F0 05                BEQ     LAB_13D1        ; go do word_table_chr if match
000AB8  1               
000AB8  1  90 21                BCC     LAB_13EA        ; if < keyword first character table byte go restore
000ABA  1               ; Y and save to crunched
000ABA  1               
000ABA  1  C8                   INY                     ; else increment pointer
000ABB  1  D0 F7                BNE     LAB_13D0        ; and loop (branch always)
000ABD  1               
000ABD  1               ; have matched first character of some keyword
000ABD  1               
000ABD  1               LAB_13D1:
000ABD  1  98                   TYA                     ; copy matching index
000ABE  1  0A                   ASL     A               ; *2 (bytes per pointer)
000ABF  1  AA                   TAX                     ; copy to new index
000AC0  1  BD 2F 2B             LDA     TAB_CHRT,X      ; get keyword table pointer low byte
000AC3  1  85 73                STA     ut2_pl          ; save pointer low byte
000AC5  1  BD 30 2B             LDA     TAB_CHRT+1,X    ; get keyword table pointer high byte
000AC8  1  85 74                STA     ut2_ph          ; save pointer high byte
000ACA  1               
000ACA  1  A0 FF                LDY     #$FF            ; clear table pointer (make -1 for start)
000ACC  1               
000ACC  1  A6 78                LDX     TempB           ; restore buffer read index
000ACE  1               
000ACE  1               LAB_13D6:
000ACE  1  C8                   INY                     ; next table byte
000ACF  1  B1 73                LDA     (ut2_pl),Y      ; get byte from table
000AD1  1               LAB_13D8:
000AD1  1  30 08                BMI     LAB_13EA        ; all bytes matched so go save token
000AD3  1               
000AD3  1  E8                   INX                     ; next buffer byte
000AD4  1  DD 81 33             CMP     Ibuffs,X        ; compare with byte from input buffer
000AD7  1  F0 F5                BEQ     LAB_13D6        ; go compare next if match
000AD9  1               
000AD9  1  D0 2B                BNE     LAB_1417        ; branch if >< (not found keyword)
000ADB  1               
000ADB  1               LAB_13EA:
000ADB  1  A4 BA                LDY     csidx           ; restore save index
000ADD  1               
000ADD  1               ; save crunched to output
000ADD  1               LAB_13EC:
000ADD  1  E8                   INX                     ; increment buffer index (to next input byte)
000ADE  1  C8                   INY                     ; increment save index (to next output byte)
000ADF  1  99 81 33             STA     Ibuffs,Y        ; save byte to output
000AE2  1  C9 00                CMP     #$00            ; set the flags, set carry
000AE4  1  F0 32                BEQ     LAB_142A        ; do exit if was null [EOL]
000AE6  1               
000AE6  1               ; A holds token or byte here
000AE6  1  E9 3A                SBC     #':'            ; subtract ":" (carry set by CMP #00)
000AE8  1  F0 04                BEQ     LAB_13FF        ; branch if it was ":" (is now $00)
000AEA  1               
000AEA  1               ; A now holds token-$3A
000AEA  1  C9 49                CMP     #TK_DATA-$3A    ; compare with DATA token - $3A
000AEC  1  D0 02                BNE     LAB_1401        ; branch if not DATA
000AEE  1               
000AEE  1               ; token was : or DATA
000AEE  1               LAB_13FF:
000AEE  1  85 60                STA     Oquote          ; save token-$3A (clear for ":", TK_DATA-$3A for DATA)
000AF0  1               LAB_1401:
000AF0  1  49 57                EOR     #TK_REM-$3A     ; effectively subtract REM token offset
000AF2  1  D0 93                LBNE    LAB_13AC        ; If wasn't REM then go crunch rest of line
000AF4  1               
000AF4  1  85 5C                STA     Asrch           ; else was REM so set search for [EOL]
000AF6  1               
000AF6  1               ; loop for REM, "..." etc.
000AF6  1               LAB_1408:
000AF6  1  BD 81 33             LDA     Ibuffs,X        ; get byte from input buffer
000AF9  1  F0 E2                BEQ     LAB_13EC        ; branch if null [EOL]
000AFB  1               
000AFB  1  C5 5C                CMP     Asrch           ; compare with stored character
000AFD  1  F0 DE                BEQ     LAB_13EC        ; branch if match (end quote)
000AFF  1               
000AFF  1               ; entry for copy string in quotes, don't crunch
000AFF  1               LAB_1410:
000AFF  1  C8                   INY                     ; increment buffer save index
000B00  1  99 81 33             STA     Ibuffs,Y        ; save byte to output
000B03  1  E8                   INX                     ; increment buffer read index
000B04  1  D0 F0                BNE     LAB_1408        ; loop while <> 0 (should never be 0!)
000B06  1               
000B06  1               ; not found keyword this go
000B06  1               LAB_1417:
000B06  1  A6 78                LDX     TempB           ; compare has failed, restore buffer index (start byte!)
000B08  1               
000B08  1               ; now find the end of this word in the table
000B08  1               LAB_141B:
000B08  1  B1 73                LDA     (ut2_pl),Y      ; get table byte
000B0A  1  08                   PHP                     ; save status
000B0B  1  C8                   INY                     ; increment table index
000B0C  1  28                   PLP                     ; restore byte status
000B0D  1  10 F9                BPL     LAB_141B        ; if not end of keyword go do next
000B0F  1               
000B0F  1  B1 73                LDA     (ut2_pl),Y      ; get byte from keyword table
000B11  1  D0 BE                BNE     LAB_13D8        ; go test next word if not zero byte (end of table)
000B13  1               
000B13  1               ; reached end of table with no match
000B13  1  BD 81 33             LDA     Ibuffs,X        ; restore byte from input buffer
000B16  1  10 C3                BPL     LAB_13EA        ; branch always (all bytes in buffer are $00-$7F)
000B18  1               ; go save byte in output and continue crunching
000B18  1               
000B18  1               ; reached [EOL]
000B18  1               LAB_142A:
000B18  1  C8                   INY                     ; increment pointer
000B19  1  C8                   INY                     ; increment pointer (makes it next line pointer high byte)
000B1A  1  99 81 33             STA     Ibuffs,Y        ; save [EOL] (marks [EOT] in immediate mode)
000B1D  1  C8                   INY                     ; adjust for line copy
000B1E  1  C8                   INY                     ; adjust for line copy
000B1F  1  C8                   INY                     ; adjust for line copy
000B20  1  C6 C3                DEC     Bpntrl          ; allow for increment (change if buffer starts at $xxFF)
000B22  1  60                   RTS
000B23  1               
000B23  1               ; search Basic for temp integer line number from start of mem
000B23  1               
000B23  1               LAB_SSLN:
000B23  1  A5 79                LDA     Smeml           ; get start of mem low byte
000B25  1  A6 7A                LDX     Smemh           ; get start of mem high byte
000B27  1               
000B27  1               ; search Basic for temp integer line number from AX
000B27  1               ; returns carry set if found
000B27  1               ; returns Baslnl/Baslnh pointer to found or next higher (not found) line
000B27  1               
000B27  1               ; old 541 new 507
000B27  1               
000B27  1               LAB_SHLN:
000B27  1  A0 01                LDY     #$01            ; set index
000B29  1  85 AA                STA     Baslnl          ; save low byte as current
000B2B  1  86 AB                STX     Baslnh          ; save high byte as current
000B2D  1  B1 AA                LDA     (Baslnl),Y      ; get pointer high byte from addr
000B2F  1  F0 1A                BEQ     LAB_145F        ; pointer was zero so we're done, do 'not found' exit
000B31  1               
000B31  1  A0 03                LDY     #$03            ; set index to line # high byte
000B33  1  B1 AA                LDA     (Baslnl),Y      ; get line # high byte
000B35  1  88                   DEY                     ; decrement index (point to low byte)
000B36  1  C5 12                CMP     Itemph          ; compare with temporary integer high byte
000B38  1  D0 04                BNE     LAB_1455        ; if <> skip low byte check
000B3A  1               
000B3A  1  B1 AA                LDA     (Baslnl),Y      ; get line # low byte
000B3C  1  C5 11                CMP     Itempl          ; compare with temporary integer low byte
000B3E  1               LAB_1455:
000B3E  1  B0 09                BCS     LAB_145E        ; else if temp < this line, exit (passed line#)
000B40  1               
000B40  1               LAB_1456:
000B40  1  88                   DEY                     ; decrement index to next line ptr high byte
000B41  1  B1 AA                LDA     (Baslnl),Y      ; get next line pointer high byte
000B43  1  AA                   TAX                     ; copy to X
000B44  1  88                   DEY                     ; decrement index to next line ptr low byte
000B45  1  B1 AA                LDA     (Baslnl),Y      ; get next line pointer low byte
000B47  1  90 DE                LBCC    LAB_SHLN        ; go search for line # in temp (Itempl/Itemph) from AX
000B49  1               ; (carry always clear)
000B49  1               
000B49  1               LAB_145E:
000B49  1  F0 01                BEQ     LAB_1460        ; exit if temp = found line #, carry is set
000B4B  1               
000B4B  1               LAB_145F:
000B4B  1  18                   CLC                     ; clear found flag
000B4C  1               LAB_1460:
000B4C  1  60                   RTS
000B4D  1               
000B4D  1               ; perform NEW
000B4D  1               
000B4D  1               LAB_NEW:
000B4D  1  D0 FD                BNE     LAB_1460        ; exit if not end of statement (to do syntax error)
000B4F  1               
000B4F  1               LAB_1463:
000B4F  1  A9 00                LDA     #$00            ; clear A
000B51  1  A8                   TAY                     ; clear Y
000B52  1  91 79                STA     (Smeml),Y       ; clear first line, next line pointer, low byte
000B54  1  C8                   INY                     ; increment index
000B55  1  91 79                STA     (Smeml),Y       ; clear first line, next line pointer, high byte
000B57  1  18                   CLC                     ; clear carry
000B58  1  A5 79                LDA     Smeml           ; get start of mem low byte
000B5A  1  69 02                ADC     #$02            ; calculate end of BASIC low byte
000B5C  1  85 7B                STA     Svarl           ; save start of vars low byte
000B5E  1  A5 7A                LDA     Smemh           ; get start of mem high byte
000B60  1  69 00                ADC     #$00            ; add any carry
000B62  1  85 7C                STA     Svarh           ; save start of vars high byte
000B64  1               
000B64  1               ; reset execution to start, clear vars and flush stack
000B64  1               
000B64  1               LAB_1477:
000B64  1  18                   CLC                     ; clear carry
000B65  1  A5 79                LDA     Smeml           ; get start of mem low byte
000B67  1  69 FF                ADC     #$FF            ; -1
000B69  1  85 C3                STA     Bpntrl          ; save BASIC execute pointer low byte
000B6B  1  A5 7A                LDA     Smemh           ; get start of mem high byte
000B6D  1  69 FF                ADC     #$FF            ; -1+carry
000B6F  1  85 C4                STA     Bpntrh          ; save BASIC execute pointer high byte
000B71  1               
000B71  1               ; "CLEAR" command gets here
000B71  1               
000B71  1               LAB_147A:
000B71  1  A5 85                LDA     Ememl           ; get end of mem low byte
000B73  1  A4 86                LDY     Ememh           ; get end of mem high byte
000B75  1  85 81                STA     Sstorl          ; set bottom of string space low byte
000B77  1  84 82                STY     Sstorh          ; set bottom of string space high byte
000B79  1  A5 7B                LDA     Svarl           ; get start of vars low byte
000B7B  1  A4 7C                LDY     Svarh           ; get start of vars high byte
000B7D  1  85 7D                STA     Sarryl          ; save var mem end low byte
000B7F  1  84 7E                STY     Sarryh          ; save var mem end high byte
000B81  1  85 7F                STA     Earryl          ; save array mem end low byte
000B83  1  84 80                STY     Earryh          ; save array mem end high byte
000B85  1  20 44 0D             JSR     LAB_161A        ; perform RESTORE command
000B88  1               
000B88  1               ; flush stack and clear continue flag
000B88  1               
000B88  1               LAB_1491:
000B88  1                       .IFDEF  DUODYNE
000B88  1                       ACCUMULATORINDEX16
000B88  1                       PLX                     ; pull return address low byte
000B88  1                       LDA     #STACK          ; get the stack address
000B88  1                       TCS                     ; and set the stack to it
000B88  1                       PHX
000B88  1                       ACCUMULATORINDEX8
000B88  1                       .ELSE
000B88  1  A2 68                LDX     #des_sk         ; set descriptor stack pointer
000B8A  1  86 65                STX     next_s          ; save descriptor stack pointer
000B8C  1  68                   PLA                     ; pull return address low byte
000B8D  1  AA                   TAX                     ; copy return address low byte
000B8E  1  68                   PLA                     ; pull return address high byte
000B8F  1  8E FE 01             STX     LAB_SKFE        ; save to cleared stack
000B92  1  8D FF 01             STA     LAB_SKFF        ; save to cleared stack
000B95  1  A2 FD                LDX     #$FD            ; new stack pointer
000B97  1  9A                   TXS                     ; reset stack
000B98  1                       .ENDIF
000B98  1  A9 00                LDA     #$00            ; clear byte
000B9A  1  85 8C                STA     Cpntrh          ; clear continue pointer high byte
000B9C  1  85 61                STA     Sufnxf          ; clear subscript/FNX flag
000B9E  1               LAB_14A6:
000B9E  1  60                   RTS
000B9F  1               
000B9F  1               ; perform CLEAR
000B9F  1               
000B9F  1               LAB_CLEAR:
000B9F  1  F0 D0                BEQ     LAB_147A        ; if no following token go do "CLEAR"
000BA1  1               
000BA1  1               ; else there was a following token (go do syntax error)
000BA1  1  60                   RTS
000BA2  1               
000BA2  1               ; perform LIST [n][-m]
000BA2  1               ; bigger, faster version (a _lot_ faster)
000BA2  1               
000BA2  1               LAB_LIST:
000BA2  1  90 06                BCC     LAB_14BD        ; branch if next character numeric (LIST n..)
000BA4  1               
000BA4  1  F0 04                BEQ     LAB_14BD        ; branch if next character [NULL] (LIST)
000BA6  1               
000BA6  1  C9 B8                CMP     #TK_MINUS       ; compare with token for -
000BA8  1  D0 F4                BNE     LAB_14A6        ; exit if not - (LIST -m)
000BAA  1               
000BAA  1               ; LIST [[n][-m]]
000BAA  1               ; this bit sets the n , if present, as the start and end
000BAA  1               LAB_14BD:
000BAA  1  20 55 0F             JSR     LAB_GFPN        ; get fixed-point number into temp integer
000BAD  1  20 23 0B             JSR     LAB_SSLN        ; search BASIC for temp integer line number
000BB0  1               ; (pointer in Baslnl/Baslnh)
000BB0  1                       .IFDEF  DUODYNE
000BB0  1                       JSL     LAB_GBYT        ; scan memory
000BB0  1                       .ELSE
000BB0  1  20 C2 00             JSR     LAB_GBYT        ; scan memory
000BB3  1                       .ENDIF
000BB3  1               
000BB3  1  F0 0C                BEQ     LAB_14D4        ; branch if no more characters
000BB5  1               
000BB5  1               ; this bit checks the - is present
000BB5  1  C9 B8                CMP     #TK_MINUS       ; compare with token for -
000BB7  1  D0 5D                BNE     LAB_152B        ; return if not "-" (will be Syntax error)
000BB9  1               
000BB9  1               ; LIST [n]-m
000BB9  1               ; the - was there so set m as the end value
000BB9  1                       .IFDEF  DUODYNE
000BB9  1                       JSL     LAB_IGBY        ; increment and scan memory
000BB9  1                       .ELSE
000BB9  1  20 BC 00             JSR     LAB_IGBY        ; increment and scan memory
000BBC  1                       .ENDIF
000BBC  1  20 55 0F             JSR     LAB_GFPN        ; get fixed-point number into temp integer
000BBF  1  D0 55                BNE     LAB_152B        ; exit if not ok
000BC1  1               
000BC1  1               LAB_14D4:
000BC1  1  A5 11                LDA     Itempl          ; get temporary integer low byte
000BC3  1  05 12                ORA     Itemph          ; OR temporary integer high byte
000BC5  1  D0 06                BNE     LAB_14E2        ; branch if start set
000BC7  1               
000BC7  1  A9 FF                LDA     #$FF            ; set for -1
000BC9  1  85 11                STA     Itempl          ; set temporary integer low byte
000BCB  1  85 12                STA     Itemph          ; set temporary integer high byte
000BCD  1               LAB_14E2:
000BCD  1  A0 01                LDY     #$01            ; set index for line
000BCF  1  84 60                STY     Oquote          ; clear open quote flag
000BD1  1  20 92 10             JSR     LAB_CRLF        ; print CR/LF
000BD4  1  B1 AA                LDA     (<Baslnl),Y     ; get next line pointer high byte
000BD6  1               ; pointer initially set by search at LAB_14BD
000BD6  1  F0 3E                LBEQ    LAB_152B        ; if null all done so exit
000BD8  1  20 14 0D             JSR     LAB_1629        ; do CRTL-C check vector
000BDB  1               
000BDB  1  C8                   INY                     ; increment index for line
000BDC  1  B1 AA                LDA     (<Baslnl),Y     ; get line # low byte
000BDE  1  AA                   TAX                     ; copy to X
000BDF  1  C8                   INY                     ; increment index
000BE0  1  B1 AA                LDA     (<Baslnl),Y     ; get line # high byte
000BE2  1  C5 12                CMP     Itemph          ; compare with temporary integer high byte
000BE4  1  D0 04                BNE     LAB_14FF        ; branch if no high byte match
000BE6  1               
000BE6  1  E4 11                CPX     Itempl          ; compare with temporary integer low byte
000BE8  1  F0 02                BEQ     LAB_1501        ; branch if = last line to do (< will pass next branch)
000BEA  1               
000BEA  1               LAB_14FF:                       ; else ..
000BEA  1  B0 2A                BCS     LAB_152B        ; if greater all done so exit
000BEC  1               
000BEC  1               LAB_1501:
000BEC  1  84 97                STY     Tidx1           ; save index for line
000BEE  1  20 8A 22             JSR     LAB_295E        ; print XA as unsigned integer
000BF1  1  A9 20                LDA     #$20            ; space is the next character
000BF3  1               LAB_1508:
000BF3  1  A4 97                LDY     Tidx1           ; get index for line
000BF5  1  29 7F                AND     #$7F            ; mask top out bit of character
000BF7  1               LAB_150C:
000BF7  1  20 ED 10             JSR     LAB_PRNA        ; go print the character
000BFA  1  C9 22                CMP     #$22            ; was it " character
000BFC  1  D0 06                BNE     LAB_1519        ; branch if not
000BFE  1               
000BFE  1               ; we are either entering or leaving a pair of quotes
000BFE  1  A5 60                LDA     Oquote          ; get open quote flag
000C00  1  49 FF                EOR     #$FF            ; toggle it
000C02  1  85 60                STA     Oquote          ; save it back
000C04  1               LAB_1519:
000C04  1  C8                   INY                     ; increment index
000C05  1  B1 AA                LDA     (<Baslnl),Y     ; get next byte
000C07  1  D0 0E                BNE     LAB_152E        ; branch if not [EOL] (go print character)
000C09  1  A8                   TAY                     ; else clear index
000C0A  1  B1 AA                LDA     (<Baslnl),Y     ; get next line pointer low byte
000C0C  1  AA                   TAX                     ; copy to X
000C0D  1  C8                   INY                     ; increment index
000C0E  1  B1 AA                LDA     (<Baslnl),Y     ; get next line pointer high byte
000C10  1  86 AA                STX     Baslnl          ; set pointer to line low byte
000C12  1  85 AB                STA     Baslnh          ; set pointer to line high byte
000C14  1  D0 B7                LBNE    LAB_14E2        ; go do next line if not [EOT]
000C16  1               ; else ..
000C16  1               LAB_152B:
000C16  1  60                   RTS
000C17  1               
000C17  1               LAB_152E:
000C17  1  10 DE                BPL     LAB_150C        ; just go print it if not token byte
000C19  1               
000C19  1               ; else was token byte so uncrunch it (maybe)
000C19  1  24 60                BIT     Oquote          ; test the open quote flag
000C1B  1  30 DA                BMI     LAB_150C        ; just go print character if open quote set
000C1D  1               
000C1D  1  A2 2D                LDX     #>LAB_KEYT      ; get table address high byte
000C1F  1  0A                   ASL     A               ; *2
000C20  1  0A                   ASL     A               ; *4
000C21  1  90 02                BCC     LAB_152F        ; branch if no carry
000C23  1               
000C23  1  E8                   INX                     ; else increment high byte
000C24  1  18                   CLC                     ; clear carry for add
000C25  1               LAB_152F:
000C25  1  69 18                ADC     #<LAB_KEYT      ; add low byte
000C27  1  90 01                BCC     LAB_1530        ; branch if no carry
000C29  1               
000C29  1  E8                   INX                     ; else increment high byte
000C2A  1               LAB_1530:
000C2A  1  85 73                STA     ut2_pl          ; save table pointer low byte
000C2C  1  86 74                STX     ut2_ph          ; save table pointer high byte
000C2E  1  84 97                STY     Tidx1           ; save index for line
000C30  1  A0 00                LDY     #$00            ; clear index
000C32  1  B1 73                LDA     (<ut2_pl),Y     ; get length
000C34  1  AA                   TAX                     ; copy length
000C35  1  C8                   INY                     ; increment index
000C36  1  B1 73                LDA     (<ut2_pl),Y     ; get 1st character
000C38  1  CA                   DEX                     ; decrement length
000C39  1  F0 B8                LBEQ    LAB_1508        ; if no more characters exit and print
000C3B  1               
000C3B  1  20 ED 10             JSR     LAB_PRNA        ; go print the character
000C3E  1  C8                   INY                     ; increment index
000C3F  1  B1 73                LDA     (<ut2_pl),Y     ; get keyword address low byte
000C41  1  48                   PHA                     ; save it for now
000C42  1  C8                   INY                     ; increment index
000C43  1  B1 73                LDA     (<ut2_pl),Y     ; get keyword address high byte
000C45  1  A0 00                LDY     #$00
000C47  1  85 74                STA     ut2_ph          ; save keyword pointer high byte
000C49  1  68                   PLA                     ; pull low byte
000C4A  1  85 73                STA     ut2_pl          ; save keyword pointer low byte
000C4C  1               LAB_1540:
000C4C  1  B1 73                LDA     (<ut2_pl),Y     ; get character
000C4E  1  CA                   DEX                     ; decrement character count
000C4F  1  F0 A2                LBEQ    LAB_1508        ; if last character exit and print
000C51  1               
000C51  1  20 ED 10             JSR     LAB_PRNA        ; go print the character
000C54  1  C8                   INY                     ; increment index
000C55  1  D0 F5                BNE     LAB_1540        ; loop for next character
000C57  1               
000C57  1               ; perform FOR
000C57  1               
000C57  1               LAB_FOR:
000C57  1  A9 80                LDA     #$80            ; set FNX
000C59  1  85 61                STA     Sufnxf          ; set subscript/FNX flag
000C5B  1  20 B4 0F             JSR     LAB_LET         ; go do LET
000C5E  1  68                   PLA                     ; pull return address
000C5F  1  68                   PLA                     ; pull return address
000C60  1  A9 10                LDA     #$10            ; we need 16d bytes !
000C62  1  20 EE 08             JSR     LAB_1212        ; check room on stack for A bytes
000C65  1  20 9D 0E             JSR     LAB_SNBS        ; scan for next BASIC statement ([:] or [EOL])
000C68  1  18                   CLC                     ; clear carry for add
000C69  1  98                   TYA                     ; copy index to A
000C6A  1  65 C3                ADC     Bpntrl          ; add BASIC execute pointer low byte
000C6C  1  48                   PHA                     ; push onto stack
000C6D  1  A5 C4                LDA     Bpntrh          ; get BASIC execute pointer high byte
000C6F  1  69 00                ADC     #$00            ; add carry
000C71  1  48                   PHA                     ; push onto stack
000C72  1  A5 88                LDA     Clineh          ; get current line high byte
000C74  1  48                   PHA                     ; push onto stack
000C75  1  A5 87                LDA     Clinel          ; get current line low byte
000C77  1  48                   PHA                     ; push onto stack
000C78  1  A9 AE                LDA     #TK_TO          ; get "TO" token
000C7A  1  20 F1 13             JSR     LAB_SCCA        ; scan for CHR$(A) , else do syntax error then warm start
000C7D  1  20 D0 12             JSR     LAB_CTNM        ; check if source is numeric, else do type mismatch
000C80  1  20 CD 12             JSR     LAB_EVNM        ; evaluate expression and check is numeric,
000C83  1               ; else do type mismatch
000C83  1  A5 B0                LDA     FAC1_s          ; get FAC1 sign (b7)
000C85  1  09 7F                ORA     #$7F            ; set all non sign bits
000C87  1  25 AD                AND     FAC1_1          ; and FAC1 mantissa1
000C89  1  85 AD                STA     FAC1_1          ; save FAC1 mantissa1
000C8B  1  A9 96                LDA     #<LAB_159F      ; set return address low byte
000C8D  1  A0 0C                LDY     #>LAB_159F      ; set return address high byte
000C8F  1  85 71                STA     ut1_pl          ; save return address low byte
000C91  1  84 72                STY     ut1_ph          ; save return address high byte
000C93  1  4C 84 13             JMP     LAB_1B66        ; round FAC1 and put on stack (returns to next instruction)
000C96  1               
000C96  1               LAB_159F:
000C96  1  A9 DE                LDA     #<LAB_259C      ; set 1 pointer low addr (default step size)
000C98  1  A0 29                LDY     #>LAB_259C      ; set 1 pointer high addr
000C9A  1  20 82 20             JSR     LAB_UFAC        ; unpack memory (AY) into FAC1
000C9D  1                       .IFDEF  DUODYNE
000C9D  1                       JSL     LAB_GBYT        ; scan memory
000C9D  1                       .ELSE
000C9D  1  20 C2 00             JSR     LAB_GBYT        ; scan memory
000CA0  1                       .ENDIF
000CA0  1               
000CA0  1  C9 B3                CMP     #TK_STEP        ; compare with STEP token
000CA2  1  D0 06                BNE     LAB_15B3        ; jump if not "STEP"
000CA4  1               
000CA4  1               ;.was step so ..
000CA4  1                       .IFDEF  DUODYNE
000CA4  1                       JSL     LAB_IGBY        ; increment and scan memory
000CA4  1                       .ELSE
000CA4  1  20 BC 00             JSR     LAB_IGBY        ; increment and scan memory
000CA7  1                       .ENDIF
000CA7  1               
000CA7  1  20 CD 12             JSR     LAB_EVNM        ; evaluate expression and check is numeric,
000CAA  1               ; else do type mismatch
000CAA  1               LAB_15B3:
000CAA  1  20 EE 20             JSR     LAB_27CA        ; return A=FF,C=1/-ve A=01,C=0/+ve
000CAD  1  85 B0                STA     FAC1_s          ; set FAC1 sign (b7)
000CAF  1               ; this is +1 for +ve step and -1 for -ve step, in NEXT we
000CAF  1               ; compare the FOR value and the TO value and return +1 if
000CAF  1               ; FOR > TO, 0 if FOR = TO and -1 if FOR < TO. the value
000CAF  1               ; here (+/-1) is then compared to that result and if they
000CAF  1               ; are the same (+ve and FOR > TO or -ve and FOR < TO) then
000CAF  1               ; the loop is done
000CAF  1  20 79 13             JSR     LAB_1B5B        ; push sign, round FAC1 and put on stack
000CB2  1  A5 98                LDA     Frnxth          ; get var pointer for FOR/NEXT high byte
000CB4  1  48                   PHA                     ; push on stack
000CB5  1  A5 97                LDA     Frnxtl          ; get var pointer for FOR/NEXT low byte
000CB7  1  48                   PHA                     ; push on stack
000CB8  1  A9 81                LDA     #TK_FOR         ; get FOR token
000CBA  1  48                   PHA                     ; push on stack
000CBB  1               
000CBB  1               ; interpreter inner loop
000CBB  1               
000CBB  1               LAB_15C2:
000CBB  1  20 14 0D             JSR     LAB_1629        ; do CRTL-C check vector
000CBE  1  A5 C3                LDA     Bpntrl          ; get BASIC execute pointer low byte
000CC0  1  A4 C4                LDY     Bpntrh          ; get BASIC execute pointer high byte
000CC2  1               
000CC2  1  A6 88                LDX     Clineh          ; continue line is $FFxx for immediate mode
000CC4  1               ; ($00xx for RUN from immediate mode)
000CC4  1  E8                   INX                     ; increment it (now $00 if immediate mode)
000CC5  1  F0 04                BEQ     LAB_15D1        ; branch if null (immediate mode)
000CC7  1               
000CC7  1  85 8B                STA     Cpntrl          ; save continue pointer low byte
000CC9  1  84 8C                STY     Cpntrh          ; save continue pointer high byte
000CCB  1               LAB_15D1:
000CCB  1  A0 00                LDY     #$00            ; clear index
000CCD  1  B1 C3                LDA     (Bpntrl),Y      ; get next byte
000CCF  1  F0 07                BEQ     LAB_15DC        ; branch if null [EOL]
000CD1  1               
000CD1  1  C9 3A                CMP     #':'            ; compare with ":"
000CD3  1  F0 1D                BEQ     LAB_15F6        ; branch if = (statement separator)
000CD5  1               
000CD5  1               LAB_15D9:
000CD5  1  4C 03 14             JMP     LAB_SNER        ; else syntax error then warm start
000CD8  1               
000CD8  1               ; have reached [EOL]
000CD8  1               LAB_15DC:
000CD8  1  A0 02                LDY     #$02            ; set index
000CDA  1  B1 C3                LDA     (Bpntrl),Y      ; get next line pointer high byte
000CDC  1  18                   CLC                     ; clear carry for no "BREAK" message
000CDD  1  F0 57                LBEQ    LAB_1651        ; if null go to immediate mode (was immediate or [EOT]
000CDF  1               ; marker)
000CDF  1               
000CDF  1  C8                   INY                     ; increment index
000CE0  1  B1 C3                LDA     (Bpntrl),Y      ; get line # low byte
000CE2  1  85 87                STA     Clinel          ; save current line low byte
000CE4  1  C8                   INY                     ; increment index
000CE5  1  B1 C3                LDA     (Bpntrl),Y      ; get line # high byte
000CE7  1  85 88                STA     Clineh          ; save current line high byte
000CE9  1  98                   TYA                     ; A now = 4
000CEA  1  65 C3                ADC     Bpntrl          ; add BASIC execute pointer low byte
000CEC  1  85 C3                STA     Bpntrl          ; save BASIC execute pointer low byte
000CEE  1  90 02                BCC     LAB_15F6        ; branch if no overflow
000CF0  1               
000CF0  1  E6 C4                INC     Bpntrh          ; else increment BASIC execute pointer high byte
000CF2  1               LAB_15F6:
000CF2  1                       .IFDEF  DUODYNE
000CF2  1                       JSL     LAB_IGBY        ; increment and scan memory
000CF2  1                       .ELSE
000CF2  1  20 BC 00             JSR     LAB_IGBY        ; increment and scan memory
000CF5  1                       .ENDIF
000CF5  1               
000CF5  1               
000CF5  1               LAB_15F9:
000CF5  1  20 FB 0C             JSR     LAB_15FF        ; go interpret BASIC code from (Bpntrl)
000CF8  1               
000CF8  1               LAB_15FC:
000CF8  1  4C BB 0C             JMP     LAB_15C2        ; loop
000CFB  1               
000CFB  1               ; interpret BASIC code from (Bpntrl)
000CFB  1               
000CFB  1               LAB_15FF:
000CFB  1  F0 55                BEQ     LAB_1628        ; exit if zero [EOL]
000CFD  1               
000CFD  1               LAB_1602:
000CFD  1  0A                   ASL     A               ; *2 bytes per vector and normalise token
000CFE  1  B0 03                BCS     LAB_1609        ; branch if was token
000D00  1               
000D00  1  4C B4 0F             JMP     LAB_LET         ; else go do implied LET
000D03  1               
000D03  1               LAB_1609:
000D03  1               TK_TABUSE       = (TK_TAB-$80)*2
000D03  1  C9 58                CMP     #TK_TABUSE      ; compare normalised token * 2 with TAB
000D05  1  B0 CE                BCS     LAB_15D9        ; branch if A>=TAB (do syntax error then warm start)
000D07  1               ; only tokens before TAB can start a line
000D07  1  A8                   TAY                     ; copy to index
000D08  1  B9 06 2A             LDA     LAB_CTBL+1,Y    ; get vector high byte
000D0B  1  48                   PHA                     ; onto stack
000D0C  1  B9 05 2A             LDA     LAB_CTBL,Y      ; get vector low byte
000D0F  1  48                   PHA                     ; onto stack
000D10  1                       .IFDEF  DUODYNE
000D10  1                       JSL     LAB_IGBY        ; increment and scan memory
000D10  1                       .ELSE
000D10  1  20 BC 00             JSR     LAB_IGBY        ; increment and scan memory
000D13  1                       .ENDIF
000D13  1  60                   RTS
000D14  1               ; then "return" to vector
000D14  1               
000D14  1               ; CTRL-C check jump. this is called as a subroutine but exits back via a jump if a
000D14  1               ; key press is detected.
000D14  1               
000D14  1               LAB_1629:
000D14  1                       .IFDEF  DUODYNE
000D14  1                       PHX
000D14  1                       LDX     #$00
000D14  1                       JSR     (VEC_CC,X)      ; ctrl c check vector
000D14  1                       PLX
000D14  1                       RTS
000D14  1                       .ELSE
000D14  1  6C 03 06             JMP     (VEC_CC)        ; ctrl c check vector
000D17  1                       .ENDIF
000D17  1               
000D17  1               
000D17  1               ; if there was a key press it gets back here ..
000D17  1               
000D17  1               LAB_1636:
000D17  1  C9 03                CMP     #$03            ; compare with CTRL-C
000D19  1               
000D19  1               ; perform STOP
000D19  1               
000D19  1               LAB_STOP:
000D19  1  B0 01                BCS     LAB_163B        ; branch if token follows STOP
000D1B  1               ; else just END
000D1B  1               ; END
000D1B  1               
000D1B  1               LAB_END:
000D1B  1  18                   CLC                     ; clear the carry, indicate a normal program end
000D1C  1               LAB_163B:
000D1C  1  D0 67                BNE     LAB_167A        ; if wasn't CTRL-C or there is a following byte return
000D1E  1               
000D1E  1  A5 C4                LDA     Bpntrh          ; get the BASIC execute pointer high byte
000D20  1  49 33                EOR     #>Ibuffs        ; compare with buffer address high byte (Cb unchanged)
000D22  1  F0 10                BEQ     LAB_164F        ; branch if the BASIC pointer is in the input buffer
000D24  1               ; (can't continue in immediate mode)
000D24  1               
000D24  1               ; else ..
000D24  1  49 33                EOR     #>Ibuffs        ; correct the bits
000D26  1  A4 C3                LDY     Bpntrl          ; get BASIC execute pointer low byte
000D28  1  84 8B                STY     Cpntrl          ; save continue pointer low byte
000D2A  1  85 8C                STA     Cpntrh          ; save continue pointer high byte
000D2C  1               LAB_1647:
000D2C  1  A5 87                LDA     Clinel          ; get current line low byte
000D2E  1  A4 88                LDY     Clineh          ; get current line high byte
000D30  1  85 89                STA     Blinel          ; save break line low byte
000D32  1  84 8A                STY     Blineh          ; save break line high byte
000D34  1               LAB_164F:
000D34  1  68                   PLA                     ; pull return address low
000D35  1  68                   PLA                     ; pull return address high
000D36  1               LAB_1651:
000D36  1  90 07                BCC     LAB_165E        ; if was program end just do warm start
000D38  1               
000D38  1               ; else ..
000D38  1  A9 E9                LDA     #<LAB_BMSG      ; point to "Break" low byte
000D3A  1  A0 2F                LDY     #>LAB_BMSG      ; point to "Break" high byte
000D3C  1  4C 3A 09             JMP     LAB_1269        ; print "Break" and do warm start
000D3F  1               
000D3F  1               LAB_165E:
000D3F  1  4C 45 09             JMP     LAB_1274        ; go do warm start
000D42  1               
000D42  1               ; perform RESTORE
000D42  1               
000D42  1               LAB_RESTORE:
000D42  1  D0 0F                BNE     LAB_RESTOREn    ; branch if next character not null (RESTORE n)
000D44  1               
000D44  1               LAB_161A:
000D44  1  38                   SEC                     ; set carry for subtract
000D45  1  A5 79                LDA     Smeml           ; get start of mem low byte
000D47  1  E9 01                SBC     #$01            ; -1
000D49  1  A4 7A                LDY     Smemh           ; get start of mem high byte
000D4B  1  B0 01                BCS     LAB_1624        ; branch if no underflow
000D4D  1               
000D4D  1               LAB_uflow:
000D4D  1  88                   DEY                     ; else decrement high byte
000D4E  1               LAB_1624:
000D4E  1  85 8F                STA     Dptrl           ; save DATA pointer low byte
000D50  1  84 90                STY     Dptrh           ; save DATA pointer high byte
000D52  1               LAB_1628:
000D52  1  60                   RTS
000D53  1               
000D53  1               ; is RESTORE n
000D53  1               LAB_RESTOREn:
000D53  1  20 55 0F             JSR     LAB_GFPN        ; get fixed-point number into temp integer
000D56  1  20 A0 0E             JSR     LAB_SNBL        ; scan for next BASIC line
000D59  1  A5 88                LDA     Clineh          ; get current line high byte
000D5B  1  C5 12                CMP     Itemph          ; compare with temporary integer high byte
000D5D  1  B0 0B                BCS     LAB_reset_search; branch if >= (start search from beginning)
000D5F  1               
000D5F  1  98                   TYA                     ; else copy line index to A
000D60  1  38                   SEC                     ; set carry (+1)
000D61  1  65 C3                ADC     Bpntrl          ; add BASIC execute pointer low byte
000D63  1  A6 C4                LDX     Bpntrh          ; get BASIC execute pointer high byte
000D65  1  90 07                BCC     LAB_go_search   ; branch if no overflow to high byte
000D67  1               
000D67  1  E8                   INX                     ; increment high byte
000D68  1  B0 04                BCS     LAB_go_search   ; branch always (can never be carry clear)
000D6A  1               
000D6A  1               ; search for line # in temp (Itempl/Itemph) from start of mem pointer (Smeml)
000D6A  1               
000D6A  1               LAB_reset_search:
000D6A  1  A5 79                LDA     Smeml           ; get start of mem low byte
000D6C  1  A6 7A                LDX     Smemh           ; get start of mem high byte
000D6E  1               
000D6E  1               ; search for line # in temp (Itempl/Itemph) from (AX)
000D6E  1               
000D6E  1               LAB_go_search:
000D6E  1               
000D6E  1  20 27 0B             JSR     LAB_SHLN        ; search Basic for temp integer line number from AX
000D71  1  B0 03                BCS     LAB_line_found  ; if carry set go set pointer
000D73  1               
000D73  1  4C 72 0E             JMP     LAB_16F7        ; else go do "Undefined statement" error
000D76  1               
000D76  1               LAB_line_found:
000D76  1               ; carry already set for subtract
000D76  1  A5 AA                LDA     Baslnl          ; get pointer low byte
000D78  1  E9 01                SBC     #$01            ; -1
000D7A  1  A4 AB                LDY     Baslnh          ; get pointer high byte
000D7C  1  B0 D0                BCS     LAB_1624        ; branch if no underflow (save DATA pointer and return)
000D7E  1               
000D7E  1  90 CD                BCC     LAB_uflow       ; else decrement high byte then save DATA pointer and
000D80  1               ; return (branch always)
000D80  1               
000D80  1               ; perform NULL
000D80  1               
000D80  1               LAB_NULL:
000D80  1  20 8E 1C             JSR     LAB_GTBY        ; get byte parameter
000D83  1  86 0D                STX     Nullct          ; save new NULL count
000D85  1               LAB_167A:
000D85  1  60                   RTS
000D86  1               
000D86  1               ; perform CONT
000D86  1               
000D86  1               LAB_CONT:
000D86  1  D0 FD                BNE     LAB_167A        ; if following byte exit to do syntax error
000D88  1               
000D88  1  A4 8C                LDY     Cpntrh          ; get continue pointer high byte
000D8A  1  D0 05                BNE     LAB_166C        ; go do continue if we can
000D8C  1               
000D8C  1  A2 1E                LDX     #$1E            ; error code $1E ("Can't continue" error)
000D8E  1  4C 27 09             JMP     LAB_XERR        ; do error #X, then warm start
000D91  1               
000D91  1               ; we can continue so ..
000D91  1               LAB_166C:
000D91  1  A9 93                LDA     #TK_ON          ; set token for ON
000D93  1  20 1C 27             JSR     LAB_IRQ         ; set IRQ flags
000D96  1  A9 93                LDA     #TK_ON          ; set token for ON
000D98  1  20 1F 27             JSR     LAB_NMI         ; set NMI flags
000D9B  1               
000D9B  1  84 C4                STY     Bpntrh          ; save BASIC execute pointer high byte
000D9D  1  A5 8B                LDA     Cpntrl          ; get continue pointer low byte
000D9F  1  85 C3                STA     Bpntrl          ; save BASIC execute pointer low byte
000DA1  1  A5 89                LDA     Blinel          ; get break line low byte
000DA3  1  A4 8A                LDY     Blineh          ; get break line high byte
000DA5  1  85 87                STA     Clinel          ; set current line low byte
000DA7  1  84 88                STY     Clineh          ; set current line high byte
000DA9  1  60                   RTS
000DAA  1               
000DAA  1               ; perform RUN
000DAA  1               
000DAA  1               LAB_RUN:
000DAA  1  D0 03                BNE     LAB_1696        ; branch if RUN n
000DAC  1  4C 64 0B             JMP     LAB_1477        ; reset execution to start, clear variables, flush stack and
000DAF  1               ; return
000DAF  1               
000DAF  1               ; does RUN n
000DAF  1               
000DAF  1               LAB_1696:
000DAF  1  20 71 0B             JSR     LAB_147A        ; go do "CLEAR"
000DB2  1  F0 2E                BEQ     LAB_16B0        ; get n and do GOTO n (branch always as CLEAR sets Z=1)
000DB4  1               
000DB4  1               ; perform DO
000DB4  1               
000DB4  1               LAB_DO:
000DB4  1  A9 05                LDA     #$05            ; need 5 bytes for DO
000DB6  1  20 EE 08             JSR     LAB_1212        ; check room on stack for A bytes
000DB9  1  A5 C4                LDA     Bpntrh          ; get BASIC execute pointer high byte
000DBB  1  48                   PHA                     ; push on stack
000DBC  1  A5 C3                LDA     Bpntrl          ; get BASIC execute pointer low byte
000DBE  1  48                   PHA                     ; push on stack
000DBF  1  A5 88                LDA     Clineh          ; get current line high byte
000DC1  1  48                   PHA                     ; push on stack
000DC2  1  A5 87                LDA     Clinel          ; get current line low byte
000DC4  1  48                   PHA                     ; push on stack
000DC5  1  A9 9D                LDA     #TK_DO          ; token for DO
000DC7  1  48                   PHA                     ; push on stack
000DC8  1                       .IFDEF  DUODYNE
000DC8  1                       JSL     LAB_GBYT        ; scan memory
000DC8  1                       .ELSE
000DC8  1  20 C2 00             JSR     LAB_GBYT        ; scan memory
000DCB  1                       .ENDIF
000DCB  1               
000DCB  1  4C BB 0C             JMP     LAB_15C2        ; go do interpreter inner loop
000DCE  1               
000DCE  1               ; perform GOSUB
000DCE  1               
000DCE  1               LAB_GOSUB:
000DCE  1  A9 05                LDA     #$05            ; need 5 bytes for GOSUB
000DD0  1  20 EE 08             JSR     LAB_1212        ; check room on stack for A bytes
000DD3  1  A5 C4                LDA     Bpntrh          ; get BASIC execute pointer high byte
000DD5  1  48                   PHA                     ; push on stack
000DD6  1  A5 C3                LDA     Bpntrl          ; get BASIC execute pointer low byte
000DD8  1  48                   PHA                     ; push on stack
000DD9  1  A5 88                LDA     Clineh          ; get current line high byte
000DDB  1  48                   PHA                     ; push on stack
000DDC  1  A5 87                LDA     Clinel          ; get current line low byte
000DDE  1  48                   PHA                     ; push on stack
000DDF  1  A9 8D                LDA     #TK_GOSUB       ; token for GOSUB
000DE1  1  48                   PHA                     ; push on stack
000DE2  1               LAB_16B0:
000DE2  1                       .IFDEF  DUODYNE
000DE2  1                       JSL     LAB_GBYT        ; scan memory
000DE2  1                       .ELSE
000DE2  1  20 C2 00             JSR     LAB_GBYT        ; scan memory
000DE5  1                       .ENDIF
000DE5  1               
000DE5  1  20 EB 0D             JSR     LAB_GOTO        ; perform GOTO n
000DE8  1  4C BB 0C             JMP     LAB_15C2        ; go do interpreter inner loop
000DEB  1               ; (can't RTS, we used the stack!)
000DEB  1               
000DEB  1               ; perform GOTO
000DEB  1               
000DEB  1               LAB_GOTO:
000DEB  1  20 55 0F             JSR     LAB_GFPN        ; get fixed-point number into temp integer
000DEE  1  20 A0 0E             JSR     LAB_SNBL        ; scan for next BASIC line
000DF1  1  A5 88                LDA     Clineh          ; get current line high byte
000DF3  1  C5 12                CMP     Itemph          ; compare with temporary integer high byte
000DF5  1  B0 0B                BCS     LAB_16D0        ; branch if >= (start search from beginning)
000DF7  1               
000DF7  1  98                   TYA                     ; else copy line index to A
000DF8  1  38                   SEC                     ; set carry (+1)
000DF9  1  65 C3                ADC     Bpntrl          ; add BASIC execute pointer low byte
000DFB  1  A6 C4                LDX     Bpntrh          ; get BASIC execute pointer high byte
000DFD  1  90 07                BCC     LAB_16D4        ; branch if no overflow to high byte
000DFF  1               
000DFF  1  E8                   INX                     ; increment high byte
000E00  1  B0 04                BCS     LAB_16D4        ; branch always (can never be carry)
000E02  1               
000E02  1               ; search for line # in temp (Itempl/Itemph) from start of mem pointer (Smeml)
000E02  1               
000E02  1               LAB_16D0:
000E02  1  A5 79                LDA     Smeml           ; get start of mem low byte
000E04  1  A6 7A                LDX     Smemh           ; get start of mem high byte
000E06  1               
000E06  1               ; search for line # in temp (Itempl/Itemph) from (AX)
000E06  1               
000E06  1               LAB_16D4:
000E06  1  20 27 0B             JSR     LAB_SHLN        ; search Basic for temp integer line number from AX
000E09  1  90 67                BCC     LAB_16F7        ; if carry clear go do "Undefined statement" error
000E0B  1               ; (unspecified statement)
000E0B  1               
000E0B  1               ; carry already set for subtract
000E0B  1  A5 AA                LDA     Baslnl          ; get pointer low byte
000E0D  1  E9 01                SBC     #$01            ; -1
000E0F  1  85 C3                STA     Bpntrl          ; save BASIC execute pointer low byte
000E11  1  A5 AB                LDA     Baslnh          ; get pointer high byte
000E13  1  E9 00                SBC     #$00            ; subtract carry
000E15  1  85 C4                STA     Bpntrh          ; save BASIC execute pointer high byte
000E17  1               LAB_16E5:
000E17  1  60                   RTS
000E18  1               
000E18  1               LAB_DONOK:
000E18  1  A2 22                LDX     #$22            ; error code $22 ("LOOP without DO" error)
000E1A  1  4C 27 09             JMP     LAB_XERR        ; do error #X, then warm start
000E1D  1               
000E1D  1               ; perform LOOP
000E1D  1               
000E1D  1               LAB_LOOP:
000E1D  1  A8                   TAY                     ; save following token
000E1E  1                       .IFDEF  DUODYNE
000E1E  1                       LDA     3,S             ; get token byte from stack
000E1E  1                       CMP     #TK_DO          ; compare with DO token
000E1E  1                       BNE     LAB_DONOK       ; branch if no matching DO
000E1E  1               
000E1E  1               ; FIXUP STACK
000E1E  1                       INDEX16
000E1E  1                       TSX
000E1E  1                       INX                     ; dump calling routine return address
000E1E  1                       INX                     ; dump calling routine return address
000E1E  1                       TXS                     ; correct stack
000E1E  1                       INDEX8
000E1E  1                       .ELSE
000E1E  1  BA                   TSX                     ; copy stack pointer
000E1F  1  BD 03 01             LDA     LAB_STAK+3,X    ; get token byte from stack
000E22  1  C9 9D                CMP     #TK_DO          ; compare with DO token
000E24  1  D0 F2                BNE     LAB_DONOK       ; branch if no matching DO
000E26  1               
000E26  1  E8                   INX                     ; dump calling routine return address
000E27  1  E8                   INX                     ; dump calling routine return address
000E28  1  9A                   TXS                     ; correct stack
000E29  1                       .ENDIF
000E29  1  98                   TYA                     ; get saved following token back
000E2A  1  F0 20                BEQ     LoopAlways      ; if no following token loop forever
000E2C  1               ; (stack pointer in X)
000E2C  1               
000E2C  1  C9 3A                CMP     #':'            ; could be ':'
000E2E  1  F0 1C                BEQ     LoopAlways      ; if :... loop forever
000E30  1               
000E30  1  E9 B4                SBC     #TK_UNTIL       ; subtract token for UNTIL, we know carry is set here
000E32  1  AA                   TAX                     ; copy to X (if it was UNTIL then Y will be correct)
000E33  1  F0 04                BEQ     DoRest          ; branch if was UNTIL
000E35  1               
000E35  1  CA                   DEX                     ; decrement result
000E36  1  D0 62                BNE     LAB_16FC        ; if not WHILE go do syntax error and warm start
000E38  1               ; only if the token was WHILE will this fail
000E38  1               
000E38  1  CA                   DEX                     ; set invert result byte
000E39  1               DoRest:
000E39  1  86 98                STX     Frnxth          ; save invert result byte
000E3B  1                       .IFDEF  DUODYNE
000E3B  1                       JSL     LAB_IGBY        ; increment and scan memory
000E3B  1                       .ELSE
000E3B  1  20 BC 00             JSR     LAB_IGBY        ; increment and scan memory
000E3E  1                       .ENDIF
000E3E  1               
000E3E  1  20 E1 12             JSR     LAB_EVEX        ; evaluate expression
000E41  1  A5 AC                LDA     FAC1_e          ; get FAC1 exponent
000E43  1  F0 02                BEQ     DoCmp           ; if =0 go do straight compare
000E45  1               
000E45  1  A9 FF                LDA     #$FF            ; else set all bits
000E47  1               DoCmp:
000E47  1                       .IFNDEF DUODYNE
000E47  1  BA                   TSX                     ; copy stack pointer
000E48  1                       .ENDIF
000E48  1  45 98                EOR     Frnxth          ; EOR with invert byte
000E4A  1  D0 1A                BNE     LoopDone        ; if <> 0 clear stack and back to interpreter loop
000E4C  1               
000E4C  1               ; loop condition wasn't met so do it again
000E4C  1               LoopAlways:
000E4C  1  BD 02 01             LDA     LAB_STAK+2,X    ; get current line low byte
000E4F  1  85 87                STA     Clinel          ; save current line low byte
000E51  1  BD 03 01             LDA     LAB_STAK+3,X    ; get current line high byte
000E54  1  85 88                STA     Clineh          ; save current line high byte
000E56  1  BD 04 01             LDA     LAB_STAK+4,X    ; get BASIC execute pointer low byte
000E59  1  85 C3                STA     Bpntrl          ; save BASIC execute pointer low byte
000E5B  1  BD 05 01             LDA     LAB_STAK+5,X    ; get BASIC execute pointer high byte
000E5E  1  85 C4                STA     Bpntrh          ; save BASIC execute pointer high byte
000E60  1                       .IFDEF  DUODYNE
000E60  1                       JSL     LAB_GBYT        ; scan memory
000E60  1                       .ELSE
000E60  1  20 C2 00             JSR     LAB_GBYT        ; scan memory
000E63  1                       .ENDIF
000E63  1               
000E63  1  4C BB 0C             JMP     LAB_15C2        ; go do interpreter inner loop
000E66  1               
000E66  1               ; clear stack and back to interpreter loop
000E66  1               LoopDone:
000E66  1                       .IFDEF  DUODYNE
000E66  1                       INDEX16
000E66  1                       TSX
000E66  1                       INX                     ; dump DO token
000E66  1                       INX                     ; dump current line low byte
000E66  1                       INX                     ; dump current line high byte
000E66  1                       INX                     ; dump BASIC execute pointer low byte
000E66  1                       INX                     ; dump BASIC execute pointer high byte
000E66  1                       TXS                     ; correct stack
000E66  1                       INDEX8
000E66  1                       .ELSE
000E66  1  E8                   INX                     ; dump DO token
000E67  1  E8                   INX                     ; dump current line low byte
000E68  1  E8                   INX                     ; dump current line high byte
000E69  1  E8                   INX                     ; dump BASIC execute pointer low byte
000E6A  1  E8                   INX                     ; dump BASIC execute pointer high byte
000E6B  1  9A                   TXS                     ; correct stack
000E6C  1                       .ENDIF
000E6C  1  4C 8C 0E             JMP     LAB_DATA        ; go perform DATA (find : or [EOL])
000E6F  1               
000E6F  1               ; do the return without gosub error
000E6F  1               
000E6F  1               LAB_16F4:
000E6F  1  A2 04                LDX     #$04            ; error code $04 ("RETURN without GOSUB" error)
000E71  1  2C                   .BYTE   $2C             ; makes next line BIT LAB_0EA2
000E72  1               
000E72  1               LAB_16F7
000E72  1               ; do undefined statement error
000E72  1  A2 0E                LDX     #$0E            ; error code $0E ("Undefined statement" error)
000E74  1  4C 27 09             JMP     LAB_XERR        ; do error #X, then warm start
000E77  1               
000E77  1               ; perform RETURN
000E77  1               
000E77  1               LAB_RETURN:
000E77  1  D0 9E                BNE     LAB_16E5        ; exit if following token (to allow syntax error)
000E79  1               
000E79  1               LAB_16E8:
000E79  1  68                   PLA                     ; dump calling routine return address
000E7A  1  68                   PLA                     ; dump calling routine return address
000E7B  1  68                   PLA                     ; pull token
000E7C  1  C9 8D                CMP     #TK_GOSUB       ; compare with GOSUB token
000E7E  1  D0 EF                BNE     LAB_16F4        ; branch if no matching GOSUB
000E80  1               
000E80  1               LAB_16FF:
000E80  1  68                   PLA                     ; pull current line low byte
000E81  1  85 87                STA     Clinel          ; save current line low byte
000E83  1  68                   PLA                     ; pull current line high byte
000E84  1  85 88                STA     Clineh          ; save current line high byte
000E86  1  68                   PLA                     ; pull BASIC execute pointer low byte
000E87  1  85 C3                STA     Bpntrl          ; save BASIC execute pointer low byte
000E89  1  68                   PLA                     ; pull BASIC execute pointer high byte
000E8A  1  85 C4                STA     Bpntrh          ; save BASIC execute pointer high byte
000E8C  1               
000E8C  1               ; now do the DATA statement as we could be returning into
000E8C  1               ; the middle of an ON <var> GOSUB n,m,p,q line
000E8C  1               ; (the return address used by the DATA statement is the one
000E8C  1               ; pushed before the GOSUB was executed!)
000E8C  1               
000E8C  1               ; perform DATA
000E8C  1               
000E8C  1               LAB_DATA:
000E8C  1  20 9D 0E             JSR     LAB_SNBS        ; scan for next BASIC statement ([:] or [EOL])
000E8F  1               
000E8F  1               ; set BASIC execute pointer
000E8F  1               LAB_170F:
000E8F  1  98                   TYA                     ; copy index to A
000E90  1  18                   CLC                     ; clear carry for add
000E91  1  65 C3                ADC     Bpntrl          ; add BASIC execute pointer low byte
000E93  1  85 C3                STA     Bpntrl          ; save BASIC execute pointer low byte
000E95  1  90 02                BCC     LAB_1719        ; skip next if no carry
000E97  1               
000E97  1  E6 C4                INC     Bpntrh          ; else increment BASIC execute pointer high byte
000E99  1               LAB_1719:
000E99  1  60                   RTS
000E9A  1               
000E9A  1               LAB_16FC:
000E9A  1  4C 03 14             JMP     LAB_SNER        ; do syntax error then warm start
000E9D  1               
000E9D  1               ; scan for next BASIC statement ([:] or [EOL])
000E9D  1               ; returns Y as index to [:] or [EOL]
000E9D  1               
000E9D  1               LAB_SNBS:
000E9D  1  A2 3A                LDX     #':'            ; set look for character = ":"
000E9F  1  2C                   .BYTE   $2C             ; makes next line BIT $00A2
000EA0  1               
000EA0  1               ; scan for next BASIC line
000EA0  1               ; returns Y as index to [EOL]
000EA0  1               
000EA0  1               LAB_SNBL:
000EA0  1  A2 00                LDX     #$00            ; set alt search character = [EOL]
000EA2  1  A0 00                LDY     #$00            ; set search character = [EOL]
000EA4  1  84 5C                STY     Asrch           ; store search character
000EA6  1               LAB_1725:
000EA6  1  8A                   TXA                     ; get alt search character
000EA7  1  45 5C                EOR     Asrch           ; toggle search character, effectively swap with $00
000EA9  1  85 5C                STA     Asrch           ; save swapped search character
000EAB  1               LAB_172D:
000EAB  1  B1 C3                LDA     (Bpntrl),Y      ; get next byte
000EAD  1  F0 EA                BEQ     LAB_1719        ; exit if null [EOL]
000EAF  1               
000EAF  1  C5 5C                CMP     Asrch           ; compare with search character
000EB1  1  F0 E6                BEQ     LAB_1719        ; exit if found
000EB3  1               
000EB3  1  C8                   INY                     ; increment index
000EB4  1  C9 22                CMP     #$22            ; compare current character with open quote
000EB6  1  D0 F3                BNE     LAB_172D        ; if not open quote go get next character
000EB8  1               
000EB8  1  F0 EC                BEQ     LAB_1725        ; if found go swap search character for alt search character
000EBA  1               
000EBA  1               ; perform IF
000EBA  1               
000EBA  1               LAB_IF:
000EBA  1  20 E1 12             JSR     LAB_EVEX        ; evaluate the expression
000EBD  1                       .IFDEF  DUODYNE
000EBD  1                       JSL     LAB_GBYT        ; scan memory
000EBD  1                       .ELSE
000EBD  1  20 C2 00             JSR     LAB_GBYT        ; scan memory
000EC0  1                       .ENDIF
000EC0  1               
000EC0  1  C9 B1                CMP     #TK_THEN        ; compare with THEN token
000EC2  1  F0 11                BEQ     LAB_174B        ; if it was THEN go do IF
000EC4  1               
000EC4  1               ; wasn't IF .. THEN so must be IF .. GOTO
000EC4  1  C9 89                CMP     #TK_GOTO        ; compare with GOTO token
000EC6  1  D0 D2                BNE     LAB_16FC        ; if it wasn't GOTO go do syntax error
000EC8  1               
000EC8  1  A6 C3                LDX     Bpntrl          ; save the basic pointer low byte
000ECA  1  A4 C4                LDY     Bpntrh          ; save the basic pointer high byte
000ECC  1                       .IFDEF  DUODYNE
000ECC  1                       JSL     LAB_IGBY        ; increment and scan memory
000ECC  1                       .ELSE
000ECC  1  20 BC 00             JSR     LAB_IGBY        ; increment and scan memory
000ECF  1                       .ENDIF
000ECF  1               
000ECF  1  B0 C9                BCS     LAB_16FC        ; if not numeric go do syntax error
000ED1  1               
000ED1  1  86 C3                STX     Bpntrl          ; restore the basic pointer low byte
000ED3  1  84 C4                STY     Bpntrh          ; restore the basic pointer high byte
000ED5  1               LAB_174B:
000ED5  1  A5 AC                LDA     FAC1_e          ; get FAC1 exponent
000ED7  1  F0 1B                BEQ     LAB_174E        ; if the result was zero go look for an ELSE
000ED9  1               
000ED9  1                       .IFDEF  DUODYNE
000ED9  1                       JSL     LAB_IGBY        ; increment and scan memory
000ED9  1                       .ELSE
000ED9  1  20 BC 00             JSR     LAB_IGBY        ; increment and scan memory
000EDC  1                       .ENDIF
000EDC  1               
000EDC  1  B0 03                BCS     LAB_174D        ; if not numeric go do var or keyword
000EDE  1               
000EDE  1               LAB_174C:
000EDE  1  4C EB 0D             JMP     LAB_GOTO        ; else was numeric so do GOTO n
000EE1  1               
000EE1  1               ; is var or keyword
000EE1  1               LAB_174D:
000EE1  1  C9 90                CMP     #TK_RETURN      ; compare the byte with the token for RETURN
000EE3  1  D0 03                BNE     LAB_174G        ; if it wasn't RETURN go interpret BASIC code from (Bpntrl)
000EE5  1               ; and return to this code to process any following code
000EE5  1               
000EE5  1  4C FD 0C             JMP     LAB_1602        ; else it was RETURN so interpret BASIC code from (Bpntrl)
000EE8  1               ; but don't return here
000EE8  1               
000EE8  1               LAB_174G:
000EE8  1  20 FB 0C             JSR     LAB_15FF        ; interpret BASIC code from (Bpntrl)
000EEB  1               
000EEB  1               ; the IF was executed and there may be a following ELSE so the code needs to return
000EEB  1               ; here to check and ignore the ELSE if present
000EEB  1               
000EEB  1  A0 00                LDY     #$00            ; clear the index
000EED  1  B1 C3                LDA     (Bpntrl),Y      ; get the next BASIC byte
000EEF  1  C9 AD                CMP     #TK_ELSE        ; compare it with the token for ELSE
000EF1  1  F0 99                LBEQ    LAB_DATA        ; if ELSE ignore the following statement
000EF3  1               
000EF3  1               ; there was no ELSE so continue execution of IF <expr> THEN <stat> [: <stat>]. any
000EF3  1               ; following ELSE will, correctly, cause a syntax error
000EF3  1               
000EF3  1  60                   RTS                     ; else return to the interpreter inner loop
000EF4  1               
000EF4  1               ; perform ELSE after IF
000EF4  1               
000EF4  1               LAB_174E:
000EF4  1  A0 00                LDY     #$00            ; clear the BASIC byte index
000EF6  1  A2 01                LDX     #$01            ; clear the nesting depth
000EF8  1               LAB_1750:
000EF8  1  C8                   INY                     ; increment the BASIC byte index
000EF9  1  B1 C3                LDA     (Bpntrl),Y      ; get the next BASIC byte
000EFB  1  F0 0F                BEQ     LAB_1753        ; if EOL go add the pointer and return
000EFD  1               
000EFD  1  C9 8B                CMP     #TK_IF          ; compare the byte with the token for IF
000EFF  1  D0 03                BNE     LAB_1752        ; if not IF token skip the depth increment
000F01  1               
000F01  1  E8                   INX                     ; else increment the nesting depth ..
000F02  1  D0 F4                BNE     LAB_1750        ; .. and continue looking
000F04  1               
000F04  1               LAB_1752:
000F04  1  C9 AD                CMP     #TK_ELSE        ; compare the byte with the token for ELSE
000F06  1  D0 F0                BNE     LAB_1750        ; if not ELSE token continue looking
000F08  1               
000F08  1  CA                   DEX                     ; was ELSE so decrement the nesting depth
000F09  1  D0 ED                BNE     LAB_1750        ; loop if still nested
000F0B  1               
000F0B  1  C8                   INY                     ; increment the BASIC byte index past the ELSE
000F0C  1               
000F0C  1               ; found the matching ELSE, now do <{n|statement}>
000F0C  1               
000F0C  1               LAB_1753:
000F0C  1  98                   TYA                     ; else copy line index to A
000F0D  1  18                   CLC                     ; clear carry for add
000F0E  1  65 C3                ADC     Bpntrl          ; add the BASIC execute pointer low byte
000F10  1  85 C3                STA     Bpntrl          ; save the BASIC execute pointer low byte
000F12  1  90 02                BCC     LAB_1754        ; branch if no overflow to high byte
000F14  1               
000F14  1  E6 C4                INC     Bpntrh          ; else increment the BASIC execute pointer high byte
000F16  1               LAB_1754:
000F16  1                       .IFDEF  DUODYNE
000F16  1                       JSL     LAB_GBYT        ; scan memory
000F16  1                       .ELSE
000F16  1  20 C2 00             JSR     LAB_GBYT        ; scan memory
000F19  1                       .ENDIF
000F19  1               
000F19  1  90 C3                BCC     LAB_174C        ; if numeric do GOTO n
000F1B  1               ; the code will return to the interpreter loop at the
000F1B  1               ; tail end of the GOTO <n>
000F1B  1               
000F1B  1  4C FB 0C             JMP     LAB_15FF        ; interpret BASIC code from (Bpntrl)
000F1E  1               ; the code will return to the interpreter loop at the
000F1E  1               ; tail end of the <statement>
000F1E  1               
000F1E  1               ; perform REM, skip (rest of) line
000F1E  1               
000F1E  1               LAB_REM:
000F1E  1  20 A0 0E             JSR     LAB_SNBL        ; scan for next BASIC line
000F21  1  4C 8F 0E             JMP     LAB_170F        ; go set BASIC execute pointer and return, branch always
000F24  1               
000F24  1               LAB_16FD:
000F24  1  4C 03 14             JMP     LAB_SNER        ; do syntax error then warm start
000F27  1               
000F27  1               ; perform ON
000F27  1               
000F27  1               LAB_ON:
000F27  1  C9 A9                CMP     #TK_IRQ         ; was it IRQ token ?
000F29  1  D0 03                BNE     LAB_NOIN        ; if not go check NMI
000F2B  1               
000F2B  1  4C 41 27             JMP     LAB_SIRQ        ; else go set-up IRQ
000F2E  1               
000F2E  1               LAB_NOIN:
000F2E  1  C9 AA                CMP     #TK_NMI         ; was it NMI token ?
000F30  1  D0 03                BNE     LAB_NONM        ; if not go do normal ON command
000F32  1               
000F32  1  4C 45 27             JMP     LAB_SNMI        ; else go set-up NMI
000F35  1               
000F35  1               LAB_NONM:
000F35  1  20 8E 1C             JSR     LAB_GTBY        ; get byte parameter
000F38  1  48                   PHA                     ; push GOTO/GOSUB token
000F39  1  C9 8D                CMP     #TK_GOSUB       ; compare with GOSUB token
000F3B  1  F0 04                BEQ     LAB_176B        ; branch if GOSUB
000F3D  1               
000F3D  1  C9 89                CMP     #TK_GOTO        ; compare with GOTO token
000F3F  1               LAB_1767:
000F3F  1  D0 E3                BNE     LAB_16FD        ; if not GOTO do syntax error then warm start
000F41  1               
000F41  1               
000F41  1               ; next character was GOTO or GOSUB
000F41  1               
000F41  1               LAB_176B:
000F41  1  C6 AF                DEC     FAC1_3          ; decrement index (byte value)
000F43  1  D0 04                BNE     LAB_1773        ; branch if not zero
000F45  1               
000F45  1  68                   PLA                     ; pull GOTO/GOSUB token
000F46  1  4C FD 0C             JMP     LAB_1602        ; go execute it
000F49  1               
000F49  1               LAB_1773:
000F49  1                       .IFDEF  DUODYNE
000F49  1                       JSL     LAB_IGBY        ; increment and scan memory
000F49  1                       .ELSE
000F49  1  20 BC 00             JSR     LAB_IGBY        ; increment and scan memory
000F4C  1                       .ENDIF
000F4C  1               
000F4C  1  20 55 0F             JSR     LAB_GFPN        ; get fixed-point number into temp integer (skip this n)
000F4F  1               ; (we could LDX #',' and JSR LAB_SNBL+2, then we
000F4F  1               ; just BNE LAB_176B for the loop. should be quicker ..
000F4F  1               ; no we can't, what if we meet a colon or [EOL]?)
000F4F  1  C9 2C                CMP     #$2C            ; compare next character with ","
000F51  1  F0 EE                BEQ     LAB_176B        ; loop if ","
000F53  1               
000F53  1               LAB_177E:
000F53  1  68                   PLA                     ; else pull keyword token (run out of options)
000F54  1               ; also dump +/-1 pointer low byte and exit
000F54  1               LAB_177F:
000F54  1  60                   RTS
000F55  1               
000F55  1               ; takes n * 106 + 11 cycles where n is the number of digits
000F55  1               
000F55  1               ; get fixed-point number into temp integer
000F55  1               
000F55  1               LAB_GFPN:
000F55  1  A2 00                LDX     #$00            ; clear reg
000F57  1  86 11                STX     Itempl          ; clear temporary integer low byte
000F59  1               LAB_1785:
000F59  1  86 12                STX     Itemph          ; save temporary integer high byte
000F5B  1  B0 F7                BCS     LAB_177F        ; return if carry set, end of scan, character was
000F5D  1               ; not 0-9
000F5D  1               
000F5D  1  E0 19                CPX     #$19            ; compare high byte with $19
000F5F  1  A8                   TAY                     ; ensure Zb = 0 if the branch is taken
000F60  1  B0 DD                BCS     LAB_1767        ; branch if >=, makes max line # 63999 because next
000F62  1               ; bit does *$0A, = 64000, compare at target will fail
000F62  1               ; and do syntax error
000F62  1               
000F62  1  E9 2F                SBC     #'0'-1          ; subtract "0", $2F + carry, from byte
000F64  1  A8                   TAY                     ; copy binary digit
000F65  1  A5 11                LDA     Itempl          ; get temporary integer low byte
000F67  1  0A                   ASL     A               ; *2 low byte
000F68  1  26 12                ROL     Itemph          ; *2 high byte
000F6A  1  0A                   ASL     A               ; *2 low byte
000F6B  1  26 12                ROL     Itemph          ; *2 high byte, *4
000F6D  1  65 11                ADC     Itempl          ; + low byte, *5
000F6F  1  85 11                STA     Itempl          ; save it
000F71  1  8A                   TXA                     ; get high byte copy to A
000F72  1  65 12                ADC     Itemph          ; + high byte, *5
000F74  1  06 11                ASL     Itempl          ; *2 low byte, *10d
000F76  1  2A                   ROL     A               ; *2 high byte, *10d
000F77  1  AA                   TAX                     ; copy high byte back to X
000F78  1  98                   TYA                     ; get binary digit back
000F79  1  65 11                ADC     Itempl          ; add number low byte
000F7B  1  85 11                STA     Itempl          ; save number low byte
000F7D  1  90 01                BCC     LAB_17B3        ; if no overflow to high byte get next character
000F7F  1               
000F7F  1  E8                   INX                     ; else increment high byte
000F80  1               LAB_17B3:
000F80  1                       .IFDEF  DUODYNE
000F80  1                       JSL     LAB_IGBY        ; increment and scan memory
000F80  1                       .ELSE
000F80  1  20 BC 00             JSR     LAB_IGBY        ; increment and scan memory
000F83  1                       .ENDIF
000F83  1               
000F83  1  4C 59 0F             JMP     LAB_1785        ; loop for next character
000F86  1               
000F86  1               ; perform DEC
000F86  1               
000F86  1               LAB_DEC:
000F86  1  A9 E2                LDA     #<LAB_2AFD      ; set -1 pointer low byte
000F88  1  2C                   .BYTE   $2C             ; BIT abs to skip the LDA below
000F89  1               
000F89  1               ; perform INC
000F89  1               
000F89  1               LAB_INC:
000F89  1  A9 DE                LDA     #<LAB_259C      ; set 1 pointer low byte
000F8B  1               LAB_17B5:
000F8B  1  48                   PHA                     ; save +/-1 pointer low byte
000F8C  1               LAB_17B7:
000F8C  1  20 AC 15             JSR     LAB_GVAR        ; get var address
000F8F  1  A6 5F                LDX     Dtypef          ; get data type flag, $FF=string, $00=numeric
000F91  1  30 1E                BMI     IncrErr         ; exit if string
000F93  1               
000F93  1  85 97                STA     Lvarpl          ; save var address low byte
000F95  1  84 98                STY     Lvarph          ; save var address high byte
000F97  1  20 82 20             JSR     LAB_UFAC        ; unpack memory (AY) into FAC1
000F9A  1  68                   PLA                     ; get +/-1 pointer low byte
000F9B  1  48                   PHA                     ; save +/-1 pointer low byte
000F9C  1  A0 29                LDY     #>LAB_259C      ; set +/-1 pointer high byte (both the same)
000F9E  1  20 C3 1D             JSR     LAB_246C        ; add (AY) to FAC1
000FA1  1  20 A8 20             JSR     LAB_PFAC        ; pack FAC1 into variable (Lvarpl)
000FA4  1               
000FA4  1                       .IFDEF  DUODYNE
000FA4  1                       JSL     LAB_GBYT        ; scan memory
000FA4  1                       .ELSE
000FA4  1  20 C2 00             JSR     LAB_GBYT        ; scan memory
000FA7  1                       .ENDIF
000FA7  1               
000FA7  1  C9 2C                CMP     #','            ; compare with ","
000FA9  1  D0 A8                BNE     LAB_177E        ; exit if not "," (either end or error)
000FAB  1               
000FAB  1               ; was "," so another INCR variable to do
000FAB  1                       .IFDEF  DUODYNE
000FAB  1                       JSL     LAB_IGBY        ; increment and scan memory
000FAB  1                       .ELSE
000FAB  1  20 BC 00             JSR     LAB_IGBY        ; increment and scan memory
000FAE  1                       .ENDIF
000FAE  1               
000FAE  1  4C 8C 0F             JMP     LAB_17B7        ; go do next var
000FB1  1               
000FB1  1               IncrErr:
000FB1  1  4C DC 12             JMP     LAB_1ABC        ; do "Type mismatch" error then warm start
000FB4  1               
000FB4  1               ; perform LET
000FB4  1               
000FB4  1               LAB_LET:
000FB4  1  20 AC 15             JSR     LAB_GVAR        ; get var address
000FB7  1  85 97                STA     Lvarpl          ; save var address low byte
000FB9  1  84 98                STY     Lvarph          ; save var address high byte
000FBB  1  A9 C2                LDA     #TK_EQUAL       ; get = token
000FBD  1  20 F1 13             JSR     LAB_SCCA        ; scan for CHR$(A), else do syntax error then warm start
000FC0  1  A5 5F                LDA     Dtypef          ; get data type flag, $FF=string, $00=numeric
000FC2  1  48                   PHA                     ; push data type flag
000FC3  1  20 E1 12             JSR     LAB_EVEX        ; evaluate expression
000FC6  1  68                   PLA                     ; pop data type flag
000FC7  1  2A                   ROL     A               ; set carry if type = string
000FC8  1  20 D3 12             JSR     LAB_CKTM        ; type match check, set C for string
000FCB  1  D0 03                BNE     LAB_17D5        ; branch if string
000FCD  1               
000FCD  1  4C A8 20             JMP     LAB_PFAC        ; pack FAC1 into variable (Lvarpl) and return
000FD0  1               
000FD0  1               ; string LET
000FD0  1               
000FD0  1               LAB_17D5:
000FD0  1  A0 02                LDY     #$02            ; set index to pointer high byte
000FD2  1  B1 AE                LDAINDIRECTY des_pl     ; get string pointer high byte
000FD4  1  C5 82                CMP     Sstorh          ; compare bottom of string space high byte
000FD6  1  90 17                BCC     LAB_17F4        ; if less assign value and exit (was in program memory)
000FD8  1               
000FD8  1  D0 07                BNE     LAB_17E6        ; branch if >
000FDA  1               ; else was equal so compare low bytes
000FDA  1  88                   DEY                     ; decrement index
000FDB  1  B1 AE                LDAINDIRECTY des_pl     ; get pointer low byte
000FDD  1  C5 81                CMP     Sstorl          ; compare bottom of string space low byte
000FDF  1  90 0E                BCC     LAB_17F4        ; if less assign value and exit (was in program memory)
000FE1  1               
000FE1  1               ; pointer was >= to bottom of string space pointer
000FE1  1               LAB_17E6:
000FE1  1  A4 AF                LDY     des_ph          ; get descriptor pointer high byte
000FE3  1  C4 7C                CPY     Svarh           ; compare start of vars high byte
000FE5  1  90 08                BCC     LAB_17F4        ; branch if less (descriptor is on stack)
000FE7  1               
000FE7  1  D0 0D                BNE     LAB_17FB        ; branch if greater (descriptor is not on stack)
000FE9  1               
000FE9  1               ; else high bytes were equal so ..
000FE9  1  A5 AE                LDA     des_pl          ; get descriptor pointer low byte
000FEB  1  C5 7B                CMP     Svarl           ; compare start of vars low byte
000FED  1  B0 07                BCS     LAB_17FB        ; branch if >= (descriptor is not on stack)
000FEF  1               
000FEF  1               LAB_17F4:
000FEF  1  A5 AE                LDA     des_pl          ; get descriptor pointer low byte
000FF1  1  A4 AF                LDY     des_ph          ; get descriptor pointer high byte
000FF3  1  4C 0C 10             JMP     LAB_1811        ; clean stack, copy descriptor to variable and return
000FF6  1               
000FF6  1               ; make space and copy string
000FF6  1               LAB_17FB:
000FF6  1  A0 00                LDY     #$00            ; index to length
000FF8  1  B1 AE                LDAINDIRECTY des_pl     ; get string length
000FFA  1  20 34 19             JSR     LAB_209C        ; copy string
000FFD  1  A5 9E                LDA     des_2l          ; get descriptor pointer low byte
000FFF  1  A4 9F                LDY     des_2h          ; get descriptor pointer high byte
001001  1  85 B8                STA     ssptr_l         ; save descriptor pointer low byte
001003  1  84 B9                STY     ssptr_h         ; save descriptor pointer high byte
001005  1  20 13 1B             JSR     LAB_228A        ; copy string from descriptor (sdescr) to (Sutill)
001008  1  A9 AC                LDA     #<FAC1_e        ; set descriptor pointer low byte
00100A  1  A0 00                LDY     #>FAC1_e        ; get descriptor pointer high byte
00100C  1               
00100C  1               ; clean stack and assign value to string variable
00100C  1               LAB_1811:
00100C  1  85 9E                STA     des_2l          ; save descriptor_2 pointer low byte
00100E  1  84 9F                STY     des_2h          ; save descriptor_2 pointer high byte
001010  1  20 75 1B             JSR     LAB_22EB        ; clean descriptor stack, YA = pointer
001013  1  A0 00                LDY     #$00            ; index to length
001015  1  B1 9E                LDAINDIRECTY des_2l     ; get string length
001017  1  91 97                STAINDIRECTY Lvarpl     ; copy to let string variable
001019  1  C8                   INY                     ; index to string pointer low byte
00101A  1  B1 9E                LDAINDIRECTY des_2l     ; get string pointer low byte
00101C  1  91 97                STAINDIRECTY Lvarpl     ; copy to let string variable
00101E  1  C8                   INY                     ; index to string pointer high byte
00101F  1  B1 9E                LDAINDIRECTY des_2l     ; get string pointer high byte
001021  1  91 97                STAINDIRECTY Lvarpl     ; copy to let string variable
001023  1  60                   RTS
001024  1               
001024  1               ; perform GET
001024  1               
001024  1               LAB_GET:
001024  1  20 AC 15             JSR     LAB_GVAR        ; get var address
001027  1  85 97                STA     Lvarpl          ; save var address low byte
001029  1  84 98                STY     Lvarph          ; save var address high byte
00102B  1  20 08 27             JSR     INGET           ; get input byte
00102E  1  A6 5F                LDX     Dtypef          ; get data type flag, $FF=string, $00=numeric
001030  1  30 07                BMI     LAB_GETS        ; go get string character
001032  1               
001032  1               ; was numeric get
001032  1  A8                   TAY                     ; copy character to Y
001033  1  20 68 18             JSR     LAB_1FD0        ; convert Y to byte in FAC1
001036  1  4C A8 20             JMP     LAB_PFAC        ; pack FAC1 into variable (Lvarpl) and return
001039  1               
001039  1               LAB_GETS:
001039  1  48                   PHA                     ; save character
00103A  1  A9 01                LDA     #$01            ; string is single byte
00103C  1  B0 01                BCS     LAB_IsByte      ; branch if byte received
00103E  1               
00103E  1  68                   PLA                     ; string is null
00103F  1               LAB_IsByte:
00103F  1  20 3C 19             JSR     LAB_MSSP        ; make string space A bytes long A=$AC=length,
001042  1               ; X=$AD=Sutill=ptr low byte, Y=$AE=Sutilh=ptr high byte
001042  1  F0 05                BEQ     LAB_NoSt        ; skip store if null string
001044  1               
001044  1  68                   PLA                     ; get character back
001045  1  A0 00                LDY     #$00            ; clear index
001047  1  91 AD                STAINDIRECTY str_pl     ; save byte in string (byte IS string!)
001049  1               LAB_NoSt:
001049  1  20 87 19             JSR     LAB_RTST        ; check for space on descriptor stack then put address
00104C  1               ; and length on descriptor stack and update stack pointers
00104C  1               
00104C  1  4C D0 0F             JMP     LAB_17D5        ; do string LET and return
00104F  1               
00104F  1               ; perform PRINT
00104F  1               
00104F  1               LAB_1829:
00104F  1  20 D6 10             JSR     LAB_18C6        ; print string from Sutill/Sutilh
001052  1               LAB_182C:
001052  1                       .IFDEF  DUODYNE
001052  1                       JSL     LAB_GBYT        ; scan memory
001052  1                       .ELSE
001052  1  20 C2 00             JSR     LAB_GBYT        ; scan memory
001055  1                       .ENDIF
001055  1               
001055  1               
001055  1               ; PRINT
001055  1               
001055  1               LAB_PRINT:
001055  1  F0 3B                BEQ     LAB_CRLF        ; if nothing following just print CR/LF
001057  1               
001057  1               LAB_1831:
001057  1  C9 AC                CMP     #TK_TAB         ; compare with TAB( token
001059  1  F0 56                BEQ     LAB_18A2        ; go do TAB/SPC
00105B  1               
00105B  1  C9 B0                CMP     #TK_SPC         ; compare with SPC( token
00105D  1  F0 52                BEQ     LAB_18A2        ; go do TAB/SPC
00105F  1               
00105F  1  C9 2C                CMP     #','            ; compare with ","
001061  1  F0 38                BEQ     LAB_188B        ; go do move to next TAB mark
001063  1               
001063  1  C9 3B                CMP     #$3B            ; compare with ";"
001065  1  F0 66                BEQ     LAB_18BD        ; if ";" continue with PRINT processing
001067  1               
001067  1  20 E1 12             JSR     LAB_EVEX        ; evaluate expression
00106A  1  24 5F                BIT     Dtypef          ; test data type flag, $FF=string, $00=numeric
00106C  1  30 E1                BMI     LAB_1829        ; branch if string
00106E  1               
00106E  1  20 9D 22             JSR     LAB_296E        ; convert FAC1 to string
001071  1  20 46 19             JSR     LAB_20AE        ; print " terminated string to Sutill/Sutilh
001074  1  A0 00                LDY     #$00            ; clear index
001076  1               
001076  1               ; don't check fit if terminal width byte is zero
001076  1               
001076  1  A5 0F                LDA     TWidth          ; get terminal width byte
001078  1  F0 0A                BEQ     LAB_185E        ; skip check if zero
00107A  1                       .IFDEF  DUODYNE
00107A  1                       FETCHINDIRECTY des_pl   ; subtract string length
00107A  1                       SEC                     ; set carry for subtract
00107A  1                       SBC     TPos            ; subtract terminal position
00107A  1                       SBC     <TMPFLG         ; subtract string length
00107A  1                       .ELSE
00107A  1  38                   SEC                     ; set carry for subtract
00107B  1  E5 0E                SBC     TPos            ; subtract terminal position
00107D  1  F1 AE                SBC     (des_pl),Y      ; subtract string length
00107F  1                       .ENDIF
00107F  1  B0 03                BCS     LAB_185E        ; branch if less than terminal width
001081  1  20 92 10             JSR     LAB_CRLF        ; else print CR/LF
001084  1               LAB_185E:
001084  1  20 D6 10             JSR     LAB_18C6        ; print string from Sutill/Sutilh
001087  1  F0 C9                BEQ     LAB_182C        ; always go continue processing line
001089  1               
001089  1               ; CR/LF return to BASIC from BASIC input handler
001089  1               
001089  1               LAB_1866:
001089  1  A9 00                LDA     #$00            ; clear byte
00108B  1  9D 81 33             STA     Ibuffs,X        ; null terminate input
00108E  1  A2 81                LDX     #<Ibuffs        ; set X to buffer start-1 low byte
001090  1  A0 33                LDY     #>Ibuffs        ; set Y to buffer start-1 high byte
001092  1               
001092  1               ; print CR/LF
001092  1               
001092  1               LAB_CRLF:
001092  1  A9 0D                LDA     #$0D            ; load [CR]
001094  1  20 ED 10             JSR     LAB_PRNA        ; go print the character
001097  1  A9 0A                LDA     #$0A            ; load [LF]
001099  1  D0 52                BNE     LAB_PRNA        ; go print the character and return, branch always
00109B  1               
00109B  1               LAB_188B:
00109B  1  A5 0E                LDA     TPos            ; get terminal position
00109D  1  C5 10                CMP     Iclim           ; compare with input column limit
00109F  1  90 05                BCC     LAB_1897        ; branch if less
0010A1  1               
0010A1  1  20 92 10             JSR     LAB_CRLF        ; else print CR/LF (next line)
0010A4  1  D0 27                BNE     LAB_18BD        ; continue with PRINT processing (branch always)
0010A6  1               
0010A6  1               LAB_1897:
0010A6  1  38                   SEC                     ; set carry for subtract
0010A7  1               LAB_1898:
0010A7  1  E5 64                SBC     TabSiz          ; subtract TAB size
0010A9  1  B0 FC                BCS     LAB_1898        ; loop if result was +ve
0010AB  1               
0010AB  1  49 FF                EOR     #$FF            ; complement it
0010AD  1  69 01                ADC     #$01            ; +1 (twos complement)
0010AF  1  D0 12                BNE     LAB_18B6        ; always print A spaces (result is never $00)
0010B1  1               
0010B1  1               ; do TAB/SPC
0010B1  1               LAB_18A2:
0010B1  1  48                   PHA                     ; save token
0010B2  1  20 8B 1C             JSR     LAB_SGBY        ; scan and get byte parameter
0010B5  1  C9 29                CMP     #$29            ; is next character )
0010B7  1  D0 7B                LBNE    LAB_1910        ; if not do syntax error then warm start
0010B9  1               
0010B9  1  68                   PLA                     ; get token back
0010BA  1  C9 AC                CMP     #TK_TAB         ; was it TAB ?
0010BC  1  D0 06                BNE     LAB_18B7        ; if not go do SPC
0010BE  1               
0010BE  1               ; calculate TAB offset
0010BE  1  8A                   TXA                     ; copy integer value to A
0010BF  1  E5 0E                SBC     TPos            ; subtract terminal position
0010C1  1  90 0A                BCC     LAB_18BD        ; branch if result was < 0 (can't TAB backwards)
0010C3  1               
0010C3  1               ; print A spaces
0010C3  1               LAB_18B6:
0010C3  1  AA                   TAX                     ; copy result to X
0010C4  1               LAB_18B7:
0010C4  1  8A                   TXA                     ; set flags on size for SPC
0010C5  1  F0 06                BEQ     LAB_18BD        ; branch if result was = $0, already here
0010C7  1               
0010C7  1               ; print X spaces
0010C7  1               LAB_18BA:
0010C7  1  20 E8 10             JSR     LAB_18E0        ; print " "
0010CA  1  CA                   DEX                     ; decrement count
0010CB  1  D0 FA                BNE     LAB_18BA        ; loop if not all done
0010CD  1               
0010CD  1               ; continue with PRINT processing
0010CD  1               LAB_18BD:
0010CD  1                       .IFDEF  DUODYNE
0010CD  1                       JSL     LAB_IGBY        ; increment and scan memory
0010CD  1                       .ELSE
0010CD  1  20 BC 00             JSR     LAB_IGBY        ; increment and scan memory
0010D0  1                       .ENDIF
0010D0  1               
0010D0  1  D0 85                LBNE    LAB_1831        ; if more to print go do it
0010D2  1               
0010D2  1  60                   RTS
0010D3  1               
0010D3  1               ; print null terminated string from memory
0010D3  1               
0010D3  1               LAB_18C3:
0010D3  1  20 46 19             JSR     LAB_20AE        ; print " terminated string to Sutill/Sutilh
0010D6  1               
0010D6  1               ; print string from Sutill/Sutilh
0010D6  1               
0010D6  1               LAB_18C6:
0010D6  1  20 40 1B             JSR     LAB_22B6        ; pop string off descriptor stack, or from top of string
0010D9  1               ; space returns with A = length, X=$71=pointer low byte,
0010D9  1               ; Y=$72=pointer high byte
0010D9  1  A0 00                LDY     #$00            ; reset index
0010DB  1  AA                   TAX                     ; copy length to X
0010DC  1  F0 49                BEQ     LAB_188C        ; exit (RTS) if null string
0010DE  1               
0010DE  1               LAB_18CD:
0010DE  1               
0010DE  1  B1 71                LDAINDIRECTY ut1_pl     ; get next byte
0010E0  1  20 ED 10             JSR     LAB_PRNA        ; go print the character
0010E3  1  C8                   INY                     ; increment index
0010E4  1  CA                   DEX                     ; decrement count
0010E5  1  D0 F7                BNE     LAB_18CD        ; loop if not done yet
0010E7  1               
0010E7  1  60                   RTS
0010E8  1               
0010E8  1               ; Print single format character
0010E8  1               ; print " "
0010E8  1               
0010E8  1               LAB_18E0:
0010E8  1  A9 20                LDA     #$20            ; load " "
0010EA  1  2C                   .BYTE   $2C             ; change next line to BIT LAB_3FA9
0010EB  1               
0010EB  1               ; print "?" character
0010EB  1               
0010EB  1               LAB_18E3:
0010EB  1  A9 3F                LDA     #$3F            ; load "?" character
0010ED  1               
0010ED  1               ; print character in A
0010ED  1               ; now includes the null handler
0010ED  1               ; also includes infinite line length code
0010ED  1               ; note! some routines expect this one to exit with Zb=0
0010ED  1               
0010ED  1               LAB_PRNA:
0010ED  1  C9 20                CMP     #' '            ; compare with " "
0010EF  1  90 19                BCC     LAB_18F9        ; branch if less (non printing)
0010F1  1               
0010F1  1               ; else printable character
0010F1  1  48                   PHA                     ; save the character
0010F2  1               
0010F2  1               ; don't check fit if terminal width byte is zero
0010F2  1               
0010F2  1  A5 0F                LDA     TWidth          ; get terminal width
0010F4  1  D0 0A                BNE     LAB_18F0        ; branch if not zero (not infinite length)
0010F6  1               
0010F6  1               ; is "infinite line" so check TAB position
0010F6  1               
0010F6  1  A5 0E                LDA     TPos            ; get position
0010F8  1  E5 64                SBC     TabSiz          ; subtract TAB size, carry set by CMP #$20 above
0010FA  1  D0 0B                BNE     LAB_18F7        ; skip reset if different
0010FC  1               
0010FC  1  85 0E                STA     TPos            ; else reset position
0010FE  1  F0 07                BEQ     LAB_18F7        ; go print character
001100  1               
001100  1               LAB_18F0:
001100  1  C5 0E                CMP     TPos            ; compare with terminal character position
001102  1  D0 03                BNE     LAB_18F7        ; branch if not at end of line
001104  1               
001104  1  20 92 10             JSR     LAB_CRLF        ; else print CR/LF
001107  1               LAB_18F7:
001107  1  E6 0E                INC     TPos            ; increment terminal position
001109  1  68                   PLA                     ; get character back
00110A  1               LAB_18F9:
00110A  1  20 63 30             JSR     V_OUTP          ; output byte via output vector
00110D  1  C9 0D                CMP     #$0D            ; compare with [CR]
00110F  1  D0 14                BNE     LAB_188A        ; branch if not [CR]
001111  1               
001111  1               ; else print nullct nulls after the [CR]
001111  1  86 78                STX     TempB           ; save buffer index
001113  1  A6 0D                LDX     Nullct          ; get null count
001115  1  F0 0A                BEQ     LAB_1886        ; branch if no nulls
001117  1               
001117  1  A9 00                LDA     #$00            ; load [NULL]
001119  1               LAB_1880:
001119  1  20 ED 10             JSR     LAB_PRNA        ; go print the character
00111C  1  CA                   DEX                     ; decrement count
00111D  1  D0 FA                BNE     LAB_1880        ; loop if not all done
00111F  1               
00111F  1  A9 0D                LDA     #$0D            ; restore the character (and set the flags)
001121  1               LAB_1886:
001121  1  86 0E                STX     TPos            ; clear terminal position (X always = zero when we get here)
001123  1  A6 78                LDX     TempB           ; restore buffer index
001125  1               LAB_188A:
001125  1  29 FF                AND     #$FF            ; set the flags
001127  1               LAB_188C:
001127  1  60                   RTS
001128  1               
001128  1               ; handle bad input data
001128  1               
001128  1               LAB_1904:
001128  1  A5 62                LDA     Imode           ; get input mode flag, $00=INPUT, $00=READ
00112A  1  10 0B                BPL     LAB_1913        ; branch if INPUT (go do redo)
00112C  1               
00112C  1  A5 8D                LDA     Dlinel          ; get current DATA line low byte
00112E  1  A4 8E                LDY     Dlineh          ; get current DATA line high byte
001130  1  85 87                STA     Clinel          ; save current line low byte
001132  1  84 88                STY     Clineh          ; save current line high byte
001134  1               LAB_1910:
001134  1  4C 03 14             JMP     LAB_SNER        ; do syntax error then warm start
001137  1               
001137  1               ; mode was INPUT
001137  1               LAB_1913:
001137  1  A9 1D                LDA     #<LAB_REDO      ; point to redo message (low addr)
001139  1  A0 30                LDY     #>LAB_REDO      ; point to redo message (high addr)
00113B  1  20 D3 10             JSR     LAB_18C3        ; print null terminated string from memory
00113E  1  A5 8B                LDA     Cpntrl          ; get continue pointer low byte
001140  1  A4 8C                LDY     Cpntrh          ; get continue pointer high byte
001142  1  85 C3                STA     Bpntrl          ; save BASIC execute pointer low byte
001144  1  84 C4                STY     Bpntrh          ; save BASIC execute pointer high byte
001146  1  60                   RTS
001147  1               
001147  1               ; perform INPUT
001147  1               
001147  1               LAB_INPUT:
001147  1  C9 22                CMP     #$22            ; compare next byte with open quote
001149  1  D0 0B                BNE     LAB_1934        ; branch if no prompt string
00114B  1               
00114B  1  20 BE 13             JSR     LAB_1BC1        ; print "..." string
00114E  1  A9 3B                LDA     #$3B            ; load A with ";"
001150  1  20 F1 13             JSR     LAB_SCCA        ; scan for CHR$(A), else do syntax error then warm start
001153  1  20 D6 10             JSR     LAB_18C6        ; print string from Sutill/Sutilh
001156  1               
001156  1               ; done with prompt, now get data
001156  1               LAB_1934:
001156  1  20 6C 18             JSR     LAB_CKRN        ; check not Direct, back here if ok
001159  1  20 3C 0A             JSR     LAB_INLN        ; print "? " and get BASIC input
00115C  1  A9 00                LDA     #$00            ; set mode = INPUT
00115E  1  CD 81 33             CMP     Ibuffs          ; test first byte in buffer
001161  1  D0 0A                BNE     LAB_1953        ; branch if not null input
001163  1               
001163  1  18                   CLC                     ; was null input so clear carry to exit program
001164  1  4C 2C 0D             JMP     LAB_1647        ; go do BREAK exit
001167  1               
001167  1               ; perform READ
001167  1               
001167  1               LAB_READ:
001167  1  A6 8F                LDX     Dptrl           ; get DATA pointer low byte
001169  1  A4 90                LDY     Dptrh           ; get DATA pointer high byte
00116B  1  A9 80                LDA     #$80            ; set mode = READ
00116D  1               
00116D  1               LAB_1953:
00116D  1  85 62                STA     Imode           ; set input mode flag, $00=INPUT, $80=READ
00116F  1  86 91                STX     Rdptrl          ; save READ pointer low byte
001171  1  84 92                STY     Rdptrh          ; save READ pointer high byte
001173  1               
001173  1               ; READ or INPUT next variable from list
001173  1               LAB_195B:
001173  1  20 AC 15             JSR     LAB_GVAR        ; get (var) address
001176  1  85 97                STA     Lvarpl          ; save address low byte
001178  1  84 98                STY     Lvarph          ; save address high byte
00117A  1  A5 C3                LDA     Bpntrl          ; get BASIC execute pointer low byte
00117C  1  A4 C4                LDY     Bpntrh          ; get BASIC execute pointer high byte
00117E  1  85 11                STA     Itempl          ; save as temporary integer low byte
001180  1  84 12                STY     Itemph          ; save as temporary integer high byte
001182  1  A6 91                LDX     Rdptrl          ; get READ pointer low byte
001184  1  A4 92                LDY     Rdptrh          ; get READ pointer high byte
001186  1  86 C3                STX     Bpntrl          ; set BASIC execute pointer low byte
001188  1  84 C4                STY     Bpntrh          ; set BASIC execute pointer high byte
00118A  1                       .IFDEF  DUODYNE
00118A  1                       JSL     LAB_GBYT        ; scan memory
00118A  1                       .ELSE
00118A  1  20 C2 00             JSR     LAB_GBYT        ; scan memory
00118D  1                       .ENDIF
00118D  1               
00118D  1  D0 11                BNE     LAB_1988        ; branch if not null
00118F  1               
00118F  1               ; pointer was to null entry
00118F  1  24 62                BIT     Imode           ; test input mode flag, $00=INPUT, $80=READ
001191  1  30 65                BMI     LAB_19DD        ; branch if READ
001193  1               
001193  1               ; mode was INPUT
001193  1  20 EB 10             JSR     LAB_18E3        ; print "?" character (double ? for extended input)
001196  1  20 3C 0A             JSR     LAB_INLN        ; print "? " and get BASIC input
001199  1  86 C3                STX     Bpntrl          ; set BASIC execute pointer low byte
00119B  1  84 C4                STY     Bpntrh          ; set BASIC execute pointer high byte
00119D  1               LAB_1985:
00119D  1                       .IFDEF  DUODYNE
00119D  1                       JSL     LAB_GBYT        ; scan memory
00119D  1                       .ELSE
00119D  1  20 C2 00             JSR     LAB_GBYT        ; scan memory
0011A0  1                       .ENDIF
0011A0  1               
0011A0  1               LAB_1988:
0011A0  1  24 5F                BIT     Dtypef          ; test data type flag, $FF=string, $00=numeric
0011A2  1  10 24                BPL     LAB_19B0        ; branch if numeric
0011A4  1               
0011A4  1               ; else get string
0011A4  1  85 5B                STA     Srchc           ; save search character
0011A6  1  C9 22                CMP     #$22            ; was it " ?
0011A8  1  F0 07                BEQ     LAB_1999        ; branch if so
0011AA  1               
0011AA  1  A9 3A                LDA     #':'            ; else search character is ":"
0011AC  1  85 5B                STA     Srchc           ; set new search character
0011AE  1  A9 2C                LDA     #','            ; other search character is ","
0011B0  1  18                   CLC                     ; clear carry for add
0011B1  1               LAB_1999:
0011B1  1  85 5C                STA     Asrch           ; set second search character
0011B3  1  A5 C3                LDA     Bpntrl          ; get BASIC execute pointer low byte
0011B5  1  A4 C4                LDY     Bpntrh          ; get BASIC execute pointer high byte
0011B7  1               
0011B7  1  69 00                ADC     #$00            ; c is =1 if we came via the BEQ LAB_1999, else =0
0011B9  1  90 01                BCC     LAB_19A4        ; branch if no execute pointer low byte rollover
0011BB  1               
0011BB  1  C8                   INY                     ; else increment high byte
0011BC  1               LAB_19A4:
0011BC  1  20 4C 19             JSR     LAB_20B4        ; print Srchc or Asrch terminated string to Sutill/Sutilh
0011BF  1  20 D2 1C             JSR     LAB_23F3        ; restore BASIC execute pointer from temp (Btmpl/Btmph)
0011C2  1  20 D0 0F             JSR     LAB_17D5        ; go do string LET
0011C5  1  4C CE 11             JMP     LAB_19B6        ; go check string terminator
0011C8  1               
0011C8  1               ; get numeric INPUT
0011C8  1               LAB_19B0:
0011C8  1  20 AB 21             JSR     LAB_2887        ; get FAC1 from string
0011CB  1  20 A8 20             JSR     LAB_PFAC        ; pack FAC1 into (Lvarpl)
0011CE  1               LAB_19B6:
0011CE  1                       .IFDEF  DUODYNE
0011CE  1                       JSL     LAB_GBYT        ; scan memory
0011CE  1                       .ELSE
0011CE  1  20 C2 00             JSR     LAB_GBYT        ; scan memory
0011D1  1                       .ENDIF
0011D1  1               
0011D1  1  F0 0A                BEQ     LAB_19C5        ; branch if null (last entry)
0011D3  1               
0011D3  1  C9 2C                CMP     #','            ; else compare with ","
0011D5  1  F0 03                BEQ     LAB_19C2        ; branch if ","
0011D7  1               
0011D7  1  4C 28 11             JMP     LAB_1904        ; else go handle bad input data
0011DA  1               
0011DA  1               ; got good input data
0011DA  1               LAB_19C2:
0011DA  1                       .IFDEF  DUODYNE
0011DA  1                       JSL     LAB_IGBY        ; increment and scan memory
0011DA  1                       .ELSE
0011DA  1  20 BC 00             JSR     LAB_IGBY        ; increment and scan memory
0011DD  1                       .ENDIF
0011DD  1               
0011DD  1               LAB_19C5:
0011DD  1  A5 C3                LDA     Bpntrl          ; get BASIC execute pointer low byte (temp READ/INPUT ptr)
0011DF  1  A4 C4                LDY     Bpntrh          ; get BASIC execute pointer high byte (temp READ/INPUT ptr)
0011E1  1  85 91                STA     Rdptrl          ; save for now
0011E3  1  84 92                STY     Rdptrh          ; save for now
0011E5  1  A5 11                LDA     Itempl          ; get temporary integer low byte (temp BASIC execute ptr)
0011E7  1  A4 12                LDY     Itemph          ; get temporary integer high byte (temp BASIC execute ptr)
0011E9  1  85 C3                STA     Bpntrl          ; set BASIC execute pointer low byte
0011EB  1  84 C4                STY     Bpntrh          ; set BASIC execute pointer high byte
0011ED  1                       .IFDEF  DUODYNE
0011ED  1                       JSL     LAB_GBYT        ; scan memory
0011ED  1                       .ELSE
0011ED  1  20 C2 00             JSR     LAB_GBYT        ; scan memory
0011F0  1                       .ENDIF
0011F0  1               
0011F0  1  F0 2C                LBEQ    LAB_1A03        ; if null go do extra ignored message
0011F2  1               
0011F2  1  20 FF 13             JSR     LAB_1C01        ; else scan for "," , else do syntax error then warm start
0011F5  1  4C 73 11             JMP     LAB_195B        ; go INPUT next variable from list
0011F8  1               
0011F8  1               ; find next DATA statement or do "Out of DATA" error
0011F8  1               LAB_19DD:
0011F8  1  20 9D 0E             JSR     LAB_SNBS        ; scan for next BASIC statement ([:] or [EOL])
0011FB  1  C8                   INY                     ; increment index
0011FC  1  AA                   TAX                     ; copy character ([:] or [EOL])
0011FD  1  D0 12                BNE     LAB_19F6        ; branch if [:]
0011FF  1               
0011FF  1  A2 06                LDX     #$06            ; set for "Out of DATA" error
001201  1  C8                   INY                     ; increment index, now points to next line pointer high byte
001202  1  B1 C3                LDA     (Bpntrl),Y      ; get next line pointer high byte
001204  1  F0 73                LBEQ    LAB_1A54        ; branch if end (eventually does error X)
001206  1               
001206  1  C8                   INY                     ; increment index
001207  1  B1 C3                LDA     (Bpntrl),Y      ; get next line # low byte
001209  1  85 8D                STA     Dlinel          ; save current DATA line low byte
00120B  1  C8                   INY                     ; increment index
00120C  1  B1 C3                LDA     (Bpntrl),Y      ; get next line # high byte
00120E  1  C8                   INY                     ; increment index
00120F  1  85 8E                STA     Dlineh          ; save current DATA line high byte
001211  1               LAB_19F6:
001211  1  B1 C3                LDA     (Bpntrl),Y      ; get byte
001213  1  C8                   INY                     ; increment index
001214  1  AA                   TAX                     ; copy to X
001215  1  20 8F 0E             JSR     LAB_170F        ; set BASIC execute pointer
001218  1  E0 83                CPX     #TK_DATA        ; compare with "DATA" token
00121A  1  F0 81                LBEQ    LAB_1985        ; was "DATA" so go do next READ
00121C  1               
00121C  1  D0 DA                BNE     LAB_19DD        ; go find next statement if not "DATA"
00121E  1               
00121E  1               ; end of INPUT/READ routine
00121E  1               
00121E  1               LAB_1A03:
00121E  1  A5 91                LDA     Rdptrl          ; get temp READ pointer low byte
001220  1  A4 92                LDY     Rdptrh          ; get temp READ pointer high byte
001222  1  A6 62                LDX     Imode           ; get input mode flag, $00=INPUT, $80=READ
001224  1  10 03                BPL     LAB_1A0E        ; branch if INPUT
001226  1               
001226  1  4C 4E 0D             JMP     LAB_1624        ; save AY as DATA pointer and return
001229  1               
001229  1               ; we were getting INPUT
001229  1               LAB_1A0E:
001229  1  A0 00                LDY     #$00            ; clear index
00122B  1  B1 91                LDAINDIRECTY Rdptrl     ; get next byte
00122D  1  D0 01                BNE     LAB_1A1B        ; error if not end of INPUT
00122F  1               
00122F  1  60                   RTS
001230  1               
001230  1               ; user typed too much
001230  1               LAB_1A1B:
001230  1  A9 0C                LDA     #<LAB_IMSG      ; point to extra ignored message (low addr)
001232  1  A0 30                LDY     #>LAB_IMSG      ; point to extra ignored message (high addr)
001234  1  4C D3 10             JMP     LAB_18C3        ; print null terminated string from memory and return
001237  1               
001237  1               ; search the stack for FOR activity
001237  1               ; exit with z=1 if FOR else exit with z=0
001237  1                       .IFDEF  DUODYNE
001237  1               
001237  1               LAB_11A1:
001237  1                       INDEX16
001237  1                       TSX                     ; copy stack pointer
001237  1                       INX                     ; +1 pass return address
001237  1                       INX                     ; +2 pass return address
001237  1                       INX                     ; +3 pass calling routine return address
001237  1                       INX                     ; +4 pass calling routine return address
001237  1               LAB_11A6:
001237  1                       PHB
001237  1                       LDA     #$00            ; WANT TO ACCESS ZERO BANK FOR STACK
001237  1                       PHA
001237  1                       PLB
001237  1                       LDA     1,X             ; get token byte from stack
001237  1                       PLB
001237  1                       CMP     #TK_FOR         ; is it FOR token
001237  1                       BNE     LAB_11CE        ; exit if not FOR token
001237  1               
001237  1               ; was FOR token
001237  1                       LDA     <Frnxth         ; get var pointer for FOR/NEXT high byte
001237  1                       BNE     LAB_11BB        ; branch if not null
001237  1               
001237  1                       PHB
001237  1                       LDA     #$00            ; WANT TO ACCESS ZERO BANK FOR STACK
001237  1                       PHA
001237  1                       PLB
001237  1                       LDA     2,X             ; get FOR variable pointer low byte
001237  1                       STA     <Frnxtl         ; save var pointer for FOR/NEXT low byte
001237  1                       LDA     3,X             ; get FOR variable pointer high byte
001237  1                       STA     <Frnxth         ; save var pointer for FOR/NEXT high byte
001237  1                       PLB
001237  1               LAB_11BB:
001237  1                       PHB
001237  1                       LDA     #$00            ; WANT TO ACCESS ZERO BANK FOR STACK
001237  1                       PHA
001237  1                       PLB
001237  1                       LDA     3,X
001237  1                       STA     <TMPFLG
001237  1                       PLB
001237  1                       CMP     <TMPFLG         ; compare var pointer with stacked var pointer (high byte)
001237  1                       BNE     LAB_11C7        ; branch if no match
001237  1               
001237  1                       LDA     <Frnxtl         ; get var pointer for FOR/NEXT low byte
001237  1                       PHB
001237  1                       LDA     #$00            ; WANT TO ACCESS ZERO BANK FOR STACK
001237  1                       PHA
001237  1                       PLB
001237  1                       LDA     2,X
001237  1                       STA     <TMPFLG
001237  1                       PLB
001237  1                       CMP     <TMPFLG         ; compare var pointer with stacked var pointer (high byte)
001237  1                       BEQ     LAB_11CE        ; exit if match found
001237  1               
001237  1               LAB_11C7:
001237  1                       INX
001237  1                       INX
001237  1                       INX
001237  1                       INX
001237  1                       INX
001237  1                       INX
001237  1                       INX
001237  1                       INX
001237  1                       INX
001237  1                       INX
001237  1                       INX
001237  1                       INX
001237  1                       INX
001237  1                       INX
001237  1                       INX
001237  1                       INX
001237  1                       TXS                     ; copy back to index
001237  1                       BNE     LAB_11A6        ; loop if not at start of stack
001237  1               LAB_11CE:
001237  1                       STX     <TEMPW
001237  1                       INDEX8
001237  1                       RTS
001237  1               
001237  1               ; perform NEXT
001237  1               
001237  1               LAB_NEXT:
001237  1                       BNE     LAB_1A46        ; branch if NEXT var
001237  1               
001237  1                       LDY     #$00            ; else clear Y
001237  1                       BEQ     LAB_1A49        ; branch always (no variable to search for)
001237  1               
001237  1               ; NEXT var
001237  1               
001237  1               LAB_1A46:
001237  1                       JSR     LAB_GVAR        ; get variable address
001237  1               LAB_1A49:
001237  1                       STA     <Frnxtl         ; store variable pointer low byte
001237  1                       STY     <Frnxth         ; store variable pointer high byte
001237  1               ; (both cleared if no variable defined)
001237  1                       JSR     LAB_11A1        ; search the stack for FOR activity
001237  1                       BEQ     LAB_1A56        ; branch if found
001237  1               
001237  1                       LDX     #$00            ; else set error $00 ("NEXT without FOR" error)
001237  1               LAB_1A54:
001237  1                       BEQ     LAB_1ABE        ; do error #X, then warm start
001237  1               
001237  1               
001237  1               LAB_1A56:
001237  1                       ACCUMULATORINDEX16
001237  1                       LDX     <TEMPW
001237  1                       TXS                     ; set stack pointer, X set by search, dumps return addresses
001237  1                       TXA                     ; copy stack pointer
001237  1                       CLC                     ; CLEAR carry
001237  1               
001237  1                       ADC     #$0009          ; point to TO var
001237  1                       STA     <ut2_pl         ; save pointer to TO var for compare
001237  1                       SEC
001237  1                       SBC     #$0005          ; point to STEP var
001237  1                       STA     <TEMPW
001237  1               
001237  1                       ACCUMULATORINDEX8
001237  1                       LDY     <TEMPW+1        ; point to stack page high byte
001237  1               
001237  1                       PHB                     ; ensure UNPACK works in stack bank not data bank
001237  1                       PHX
001237  1                       LDX     #$00
001237  1                       PHX
001237  1                       PLB
001237  1                       PLX
001237  1                       JSR     LAB_UFAC        ; unpack memory (STEP value) into FAC1
001237  1                       PLB
001237  1               
001237  1                       LDA     8,S             ; get step sign
001237  1                       STA     <FAC1_s         ; save FAC1 sign (b7)
001237  1                       LDA     <Frnxtl         ; get FOR variable pointer low byte
001237  1                       LDY     <Frnxth         ; get FOR variable pointer high byte
001237  1                       JSR     LAB_246C        ; add (FOR variable) to FAC1
001237  1                       JSR     LAB_PFAC        ; pack FAC1 into (FOR variable)
001237  1                       LDY     <TEMPW+1        ; point to stack page high byte
001237  1               
001237  1                       PHB                     ; ensure compare works in stack bank not data bank
001237  1                       PHX
001237  1                       LDX     #$00
001237  1                       PHX
001237  1                       PLB
001237  1                       PLX
001237  1               
001237  1                       JSR     LAB_27FA        ; compare FAC1 with (Y,<ut2_pl) (TO value)
001237  1                       PLB
001237  1               
001237  1               
001237  1                       CMP     8,S             ; compare step sign
001237  1                       BEQ     LAB_1A9B        ; branch if = (loop complete)
001237  1               ;
001237  1               ;					; loop back and do it all again
001237  1                       LDA     $0D,S           ; get FOR line low byte
001237  1                       STA     <Clinel         ; save current line low byte
001237  1                       LDA     $0E,S           ; get FOR line high byte
001237  1                       STA     <Clineh         ; save current line high byte
001237  1                       LDA     $10,S           ; get BASIC execute pointer low byte
001237  1                       STA     <Bpntrl         ; save BASIC execute pointer low byte
001237  1                       LDA     $0F,S           ; get BASIC execute pointer high byte
001237  1                       STA     <Bpntrh         ; save BASIC execute pointer high byte
001237  1               LAB_1A98:
001237  1                       JMP     LAB_15C2        ; go do interpreter inner loop
001237  1               
001237  1               LAB_1A9B:
001237  1                       ACCUMULATORINDEX16
001237  1                       TSC                     ; stack copy to A
001237  1                       ADC     #$000F          ; add $10 ($0F+carry) to dump FOR structure
001237  1                       TCS                     ; copy back to index
001237  1                       ACCUMULATORINDEX8
001237  1                       JSL     LAB_GBYT        ; scan memory
001237  1                       CMP     #','            ; compare with ","
001237  1                       BNE     LAB_1A98        ; branch if not "," (go do interpreter inner loop)
001237  1               ; was "," so another NEXT variable to do
001237  1                       JSL     LAB_IGBY        ; else increment and scan memory
001237  1                       JSR     LAB_1A46        ; do NEXT (var)
001237  1                       .ELSE
001237  1               LAB_11A1:
001237  1  BA                   TSX                     ; copy stack pointer
001238  1  E8                   INX                     ; +1 pass return address
001239  1  E8                   INX                     ; +2 pass return address
00123A  1  E8                   INX                     ; +3 pass calling routine return address
00123B  1  E8                   INX                     ; +4 pass calling routine return address
00123C  1               LAB_11A6:
00123C  1  BD 01 01             LDA     LAB_STAK+1,X    ; get token byte from stack
00123F  1  C9 81                CMP     #TK_FOR         ; is it FOR token
001241  1  D0 21                BNE     LAB_11CE        ; exit if not FOR token
001243  1               
001243  1               ; was FOR token
001243  1  A5 98                LDA     Frnxth          ; get var pointer for FOR/NEXT high byte
001245  1  D0 0A                BNE     LAB_11BB        ; branch if not null
001247  1  BD 02 01             LDA     LAB_STAK+2,X    ; get FOR variable pointer low byte
00124A  1  85 97                STA     Frnxtl          ; save var pointer for FOR/NEXT low byte
00124C  1  BD 03 01             LDA     LAB_STAK+3,X    ; get FOR variable pointer high byte
00124F  1  85 98                STA     Frnxth          ; save var pointer for FOR/NEXT high byte
001251  1               LAB_11BB:
001251  1  DD 03 01             CMP     LAB_STAK+3,X    ; compare var pointer with stacked var pointer (high byte)
001254  1  D0 07                BNE     LAB_11C7        ; branch if no match
001256  1               
001256  1  A5 97                LDA     Frnxtl          ; get var pointer for FOR/NEXT low byte
001258  1  DD 02 01             CMP     LAB_STAK+2,X    ; compare var pointer with stacked var pointer (low byte)
00125B  1  F0 07                BEQ     LAB_11CE        ; exit if match found
00125D  1               
00125D  1               LAB_11C7:
00125D  1  8A                   TXA                     ; copy index
00125E  1  18                   CLC                     ; clear carry for add
00125F  1  69 10                ADC     #$10            ; add FOR stack use size
001261  1  AA                   TAX                     ; copy back to index
001262  1  D0 D8                BNE     LAB_11A6        ; loop if not at start of stack
001264  1               
001264  1               LAB_11CE:
001264  1  60                   RTS
001265  1               
001265  1               ; perform NEXT
001265  1               
001265  1               LAB_NEXT:
001265  1  D0 04                BNE     LAB_1A46        ; branch if NEXT var
001267  1               
001267  1  A0 00                LDY     #$00            ; else clear Y
001269  1  F0 03                BEQ     LAB_1A49        ; branch always (no variable to search for)
00126B  1               
00126B  1               ; NEXT var
00126B  1               
00126B  1               LAB_1A46:
00126B  1  20 AC 15             JSR     LAB_GVAR        ; get variable address
00126E  1               LAB_1A49:
00126E  1  85 97                STA     Frnxtl          ; store variable pointer low byte
001270  1  84 98                STY     Frnxth          ; store variable pointer high byte
001272  1               ; (both cleared if no variable defined)
001272  1  20 37 12             JSR     LAB_11A1        ; search the stack for FOR activity
001275  1  F0 04                BEQ     LAB_1A56        ; branch if found
001277  1               
001277  1  A2 00                LDX     #$00            ; else set error $00 ("NEXT without FOR" error)
001279  1               LAB_1A54:
001279  1  F0 63                BEQ     LAB_1ABE        ; do error #X, then warm start
00127B  1               
00127B  1               LAB_1A56:
00127B  1  9A                   TXS                     ; set stack pointer, X set by search, dumps return addresses
00127C  1               
00127C  1  8A                   TXA                     ; copy stack pointer
00127D  1  38                   SEC                     ; set carry for subtract
00127E  1  E9 F7                SBC     #$F7            ; point to TO var
001280  1  85 73                STA     ut2_pl          ; save pointer to TO var for compare
001282  1  69 FB                ADC     #$FB            ; point to STEP var
001284  1               
001284  1  A0 01                LDY     #>LAB_STAK      ; point to stack page high byte
001286  1  20 82 20             JSR     LAB_UFAC        ; unpack memory (STEP value) into FAC1
001289  1  BA                   TSX                     ; get stack pointer back
00128A  1  BD 08 01             LDA     LAB_STAK+8,X    ; get step sign
00128D  1  85 B0                STA     FAC1_s          ; save FAC1 sign (b7)
00128F  1  A5 97                LDA     Frnxtl          ; get FOR variable pointer low byte
001291  1  A4 98                LDY     Frnxth          ; get FOR variable pointer high byte
001293  1  20 C3 1D             JSR     LAB_246C        ; add (FOR variable) to FAC1
001296  1  20 A8 20             JSR     LAB_PFAC        ; pack FAC1 into (FOR variable)
001299  1  A0 01                LDY     #>LAB_STAK      ; point to stack page high byte
00129B  1  20 1E 21             JSR     LAB_27FA        ; compare FAC1 with (Y,ut2_pl) (TO value)
00129E  1  BA                   TSX                     ; get stack pointer back
00129F  1  DD 08 01             CMP     LAB_STAK+8,X    ; compare step sign
0012A2  1  F0 17                BEQ     LAB_1A9B        ; branch if = (loop complete)
0012A4  1               
0012A4  1               ; loop back and do it all again
0012A4  1  BD 0D 01             LDA     LAB_STAK+$0D,X  ; get FOR line low byte
0012A7  1  85 87                STA     Clinel          ; save current line low byte
0012A9  1  BD 0E 01             LDA     LAB_STAK+$0E,X  ; get FOR line high byte
0012AC  1  85 88                STA     Clineh          ; save current line high byte
0012AE  1  BD 10 01             LDA     LAB_STAK+$10,X  ; get BASIC execute pointer low byte
0012B1  1  85 C3                STA     Bpntrl          ; save BASIC execute pointer low byte
0012B3  1  BD 0F 01             LDA     LAB_STAK+$0F,X  ; get BASIC execute pointer high byte
0012B6  1  85 C4                STA     Bpntrh          ; save BASIC execute pointer high byte
0012B8  1               LAB_1A98:
0012B8  1  4C BB 0C             JMP     LAB_15C2        ; go do interpreter inner loop
0012BB  1               
0012BB  1               ; loop complete so carry on
0012BB  1               LAB_1A9B:
0012BB  1  8A                   TXA                     ; stack copy to A
0012BC  1  69 0F                ADC     #$0F            ; add $10 ($0F+carry) to dump FOR structure
0012BE  1  AA                   TAX                     ; copy back to index
0012BF  1  9A                   TXS                     ; copy to stack pointer
0012C0  1  20 C2 00             JSR     LAB_GBYT        ; scan memory
0012C3  1               
0012C3  1  C9 2C                CMP     #','            ; compare with ","
0012C5  1  D0 F1                BNE     LAB_1A98        ; branch if not "," (go do interpreter inner loop)
0012C7  1               
0012C7  1               ; was "," so another NEXT variable to do
0012C7  1  20 BC 00             JSR     LAB_IGBY        ; increment and scan memory
0012CA  1               
0012CA  1  20 6B 12             JSR     LAB_1A46        ; do NEXT (var)
0012CD  1                       .ENDIF
0012CD  1               ; evaluate expression and check is numeric, else do type mismatch
0012CD  1               
0012CD  1               LAB_EVNM:
0012CD  1  20 E1 12             JSR     LAB_EVEX        ; evaluate expression
0012D0  1               
0012D0  1               ; check if source is numeric, else do type mismatch
0012D0  1               
0012D0  1               LAB_CTNM:
0012D0  1  18                   CLC                     ; destination is numeric
0012D1  1  24                   .BYTE   $24             ; makes next line BIT $38
0012D2  1               
0012D2  1               ; check if source is string, else do type mismatch
0012D2  1               
0012D2  1               LAB_CTST:
0012D2  1  38                   SEC                     ; required type is string
0012D3  1               
0012D3  1               ; type match check, set C for string, clear C for numeric
0012D3  1               
0012D3  1               LAB_CKTM:
0012D3  1  24 5F                BIT     Dtypef          ; test data type flag, $FF=string, $00=numeric
0012D5  1  30 03                BMI     LAB_1ABA        ; branch if data type is string
0012D7  1               
0012D7  1               ; else data type was numeric
0012D7  1  B0 03                BCS     LAB_1ABC        ; if required type is string do type mismatch error
0012D9  1               LAB_1AB9:
0012D9  1  60                   RTS
0012DA  1               
0012DA  1               ; data type was string, now check required type
0012DA  1               LAB_1ABA:
0012DA  1  B0 FD                BCS     LAB_1AB9        ; exit if required type is string
0012DC  1               
0012DC  1               ; else do type mismatch error
0012DC  1               LAB_1ABC:
0012DC  1  A2 18                LDX     #$18            ; error code $18 ("Type mismatch" error)
0012DE  1               LAB_1ABE:
0012DE  1  4C 27 09             JMP     LAB_XERR        ; do error #X, then warm start
0012E1  1               
0012E1  1               ; evaluate expression
0012E1  1               
0012E1  1               LAB_EVEX:
0012E1  1  A6 C3                LDX     Bpntrl          ; get BASIC execute pointer low byte
0012E3  1  D0 02                BNE     LAB_1AC7        ; skip next if not zero
0012E5  1               
0012E5  1  C6 C4                DEC     Bpntrh          ; else decrement BASIC execute pointer high byte
0012E7  1               LAB_1AC7:
0012E7  1  C6 C3                DEC     Bpntrl          ; decrement BASIC execute pointer low byte
0012E9  1               
0012E9  1               LAB_EVEZ:
0012E9  1  A9 00                LDA     #$00            ; set null precedence (flag done)
0012EB  1               LAB_1ACC:
0012EB  1  48                   PHA                     ; push precedence byte
0012EC  1  A9 02                LDA     #$02            ; 2 bytes
0012EE  1  20 EE 08             JSR     LAB_1212        ; check room on stack for A bytes
0012F1  1  20 CD 13             JSR     LAB_GVAL        ; get value from line
0012F4  1  A9 00                LDA     #$00            ; clear A
0012F6  1  85 9B                STA     comp_f          ; clear compare function flag
0012F8  1               LAB_1ADB:
0012F8  1                       .IFDEF  DUODYNE
0012F8  1                       JSL     LAB_GBYT        ; scan memory
0012F8  1                       .ELSE
0012F8  1  20 C2 00             JSR     LAB_GBYT        ; scan memory
0012FB  1                       .ENDIF
0012FB  1               
0012FB  1               LAB_1ADE:
0012FB  1  38                   SEC                     ; set carry for subtract
0012FC  1  E9 C1                SBC     #TK_GT          ; subtract token for > (lowest comparison function)
0012FE  1  90 17                BCC     LAB_1AFA        ; branch if < TK_GT
001300  1               
001300  1  C9 03                CMP     #$03            ; compare with ">" to "<" tokens
001302  1  B0 13                BCS     LAB_1AFA        ; branch if >= TK_SGN (highest evaluation function +1)
001304  1               
001304  1               ; was token for > = or < (A = 0, 1 or 2)
001304  1  C9 01                CMP     #$01            ; compare with token for =
001306  1  2A                   ROL     A               ; *2, b0 = carry (=1 if token was = or <)
001307  1               ; (A = 0, 3 or 5)
001307  1  49 01                EOR     #$01            ; toggle b0
001309  1               ; (A = 1, 2 or 4. 1 if >, 2 if =, 4 if <)
001309  1  45 9B                EOR     comp_f          ; EOR with compare function flag bits
00130B  1  C5 9B                CMP     comp_f          ; compare with compare function flag
00130D  1  90 67                BCC     LAB_1B53        ; if <(comp_f) do syntax error then warm start
00130F  1               ; was more than one <, = or >)
00130F  1               
00130F  1  85 9B                STA     comp_f          ; save new compare function flag
001311  1                       .IFDEF  DUODYNE
001311  1                       JSL     LAB_IGBY        ; increment and scan memory
001311  1                       .ELSE
001311  1  20 BC 00             JSR     LAB_IGBY        ; increment and scan memory
001314  1                       .ENDIF
001314  1               
001314  1  4C FB 12             JMP     LAB_1ADE        ; go do next character
001317  1               
001317  1               ; token is < ">" or > "<" tokens
001317  1               LAB_1AFA:
001317  1  A6 9B                LDX     comp_f          ; get compare function flag
001319  1  D0 2C                BNE     LAB_1B2A        ; branch if compare function
00131B  1               
00131B  1  B0 79                BCS     LAB_1B78        ; go do functions
00131D  1               
00131D  1               ; else was <  TK_GT so is operator or lower
00131D  1  69 0A                ADC     #TK_GT-TK_PLUS  ; add # of operators (+, -, *, /, ^, AND, OR or EOR)
00131F  1  90 75                BCC     LAB_1B78        ; branch if < + operator
001321  1               
001321  1               ; carry was set so token was +, -, *, /, ^, AND, OR or EOR
001321  1  D0 07                BNE     LAB_1B0B        ; branch if not + token
001323  1               
001323  1  24 5F                BIT     Dtypef          ; test data type flag, $FF=string, $00=numeric
001325  1  10 03                BPL     LAB_1B0B        ; branch if not string
001327  1               
001327  1               ; will only be $00 if type is string and token was +
001327  1  4C D6 1A             JMP     LAB_224D        ; add strings, string 1 is in descriptor des_pl, string 2
00132A  1               ; is in line, and return
00132A  1               
00132A  1               LAB_1B0B:
00132A  1  85 71                STA     ut1_pl          ; save it
00132C  1  0A                   ASL     A               ; *2
00132D  1  65 71                ADC     ut1_pl          ; *3
00132F  1  A8                   TAY                     ; copy to index
001330  1               LAB_1B13:
001330  1  68                   PLA                     ; pull previous precedence
001331  1  D9 E9 2A             CMP     LAB_OPPT,Y      ; compare with precedence byte
001334  1  B0 65                BCS     LAB_1B7D        ; branch if A >=
001336  1               
001336  1  20 D0 12             JSR     LAB_CTNM        ; check if source is numeric, else do type mismatch
001339  1               LAB_1B1C:
001339  1  48                   PHA                     ; save precedence
00133A  1               LAB_1B1D:
00133A  1  20 62 13             JSR     LAB_1B43        ; get vector, execute function then continue evaluation
00133D  1  68                   PLA                     ; restore precedence
00133E  1  A4 99                LDY     prstk           ; get precedence stacked flag
001340  1  10 19                BPL     LAB_1B3C        ; branch if stacked values
001342  1               
001342  1  AA                   TAX                     ; copy precedence (set flags)
001343  1  F0 76                BEQ     LAB_1B9D        ; exit if done
001345  1               
001345  1  D0 5D                BNE     LAB_1B86        ; else pop FAC2 and return, branch always
001347  1               
001347  1               LAB_1B2A:
001347  1  26 5F                ROL     Dtypef          ; shift data type flag into Cb
001349  1  8A                   TXA                     ; copy compare function flag
00134A  1  85 5F                STA     Dtypef          ; clear data type flag, X is 0xxx xxxx
00134C  1  2A                   ROL     A               ; shift data type into compare function byte b0
00134D  1  A6 C3                LDX     Bpntrl          ; get BASIC execute pointer low byte
00134F  1  D0 02                BNE     LAB_1B34        ; branch if no underflow
001351  1               
001351  1  C6 C4                DEC     Bpntrh          ; else decrement BASIC execute pointer high byte
001353  1               LAB_1B34:
001353  1  C6 C3                DEC     Bpntrl          ; decrement BASIC execute pointer low byte
001355  1               TK_LT_PLUS      = TK_LT-TK_PLUS
001355  1  A0 24                LDY     #TK_LT_PLUS*3   ; set offset to last operator entry
001357  1  85 9B                STA     comp_f          ; save new compare function flag
001359  1  D0 D5                BNE     LAB_1B13        ; branch always
00135B  1               
00135B  1               LAB_1B3C:
00135B  1  D9 E9 2A             CMP     LAB_OPPT,Y      ;.compare with stacked function precedence
00135E  1  B0 44                BCS     LAB_1B86        ; branch if A >=, pop FAC2 and return
001360  1               
001360  1  90 D7                BCC     LAB_1B1C        ; branch always
001362  1               
001362  1               ;.get vector, execute function then continue evaluation
001362  1               
001362  1               LAB_1B43:
001362  1  B9 EB 2A             LDA     LAB_OPPT+2,Y    ; get function vector high byte
001365  1  48                   PHA                     ; onto stack
001366  1  B9 EA 2A             LDA     LAB_OPPT+1,Y    ; get function vector low byte
001369  1  48                   PHA                     ; onto stack
00136A  1               ; now push sign, round FAC1 and put on stack
00136A  1  20 79 13             JSR     LAB_1B5B        ; function will return here, then the next RTS will call
00136D  1               ; the function
00136D  1  A5 9B                LDA     comp_f          ; get compare function flag
00136F  1  48                   PHA                     ; push compare evaluation byte
001370  1  B9 E9 2A             LDA     LAB_OPPT,Y      ; get precedence byte
001373  1  4C EB 12             JMP     LAB_1ACC        ; continue evaluating expression
001376  1               
001376  1               LAB_1B53:
001376  1  4C 03 14             JMP     LAB_SNER        ; do syntax error then warm start
001379  1               
001379  1               ; push sign, round FAC1 and put on stack
001379  1               
001379  1               LAB_1B5B:
001379  1  68                   PLA                     ; get return addr low byte
00137A  1  85 71                STA     ut1_pl          ; save it
00137C  1  E6 71                INC     ut1_pl          ; increment it (was ret-1 pushed? yes!)
00137E  1               ; note! no check is made on the high byte! if the calling
00137E  1               ; routine assembles to a page edge then this all goes
00137E  1               ; horribly wrong !!!
00137E  1  68                   PLA                     ; get return addr high byte
00137F  1  85 72                STA     ut1_ph          ; save it
001381  1  A5 B0                LDA     FAC1_s          ; get FAC1 sign (b7)
001383  1  48                   PHA                     ; push sign
001384  1               
001384  1               ; round FAC1 and put on stack
001384  1               
001384  1               LAB_1B66:
001384  1  20 DE 20             JSR     LAB_27BA        ; round FAC1
001387  1  A5 AF                LDA     FAC1_3          ; get FAC1 mantissa3
001389  1  48                   PHA                     ; push on stack
00138A  1  A5 AE                LDA     FAC1_2          ; get FAC1 mantissa2
00138C  1  48                   PHA                     ; push on stack
00138D  1  A5 AD                LDA     FAC1_1          ; get FAC1 mantissa1
00138F  1  48                   PHA                     ; push on stack
001390  1  A5 AC                LDA     FAC1_e          ; get FAC1 exponent
001392  1  48                   PHA                     ; push on stack
001393  1  6C 71 00             JMP     (ut1_pl)        ; return, sort of
001396  1               
001396  1               
001396  1               ; do functions
001396  1               
001396  1               LAB_1B78:
001396  1  A0 FF                LDY     #$FF            ; flag function
001398  1  68                   PLA                     ; pull precedence byte
001399  1               LAB_1B7B:
001399  1  F0 20                BEQ     LAB_1B9D        ; exit if done
00139B  1               
00139B  1               LAB_1B7D:
00139B  1  C9 64                CMP     #$64            ; compare previous precedence with $64
00139D  1  F0 03                BEQ     LAB_1B84        ; branch if was $64 (< function)
00139F  1               
00139F  1  20 D0 12             JSR     LAB_CTNM        ; check if source is numeric, else do type mismatch
0013A2  1               LAB_1B84:
0013A2  1  84 99                STY     prstk           ; save precedence stacked flag
0013A4  1               
0013A4  1               ; pop FAC2 and return
0013A4  1               LAB_1B86:
0013A4  1  68                   PLA                     ; pop byte
0013A5  1  4A                   LSR     A               ; shift out comparison evaluation lowest bit
0013A6  1  85 63                STA     Cflag           ; save comparison evaluation flag
0013A8  1  68                   PLA                     ; pop exponent
0013A9  1  85 B3                STA     FAC2_e          ; save FAC2 exponent
0013AB  1  68                   PLA                     ; pop mantissa1
0013AC  1  85 B4                STA     FAC2_1          ; save FAC2 mantissa1
0013AE  1  68                   PLA                     ; pop mantissa2
0013AF  1  85 B5                STA     FAC2_2          ; save FAC2 mantissa2
0013B1  1  68                   PLA                     ; pop mantissa3
0013B2  1  85 B6                STA     FAC2_3          ; save FAC2 mantissa3
0013B4  1  68                   PLA                     ; pop sign
0013B5  1  85 B7                STA     FAC2_s          ; save FAC2 sign (b7)
0013B7  1  45 B0                EOR     FAC1_s          ; EOR FAC1 sign (b7)
0013B9  1  85 B8                STA     FAC_sc          ; save sign compare (FAC1 EOR FAC2)
0013BB  1               LAB_1B9D:
0013BB  1  A5 AC                LDA     FAC1_e          ; get FAC1 exponent
0013BD  1  60                   RTS
0013BE  1               
0013BE  1               ; print "..." string to string util area
0013BE  1               
0013BE  1               LAB_1BC1:
0013BE  1  A5 C3                LDA     Bpntrl          ; get BASIC execute pointer low byte
0013C0  1  A4 C4                LDY     Bpntrh          ; get BASIC execute pointer high byte
0013C2  1  69 00                ADC     #$00            ; add carry to low byte
0013C4  1  90 01                BCC     LAB_1BCA        ; branch if no overflow
0013C6  1               
0013C6  1  C8                   INY                     ; increment high byte
0013C7  1               LAB_1BCA:
0013C7  1  20 46 19             JSR     LAB_20AE        ; print " terminated string to Sutill/Sutilh
0013CA  1  4C D2 1C             JMP     LAB_23F3        ; restore BASIC execute pointer from temp and return
0013CD  1               
0013CD  1               ; get value from line
0013CD  1               
0013CD  1               LAB_GVAL:
0013CD  1                       .IFDEF  DUODYNE
0013CD  1                       JSL     LAB_IGBY        ; increment and scan memory
0013CD  1                       .ELSE
0013CD  1  20 BC 00             JSR     LAB_IGBY        ; increment and scan memory
0013D0  1                       .ENDIF
0013D0  1               
0013D0  1  B0 03                BCS     LAB_1BAC        ; branch if not numeric character
0013D2  1               
0013D2  1               ; else numeric string found (e.g. 123)
0013D2  1               LAB_1BA9:
0013D2  1  4C AB 21             JMP     LAB_2887        ; get FAC1 from string and return
0013D5  1               
0013D5  1               ; get value from line .. continued
0013D5  1               
0013D5  1               ; wasn't a number so ..
0013D5  1               LAB_1BAC:
0013D5  1  AA                   TAX                     ; set the flags
0013D6  1  30 30                BMI     LAB_1BD0        ; if -ve go test token values
0013D8  1               
0013D8  1               ; else it is either a string, number, variable or (<expr>)
0013D8  1  C9 24                CMP     #'$'            ; compare with "$"
0013DA  1  F0 F6                BEQ     LAB_1BA9        ; branch if "$", hex number
0013DC  1               
0013DC  1  C9 25                CMP     #'%'            ; else compare with "%"
0013DE  1  F0 F2                BEQ     LAB_1BA9        ; branch if "%", binary number
0013E0  1               
0013E0  1  C9 2E                CMP     #'.'            ; compare with "."
0013E2  1  F0 EE                BEQ     LAB_1BA9        ; if so get FAC1 from string and return (e.g. was .123)
0013E4  1               
0013E4  1               ; it wasn't any sort of number so ..
0013E4  1  C9 22                CMP     #$22            ; compare with "
0013E6  1  F0 D6                BEQ     LAB_1BC1        ; branch if open quote
0013E8  1               
0013E8  1               ; wasn't any sort of number so ..
0013E8  1               
0013E8  1               ; evaluate expression within parentheses
0013E8  1               
0013E8  1  C9 28                CMP     #'('            ; compare with "("
0013EA  1  D0 50                BNE     LAB_1C18        ; if not "(" get (var), return value in FAC1 and $ flag
0013EC  1               
0013EC  1               LAB_1BF7:
0013EC  1  20 E9 12             JSR     LAB_EVEZ        ; evaluate expression, no decrement
0013EF  1               
0013EF  1               ; all the 'scan for' routines return the character after the sought character
0013EF  1               
0013EF  1               ; scan for ")" , else do syntax error then warm start
0013EF  1               
0013EF  1               LAB_1BFB:
0013EF  1  A9 29                LDA     #$29            ; load A with ")"
0013F1  1               
0013F1  1               ; scan for CHR$(A) , else do syntax error then warm start
0013F1  1               
0013F1  1               LAB_SCCA:
0013F1  1  A0 00                LDY     #$00            ; clear index
0013F3  1  D1 C3                CMP     (Bpntrl),Y      ; check next byte is = A
0013F5  1  D0 0C                BNE     LAB_SNER        ; if not do syntax error then warm start
0013F7  1                       .IFDEF  DUODYNE
0013F7  1                       JSL     LAB_IGBY        ; increment and scan memory
0013F7  1                       .ELSE
0013F7  1  20 BC 00             JSR     LAB_IGBY        ; increment and scan memory
0013FA  1                       .ENDIF
0013FA  1  60                   RTS
0013FB  1               ; scan for "(" , else do syntax error then warm start
0013FB  1               
0013FB  1               LAB_1BFE:
0013FB  1  A9 28                LDA     #$28            ; load A with "("
0013FD  1  D0 F2                BNE     LAB_SCCA        ; scan for CHR$(A), else do syntax error then warm start
0013FF  1               ; (branch always)
0013FF  1               
0013FF  1               ; scan for "," , else do syntax error then warm start
0013FF  1               
0013FF  1               LAB_1C01:
0013FF  1  A9 2C                LDA     #$2C            ; load A with ","
001401  1  D0 EE                BNE     LAB_SCCA        ; scan for CHR$(A), else do syntax error then warm start
001403  1               ; (branch always)
001403  1               
001403  1               ; syntax error then warm start
001403  1               
001403  1               LAB_SNER:
001403  1  A2 02                LDX     #$02            ; error code $02 ("Syntax" error)
001405  1  4C 27 09             JMP     LAB_XERR        ; do error #X, then warm start
001408  1               
001408  1               ; get value from line .. continued
001408  1               ; do tokens
001408  1               
001408  1               LAB_1BD0:
001408  1  C9 B8                CMP     #TK_MINUS       ; compare with token for -
00140A  1  F0 29                BEQ     LAB_1C11        ; branch if - token (do set-up for functions)
00140C  1               
00140C  1               ; wasn't -n so ..
00140C  1  C9 B7                CMP     #TK_PLUS        ; compare with token for +
00140E  1  F0 BD                BEQ     LAB_GVAL        ; branch if + token (+n = n so ignore leading +)
001410  1               
001410  1  C9 B2                CMP     #TK_NOT         ; compare with token for NOT
001412  1  D0 13                BNE     LAB_1BE7        ; branch if not token for NOT
001414  1               
001414  1               ; was NOT token
001414  1               TK_EQUAL_PLUS   = TK_EQUAL-TK_PLUS
001414  1  A0 21                LDY     #TK_EQUAL_PLUS*3; offset to NOT function
001416  1  D0 1F                BNE     LAB_1C13        ; do set-up for function then execute (branch always)
001418  1               
001418  1               ; do = compare
001418  1               
001418  1               LAB_EQUAL:
001418  1  20 A8 16             JSR     LAB_EVIR        ; evaluate integer expression (no sign check)
00141B  1  A5 AF                LDA     FAC1_3          ; get FAC1 mantissa3
00141D  1  49 FF                EOR     #$FF            ; invert it
00141F  1  A8                   TAY                     ; copy it
001420  1  A5 AE                LDA     FAC1_2          ; get FAC1 mantissa2
001422  1  49 FF                EOR     #$FF            ; invert it
001424  1  4C 5B 18             JMP     LAB_AYFC        ; save and convert integer AY to FAC1 and return
001427  1               
001427  1               ; get value from line .. continued
001427  1               
001427  1               ; wasn't +, -, or NOT so ..
001427  1               LAB_1BE7:
001427  1  C9 AF                CMP     #TK_FN          ; compare with token for FN
001429  1  D0 03                BNE     LAB_1BEE        ; branch if not token for FN
00142B  1               
00142B  1  4C B6 18             JMP     LAB_201E        ; go evaluate FNx
00142E  1               
00142E  1               ; get value from line .. continued
00142E  1               
00142E  1               ; wasn't +, -, NOT or FN so ..
00142E  1               LAB_1BEE:
00142E  1  E9 C4                SBC     #TK_SGN         ; subtract with token for SGN
001430  1  B0 19                BCS     LAB_1C27        ; if a function token go do it
001432  1               
001432  1  4C 03 14             JMP     LAB_SNER        ; else do syntax error
001435  1               
001435  1               ; set-up for functions
001435  1               
001435  1               LAB_1C11:
001435  1               TK_GT_PLUS      = TK_GT-TK_PLUS
001435  1  A0 1E                LDY     #TK_GT_PLUS*3   ; set offset from base to > operator
001437  1               LAB_1C13:
001437  1  68                   PLA                     ; dump return address low byte
001438  1  68                   PLA                     ; dump return address high byte
001439  1  4C 3A 13             JMP     LAB_1B1D        ; execute function then continue evaluation
00143C  1               
00143C  1               ; variable name set-up
00143C  1               ; get (var), return value in FAC_1 and $ flag
00143C  1               
00143C  1               LAB_1C18:
00143C  1  20 AC 15             JSR     LAB_GVAR        ; get (var) address
00143F  1  85 AE                STA     FAC1_2          ; save address low byte in FAC1 mantissa2
001441  1  84 AF                STY     FAC1_3          ; save address high byte in FAC1 mantissa3
001443  1  A6 5F                LDX     Dtypef          ; get data type flag, $FF=string, $00=numeric
001445  1  30 03                BMI     LAB_1C25        ; if string then return (does RTS)
001447  1               
001447  1               LAB_1C24:
001447  1  4C 82 20             JMP     LAB_UFAC        ; unpack memory (AY) into FAC1
00144A  1               
00144A  1               LAB_1C25:
00144A  1  60                   RTS
00144B  1               
00144B  1               ; get value from line .. continued
00144B  1               ; only functions left so ..
00144B  1               
00144B  1               ; set up function references
00144B  1               
00144B  1               ; new for V2.0+ this replaces a lot of IF .. THEN .. ELSEIF .. THEN .. that was needed
00144B  1               ; to process function calls. now the function vector is computed and pushed on the stack
00144B  1               ; and the preprocess offset is read. if the preprocess offset is non zero then the vector
00144B  1               ; is calculated and the routine called, if not this routine just does RTS. whichever
00144B  1               ; happens the RTS at the end of this routine, or the end of the preprocess routine, calls
00144B  1               ; the function code
00144B  1               
00144B  1               ; this also removes some less than elegant code that was used to bypass type checking
00144B  1               ; for functions that returned strings
00144B  1               
00144B  1               LAB_1C27:
00144B  1  0A                   ASL     A               ; *2 (2 bytes per function address)
00144C  1  A8                   TAY                     ; copy to index
00144D  1               
00144D  1  B9 A4 2A             LDA     LAB_FTBM,Y      ; get function jump vector high byte
001450  1  48                   PHA                     ; push functions jump vector high byte
001451  1  B9 A3 2A             LDA     LAB_FTBL,Y      ; get function jump vector low byte
001454  1  48                   PHA                     ; push functions jump vector low byte
001455  1               
001455  1  B9 5E 2A             LDA     LAB_FTPM,Y      ; get function pre process vector high byte
001458  1  F0 05                BEQ     LAB_1C56        ; skip pre process if null vector
00145A  1               
00145A  1  48                   PHA                     ; push functions pre process vector high byte
00145B  1  B9 5D 2A             LDA     LAB_FTPL,Y      ; get function pre process vector low byte
00145E  1  48                   PHA                     ; push functions pre process vector low byte
00145F  1               
00145F  1               LAB_1C56:
00145F  1  60                   RTS                     ; do function, or pre process, call
001460  1               
001460  1               ; process string expression in parenthesis
001460  1               
001460  1               LAB_PPFS:
001460  1  20 EC 13             JSR     LAB_1BF7        ; process expression in parenthesis
001463  1  4C D2 12             JMP     LAB_CTST        ; check if source is string then do function,
001466  1               ; else do type mismatch
001466  1               
001466  1               ; process numeric expression in parenthesis
001466  1               
001466  1               LAB_PPFN:
001466  1  20 EC 13             JSR     LAB_1BF7        ; process expression in parenthesis
001469  1  4C D0 12             JMP     LAB_CTNM        ; check if source is numeric then do function,
00146C  1               ; else do type mismatch
00146C  1               
00146C  1               ; set numeric data type and increment BASIC execute pointer
00146C  1               
00146C  1               LAB_PPBI:
00146C  1  46 5F                LSR     Dtypef          ; clear data type flag, $FF=string, $00=numeric
00146E  1                       .IFDEF  DUODYNE
00146E  1                       JSL     LAB_IGBY        ; increment and scan memory
00146E  1                       .ELSE
00146E  1  20 BC 00             JSR     LAB_IGBY        ; increment and scan memory
001471  1                       .ENDIF
001471  1  60                   RTS
001472  1               
001472  1               ; process string for LEFT$, RIGHT$ or MID$
001472  1               
001472  1               LAB_LRMS:
001472  1  20 E9 12             JSR     LAB_EVEZ        ; evaluate (should be string) expression
001475  1  20 FF 13             JSR     LAB_1C01        ; scan for ",", else do syntax error then warm start
001478  1  20 D2 12             JSR     LAB_CTST        ; check if source is string, else do type mismatch
00147B  1               
00147B  1  68                   PLA                     ; get function jump vector low byte
00147C  1  AA                   TAX                     ; save functions jump vector low byte
00147D  1  68                   PLA                     ; get function jump vector high byte
00147E  1  A8                   TAY                     ; save functions jump vector high byte
00147F  1  A5 AF                LDA     des_ph          ; get descriptor pointer high byte
001481  1  48                   PHA                     ; push string pointer high byte
001482  1  A5 AE                LDA     des_pl          ; get descriptor pointer low byte
001484  1  48                   PHA                     ; push string pointer low byte
001485  1  98                   TYA                     ; get function jump vector high byte back
001486  1  48                   PHA                     ; save functions jump vector high byte
001487  1  8A                   TXA                     ; get function jump vector low byte back
001488  1  48                   PHA                     ; save functions jump vector low byte
001489  1  20 8E 1C             JSR     LAB_GTBY        ; get byte parameter
00148C  1  8A                   TXA                     ; copy byte parameter to A
00148D  1  60                   RTS                     ; go do function
00148E  1               
00148E  1               ; process numeric expression(s) for BIN$ or HEX$
00148E  1               
00148E  1               LAB_BHSS:
00148E  1  20 E9 12             JSR     LAB_EVEZ        ; process expression
001491  1  20 D0 12             JSR     LAB_CTNM        ; check if source is numeric, else do type mismatch
001494  1  A5 AC                LDA     FAC1_e          ; get FAC1 exponent
001496  1  C9 98                CMP     #$98            ; compare with exponent = 2^24
001498  1  B0 20                BCS     LAB_BHER        ; branch if n>=2^24 (is too big)
00149A  1               
00149A  1  20 55 21             JSR     LAB_2831        ; convert FAC1 floating-to-fixed
00149D  1  A2 02                LDX     #$02            ; 3 bytes to do
00149F  1               LAB_CFAC:
00149F  1  B5 AD                LDA     FAC1_1,X        ; get byte from FAC1
0014A1  1  95 11                STA     nums_1,X        ; save byte to temp
0014A3  1  CA                   DEX                     ; decrement index
0014A4  1  10 F9                BPL     LAB_CFAC        ; copy FAC1 mantissa to temp
0014A6  1               
0014A6  1                       .IFDEF  DUODYNE
0014A6  1                       JSL     LAB_GBYT        ; scan memory
0014A6  1                       .ELSE
0014A6  1  20 C2 00             JSR     LAB_GBYT        ; scan memory
0014A9  1                       .ENDIF
0014A9  1               
0014A9  1  A2 00                LDX     #$00            ; set default to no leading "0"s
0014AB  1  C9 29                CMP     #')'            ; compare with close bracket
0014AD  1  F0 0A                BEQ     LAB_1C54        ; if ")" go do rest of function
0014AF  1               
0014AF  1  20 E1 1C             JSR     LAB_SCGB        ; scan for "," and get byte
0014B2  1                       .IFDEF  DUODYNE
0014B2  1                       JSL     LAB_GBYT        ; scan memory
0014B2  1                       .ELSE
0014B2  1  20 C2 00             JSR     LAB_GBYT        ; scan memory
0014B5  1                       .ENDIF
0014B5  1               
0014B5  1  C9 29                CMP     #')'            ; is next character )
0014B7  1  D0 01                BNE     LAB_BHER        ; if not ")" go do error
0014B9  1               
0014B9  1               LAB_1C54:
0014B9  1  60                   RTS                     ; else do function
0014BA  1               
0014BA  1               LAB_BHER:
0014BA  1  4C 2B 17             JMP     LAB_FCER        ; do function call error then warm start
0014BD  1               
0014BD  1               ; perform EOR
0014BD  1               
0014BD  1               ; added operator format is the same as AND or OR, precedence is the same as OR
0014BD  1               
0014BD  1               ; this bit worked first time but it took a while to sort out the operator table
0014BD  1               ; pointers and offsets afterwards!
0014BD  1               
0014BD  1               LAB_EOR:
0014BD  1  20 E4 14             JSR     GetFirst        ; get first integer expression (no sign check)
0014C0  1  45 5B                EOR     XOAw_l          ; EOR with expression 1 low byte
0014C2  1  A8                   TAY                     ; save in Y
0014C3  1  A5 AE                LDA     FAC1_2          ; get FAC1 mantissa2
0014C5  1  45 5C                EOR     XOAw_h          ; EOR with expression 1 high byte
0014C7  1  4C 5B 18             JMP     LAB_AYFC        ; save and convert integer AY to FAC1 and return
0014CA  1               
0014CA  1               ; perform OR
0014CA  1               
0014CA  1               LAB_OR:
0014CA  1  20 E4 14             JSR     GetFirst        ; get first integer expression (no sign check)
0014CD  1  05 5B                ORA     XOAw_l          ; OR with expression 1 low byte
0014CF  1  A8                   TAY                     ; save in Y
0014D0  1  A5 AE                LDA     FAC1_2          ; get FAC1 mantissa2
0014D2  1  05 5C                ORA     XOAw_h          ; OR with expression 1 high byte
0014D4  1  4C 5B 18             JMP     LAB_AYFC        ; save and convert integer AY to FAC1 and return
0014D7  1               
0014D7  1               ; perform AND
0014D7  1               
0014D7  1               LAB_AND:
0014D7  1  20 E4 14             JSR     GetFirst        ; get first integer expression (no sign check)
0014DA  1  25 5B                AND     XOAw_l          ; AND with expression 1 low byte
0014DC  1  A8                   TAY                     ; save in Y
0014DD  1  A5 AE                LDA     FAC1_2          ; get FAC1 mantissa2
0014DF  1  25 5C                AND     XOAw_h          ; AND with expression 1 high byte
0014E1  1  4C 5B 18             JMP     LAB_AYFC        ; save and convert integer AY to FAC1 and return
0014E4  1               
0014E4  1               ; get first value for OR, AND or EOR
0014E4  1               
0014E4  1               GetFirst:
0014E4  1  20 A8 16             JSR     LAB_EVIR        ; evaluate integer expression (no sign check)
0014E7  1  A5 AE                LDA     FAC1_2          ; get FAC1 mantissa2
0014E9  1  85 5C                STA     XOAw_h          ; save it
0014EB  1  A5 AF                LDA     FAC1_3          ; get FAC1 mantissa3
0014ED  1  85 5B                STA     XOAw_l          ; save it
0014EF  1  20 C8 1D             JSR     LAB_279B        ; copy FAC2 to FAC1 (get 2nd value in expression)
0014F2  1  20 A8 16             JSR     LAB_EVIR        ; evaluate integer expression (no sign check)
0014F5  1  A5 AF                LDA     FAC1_3          ; get FAC1 mantissa3
0014F7  1               LAB_1C95:
0014F7  1  60                   RTS
0014F8  1               
0014F8  1               ; perform comparisons
0014F8  1               
0014F8  1               ; do < compare
0014F8  1               
0014F8  1               LAB_LTHAN:
0014F8  1  20 D3 12             JSR     LAB_CKTM        ; type match check, set C for string
0014FB  1  B0 13                BCS     LAB_1CAE        ; branch if string
0014FD  1               
0014FD  1               ; do numeric < compare
0014FD  1  A5 B7                LDA     FAC2_s          ; get FAC2 sign (b7)
0014FF  1  09 7F                ORA     #$7F            ; set all non sign bits
001501  1  25 B4                AND     FAC2_1          ; and FAC2 mantissa1 (AND in sign bit)
001503  1  85 B4                STA     FAC2_1          ; save FAC2 mantissa1
001505  1  A9 B3                LDA     #<FAC2_e        ; set pointer low byte to FAC2
001507  1  A0 00                LDY     #>FAC2_e        ; set pointer high byte to FAC2
001509  1  20 1C 21             JSR     LAB_27F8        ; compare FAC1 with FAC2 (AY)
00150C  1  AA                   TAX                     ; copy result
00150D  1  4C 41 15             JMP     LAB_1CE1        ; go evaluate result
001510  1               
001510  1               ; do string < compare
001510  1               LAB_1CAE:
001510  1  46 5F                LSR     Dtypef          ; clear data type flag, $FF=string, $00=numeric
001512  1  C6 9B                DEC     comp_f          ; clear < bit in compare function flag
001514  1  20 40 1B             JSR     LAB_22B6        ; pop string off descriptor stack, or from top of string
001517  1               ; space returns with A = length, X=pointer low byte,
001517  1               ; Y=pointer high byte
001517  1  85 AC                STA     str_ln          ; save length
001519  1  86 AD                STX     str_pl          ; save string pointer low byte
00151B  1  84 AE                STY     str_ph          ; save string pointer high byte
00151D  1  A5 B5                LDA     FAC2_2          ; get descriptor pointer low byte
00151F  1  A4 B6                LDY     FAC2_3          ; get descriptor pointer high byte
001521  1  20 44 1B             JSR     LAB_22BA        ; pop (YA) descriptor off stack or from top of string space
001524  1               ; returns with A = length, X=pointer low byte,
001524  1               ; Y=pointer high byte
001524  1  86 B5                STX     FAC2_2          ; save string pointer low byte
001526  1  84 B6                STY     FAC2_3          ; save string pointer high byte
001528  1  AA                   TAX                     ; copy length
001529  1  38                   SEC                     ; set carry for subtract
00152A  1  E5 AC                SBC     str_ln          ; subtract string 1 length
00152C  1  F0 08                BEQ     LAB_1CD6        ; branch if str 1 length = string 2 length
00152E  1               
00152E  1  A9 01                LDA     #$01            ; set str 1 length > string 2 length
001530  1  90 04                BCC     LAB_1CD6        ; branch if so
001532  1               
001532  1  A6 AC                LDX     str_ln          ; get string 1 length
001534  1  A9 FF                LDA     #$FF            ; set str 1 length < string 2 length
001536  1               LAB_1CD6:
001536  1  85 B0                STA     FAC1_s          ; save length compare
001538  1  A0 FF                LDY     #$FF            ; set index
00153A  1  E8                   INX                     ; adjust for loop
00153B  1               LAB_1CDB:
00153B  1  C8                   INY                     ; increment index
00153C  1  CA                   DEX                     ; decrement count
00153D  1  D0 07                BNE     LAB_1CE6        ; branch if still bytes to do
00153F  1               
00153F  1  A6 B0                LDX     FAC1_s          ; get length compare back
001541  1               LAB_1CE1:
001541  1  30 0F                BMI     LAB_1CF2        ; branch if str 1 < str 2
001543  1               
001543  1  18                   CLC                     ; flag str 1 <= str 2
001544  1  90 0C                BCC     LAB_1CF2        ; go evaluate result
001546  1               
001546  1               LAB_1CE6:
001546  1  B1 B5                LDAINDIRECTY FAC2_2     ; get string 2 byte
001548  1  D1 AD                CMPINDIRECTY FAC1_1     ; compare with string 1 byte
00154A  1  F0 EF                BEQ     LAB_1CDB        ; loop if bytes =
00154C  1               
00154C  1  A2 FF                LDX     #$FF            ; set str 1 < string 2
00154E  1  B0 02                BCS     LAB_1CF2        ; branch if so
001550  1               
001550  1  A2 01                LDX     #$01            ;  set str 1 > string 2
001552  1               LAB_1CF2:
001552  1  E8                   INX                     ; x = 0, 1 or 2
001553  1  8A                   TXA                     ; copy to A
001554  1  2A                   ROL     A               ; *2 (1, 2 or 4)
001555  1  25 63                AND     Cflag           ; AND with comparison evaluation flag
001557  1  F0 02                BEQ     LAB_1CFB        ; branch if 0 (compare is false)
001559  1               
001559  1  A9 FF                LDA     #$FF            ; else set result true
00155B  1               LAB_1CFB:
00155B  1  4C FF 20             JMP     LAB_27DB        ; save A as integer byte and return
00155E  1               
00155E  1               LAB_1CFE:
00155E  1  20 FF 13             JSR     LAB_1C01        ; scan for ",", else do syntax error then warm start
001561  1               
001561  1               ; perform DIM
001561  1               
001561  1               LAB_DIM:
001561  1  AA                   TAX                     ; copy "DIM" flag to X
001562  1  20 B1 15             JSR     LAB_1D10        ; search for variable
001565  1                       .IFDEF  DUODYNE
001565  1                       JSL     LAB_GBYT        ; scan memory
001565  1                       .ELSE
001565  1  20 C2 00             JSR     LAB_GBYT        ; scan memory
001568  1                       .ENDIF
001568  1               
001568  1  D0 F4                BNE     LAB_1CFE        ; scan for "," and loop if not null
00156A  1               
00156A  1  60                   RTS
00156B  1               
00156B  1               ; perform << (left shift)
00156B  1               
00156B  1               LAB_LSHIFT:
00156B  1  20 A1 15             JSR     GetPair         ; get integer expression and byte (no sign check)
00156E  1  A5 AE                LDA     FAC1_2          ; get expression high byte
001570  1  A6 78                LDX     TempB           ; get shift count
001572  1  F0 22                BEQ     NoShift         ; branch if zero
001574  1               
001574  1  E0 10                CPX     #$10            ; compare bit count with 16d
001576  1  B0 23                BCS     TooBig          ; branch if >=
001578  1               
001578  1               Ls_loop:
001578  1  06 AF                ASL     FAC1_3          ; shift low byte
00157A  1  2A                   ROL     A               ; shift high byte
00157B  1  CA                   DEX                     ; decrement bit count
00157C  1  D0 FA                BNE     Ls_loop         ; loop if shift not complete
00157E  1               
00157E  1  A4 AF                LDY     FAC1_3          ; get expression low byte
001580  1  4C 5B 18             JMP     LAB_AYFC        ; save and convert integer AY to FAC1 and return
001583  1               
001583  1               ; perform >> (right shift)
001583  1               
001583  1               LAB_RSHIFT:
001583  1  20 A1 15             JSR     GetPair         ; get integer expression and byte (no sign check)
001586  1  A5 AE                LDA     FAC1_2          ; get expression high byte
001588  1  A6 78                LDX     TempB           ; get shift count
00158A  1  F0 0A                BEQ     NoShift         ; branch if zero
00158C  1               
00158C  1  E0 10                CPX     #$10            ; compare bit count with 16d
00158E  1  B0 0B                BCS     TooBig          ; branch if >=
001590  1               
001590  1               Rs_loop:
001590  1  4A                   LSR     A               ; shift high byte
001591  1  66 AF                ROR     FAC1_3          ; shift low byte
001593  1  CA                   DEX                     ; decrement bit count
001594  1  D0 FA                BNE     Rs_loop         ; loop if shift not complete
001596  1               
001596  1               NoShift:
001596  1  A4 AF                LDY     FAC1_3          ; get expression low byte
001598  1  4C 5B 18             JMP     LAB_AYFC        ; save and convert integer AY to FAC1 and return
00159B  1               
00159B  1               TooBig:
00159B  1  A9 00                LDA     #$00            ; clear high byte
00159D  1  A8                   TAY                     ; copy to low byte
00159E  1  4C 5B 18             JMP     LAB_AYFC        ; save and convert integer AY to FAC1 and return
0015A1  1               
0015A1  1               GetPair:
0015A1  1  20 91 1C             JSR     LAB_EVBY        ; evaluate byte expression, result in X
0015A4  1  86 78                STX     TempB           ; save it
0015A6  1  20 C8 1D             JSR     LAB_279B        ; copy FAC2 to FAC1 (get 2nd value in expression)
0015A9  1  4C A8 16             JMP     LAB_EVIR        ; evaluate integer expression (no sign check)
0015AC  1               
0015AC  1               ; search for variable
0015AC  1               
0015AC  1               ; return pointer to variable in Cvaral/Cvarah
0015AC  1               
0015AC  1               LAB_GVAR:
0015AC  1  A2 00                LDX     #$00            ; set DIM flag = $00
0015AE  1                       .IFDEF  DUODYNE
0015AE  1                       JSL     LAB_GBYT        ; scan memory
0015AE  1                       .ELSE
0015AE  1  20 C2 00             JSR     LAB_GBYT        ; scan memory
0015B1  1                       .ENDIF
0015B1  1               
0015B1  1               LAB_1D10:
0015B1  1  86 5E                STX     Defdim          ; save DIM flag
0015B3  1               LAB_1D12:
0015B3  1  85 93                STA     Varnm1          ; save 1st character
0015B5  1  29 7F                AND     #$7F            ; clear FN flag bit
0015B7  1  20 20 16             JSR     LAB_CASC        ; check byte, return C=0 if<"A" or >"Z"
0015BA  1  B0 03                BCS     LAB_1D1F        ; branch if ok
0015BC  1               
0015BC  1  4C 03 14             JMP     LAB_SNER        ; else syntax error then warm start
0015BF  1               
0015BF  1               ; was variable name so ..
0015BF  1               LAB_1D1F:
0015BF  1  A2 00                LDX     #$00            ; clear 2nd character temp
0015C1  1  86 5F                STX     Dtypef          ; clear data type flag, $FF=string, $00=numeric
0015C3  1                       .IFDEF  DUODYNE
0015C3  1                       JSL     LAB_IGBY        ; increment and scan memory
0015C3  1                       .ELSE
0015C3  1  20 BC 00             JSR     LAB_IGBY        ; increment and scan memory
0015C6  1                       .ENDIF
0015C6  1               
0015C6  1  90 05                BCC     LAB_1D2D        ; branch if character = "0"-"9" (ok)
0015C8  1               
0015C8  1               ; 2nd character wasn't "0" to "9" so ..
0015C8  1  20 20 16             JSR     LAB_CASC        ; check byte, return C=0 if<"A" or >"Z"
0015CB  1  90 0B                BCC     LAB_1D38        ; branch if <"A" or >"Z" (go check if string)
0015CD  1               
0015CD  1               LAB_1D2D:
0015CD  1  AA                   TAX                     ; copy 2nd character
0015CE  1               
0015CE  1               ; ignore further (valid) characters in the variable name
0015CE  1               LAB_1D2E:
0015CE  1                       .IFDEF  DUODYNE
0015CE  1                       JSL     LAB_IGBY        ; increment and scan memory
0015CE  1                       .ELSE
0015CE  1  20 BC 00             JSR     LAB_IGBY        ; increment and scan memory
0015D1  1                       .ENDIF
0015D1  1               
0015D1  1  90 FB                BCC     LAB_1D2E        ; loop if character = "0"-"9" (ignore)
0015D3  1               
0015D3  1  20 20 16             JSR     LAB_CASC        ; check byte, return C=0 if<"A" or >"Z"
0015D6  1  B0 F6                BCS     LAB_1D2E        ; loop if character = "A"-"Z" (ignore)
0015D8  1               
0015D8  1               ; check if string variable
0015D8  1               LAB_1D38:
0015D8  1  C9 24                CMP     #'$'            ; compare with "$"
0015DA  1  D0 0B                BNE     LAB_1D47        ; branch if not string
0015DC  1               
0015DC  1               ; to introduce a new variable type (% suffix for integers say) then this branch
0015DC  1               ; will need to go to that check and then that branch, if it fails, go to LAB_1D47
0015DC  1               
0015DC  1               ; type is string
0015DC  1  A9 FF                LDA     #$FF            ; set data type = string
0015DE  1  85 5F                STA     Dtypef          ; set data type flag, $FF=string, $00=numeric
0015E0  1  8A                   TXA                     ; get 2nd character back
0015E1  1  09 80                ORA     #$80            ; set top bit (indicate string var)
0015E3  1  AA                   TAX                     ; copy back to 2nd character temp
0015E4  1                       .IFDEF  DUODYNE
0015E4  1                       JSL     LAB_IGBY        ; increment and scan memory
0015E4  1                       .ELSE
0015E4  1  20 BC 00             JSR     LAB_IGBY        ; increment and scan memory
0015E7  1                       .ENDIF
0015E7  1               
0015E7  1               
0015E7  1               ; after we have determined the variable type we need to come back here to determine
0015E7  1               ; if it's an array of type. this would plug in a%(b[,c[,d]])) integer arrays nicely
0015E7  1               
0015E7  1               
0015E7  1               LAB_1D47:                       ; gets here with character after var name in A
0015E7  1  86 94                STX     Varnm2          ; save 2nd character
0015E9  1  05 61                ORA     Sufnxf          ; or with subscript/FNX flag (or FN name)
0015EB  1  C9 28                CMP     #'('            ; compare with "("
0015ED  1  D0 03                BNE     LAB_1D53        ; branch if not "("
0015EF  1               
0015EF  1  4C BA 16             JMP     LAB_1E17        ; go find, or make, array
0015F2  1               
0015F2  1               ; either find or create var
0015F2  1               ; var name (1st two characters only!) is in Varnm1,Varnm2
0015F2  1               
0015F2  1               ; variable name wasn't var(... so look for plain var
0015F2  1               LAB_1D53:
0015F2  1  A9 00                LDA     #$00            ; clear A
0015F4  1  85 61                STA     Sufnxf          ; clear subscript/FNX flag
0015F6  1  A5 7B                LDA     Svarl           ; get start of vars low byte
0015F8  1  A6 7C                LDX     Svarh           ; get start of vars high byte
0015FA  1  A0 00                LDY     #$00            ; clear index
0015FC  1               LAB_1D5D:
0015FC  1  86 AB                STX     Vrschh          ; save search address high byte
0015FE  1               LAB_1D5F:
0015FE  1  85 AA                STA     Vrschl          ; save search address low byte
001600  1  E4 7E                CPX     Sarryh          ; compare high address with var space end
001602  1  D0 04                BNE     LAB_1D69        ; skip next compare if <>
001604  1               
001604  1               ; high addresses were = so compare low addresses
001604  1  C5 7D                CMP     Sarryl          ; compare low address with var space end
001606  1  F0 2C                BEQ     LAB_1D8B        ; if not found go make new var
001608  1               
001608  1               LAB_1D69:
001608  1  A5 93                LDA     Varnm1          ; get 1st character of var to find
00160A  1  D1 AA                CMP     (Vrschl),Y      ; compare with variable name 1st character
00160C  1  D0 08                BNE     LAB_1D77        ; branch if no match
00160E  1               
00160E  1               ; 1st characters match so compare 2nd characters
00160E  1  A5 94                LDA     Varnm2          ; get 2nd character of var to find
001610  1  C8                   INY                     ; index to point to variable name 2nd character
001611  1  D1 AA                CMP     (Vrschl),Y      ; compare with variable name 2nd character
001613  1  F0 69                LBEQ    LAB_1DD7        ; branch if match (found var)
001615  1               
001615  1  88                   DEY                     ; else decrement index (now = $00)
001616  1               LAB_1D77:
001616  1  18                   CLC                     ; clear carry for add
001617  1  A5 AA                LDA     Vrschl          ; get search address low byte
001619  1  69 06                ADC     #$06            ; +6 (offset to next var name)
00161B  1  90 E1                BCC     LAB_1D5F        ; loop if no overflow to high byte
00161D  1               
00161D  1  E8                   INX                     ; else increment high byte
00161E  1  D0 DC                BNE     LAB_1D5D        ; loop always (RAM doesn't extend to $FFFF !)
001620  1               
001620  1               ; check byte, return C=0 if<"A" or >"Z" or "a" to "z"
001620  1               
001620  1               LAB_CASC:
001620  1  C9 61                CMP     #'a'            ; compare with "a"
001622  1  B0 0A                BCS     LAB_1D83        ; go check <"z"+1
001624  1               
001624  1               ; check byte, return C=0 if<"A" or >"Z"
001624  1               
001624  1               LAB_1D82:
001624  1  C9 41                CMP     #'A'            ; compare with "A"
001626  1  90 05                BCC     LAB_1D8A        ; exit if less
001628  1               
001628  1               ; carry is set
001628  1  E9 5B                SBC     #$5B            ; subtract "Z"+1
00162A  1  38                   SEC                     ; set carry
00162B  1  E9 A5                SBC     #$A5            ; subtract $A5 (restore byte)
00162D  1               ; carry clear if byte>$5A
00162D  1               LAB_1D8A:
00162D  1  60                   RTS
00162E  1               
00162E  1               LAB_1D83:
00162E  1  E9 7B                SBC     #$7B            ; subtract "z"+1
001630  1  38                   SEC                     ; set carry
001631  1  E9 85                SBC     #$85            ; subtract $85 (restore byte)
001633  1               ; carry clear if byte>$7A
001633  1  60                   RTS
001634  1               
001634  1               ; reached end of variable mem without match
001634  1               ; .. so create new variable
001634  1               LAB_1D8B:
001634  1  68                   PLA                     ; pop return address low byte
001635  1  48                   PHA                     ; push return address low byte
001636  1               LAB_1C18p2      = LAB_1C18+2
001636  1  C9 3E                CMP     #<LAB_1C18p2    ; compare with expected calling routine return low byte
001638  1  D0 05                BNE     LAB_1D98        ; if not get (var) go create new var
00163A  1               
00163A  1               ; This will only drop through if the call was from LAB_1C18 and is only called
00163A  1               ; from there if it is searching for a variable from the RHS of a LET a=b statement
00163A  1               ; it prevents the creation of variables not assigned a value.
00163A  1               
00163A  1               ; value returned by this is either numeric zero (exponent byte is $00) or null string
00163A  1               ; (descriptor length byte is $00). in fact a pointer to any $00 byte would have done.
00163A  1               
00163A  1               ; doing this saves 6 bytes of variable memory and 168 machine cycles of time
00163A  1               
00163A  1               ; this is where you would put the undefined variable error call e.g.
00163A  1               
00163A  1               ;					; variable doesn't exist so flag error
00163A  1               ;	LDX	#$24			; error code $24 ("undefined variable" error)
00163A  1               ;	JMP	LAB_XERR		; do error #X then warm start
00163A  1               
00163A  1               ; the above code has been tested and works a treat! (it replaces the three code lines
00163A  1               ; below)
00163A  1               
00163A  1               ; else return dummy null value
00163A  1  A9 DF                LDA     #<LAB_1D96      ; low byte point to $00,$00
00163C  1               ; (uses part of misc constants table)
00163C  1  A0 29                LDY     #>LAB_1D96      ; high byte point to $00,$00
00163E  1  60                   RTS
00163F  1               
00163F  1               ; create new numeric variable
00163F  1               LAB_1D98:
00163F  1  A5 7D                LDA     Sarryl          ; get var mem end low byte
001641  1  A4 7E                LDY     Sarryh          ; get var mem end high byte
001643  1  85 AA                STA     Ostrtl          ; save old block start low byte
001645  1  84 AB                STY     Ostrth          ; save old block start high byte
001647  1  A5 7F                LDA     Earryl          ; get array mem end low byte
001649  1  A4 80                LDY     Earryh          ; get array mem end high byte
00164B  1  85 A6                STA     Obendl          ; save old block end low byte
00164D  1  84 A7                STY     Obendh          ; save old block end high byte
00164F  1  18                   CLC                     ; clear carry for add
001650  1  69 06                ADC     #$06            ; +6 (space for one var)
001652  1  90 01                BCC     LAB_1DAE        ; branch if no overflow to high byte
001654  1               
001654  1  C8                   INY                     ; else increment high byte
001655  1               LAB_1DAE:
001655  1  85 A4                STA     Nbendl          ; set new block end low byte
001657  1  84 A5                STY     Nbendh          ; set new block end high byte
001659  1  20 AC 08             JSR     LAB_11CF        ; open up space in memory
00165C  1  A5 A4                LDA     Nbendl          ; get new start low byte
00165E  1  A4 A5                LDY     Nbendh          ; get new start high byte (-$100)
001660  1  C8                   INY                     ; correct high byte
001661  1  85 7D                STA     Sarryl          ; save new var mem end low byte
001663  1  84 7E                STY     Sarryh          ; save new var mem end high byte
001665  1  A0 00                LDY     #$00            ; clear index
001667  1  A5 93                LDA     Varnm1          ; get var name 1st character
001669  1  91 AA                STA     (Vrschl),Y      ; save var name 1st character
00166B  1  C8                   INY                     ; increment index
00166C  1  A5 94                LDA     Varnm2          ; get var name 2nd character
00166E  1  91 AA                STA     (Vrschl),Y      ; save var name 2nd character
001670  1  A9 00                LDA     #$00            ; clear A
001672  1  C8                   INY                     ; increment index
001673  1  91 AA                STA     (Vrschl),Y      ; initialise var byte
001675  1  C8                   INY                     ; increment index
001676  1  91 AA                STA     (Vrschl),Y      ; initialise var byte
001678  1  C8                   INY                     ; increment index
001679  1  91 AA                STA     (Vrschl),Y      ; initialise var byte
00167B  1  C8                   INY                     ; increment index
00167C  1  91 AA                STA     (Vrschl),Y      ; initialise var byte
00167E  1               
00167E  1               ; found a match for var ((Vrschl) = ptr)
00167E  1               LAB_1DD7
00167E  1  A5 AA                LDA     Vrschl          ; get var address low byte
001680  1  18                   CLC                     ; clear carry for add
001681  1  69 02                ADC     #$02            ; +2 (offset past var name bytes)
001683  1  A4 AB                LDY     Vrschh          ; get var address high byte
001685  1  90 01                BCC     LAB_1DE1        ; branch if no overflow from add
001687  1               
001687  1  C8                   INY                     ; else increment high byte
001688  1               LAB_1DE1
001688  1  85 95                STA     Cvaral          ; save current var address low byte
00168A  1  84 96                STY     Cvarah          ; save current var address high byte
00168C  1  60                   RTS
00168D  1               
00168D  1               ; set-up array pointer (Adatal/h) to first element in array
00168D  1               ; set Adatal,Adatah to Astrtl,Astrth+2*Dimcnt+#$05
00168D  1               
00168D  1               LAB_1DE6
00168D  1  A5 5D                LDA     Dimcnt          ; get # of dimensions (1, 2 or 3)
00168F  1  0A                   ASL     A               ; *2 (also clears the carry !)
001690  1  69 05                ADC     #$05            ; +5 (result is 7, 9 or 11 here)
001692  1  65 AA                ADC     Astrtl          ; add array start pointer low byte
001694  1  A4 AB                LDY     Astrth          ; get array pointer high byte
001696  1  90 01                BCC     LAB_1DF2        ; branch if no overflow
001698  1               
001698  1  C8                   INY                     ; else increment high byte
001699  1               LAB_1DF2
001699  1  85 A4                STA     Adatal          ; save array data pointer low byte
00169B  1  84 A5                STY     Adatah          ; save array data pointer high byte
00169D  1  60                   RTS
00169E  1               
00169E  1               ; evaluate integer expression
00169E  1               
00169E  1               LAB_EVIN
00169E  1                       .IFDEF  DUODYNE
00169E  1                       JSL     LAB_IGBY        ; increment and scan memory
00169E  1                       .ELSE
00169E  1  20 BC 00             JSR     LAB_IGBY        ; increment and scan memory
0016A1  1                       .ENDIF
0016A1  1               
0016A1  1  20 CD 12             JSR     LAB_EVNM        ; evaluate expression and check is numeric,
0016A4  1               ; else do type mismatch
0016A4  1               
0016A4  1               ; evaluate integer expression (no check)
0016A4  1               
0016A4  1               LAB_EVPI
0016A4  1  A5 B0                LDA     FAC1_s          ; get FAC1 sign (b7)
0016A6  1  30 0D                BMI     LAB_1E12        ; do function call error if -ve
0016A8  1               
0016A8  1               ; evaluate integer expression (no sign check)
0016A8  1               
0016A8  1               LAB_EVIR
0016A8  1  A5 AC                LDA     FAC1_e          ; get FAC1 exponent
0016AA  1  C9 90                CMP     #$90            ; compare with exponent = 2^16 (n>2^15)
0016AC  1  90 09                BCC     LAB_1E14        ; branch if n<2^16 (is ok)
0016AE  1               
0016AE  1  A9 E6                LDA     #<LAB_1DF7      ; set pointer low byte to -32768
0016B0  1  A0 29                LDY     #>LAB_1DF7      ; set pointer high byte to -32768
0016B2  1  20 1C 21             JSR     LAB_27F8        ; compare FAC1 with (AY)
0016B5  1               LAB_1E12
0016B5  1  D0 74                LBNE    LAB_FCER        ; if <> do function call error then warm start
0016B7  1               
0016B7  1               LAB_1E14
0016B7  1  4C 55 21             JMP     LAB_2831        ; convert FAC1 floating-to-fixed and return
0016BA  1               
0016BA  1               ; find or make array
0016BA  1               
0016BA  1               LAB_1E17
0016BA  1  A5 5E                LDA     Defdim          ; get DIM flag
0016BC  1  48                   PHA                     ; push it
0016BD  1  A5 5F                LDA     Dtypef          ; get data type flag, $FF=string, $00=numeric
0016BF  1  48                   PHA                     ; push it
0016C0  1  A0 00                LDY     #$00            ; clear dimensions count
0016C2  1               
0016C2  1               ; now get the array dimension(s) and stack it (them) before the data type and DIM flag
0016C2  1               
0016C2  1               LAB_1E1F
0016C2  1  98                   TYA                     ; copy dimensions count
0016C3  1  48                   PHA                     ; save it
0016C4  1  A5 94                LDA     Varnm2          ; get array name 2nd byte
0016C6  1  48                   PHA                     ; save it
0016C7  1  A5 93                LDA     Varnm1          ; get array name 1st byte
0016C9  1  48                   PHA                     ; save it
0016CA  1  20 9E 16             JSR     LAB_EVIN        ; evaluate integer expression
0016CD  1  68                   PLA                     ; pull array name 1st byte
0016CE  1  85 93                STA     Varnm1          ; restore array name 1st byte
0016D0  1  68                   PLA                     ; pull array name 2nd byte
0016D1  1  85 94                STA     Varnm2          ; restore array name 2nd byte
0016D3  1  68                   PLA                     ; pull dimensions count
0016D4  1  A8                   TAY                     ; restore it
0016D5  1  BA                   TSX                     ; copy stack pointer
0016D6  1  BD 02 01             LDA     LAB_STAK+2,X    ; get DIM flag
0016D9  1  48                   PHA                     ; push it
0016DA  1  BD 01 01             LDA     LAB_STAK+1,X    ; get data type flag
0016DD  1  48                   PHA                     ; push it
0016DE  1  A5 AE                LDA     FAC1_2          ; get this dimension size high byte
0016E0  1  9D 02 01             STA     LAB_STAK+2,X    ; stack before flag bytes
0016E3  1  A5 AF                LDA     FAC1_3          ; get this dimension size low byte
0016E5  1  9D 01 01             STA     LAB_STAK+1,X    ; stack before flag bytes
0016E8  1  C8                   INY                     ; increment dimensions count
0016E9  1                       .IFDEF  DUODYNE
0016E9  1                       JSL     LAB_GBYT        ; scan memory
0016E9  1                       .ELSE
0016E9  1  20 C2 00             JSR     LAB_GBYT        ; scan memory
0016EC  1                       .ENDIF
0016EC  1               
0016EC  1  C9 2C                CMP     #','            ; compare with ","
0016EE  1  F0 D2                BEQ     LAB_1E1F        ; if found go do next dimension
0016F0  1               
0016F0  1  84 5D                STY     Dimcnt          ; store dimensions count
0016F2  1  20 EF 13             JSR     LAB_1BFB        ; scan for ")" , else do syntax error then warm start
0016F5  1  68                   PLA                     ; pull data type flag
0016F6  1  85 5F                STA     Dtypef          ; restore data type flag, $FF=string, $00=numeric
0016F8  1  68                   PLA                     ; pull DIM flag
0016F9  1  85 5E                STA     Defdim          ; restore DIM flag
0016FB  1  A6 7D                LDX     Sarryl          ; get array mem start low byte
0016FD  1  A5 7E                LDA     Sarryh          ; get array mem start high byte
0016FF  1               
0016FF  1               ; now check to see if we are at the end of array memory (we would be if there were
0016FF  1               ; no arrays).
0016FF  1               
0016FF  1               LAB_1E5C
0016FF  1  86 AA                STX     Astrtl          ; save as array start pointer low byte
001701  1  85 AB                STA     Astrth          ; save as array start pointer high byte
001703  1  C5 80                CMP     Earryh          ; compare with array mem end high byte
001705  1  D0 04                BNE     LAB_1E68        ; branch if not reached array mem end
001707  1               
001707  1  E4 7F                CPX     Earryl          ; else compare with array mem end low byte
001709  1  F0 39                LBEQ    LAB_1EA1        ; go build array if not found
00170B  1               
00170B  1               ; search for array
00170B  1               LAB_1E68
00170B  1  A0 00                LDY     #$00            ; clear index
00170D  1  B1 AA                LDA     (Astrtl),Y      ; get array name first byte
00170F  1  C8                   INY                     ; increment index to second name byte
001710  1  C5 93                CMP     Varnm1          ; compare with this array name first byte
001712  1  D0 06                BNE     LAB_1E77        ; branch if no match
001714  1               
001714  1  A5 94                LDA     Varnm2          ; else get this array name second byte
001716  1  D1 AA                CMP     (Astrtl),Y      ; compare with array name second byte
001718  1  F0 16                BEQ     LAB_1E8D        ; array found so branch
00171A  1               
00171A  1               ; no match
00171A  1               LAB_1E77
00171A  1  C8                   INY                     ; increment index
00171B  1  B1 AA                LDA     (Astrtl),Y      ; get array size low byte
00171D  1  18                   CLC                     ; clear carry for add
00171E  1  65 AA                ADC     Astrtl          ; add array start pointer low byte
001720  1  AA                   TAX                     ; copy low byte to X
001721  1  C8                   INY                     ; increment index
001722  1  B1 AA                LDA     (Astrtl),Y      ; get array size high byte
001724  1  65 AB                ADC     Astrth          ; add array mem pointer high byte
001726  1  90 D7                BCC     LAB_1E5C        ; if no overflow go check next array
001728  1               
001728  1               ; do array bounds error
001728  1               
001728  1               LAB_1E85
001728  1  A2 10                LDX     #$10            ; error code $10 ("Array bounds" error)
00172A  1  2C                   .BYTE   $2C             ; makes next bit BIT LAB_08A2
00172B  1               
00172B  1               ; do function call error
00172B  1               
00172B  1               LAB_FCER
00172B  1  A2 08                LDX     #$08            ; error code $08 ("Function call" error)
00172D  1               LAB_1E8A
00172D  1  4C 27 09             JMP     LAB_XERR        ; do error #X, then warm start
001730  1               
001730  1               ; found array, are we trying to dimension it?
001730  1               LAB_1E8D
001730  1  A2 12                LDX     #$12            ; set error $12 ("Double dimension" error)
001732  1  A5 5E                LDA     Defdim          ; get DIM flag
001734  1  D0 F7                BNE     LAB_1E8A        ; if we are trying to dimension it do error #X, then warm
001736  1               ; start
001736  1               
001736  1               ; found the array and we're not dimensioning it so we must find an element in it
001736  1               
001736  1  20 8D 16             JSR     LAB_1DE6        ; set-up array pointer (Adatal/h) to first element in array
001739  1               ; (Astrtl,Astrth points to start of array)
001739  1  A5 5D                LDA     Dimcnt          ; get dimensions count
00173B  1  A0 04                LDY     #$04            ; set index to array's # of dimensions
00173D  1  D1 AA                CMP     (Astrtl),Y      ; compare with no of dimensions
00173F  1  D0 E7                BNE     LAB_1E85        ; if wrong do array bounds error, could do "Wrong
001741  1               ; dimensions" error here .. if we want a different
001741  1               ; error message
001741  1               
001741  1  4C C7 17             JMP     LAB_1F28        ; found array so go get element
001744  1               ; (could jump to LAB_1F28 as all LAB_1F24 does is take
001744  1               ; Dimcnt and save it at (Astrtl),Y which is already the
001744  1               ; same or we would have taken the BNE)
001744  1               
001744  1               ; array not found, so build it
001744  1               LAB_1EA1
001744  1  20 8D 16             JSR     LAB_1DE6        ; set-up array pointer (Adatal/h) to first element in array
001747  1               ; (Astrtl,Astrth points to start of array)
001747  1  20 F6 08             JSR     LAB_121F        ; check available memory, "Out of memory" error if no room
00174A  1               ; addr to check is in AY (low/high)
00174A  1  A0 00                LDY     #$00            ; clear Y (don't need to clear A)
00174C  1  84 BB                STY     Aspth           ; clear array data size high byte
00174E  1  A5 93                LDA     Varnm1          ; get variable name 1st byte
001750  1  91 AA                STA     (Astrtl),Y      ; save array name 1st byte
001752  1  C8                   INY                     ; increment index
001753  1  A5 94                LDA     Varnm2          ; get variable name 2nd byte
001755  1  91 AA                STA     (Astrtl),Y      ; save array name 2nd byte
001757  1  A5 5D                LDA     Dimcnt          ; get dimensions count
001759  1  A0 04                LDY     #$04            ; index to dimension count
00175B  1  84 BA                STY     Asptl           ; set array data size low byte (four bytes per element)
00175D  1  91 AA                STA     (Astrtl),Y      ; set array's dimensions count
00175F  1               
00175F  1               ; now calculate the size of the data space for the array
00175F  1  18                   CLC                     ; clear carry for add (clear on subsequent loops)
001760  1               LAB_1EC0
001760  1  A2 0B                LDX     #$0B            ; set default dimension value low byte
001762  1  A9 00                LDA     #$00            ; set default dimension value high byte
001764  1  24 5E                BIT     Defdim          ; test default DIM flag
001766  1  50 07                BVC     LAB_1ED0        ; branch if b6 of Defdim is clear
001768  1               
001768  1  68                   PLA                     ; else pull dimension value low byte
001769  1  69 01                ADC     #$01            ; +1 (allow for zeroeth element)
00176B  1  AA                   TAX                     ; copy low byte to X
00176C  1  68                   PLA                     ; pull dimension value high byte
00176D  1  69 00                ADC     #$00            ; add carry from low byte
00176F  1               
00176F  1               LAB_1ED0
00176F  1  C8                   INY                     ; index to dimension value high byte
001770  1  91 AA                STA     (Astrtl),Y      ; save dimension value high byte
001772  1  C8                   INY                     ; index to dimension value high byte
001773  1  8A                   TXA                     ; get dimension value low byte
001774  1  91 AA                STA     (Astrtl),Y      ; save dimension value low byte
001776  1  20 16 18             JSR     LAB_1F7C        ; does XY = (Astrtl),Y * (Asptl)
001779  1  86 BA                STX     Asptl           ; save array data size low byte
00177B  1  85 BB                STA     Aspth           ; save array data size high byte
00177D  1  A4 71                LDY     ut1_pl          ; restore index (saved by subroutine)
00177F  1  C6 5D                DEC     Dimcnt          ; decrement dimensions count
001781  1  D0 DD                BNE     LAB_1EC0        ; loop while not = 0
001783  1               
001783  1  65 A5                ADC     Adatah          ; add size high byte to first element high byte
001785  1               ; (carry is always clear here)
001785  1  B0 5D                LBCS    LAB_1F45        ; if overflow go do "Out of memory" error
001787  1               
001787  1  85 A5                STA     Adatah          ; save end of array high byte
001789  1  A8                   TAY                     ; copy end high byte to Y
00178A  1  8A                   TXA                     ; get array size low byte
00178B  1  65 A4                ADC     Adatal          ; add array start low byte
00178D  1  90 03                BCC     LAB_1EF3        ; branch if no carry
00178F  1               
00178F  1  C8                   INY                     ; else increment end of array high byte
001790  1  F0 52                LBEQ    LAB_1F45        ; if overflow go do "Out of memory" error
001792  1               
001792  1               ; set-up mostly complete, now zero the array
001792  1               LAB_1EF3
001792  1  20 F6 08             JSR     LAB_121F        ; check available memory, "Out of memory" error if no room
001795  1               ; addr to check is in AY (low/high)
001795  1  85 7F                STA     Earryl          ; save array mem end low byte
001797  1  84 80                STY     Earryh          ; save array mem end high byte
001799  1  A9 00                LDA     #$00            ; clear byte for array clear
00179B  1  E6 BB                INC     Aspth           ; increment array size high byte (now block count)
00179D  1  A4 BA                LDY     Asptl           ; get array size low byte (now index to block)
00179F  1  F0 05                BEQ     LAB_1F07        ; branch if low byte = $00
0017A1  1               
0017A1  1               LAB_1F02
0017A1  1  88                   DEY                     ; decrement index (do 0 to n-1)
0017A2  1  91 A4                STA     (Adatal),Y      ; zero byte
0017A4  1  D0 FB                BNE     LAB_1F02        ; loop until this block done
0017A6  1               
0017A6  1               LAB_1F07
0017A6  1  C6 A5                DEC     Adatah          ; decrement array pointer high byte
0017A8  1  C6 BB                DEC     Aspth           ; decrement block count high byte
0017AA  1  D0 F5                BNE     LAB_1F02        ; loop until all blocks done
0017AC  1               
0017AC  1  E6 A5                INC     Adatah          ; correct for last loop
0017AE  1  38                   SEC                     ; set carry for subtract
0017AF  1  A0 02                LDY     #$02            ; index to array size low byte
0017B1  1  A5 7F                LDA     Earryl          ; get array mem end low byte
0017B3  1  E5 AA                SBC     Astrtl          ; subtract array start low byte
0017B5  1  91 AA                STA     (Astrtl),Y      ; save array size low byte
0017B7  1  C8                   INY                     ; index to array size high byte
0017B8  1  A5 80                LDA     Earryh          ; get array mem end high byte
0017BA  1  E5 AB                SBC     Astrth          ; subtract array start high byte
0017BC  1  91 AA                STA     (Astrtl),Y      ; save array size high byte
0017BE  1  A5 5E                LDA     Defdim          ; get default DIM flag
0017C0  1  D0 53                LBNE    LAB_1F7B        ; exit (RET) if this was a DIM command
0017C2  1               
0017C2  1               ; else, find element
0017C2  1  C8                   INY                     ; index to # of dimensions
0017C3  1               
0017C3  1               LAB_1F24
0017C3  1  B1 AA                LDA     (Astrtl),Y      ; get array's dimension count
0017C5  1  85 5D                STA     Dimcnt          ; save it
0017C7  1               
0017C7  1               ; we have found, or built, the array. now we need to find the element
0017C7  1               
0017C7  1               LAB_1F28
0017C7  1  A9 00                LDA     #$00            ; clear byte
0017C9  1  85 BA                STA     Asptl           ; clear array data pointer low byte
0017CB  1               LAB_1F2C
0017CB  1  85 BB                STA     Aspth           ; save array data pointer high byte
0017CD  1  C8                   INY                     ; increment index (point to array bound high byte)
0017CE  1  68                   PLA                     ; pull array index low byte
0017CF  1  AA                   TAX                     ; copy to X
0017D0  1  85 AE                STA     FAC1_2          ; save index low byte to FAC1 mantissa2
0017D2  1  68                   PLA                     ; pull array index high byte
0017D3  1  85 AF                STA     FAC1_3          ; save index high byte to FAC1 mantissa3
0017D5  1  D1 AA                CMP     (Astrtl),Y      ; compare with array bound high byte
0017D7  1  90 0E                BCC     LAB_1F48        ; branch if within bounds
0017D9  1               
0017D9  1  D0 06                BNE     LAB_1F42        ; if outside bounds do array bounds error
0017DB  1               
0017DB  1               ; else high byte was = so test low bytes
0017DB  1  C8                   INY                     ; index to array bound low byte
0017DC  1  8A                   TXA                     ; get array index low byte
0017DD  1  D1 AA                CMP     (Astrtl),Y      ; compare with array bound low byte
0017DF  1  90 07                BCC     LAB_1F49        ; branch if within bounds
0017E1  1               
0017E1  1               LAB_1F42
0017E1  1  4C 28 17             JMP     LAB_1E85        ; else do array bounds error
0017E4  1               
0017E4  1               LAB_1F45
0017E4  1  4C 25 09             JMP     LAB_OMER        ; do "Out of memory" error then warm start
0017E7  1               
0017E7  1               LAB_1F48
0017E7  1  C8                   INY                     ; index to array bound low byte
0017E8  1               LAB_1F49
0017E8  1  A5 BB                LDA     Aspth           ; get array data pointer high byte
0017EA  1  05 BA                ORA     Asptl           ; OR with array data pointer low byte
0017EC  1  F0 0A                BEQ     LAB_1F5A        ; branch if array data pointer = null (skip multiply)
0017EE  1               
0017EE  1  20 16 18             JSR     LAB_1F7C        ; does XY = (Astrtl),Y * (Asptl)
0017F1  1  8A                   TXA                     ; get result low byte
0017F2  1  65 AE                ADC     FAC1_2          ; add index low byte from FAC1 mantissa2
0017F4  1  AA                   TAX                     ; save result low byte
0017F5  1  98                   TYA                     ; get result high byte
0017F6  1  A4 71                LDY     ut1_pl          ; restore index
0017F8  1               LAB_1F5A
0017F8  1  65 AF                ADC     FAC1_3          ; add index high byte from FAC1 mantissa3
0017FA  1  86 BA                STX     Asptl           ; save array data pointer low byte
0017FC  1  C6 5D                DEC     Dimcnt          ; decrement dimensions count
0017FE  1  D0 CB                BNE     LAB_1F2C        ; loop if dimensions still to do
001800  1               
001800  1  06 BA                ASL     Asptl           ; array data pointer low byte * 2
001802  1  2A                   ROL     A               ; array data pointer high byte * 2
001803  1  06 BA                ASL     Asptl           ; array data pointer low byte * 4
001805  1  2A                   ROL     A               ; array data pointer high byte * 4
001806  1  A8                   TAY                     ; copy high byte
001807  1  A5 BA                LDA     Asptl           ; get low byte
001809  1  65 A4                ADC     Adatal          ; add array data start pointer low byte
00180B  1  85 95                STA     Cvaral          ; save as current var address low byte
00180D  1  98                   TYA                     ; get high byte back
00180E  1  65 A5                ADC     Adatah          ; add array data start pointer high byte
001810  1  85 96                STA     Cvarah          ; save as current var address high byte
001812  1  A8                   TAY                     ; copy high byte to Y
001813  1  A5 95                LDA     Cvaral          ; get current var address low byte
001815  1               LAB_1F7B
001815  1  60                   RTS
001816  1               
001816  1               ; does XY = (Astrtl),Y * (Asptl)
001816  1               
001816  1               LAB_1F7C
001816  1  84 71                STY     ut1_pl          ; save index
001818  1  B1 AA                LDA     (Astrtl),Y      ; get dimension size low byte
00181A  1  85 76                STA     dims_l          ; save dimension size low byte
00181C  1  88                   DEY                     ; decrement index
00181D  1  B1 AA                LDA     (Astrtl),Y      ; get dimension size high byte
00181F  1  85 77                STA     dims_h          ; save dimension size high byte
001821  1               
001821  1  A9 10                LDA     #$10            ; count = $10 (16 bit multiply)
001823  1  85 A8                STA     numbit          ; save bit count
001825  1  A2 00                LDX     #$00            ; clear result low byte
001827  1  A0 00                LDY     #$00            ; clear result high byte
001829  1               LAB_1F8F
001829  1  8A                   TXA                     ; get result low byte
00182A  1  0A                   ASL     A               ; *2
00182B  1  AA                   TAX                     ; save result low byte
00182C  1  98                   TYA                     ; get result high byte
00182D  1  2A                   ROL     A               ; *2
00182E  1  A8                   TAY                     ; save result high byte
00182F  1  B0 B3                BCS     LAB_1F45        ; if overflow go do "Out of memory" error
001831  1               
001831  1  06 BA                ASL     Asptl           ; shift multiplier low byte
001833  1  26 BB                ROL     Aspth           ; shift multiplier high byte
001835  1  90 0B                BCC     LAB_1FA8        ; skip add if no carry
001837  1               
001837  1  18                   CLC                     ; else clear carry for add
001838  1  8A                   TXA                     ; get result low byte
001839  1  65 76                ADC     dims_l          ; add dimension size low byte
00183B  1  AA                   TAX                     ; save result low byte
00183C  1  98                   TYA                     ; get result high byte
00183D  1  65 77                ADC     dims_h          ; add dimension size high byte
00183F  1  A8                   TAY                     ; save result high byte
001840  1  B0 A2                LBCS    LAB_1F45        ; if overflow go do "Out of memory" error
001842  1               
001842  1               LAB_1FA8
001842  1  C6 A8                DEC     numbit          ; decrement bit count
001844  1  D0 E3                BNE     LAB_1F8F        ; loop until all done
001846  1               
001846  1  60                   RTS
001847  1               
001847  1               ; perform FRE()
001847  1               
001847  1               LAB_FRE
001847  1  A5 5F                LDA     Dtypef          ; get data type flag, $FF=string, $00=numeric
001849  1  10 03                BPL     LAB_1FB4        ; branch if numeric
00184B  1               
00184B  1  20 40 1B             JSR     LAB_22B6        ; pop string off descriptor stack, or from top of string
00184E  1               ; space returns with A = length, X=$71=pointer low byte,
00184E  1               ; Y=$72=pointer high byte
00184E  1               
00184E  1               ; FRE(n) was numeric so do this
00184E  1               LAB_1FB4
00184E  1  20 E1 19             JSR     LAB_GARB        ; go do garbage collection
001851  1  38                   SEC                     ; set carry for subtract
001852  1  A5 81                LDA     Sstorl          ; get bottom of string space low byte
001854  1  E5 7F                SBC     Earryl          ; subtract array mem end low byte
001856  1  A8                   TAY                     ; copy result to Y
001857  1  A5 82                LDA     Sstorh          ; get bottom of string space high byte
001859  1  E5 80                SBC     Earryh          ; subtract array mem end high byte
00185B  1               
00185B  1               ; save and convert integer AY to FAC1
00185B  1               
00185B  1               LAB_AYFC
00185B  1  46 5F                LSR     Dtypef          ; clear data type flag, $FF=string, $00=numeric
00185D  1  85 AD                STA     FAC1_1          ; save FAC1 mantissa1
00185F  1  84 AE                STY     FAC1_2          ; save FAC1 mantissa2
001861  1  A2 90                LDX     #$90            ; set exponent=2^16 (integer)
001863  1  4C 07 21             JMP     LAB_27E3        ; set exp=X, clear FAC1_3, normalise and return
001866  1               
001866  1               ; perform POS()
001866  1               
001866  1               LAB_POS
001866  1  A4 0E                LDY     TPos            ; get terminal position
001868  1               
001868  1               ; convert Y to byte in FAC1
001868  1               
001868  1               LAB_1FD0
001868  1  A9 00                LDA     #$00            ; clear high byte
00186A  1  F0 EF                BEQ     LAB_AYFC        ; always save and convert integer AY to FAC1 and return
00186C  1               
00186C  1               ; check not Direct (used by DEF and INPUT)
00186C  1               
00186C  1               LAB_CKRN
00186C  1  A6 88                LDX     Clineh          ; get current line high byte
00186E  1  E8                   INX                     ; increment it
00186F  1  D0 A4                LBNE    LAB_1F7B        ; return if can continue not direct mode
001871  1               
001871  1               ; else do illegal direct error
001871  1               LAB_1FD9
001871  1  A2 16                LDX     #$16            ; error code $16 ("Illegal direct" error)
001873  1               LAB_1FDB
001873  1  4C 27 09             JMP     LAB_XERR        ; go do error #X, then warm start
001876  1               
001876  1               ; perform DEF
001876  1               
001876  1               LAB_DEF
001876  1  20 A7 18             JSR     LAB_200B        ; check FNx syntax
001879  1  85 9C                STA     func_l          ; save function pointer low byte
00187B  1  84 9D                STY     func_h          ; save function pointer high byte
00187D  1  20 6C 18             JSR     LAB_CKRN        ; check not Direct (back here if ok)
001880  1  20 FB 13             JSR     LAB_1BFE        ; scan for "(" , else do syntax error then warm start
001883  1  A9 80                LDA     #$80            ; set flag for FNx
001885  1  85 61                STA     Sufnxf          ; save subscript/FNx flag
001887  1  20 AC 15             JSR     LAB_GVAR        ; get (var) address
00188A  1  20 D0 12             JSR     LAB_CTNM        ; check if source is numeric, else do type mismatch
00188D  1  20 EF 13             JSR     LAB_1BFB        ; scan for ")" , else do syntax error then warm start
001890  1  A9 C2                LDA     #TK_EQUAL       ; get = token
001892  1  20 F1 13             JSR     LAB_SCCA        ; scan for CHR$(A), else do syntax error then warm start
001895  1  A5 96                LDA     Cvarah          ; get current var address high byte
001897  1  48                   PHA                     ; push it
001898  1  A5 95                LDA     Cvaral          ; get current var address low byte
00189A  1  48                   PHA                     ; push it
00189B  1  A5 C4                LDA     Bpntrh          ; get BASIC execute pointer high byte
00189D  1  48                   PHA                     ; push it
00189E  1  A5 C3                LDA     Bpntrl          ; get BASIC execute pointer low byte
0018A0  1  48                   PHA                     ; push it
0018A1  1  20 8C 0E             JSR     LAB_DATA        ; go perform DATA
0018A4  1  4C 16 19             JMP     LAB_207A        ; put execute pointer and variable pointer into function
0018A7  1               ; and return
0018A7  1               
0018A7  1               ; check FNx syntax
0018A7  1               
0018A7  1               LAB_200B
0018A7  1  A9 AF                LDA     #TK_FN          ; get FN" token
0018A9  1  20 F1 13             JSR     LAB_SCCA        ; scan for CHR$(A) , else do syntax error then warm start
0018AC  1               ; return character after A
0018AC  1  09 80                ORA     #$80            ; set FN flag bit
0018AE  1  85 61                STA     Sufnxf          ; save FN flag so array variable test fails
0018B0  1  20 B3 15             JSR     LAB_1D12        ; search for FN variable
0018B3  1  4C D0 12             JMP     LAB_CTNM        ; check if source is numeric and return, else do type
0018B6  1               ; mismatch
0018B6  1               
0018B6  1               ; Evaluate FNx
0018B6  1               LAB_201E
0018B6  1  20 A7 18             JSR     LAB_200B        ; check FNx syntax
0018B9  1  48                   PHA                     ; push function pointer low byte
0018BA  1  98                   TYA                     ; copy function pointer high byte
0018BB  1  48                   PHA                     ; push function pointer high byte
0018BC  1  20 FB 13             JSR     LAB_1BFE        ; scan for "(", else do syntax error then warm start
0018BF  1  20 E1 12             JSR     LAB_EVEX        ; evaluate expression
0018C2  1  20 EF 13             JSR     LAB_1BFB        ; scan for ")", else do syntax error then warm start
0018C5  1  20 D0 12             JSR     LAB_CTNM        ; check if source is numeric, else do type mismatch
0018C8  1  68                   PLA                     ; pop function pointer high byte
0018C9  1  85 9D                STA     func_h          ; restore it
0018CB  1  68                   PLA                     ; pop function pointer low byte
0018CC  1  85 9C                STA     func_l          ; restore it
0018CE  1  A2 20                LDX     #$20            ; error code $20 ("Undefined function" error)
0018D0  1  A0 03                LDY     #$03            ; index to variable pointer high byte
0018D2  1  B1 9C                LDA     (func_l),Y      ; get variable pointer high byte
0018D4  1  F0 9D                BEQ     LAB_1FDB        ; if zero go do undefined function error
0018D6  1               
0018D6  1  85 96                STA     Cvarah          ; save variable address high byte
0018D8  1  88                   DEY                     ; index to variable address low byte
0018D9  1  B1 9C                LDA     (func_l),Y      ; get variable address low byte
0018DB  1  85 95                STA     Cvaral          ; save variable address low byte
0018DD  1  AA                   TAX                     ; copy address low byte
0018DE  1               
0018DE  1               ; now stack the function variable value before use
0018DE  1  C8                   INY                     ; index to mantissa_3
0018DF  1               LAB_2043
0018DF  1  B1 95                LDAINDIRECTY Cvaral     ; get byte from variable
0018E1  1  48                   PHA                     ; stack it
0018E2  1  88                   DEY                     ; decrement index
0018E3  1  10 FA                BPL     LAB_2043        ; loop until variable stacked
0018E5  1               
0018E5  1  A4 96                LDY     Cvarah          ; get variable address high byte
0018E7  1  20 AC 20             JSR     LAB_2778        ; pack FAC1 (function expression value) into (XY)
0018EA  1               ; (function variable), return Y=0, always
0018EA  1  A5 C4                LDA     Bpntrh          ; get BASIC execute pointer high byte
0018EC  1  48                   PHA                     ; push it
0018ED  1  A5 C3                LDA     Bpntrl          ; get BASIC execute pointer low byte
0018EF  1  48                   PHA                     ; push it
0018F0  1  B1 9C                LDAINDIRECTY func_l     ; get function execute pointer low byte
0018F2  1  85 C3                STA     Bpntrl          ; save as BASIC execute pointer low byte
0018F4  1  C8                   INY                     ; index to high byte
0018F5  1  B1 9C                LDAINDIRECTY func_l     ; get function execute pointer high byte
0018F7  1  85 C4                STA     Bpntrh          ; save as BASIC execute pointer high byte
0018F9  1  A5 96                LDA     Cvarah          ; get variable address high byte
0018FB  1  48                   PHA                     ; push it
0018FC  1  A5 95                LDA     Cvaral          ; get variable address low byte
0018FE  1  48                   PHA                     ; push it
0018FF  1  20 CD 12             JSR     LAB_EVNM        ; evaluate expression and check is numeric,
001902  1               ; else do type mismatch
001902  1  68                   PLA                     ; pull variable address low byte
001903  1  85 9C                STA     func_l          ; save variable address low byte
001905  1  68                   PLA                     ; pull variable address high byte
001906  1  85 9D                STA     func_h          ; save variable address high byte
001908  1                       .IFDEF  DUODYNE
001908  1                       JSL     LAB_GBYT        ; scan memory
001908  1                       .ELSE
001908  1  20 C2 00             JSR     LAB_GBYT        ; scan memory
00190B  1                       .ENDIF
00190B  1               
00190B  1  F0 03                BEQ     LAB_2074        ; branch if null (should be [EOL] marker)
00190D  1               
00190D  1  4C 03 14             JMP     LAB_SNER        ; else syntax error then warm start
001910  1               
001910  1               ; restore Bpntrl,Bpntrh and function variable from stack
001910  1               
001910  1               LAB_2074
001910  1  68                   PLA                     ; pull BASIC execute pointer low byte
001911  1  85 C3                STA     Bpntrl          ; restore BASIC execute pointer low byte
001913  1  68                   PLA                     ; pull BASIC execute pointer high byte
001914  1  85 C4                STA     Bpntrh          ; restore BASIC execute pointer high byte
001916  1               
001916  1               ; put execute pointer and variable pointer into function
001916  1               
001916  1               LAB_207A
001916  1  A0 00                LDY     #$00            ; clear index
001918  1  68                   PLA                     ; pull BASIC execute pointer low byte
001919  1  91 9C                STAINDIRECTY func_l     ; save to function
00191B  1  C8                   INY                     ; increment index
00191C  1  68                   PLA                     ; pull BASIC execute pointer high byte
00191D  1  91 9C                STAINDIRECTY func_l     ; save to function
00191F  1  C8                   INY                     ; increment index
001920  1  68                   PLA                     ; pull current var address low byte
001921  1  91 9C                STAINDIRECTY func_l     ; save to function
001923  1  C8                   INY                     ; increment index
001924  1  68                   PLA                     ; pull current var address high byte
001925  1  91 9C                STAINDIRECTY func_l     ; save to function
001927  1  60                   RTS
001928  1               
001928  1               ; perform STR$()
001928  1               
001928  1               LAB_STRS
001928  1  20 D0 12             JSR     LAB_CTNM        ; check if source is numeric, else do type mismatch
00192B  1  20 9D 22             JSR     LAB_296E        ; convert FAC1 to string
00192E  1  A9 F0                LDA     #<Decssp1       ; set result string low pointer
001930  1  A0 00                LDY     #>Decssp1       ; set result string high pointer
001932  1  F0 12                BEQ     LAB_20AE        ; print null terminated string to Sutill/Sutilh
001934  1               
001934  1               ; Do string vector
001934  1               ; copy des_pl/h to des_2l/h and make string space A bytes long
001934  1               
001934  1               LAB_209C
001934  1  A6 AE                LDX     des_pl          ; get descriptor pointer low byte
001936  1  A4 AF                LDY     des_ph          ; get descriptor pointer high byte
001938  1  86 9E                STX     des_2l          ; save descriptor pointer low byte
00193A  1  84 9F                STY     des_2h          ; save descriptor pointer high byte
00193C  1               
00193C  1               ; make string space A bytes long
00193C  1               ; A=length, X=Sutill=ptr low byte, Y=Sutilh=ptr high byte
00193C  1               
00193C  1               LAB_MSSP
00193C  1  20 AF 19             JSR     LAB_2115        ; make space in string memory for string A long
00193F  1               ; return X=Sutill=ptr low byte, Y=Sutilh=ptr high byte
00193F  1  86 AD                STX     str_pl          ; save string pointer low byte
001941  1  84 AE                STY     str_ph          ; save string pointer high byte
001943  1  85 AC                STA     str_ln          ; save length
001945  1  60                   RTS
001946  1               
001946  1               ; Scan, set up string
001946  1               ; print " terminated string to Sutill/Sutilh
001946  1               
001946  1               LAB_20AE
001946  1  A2 22                LDX     #$22            ; set terminator to "
001948  1  86 5B                STX     Srchc           ; set search character (terminator 1)
00194A  1  86 5C                STX     Asrch           ; set terminator 2
00194C  1               
00194C  1               ; print [Srchc] or [Asrch] terminated string to Sutill/Sutilh
00194C  1               ; source is AY
00194C  1               
00194C  1               LAB_20B4
00194C  1  85 B8                STA     ssptr_l         ; store string start low byte
00194E  1  84 B9                STY     ssptr_h         ; store string start high byte
001950  1  85 AD                STA     str_pl          ; save string pointer low byte
001952  1  84 AE                STY     str_ph          ; save string pointer high byte
001954  1  A0 FF                LDY     #$FF            ; set length to -1
001956  1               LAB_20BE
001956  1  C8                   INY                     ; increment length
001957  1  B1 B8                LDAINDIRECTY ssptr_l    ; get byte from string
001959  1  F0 0C                BEQ     LAB_20CF        ; exit loop if null byte [EOS]
00195B  1               
00195B  1  C5 5B                CMP     Srchc           ; compare with search character (terminator 1)
00195D  1  F0 04                BEQ     LAB_20CB        ; branch if terminator
00195F  1               
00195F  1  C5 5C                CMP     Asrch           ; compare with terminator 2
001961  1  D0 F3                BNE     LAB_20BE        ; loop if not terminator 2
001963  1               
001963  1               LAB_20CB
001963  1  C9 22                CMP     #$22            ; compare with "
001965  1  F0 01                BEQ     LAB_20D0        ; branch if " (carry set if = !)
001967  1               
001967  1               LAB_20CF
001967  1  18                   CLC                     ; clear carry for add (only if [EOL] terminated string)
001968  1               LAB_20D0
001968  1  84 AC                STY     str_ln          ; save length in FAC1 exponent
00196A  1  98                   TYA                     ; copy length to A
00196B  1  65 B8                ADC     ssptr_l         ; add string start low byte
00196D  1  85 BA                STA     Sendl           ; save string end low byte
00196F  1  A6 B9                LDX     ssptr_h         ; get string start high byte
001971  1  90 01                BCC     LAB_20DC        ; branch if no low byte overflow
001973  1               
001973  1  E8                   INX                     ; else increment high byte
001974  1               LAB_20DC
001974  1  86 BB                STX     Sendh           ; save string end high byte
001976  1  A5 B9                LDA     ssptr_h         ; get string start high byte
001978  1  C9 08                CMP     #>BASICBEGIN    ; compare with BASICBEGIN, FORMERLY (Ram_base) start of program memory
00197A  1  B0 0B                BCS     LAB_RTST        ; branch if not in utility area
00197C  1               
00197C  1               ; string in utility area, move to string memory
00197C  1  98                   TYA                     ; copy length to A
00197D  1  20 34 19             JSR     LAB_209C        ; copy des_pl/h to des_2l/h and make string space A bytes
001980  1               ; long
001980  1  A6 B8                LDX     ssptr_l         ; get string start low byte
001982  1  A4 B9                LDY     ssptr_h         ; get string start high byte
001984  1  20 21 1B             JSR     LAB_2298        ; store string A bytes long from XY to (Sutill)
001987  1               
001987  1               ; check for space on descriptor stack then ..
001987  1               ; put string address and length on descriptor stack and update stack pointers
001987  1               
001987  1               LAB_RTST
001987  1  A6 65                LDX     next_s          ; get string stack pointer
001989  1  E0 71                CPX     #des_sk+$09     ; compare with max+1
00198B  1  D0 05                BNE     LAB_20F8        ; branch if space on string stack
00198D  1               
00198D  1               ; else do string too complex error
00198D  1  A2 1C                LDX     #$1C            ; error code $1C ("String too complex" error)
00198F  1               LAB_20F5
00198F  1  4C 27 09             JMP     LAB_XERR        ; do error #X, then warm start
001992  1               
001992  1               ; put string address and length on descriptor stack and update stack pointers
001992  1               
001992  1               LAB_20F8
001992  1  A5 AC                LDA     str_ln          ; get string length
001994  1  95 00                STA     PLUS_0,X        ; put on string stack
001996  1  A5 AD                LDA     str_pl          ; get string pointer low byte
001998  1  95 01                STA     PLUS_1,X        ; put on string stack
00199A  1  A5 AE                LDA     str_ph          ; get string pointer high byte
00199C  1  95 02                STA     PLUS_2,X        ; put on string stack
00199E  1  A0 00                LDY     #$00            ; clear Y
0019A0  1  86 AE                STX     des_pl          ; save string descriptor pointer low byte
0019A2  1  84 AF                STY     des_ph          ; save string descriptor pointer high byte (always $00)
0019A4  1  88                   DEY                     ; Y = $FF
0019A5  1  84 5F                STY     Dtypef          ; save data type flag, $FF=string
0019A7  1  86 66                STX     last_sl         ; save old stack pointer (current top item)
0019A9  1  E8                   INX                     ; update stack pointer
0019AA  1  E8                   INX                     ; update stack pointer
0019AB  1  E8                   INX                     ; update stack pointer
0019AC  1  86 65                STX     next_s          ; save new top item value
0019AE  1  60                   RTS
0019AF  1               
0019AF  1               ; Build descriptor
0019AF  1               ; make space in string memory for string A long
0019AF  1               ; return X=Sutill=ptr low byte, Y=Sutill=ptr high byte
0019AF  1               
0019AF  1               LAB_2115
0019AF  1  46 60                LSR     Gclctd          ; clear garbage collected flag (b7)
0019B1  1               
0019B1  1               ; make space for string A long
0019B1  1               LAB_2117
0019B1  1  48                   PHA                     ; save string length
0019B2  1  49 FF                EOR     #$FF            ; complement it
0019B4  1  38                   SEC                     ; set carry for subtract (twos comp add)
0019B5  1  65 81                ADC     Sstorl          ; add bottom of string space low byte (subtract length)
0019B7  1  A4 82                LDY     Sstorh          ; get bottom of string space high byte
0019B9  1  B0 01                BCS     LAB_2122        ; skip decrement if no underflow
0019BB  1               
0019BB  1  88                   DEY                     ; decrement bottom of string space high byte
0019BC  1               LAB_2122
0019BC  1  C4 80                CPY     Earryh          ; compare with array mem end high byte
0019BE  1  90 11                BCC     LAB_2137        ; do out of memory error if less
0019C0  1               
0019C0  1  D0 04                BNE     LAB_212C        ; if not = skip next test
0019C2  1               
0019C2  1  C5 7F                CMP     Earryl          ; compare with array mem end low byte
0019C4  1  90 0B                BCC     LAB_2137        ; do out of memory error if less
0019C6  1               
0019C6  1               LAB_212C
0019C6  1  85 81                STA     Sstorl          ; save bottom of string space low byte
0019C8  1  84 82                STY     Sstorh          ; save bottom of string space high byte
0019CA  1  85 83                STA     Sutill          ; save string utility ptr low byte
0019CC  1  84 84                STY     Sutilh          ; save string utility ptr high byte
0019CE  1  AA                   TAX                     ; copy low byte to X
0019CF  1  68                   PLA                     ; get string length back
0019D0  1  60                   RTS
0019D1  1               
0019D1  1               LAB_2137
0019D1  1  A2 0C                LDX     #$0C            ; error code $0C ("Out of memory" error)
0019D3  1  A5 60                LDA     Gclctd          ; get garbage collected flag
0019D5  1  30 B8                BMI     LAB_20F5        ; if set then do error code X
0019D7  1               
0019D7  1  20 E1 19             JSR     LAB_GARB        ; else go do garbage collection
0019DA  1  A9 80                LDA     #$80            ; flag for garbage collected
0019DC  1  85 60                STA     Gclctd          ; set garbage collected flag
0019DE  1  68                   PLA                     ; pull length
0019DF  1  D0 D0                BNE     LAB_2117        ; go try again (loop always, length should never be = $00)
0019E1  1               
0019E1  1               ; garbage collection routine
0019E1  1               
0019E1  1               LAB_GARB
0019E1  1  A6 85                LDX     Ememl           ; get end of mem low byte
0019E3  1  A5 86                LDA     Ememh           ; get end of mem high byte
0019E5  1               
0019E5  1               ; re-run routine from last ending
0019E5  1               
0019E5  1               LAB_214B
0019E5  1  86 81                STX     Sstorl          ; set string storage low byte
0019E7  1  85 82                STA     Sstorh          ; set string storage high byte
0019E9  1  A0 00                LDY     #$00            ; clear index
0019EB  1  84 9D                STY     garb_h          ; clear working pointer high byte (flag no strings to move)
0019ED  1  A5 7F                LDA     Earryl          ; get array mem end low byte
0019EF  1  A6 80                LDX     Earryh          ; get array mem end high byte
0019F1  1  85 AA                STA     Histrl          ; save as highest string low byte
0019F3  1  86 AB                STX     Histrh          ; save as highest string high byte
0019F5  1  A9 68                LDA     #des_sk         ; set descriptor stack pointer
0019F7  1  85 71                STA     ut1_pl          ; save descriptor stack pointer low byte
0019F9  1  84 72                STY     ut1_ph          ; save descriptor stack pointer high byte ($00)
0019FB  1               LAB_2161
0019FB  1  C5 65                CMP     next_s          ; compare with descriptor stack pointer
0019FD  1  F0 05                BEQ     LAB_216A        ; branch if =
0019FF  1               
0019FF  1  20 65 1A             JSR     LAB_21D7        ; go garbage collect descriptor stack
001A02  1  F0 F7                BEQ     LAB_2161        ; loop always
001A04  1               
001A04  1               ; done stacked strings, now do string vars
001A04  1               LAB_216A
001A04  1  06 A0                ASL     g_step          ; set step size = $06
001A06  1  A5 7B                LDA     Svarl           ; get start of vars low byte
001A08  1  A6 7C                LDX     Svarh           ; get start of vars high byte
001A0A  1  85 71                STA     ut1_pl          ; save as pointer low byte
001A0C  1  86 72                STX     ut1_ph          ; save as pointer high byte
001A0E  1               LAB_2176
001A0E  1  E4 7E                CPX     Sarryh          ; compare start of arrays high byte
001A10  1  D0 04                BNE     LAB_217E        ; branch if no high byte match
001A12  1               
001A12  1  C5 7D                CMP     Sarryl          ; else compare start of arrays low byte
001A14  1  F0 05                BEQ     LAB_2183        ; branch if = var mem end
001A16  1               
001A16  1               LAB_217E
001A16  1  20 5F 1A             JSR     LAB_21D1        ; go garbage collect strings
001A19  1  F0 F3                BEQ     LAB_2176        ; loop always
001A1B  1               
001A1B  1               ; done string vars, now do string arrays
001A1B  1               LAB_2183
001A1B  1  85 A4                STA     Nbendl          ; save start of arrays low byte as working pointer
001A1D  1  86 A5                STX     Nbendh          ; save start of arrays high byte as working pointer
001A1F  1  A9 04                LDA     #$04            ; set step size
001A21  1  85 A0                STA     g_step          ; save step size
001A23  1               LAB_218B
001A23  1  A5 A4                LDA     Nbendl          ; get pointer low byte
001A25  1  A6 A5                LDX     Nbendh          ; get pointer high byte
001A27  1               LAB_218F
001A27  1  E4 80                CPX     Earryh          ; compare with array mem end high byte
001A29  1  D0 04                BNE     LAB_219A        ; branch if not at end
001A2B  1               
001A2B  1  C5 7F                CMP     Earryl          ; else compare with array mem end low byte
001A2D  1  F0 75                LBEQ    LAB_2216        ; tidy up and exit if at end
001A2F  1               
001A2F  1               LAB_219A
001A2F  1  85 71                STA     ut1_pl          ; save pointer low byte
001A31  1  86 72                STX     ut1_ph          ; save pointer high byte
001A33  1  A0 02                LDY     #$02            ; set index
001A35  1  B1 71                LDA     (ut1_pl),Y      ; get array size low byte
001A37  1  65 A4                ADC     Nbendl          ; add start of this array low byte
001A39  1  85 A4                STA     Nbendl          ; save start of next array low byte
001A3B  1  C8                   INY                     ; increment index
001A3C  1  B1 71                LDA     (ut1_pl),Y      ; get array size high byte
001A3E  1  65 A5                ADC     Nbendh          ; add start of this array high byte
001A40  1  85 A5                STA     Nbendh          ; save start of next array high byte
001A42  1  A0 01                LDY     #$01            ; set index
001A44  1  B1 71                LDA     (ut1_pl),Y      ; get name second byte
001A46  1  10 DB                BPL     LAB_218B        ; skip if not string array
001A48  1               
001A48  1               ; was string array so ..
001A48  1               
001A48  1  A0 04                LDY     #$04            ; set index
001A4A  1  B1 71                LDA     (ut1_pl),Y      ; get # of dimensions
001A4C  1  0A                   ASL     A               ; *2
001A4D  1  69 05                ADC     #$05            ; +5 (array header size)
001A4F  1  20 97 1A             JSR     LAB_2208        ; go set up for first element
001A52  1               LAB_21C4
001A52  1  E4 A5                CPX     Nbendh          ; compare with start of next array high byte
001A54  1  D0 04                BNE     LAB_21CC        ; branch if <> (go do this array)
001A56  1               
001A56  1  C5 A4                CMP     Nbendl          ; else compare element pointer low byte with next array
001A58  1               ; low byte
001A58  1  F0 CD                LBEQ    LAB_218F        ; if equal then go do next array
001A5A  1               
001A5A  1               LAB_21CC
001A5A  1  20 65 1A             JSR     LAB_21D7        ; go defrag array strings
001A5D  1  F0 F3                BEQ     LAB_21C4        ; go do next array string (loop always)
001A5F  1               
001A5F  1               ; defrag string variables
001A5F  1               ; enter with XA = variable pointer
001A5F  1               ; return with XA = next variable pointer
001A5F  1               
001A5F  1               LAB_21D1
001A5F  1  C8                   INY                     ; increment index (Y was $00)
001A60  1  B1 71                LDA     (ut1_pl),Y      ; get var name byte 2
001A62  1  10 30                BPL     LAB_2206        ; if not string, step pointer to next var and return
001A64  1               
001A64  1  C8                   INY                     ; else increment index
001A65  1               LAB_21D7
001A65  1  B1 71                LDA     (ut1_pl),Y      ; get string length
001A67  1  F0 2B                BEQ     LAB_2206        ; if null, step pointer to next string and return
001A69  1               
001A69  1  C8                   INY                     ; else increment index
001A6A  1  B1 71                LDA     (ut1_pl),Y      ; get string pointer low byte
001A6C  1  AA                   TAX                     ; copy to X
001A6D  1  C8                   INY                     ; increment index
001A6E  1  B1 71                LDA     (ut1_pl),Y      ; get string pointer high byte
001A70  1  C5 82                CMP     Sstorh          ; compare bottom of string space high byte
001A72  1  90 06                BCC     LAB_21EC        ; branch if less
001A74  1               
001A74  1  D0 1E                BNE     LAB_2206        ; if greater, step pointer to next string and return
001A76  1               
001A76  1               ; high bytes were = so compare low bytes
001A76  1  E4 81                CPX     Sstorl          ; compare bottom of string space low byte
001A78  1  B0 1A                BCS     LAB_2206        ; if >=, step pointer to next string and return
001A7A  1               
001A7A  1               ; string pointer is < string storage pointer (pos in mem)
001A7A  1               LAB_21EC
001A7A  1  C5 AB                CMP     Histrh          ; compare to highest string high byte
001A7C  1  90 17                BCC     LAB_2207        ; if <, step pointer to next string and return
001A7E  1               
001A7E  1  D0 04                BNE     LAB_21F6        ; if > update pointers, step to next and return
001A80  1               
001A80  1               ; high bytes were = so compare low bytes
001A80  1  E4 AA                CPX     Histrl          ; compare to highest string low byte
001A82  1  90 11                BCC     LAB_2207        ; if <, step pointer to next string and return
001A84  1               
001A84  1               ; string is in string memory space
001A84  1               LAB_21F6
001A84  1  86 AA                STX     Histrl          ; save as new highest string low byte
001A86  1  85 AB                STA     Histrh          ; save as new highest string high byte
001A88  1  A5 71                LDA     ut1_pl          ; get start of vars(descriptors) low byte
001A8A  1  A6 72                LDX     ut1_ph          ; get start of vars(descriptors) high byte
001A8C  1  85 9C                STA     garb_l          ; save as working pointer low byte
001A8E  1  86 9D                STX     garb_h          ; save as working pointer high byte
001A90  1  88                   DEY                     ; decrement index DIFFERS
001A91  1  88                   DEY                     ; decrement index (should point to descriptor start)
001A92  1  84 A2                STY     g_indx          ; save index pointer
001A94  1               
001A94  1               ; step pointer to next string
001A94  1               LAB_2206
001A94  1  18                   CLC                     ; clear carry for add
001A95  1               LAB_2207
001A95  1  A5 A0                LDA     g_step          ; get step size
001A97  1               LAB_2208
001A97  1  65 71                ADC     ut1_pl          ; add pointer low byte
001A99  1  85 71                STA     ut1_pl          ; save pointer low byte
001A9B  1  90 02                BCC     LAB_2211        ; branch if no overflow
001A9D  1               
001A9D  1  E6 72                INC     ut1_ph          ; else increment high byte
001A9F  1               LAB_2211
001A9F  1  A6 72                LDX     ut1_ph          ; get pointer high byte
001AA1  1  A0 00                LDY     #$00            ; clear Y
001AA3  1  60                   RTS
001AA4  1               
001AA4  1               ; search complete, now either exit or set-up and move string
001AA4  1               
001AA4  1               LAB_2216
001AA4  1  C6 A0                DEC     g_step          ; decrement step size (now $03 for descriptor stack)
001AA6  1  A6 9D                LDX     garb_h          ; get string to move high byte
001AA8  1  F0 F5                BEQ     LAB_2211        ; exit if nothing to move
001AAA  1               
001AAA  1  A4 A2                LDY     g_indx          ; get index byte back (points to descriptor)
001AAC  1  18                   CLC                     ; clear carry for add
001AAD  1  B1 9C                LDAINDIRECTY garb_l     ; get string length
001AAF  1  65 AA                ADC     Histrl          ; add highest string low byte
001AB1  1  85 A6                STA     Obendl          ; save old block end low pointer
001AB3  1  A5 AB                LDA     Histrh          ; get highest string high byte
001AB5  1  69 00                ADC     #$00            ; add any carry
001AB7  1  85 A7                STA     Obendh          ; save old block end high byte
001AB9  1  A5 81                LDA     Sstorl          ; get bottom of string space low byte
001ABB  1  A6 82                LDX     Sstorh          ; get bottom of string space high byte
001ABD  1  85 A4                STA     Nbendl          ; save new block end low byte
001ABF  1  86 A5                STX     Nbendh          ; save new block end high byte
001AC1  1  20 B3 08             JSR     LAB_11D6        ; open up space in memory, don't set array end
001AC4  1  A4 A2                LDY     g_indx          ; get index byte
001AC6  1  C8                   INY                     ; point to descriptor low byte
001AC7  1  A5 A4                LDA     Nbendl          ; get string pointer low byte
001AC9  1  91 9C                STAINDIRECTY garb_l     ; save new string pointer low byte
001ACB  1  AA                   TAX                     ; copy string pointer low byte
001ACC  1  E6 A5                INC     Nbendh          ; correct high byte (move sets high byte -1)
001ACE  1  A5 A5                LDA     Nbendh          ; get new string pointer high byte
001AD0  1  C8                   INY                     ; point to descriptor high byte
001AD1  1  91 9C                STAINDIRECTY garb_l     ; save new string pointer high byte
001AD3  1  4C E5 19             JMP     LAB_214B        ; re-run routine from last ending
001AD6  1               ; (but don't collect this string)
001AD6  1               
001AD6  1               ; concatenate
001AD6  1               ; add strings, string 1 is in descriptor des_pl, string 2 is in line
001AD6  1               
001AD6  1               LAB_224D
001AD6  1  A5 AF                LDA     des_ph          ; get descriptor pointer high byte
001AD8  1  48                   PHA                     ; put on stack
001AD9  1  A5 AE                LDA     des_pl          ; get descriptor pointer low byte
001ADB  1  48                   PHA                     ; put on stack
001ADC  1  20 CD 13             JSR     LAB_GVAL        ; get value from line
001ADF  1  20 D2 12             JSR     LAB_CTST        ; check if source is string, else do type mismatch
001AE2  1  68                   PLA                     ; get descriptor pointer low byte back
001AE3  1  85 B8                STA     ssptr_l         ; set pointer low byte
001AE5  1  68                   PLA                     ; get descriptor pointer high byte back
001AE6  1  85 B9                STA     ssptr_h         ; set pointer high byte
001AE8  1  A0 00                LDY     #$00            ; clear index
001AEA  1  B1 B8                LDAINDIRECTY ssptr_l    ; get length_1 from descriptor
001AEC  1  18                   CLC                     ; clear carry for add
001AED  1  71 AE                ADCINDIRECTY des_pl     ; add length_2
001AEF  1  90 05                BCC     LAB_226D        ; branch if no overflow
001AF1  1               
001AF1  1  A2 1A                LDX     #$1A            ; else set error code $1A ("String too long" error)
001AF3  1  4C 27 09             JMP     LAB_XERR        ; do error #X, then warm start
001AF6  1               
001AF6  1               LAB_226D
001AF6  1  20 34 19             JSR     LAB_209C        ; copy des_pl/h to des_2l/h and make string space A bytes
001AF9  1               ; long
001AF9  1  20 13 1B             JSR     LAB_228A        ; copy string from descriptor (sdescr) to (Sutill)
001AFC  1  A5 9E                LDA     des_2l          ; get descriptor pointer low byte
001AFE  1  A4 9F                LDY     des_2h          ; get descriptor pointer high byte
001B00  1  20 44 1B             JSR     LAB_22BA        ; pop (YA) descriptor off stack or from top of string space
001B03  1               ; returns with A = length, ut1_pl = pointer low byte,
001B03  1               ; ut1_ph = pointer high byte
001B03  1  20 25 1B             JSR     LAB_229C        ; store string A bytes long from (ut1_pl) to (Sutill)
001B06  1  A5 B8                LDA     ssptr_l         ;.set descriptor pointer low byte
001B08  1  A4 B9                LDY     ssptr_h         ;.set descriptor pointer high byte
001B0A  1  20 44 1B             JSR     LAB_22BA        ; pop (YA) descriptor off stack or from top of string space
001B0D  1               ; returns with A = length, X=ut1_pl=pointer low byte,
001B0D  1               ; Y=ut1_ph=pointer high byte
001B0D  1  20 87 19             JSR     LAB_RTST        ; check for space on descriptor stack then put string
001B10  1               ; address and length on descriptor stack and update stack
001B10  1               ; pointers
001B10  1  4C F8 12             JMP     LAB_1ADB        ;.continue evaluation
001B13  1               
001B13  1               ; copy string from descriptor (sdescr) to (Sutill)
001B13  1               
001B13  1               LAB_228A
001B13  1  A0 00                LDY     #$00            ; clear index
001B15  1  B1 B8                LDAINDIRECTY sdescr     ; get string length
001B17  1  48                   PHA                     ; save on stack
001B18  1  C8                   INY                     ; increment index
001B19  1  B1 B8                LDAINDIRECTY sdescr     ; get source string pointer low byte
001B1B  1  AA                   TAX                     ; copy to X
001B1C  1  C8                   INY                     ; increment index
001B1D  1  B1 B8                LDAINDIRECTY sdescr     ; get source string pointer high byte
001B1F  1  A8                   TAY                     ; copy to Y
001B20  1  68                   PLA                     ; get length back
001B21  1               
001B21  1               ; store string A bytes long from YX to (Sutill)
001B21  1               
001B21  1               LAB_2298
001B21  1  86 71                STX     ut1_pl          ; save source string pointer low byte
001B23  1  84 72                STY     ut1_ph          ; save source string pointer high byte
001B25  1               
001B25  1               ; store string A bytes long from (ut1_pl) to (Sutill)
001B25  1               
001B25  1               LAB_229C
001B25  1  AA                   TAX                     ; copy length to index (don't count with Y)
001B26  1  F0 14                BEQ     LAB_22B2        ; branch if = $0 (null string) no need to add zero length
001B28  1               
001B28  1  A0 00                LDY     #$00            ; zero pointer (copy forward)
001B2A  1               LAB_22A0
001B2A  1  B1 71                LDAINDIRECTY ut1_pl     ; get source byte
001B2C  1  91 83                STAINDIRECTY Sutill     ; save destination byte
001B2E  1               
001B2E  1  C8                   INY                     ; increment index
001B2F  1  CA                   DEX                     ; decrement counter
001B30  1  D0 F8                BNE     LAB_22A0        ; loop while <> 0
001B32  1               
001B32  1  98                   TYA                     ; restore length from Y
001B33  1               LAB_22A9
001B33  1  18                   CLC                     ; clear carry for add
001B34  1  65 83                ADC     Sutill          ; add string utility ptr low byte
001B36  1  85 83                STA     Sutill          ; save string utility ptr low byte
001B38  1  90 02                BCC     LAB_22B2        ; branch if no carry
001B3A  1               
001B3A  1  E6 84                INC     Sutilh          ; else increment string utility ptr high byte
001B3C  1               LAB_22B2
001B3C  1  60                   RTS
001B3D  1               
001B3D  1               ; evaluate string
001B3D  1               
001B3D  1               LAB_EVST
001B3D  1  20 D2 12             JSR     LAB_CTST        ; check if source is string, else do type mismatch
001B40  1               
001B40  1               ; pop string off descriptor stack, or from top of string space
001B40  1               ; returns with A = length, X=pointer low byte, Y=pointer high byte
001B40  1               
001B40  1               LAB_22B6
001B40  1  A5 AE                LDA     des_pl          ; get descriptor pointer low byte
001B42  1  A4 AF                LDY     des_ph          ; get descriptor pointer high byte
001B44  1               
001B44  1               ; pop (YA) descriptor off stack or from top of string space
001B44  1               ; returns with A = length, X=ut1_pl=pointer low byte, Y=ut1_ph=pointer high byte
001B44  1               
001B44  1               LAB_22BA
001B44  1  85 71                STA     ut1_pl          ; save descriptor pointer low byte
001B46  1  84 72                STY     ut1_ph          ; save descriptor pointer high byte
001B48  1  20 75 1B             JSR     LAB_22EB        ; clean descriptor stack, YA = pointer
001B4B  1  08                   PHP                     ; save status flags
001B4C  1  A0 00                LDY     #$00            ; clear index
001B4E  1  B1 71                LDAINDIRECTY ut1_pl     ; get length from string descriptor
001B50  1  48                   PHA                     ; put on stack
001B51  1  C8                   INY                     ; increment index
001B52  1  B1 71                LDAINDIRECTY ut1_pl     ; get string pointer low byte from descriptor
001B54  1  AA                   TAX                     ; copy to X
001B55  1  C8                   INY                     ; increment index
001B56  1  B1 71                LDAINDIRECTY ut1_pl     ; get string pointer high byte from descriptor
001B58  1  A8                   TAY                     ; copy to Y
001B59  1  68                   PLA                     ; get string length back
001B5A  1  28                   PLP                     ; restore status
001B5B  1  D0 13                BNE     LAB_22E6        ; branch if pointer <> last_sl,last_sh
001B5D  1               
001B5D  1  C4 82                CPY     Sstorh          ; compare bottom of string space high byte
001B5F  1  D0 0F                BNE     LAB_22E6        ; branch if <>
001B61  1               
001B61  1  E4 81                CPX     Sstorl          ; else compare bottom of string space low byte
001B63  1  D0 0B                BNE     LAB_22E6        ; branch if <>
001B65  1               
001B65  1  48                   PHA                     ; save string length
001B66  1  18                   CLC                     ; clear carry for add
001B67  1  65 81                ADC     Sstorl          ; add bottom of string space low byte
001B69  1  85 81                STA     Sstorl          ; save bottom of string space low byte
001B6B  1  90 02                BCC     LAB_22E5        ; skip increment if no overflow
001B6D  1               
001B6D  1  E6 82                INC     Sstorh          ; increment bottom of string space high byte
001B6F  1               LAB_22E5
001B6F  1  68                   PLA                     ; restore string length
001B70  1               LAB_22E6
001B70  1  86 71                STX     ut1_pl          ; save string pointer low byte
001B72  1  84 72                STY     ut1_ph          ; save string pointer high byte
001B74  1  60                   RTS
001B75  1               
001B75  1               ; clean descriptor stack, YA = pointer
001B75  1               ; checks if AY is on the descriptor stack, if so does a stack discard
001B75  1               
001B75  1               LAB_22EB
001B75  1  C4 67                CPY     last_sh         ; compare pointer high byte
001B77  1  D0 0C                BNE     LAB_22FB        ; exit if <>
001B79  1               
001B79  1  C5 66                CMP     last_sl         ; compare pointer low byte
001B7B  1  D0 08                BNE     LAB_22FB        ; exit if <>
001B7D  1               
001B7D  1  85 65                STA     next_s          ; save descriptor stack pointer
001B7F  1  E9 03                SBC     #$03            ; -3
001B81  1  85 66                STA     last_sl         ; save low byte -3
001B83  1  A0 00                LDY     #$00            ; clear high byte
001B85  1               LAB_22FB
001B85  1  60                   RTS
001B86  1               
001B86  1               ; perform CHR$()
001B86  1               
001B86  1               LAB_CHRS
001B86  1  20 91 1C             JSR     LAB_EVBY        ; evaluate byte expression, result in X
001B89  1  8A                   TXA                     ; copy to A
001B8A  1  48                   PHA                     ; save character
001B8B  1  A9 01                LDA     #$01            ; string is single byte
001B8D  1  20 3C 19             JSR     LAB_MSSP        ; make string space A bytes long A=$AC=length,
001B90  1               ; X=$AD=Sutill=ptr low byte, Y=$AE=Sutilh=ptr high byte
001B90  1  68                   PLA                     ; get character back
001B91  1  A0 00                LDY     #$00            ; clear index
001B93  1  91 AD                STAINDIRECTY str_pl     ; save byte in string (byte IS string!)
001B95  1  4C 87 19             JMP     LAB_RTST        ; check for space on descriptor stack then put string
001B98  1               ; address and length on descriptor stack and update stack
001B98  1               ; pointers
001B98  1               
001B98  1               ; perform LEFT$()
001B98  1               
001B98  1               LAB_LEFT
001B98  1  48                   PHA                     ; push byte parameter
001B99  1  20 F9 1B             JSR     LAB_236F        ; pull string data and byte parameter from stack
001B9C  1               ; return pointer in des_2l/h, byte in A (and X), Y=0
001B9C  1  D1 9E                CMPINDIRECTY des_2l     ; compare byte parameter with string length
001B9E  1  98                   TYA                     ; clear A
001B9F  1  F0 09                BEQ     LAB_2316        ; go do string copy (branch always)
001BA1  1               
001BA1  1               ; perform RIGHT$()
001BA1  1               
001BA1  1               LAB_RIGHT
001BA1  1  48                   PHA                     ; push byte parameter
001BA2  1  20 F9 1B             JSR     LAB_236F        ; pull string data and byte parameter from stack
001BA5  1               ; return pointer in des_2l/h, byte in A (and X), Y=0
001BA5  1                       .IFDEF  DUODYNE
001BA5  1                       FETCHINDIRECTY des_2l   ; subtract string length
001BA5  1                       CLC                     ; clear carry for add-1
001BA5  1                       SBC     <TMPFLG         ; REDO SBC WITH CARRY CLEARED (ARTIFACT FROM 816 CONVERSION)
001BA5  1                       .ELSE
001BA5  1  18                   CLC                     ; clear carry for add-1
001BA6  1  F1 9E                SBC     (des_2l),Y      ; subtract string length
001BA8  1                       .ENDIF
001BA8  1  49 FF                EOR     #$FF            ; invert it (A=LEN(expression$)-l)
001BAA  1               
001BAA  1               LAB_2316
001BAA  1  90 04                BCC     LAB_231C        ; branch if string length > byte parameter
001BAC  1               
001BAC  1  B1 9E                LDAINDIRECTY des_2l     ; else make parameter = length
001BAE  1  AA                   TAX                     ; copy to byte parameter copy
001BAF  1  98                   TYA                     ; clear string start offset
001BB0  1               LAB_231C
001BB0  1  48                   PHA                     ; save string start offset
001BB1  1               LAB_231D
001BB1  1  8A                   TXA                     ; copy byte parameter (or string length if <)
001BB2  1               LAB_231E
001BB2  1  48                   PHA                     ; save string length
001BB3  1  20 3C 19             JSR     LAB_MSSP        ; make string space A bytes long A=$AC=length,
001BB6  1               ; X=$AD=Sutill=ptr low byte, Y=$AE=Sutilh=ptr high byte
001BB6  1  A5 9E                LDA     des_2l          ; get descriptor pointer low byte
001BB8  1  A4 9F                LDY     des_2h          ; get descriptor pointer high byte
001BBA  1  20 44 1B             JSR     LAB_22BA        ; pop (YA) descriptor off stack or from top of string space
001BBD  1               ; returns with A = length, X=ut1_pl=pointer low byte,
001BBD  1               ; Y=ut1_ph=pointer high byte
001BBD  1  68                   PLA                     ; get string length back
001BBE  1  A8                   TAY                     ; copy length to Y
001BBF  1  68                   PLA                     ; get string start offset back
001BC0  1  18                   CLC                     ; clear carry for add
001BC1  1  65 71                ADC     ut1_pl          ; add start offset to string start pointer low byte
001BC3  1  85 71                STA     ut1_pl          ; save string start pointer low byte
001BC5  1  90 02                BCC     LAB_2335        ; branch if no overflow
001BC7  1               
001BC7  1  E6 72                INC     ut1_ph          ; else increment string start pointer high byte
001BC9  1               LAB_2335
001BC9  1  98                   TYA                     ; copy length to A
001BCA  1  20 25 1B             JSR     LAB_229C        ; store string A bytes long from (ut1_pl) to (Sutill)
001BCD  1  4C 87 19             JMP     LAB_RTST        ; check for space on descriptor stack then put string
001BD0  1               ; address and length on descriptor stack and update stack
001BD0  1               ; pointers
001BD0  1               
001BD0  1               ; perform MID$()
001BD0  1               
001BD0  1               LAB_MIDS
001BD0  1  48                   PHA                     ; push byte parameter
001BD1  1  A9 FF                LDA     #$FF            ; set default length = 255
001BD3  1  85 AF                STA     mids_l          ; save default length
001BD5  1                       .IFDEF  DUODYNE
001BD5  1                       JSL     LAB_GBYT        ; scan memory
001BD5  1                       .ELSE
001BD5  1  20 C2 00             JSR     LAB_GBYT        ; scan memory
001BD8  1                       .ENDIF
001BD8  1               
001BD8  1  C9 29                CMP     #')'            ; compare with ")"
001BDA  1  F0 06                BEQ     LAB_2358        ; branch if = ")" (skip second byte get)
001BDC  1               
001BDC  1  20 FF 13             JSR     LAB_1C01        ; scan for "," , else do syntax error then warm start
001BDF  1  20 8E 1C             JSR     LAB_GTBY        ; get byte parameter (use copy in mids_l)
001BE2  1               LAB_2358
001BE2  1  20 F9 1B             JSR     LAB_236F        ; pull string data and byte parameter from stack
001BE5  1               ; return pointer in des_2l/h, byte in A (and X), Y=0
001BE5  1  CA                   DEX                     ; decrement start index
001BE6  1  8A                   TXA                     ; copy to A
001BE7  1  48                   PHA                     ; save string start offset
001BE8  1                       .IFDEF  DUODYNE
001BE8  1                       FETCHINDIRECTY des_2l
001BE8  1                       CLC                     ; clear carry for sub-1
001BE8  1                       LDX     #$00            ; clear output string length
001BE8  1                       SBC     <TMPFLG         ; subtract string length
001BE8  1                       .ELSE
001BE8  1  18                   CLC                     ; clear carry for sub-1
001BE9  1  A2 00                LDX     #$00            ; clear output string length
001BEB  1  F1 9E                SBC     (des_2l),Y      ; subtract string length
001BED  1                       .ENDIF
001BED  1  B0 C2                BCS     LAB_231D        ; if start>string length go do null string
001BEF  1               
001BEF  1  49 FF                EOR     #$FF            ; complement -length
001BF1  1  C5 AF                CMP     mids_l          ; compare byte parameter
001BF3  1  90 BD                BCC     LAB_231E        ; if length>remaining string go do RIGHT$
001BF5  1               
001BF5  1  A5 AF                LDA     mids_l          ; get length byte
001BF7  1  B0 B9                BCS     LAB_231E        ; go do string copy (branch always)
001BF9  1               
001BF9  1               ; pull string data and byte parameter from stack
001BF9  1               ; return pointer in des_2l/h, byte in A (and X), Y=0
001BF9  1               
001BF9  1               LAB_236F
001BF9  1  20 EF 13             JSR     LAB_1BFB        ; scan for ")" , else do syntax error then warm start
001BFC  1  68                   PLA                     ; pull return address low byte (return address)
001BFD  1  85 A2                STA     Fnxjpl          ; save functions jump vector low byte
001BFF  1  68                   PLA                     ; pull return address high byte (return address)
001C00  1  85 A3                STA     Fnxjph          ; save functions jump vector high byte
001C02  1  68                   PLA                     ; pull byte parameter
001C03  1  AA                   TAX                     ; copy byte parameter to X
001C04  1  68                   PLA                     ; pull string pointer low byte
001C05  1  85 9E                STA     des_2l          ; save it
001C07  1  68                   PLA                     ; pull string pointer high byte
001C08  1  85 9F                STA     des_2h          ; save it
001C0A  1  A0 00                LDY     #$00            ; clear index
001C0C  1  8A                   TXA                     ; copy byte parameter
001C0D  1  F0 79                LBEQ    LAB_23A8        ; if null do function call error then warm start
001C0F  1               
001C0F  1  E6 A2                INC     Fnxjpl          ; increment function jump vector low byte
001C11  1               ; (JSR pushes return addr-1. this is all very nice
001C11  1               ; but will go tits up if either call is on a page
001C11  1               ; boundary!)
001C11  1  6C A2 00             JMP     (Fnxjpl)        ; in effect, RTS
001C14  1               
001C14  1               
001C14  1               ; perform LCASE$()
001C14  1               
001C14  1               LAB_LCASE
001C14  1  20 3D 1B             JSR     LAB_EVST        ; evaluate string
001C17  1  85 AC                STA     str_ln          ; set string length
001C19  1  A8                   TAY                     ; copy length to Y
001C1A  1  F0 38                LBEQ    NoString        ; branch if null string
001C1C  1               
001C1C  1  20 3C 19             JSR     LAB_MSSP        ; make string space A bytes long A=length,
001C1F  1               ; X=Sutill=ptr low byte, Y=Sutilh=ptr high byte
001C1F  1  86 AD                STX     str_pl          ; save string pointer low byte
001C21  1  84 AE                STY     str_ph          ; save string pointer high byte
001C23  1  A8                   TAY                     ; get string length back
001C24  1               
001C24  1               LC_loop
001C24  1  88                   DEY                     ; decrement index
001C25  1  B1 71                LDAINDIRECTY ut1_pl     ; get byte from string
001C27  1  20 24 16             JSR     LAB_1D82        ; is character "A" to "Z"
001C2A  1  90 02                BCC     NoUcase         ; branch if not upper case alpha
001C2C  1               
001C2C  1  09 20                ORA     #$20            ; convert upper to lower case
001C2E  1               NoUcase
001C2E  1  91 83                STAINDIRECTY Sutill     ; save byte back to string
001C30  1  98                   TYA                     ; test index
001C31  1  D0 F1                BNE     LC_loop         ; loop if not all done
001C33  1               
001C33  1  F0 1F                BEQ     NoString        ; tidy up and exit, branch always
001C35  1               
001C35  1               ; perform UCASE$()
001C35  1               
001C35  1               LAB_UCASE
001C35  1  20 3D 1B             JSR     LAB_EVST        ; evaluate string
001C38  1  85 AC                STA     str_ln          ; set string length
001C3A  1  A8                   TAY                     ; copy length to Y
001C3B  1  F0 17                BEQ     NoString        ; branch if null string
001C3D  1               
001C3D  1  20 3C 19             JSR     LAB_MSSP        ; make string space A bytes long A=length,
001C40  1               ; X=Sutill=ptr low byte, Y=Sutilh=ptr high byte
001C40  1  86 AD                STX     str_pl          ; save string pointer low byte
001C42  1  84 AE                STY     str_ph          ; save string pointer high byte
001C44  1  A8                   TAY                     ; get string length back
001C45  1               
001C45  1               UC_loop
001C45  1  88                   DEY                     ; decrement index
001C46  1  B1 71                LDAINDIRECTY ut1_pl     ; get byte from string
001C48  1  20 20 16             JSR     LAB_CASC        ; is character "a" to "z" (or "A" to "Z")
001C4B  1  90 02                BCC     NoLcase         ; branch if not alpha
001C4D  1               
001C4D  1  29 DF                AND     #$DF            ; convert lower to upper case
001C4F  1               NoLcase
001C4F  1  91 83                STAINDIRECTY Sutill     ; save byte back to string
001C51  1  98                   TYA                     ; test index
001C52  1  D0 F1                BNE     UC_loop         ; loop if not all done
001C54  1               
001C54  1               NoString
001C54  1  4C 87 19             JMP     LAB_RTST        ; check for space on descriptor stack then put string
001C57  1               ; address and length on descriptor stack and update stack
001C57  1               ; pointers
001C57  1               
001C57  1               ; perform SADD()
001C57  1               
001C57  1               LAB_SADD
001C57  1                       .IFDEF  DUODYNE
001C57  1                       JSL     LAB_IGBY        ; increment and scan memory
001C57  1                       .ELSE
001C57  1  20 BC 00             JSR     LAB_IGBY        ; increment and scan memory
001C5A  1                       .ENDIF
001C5A  1               
001C5A  1  20 AC 15             JSR     LAB_GVAR        ; get var address
001C5D  1               
001C5D  1  20 EF 13             JSR     LAB_1BFB        ; scan for ")", else do syntax error then warm start
001C60  1  20 D2 12             JSR     LAB_CTST        ; check if source is string, else do type mismatch
001C63  1               
001C63  1  A0 02                LDY     #$02            ; index to string pointer high byte
001C65  1  B1 95                LDAINDIRECTY Cvaral     ; get string pointer high byte
001C67  1  AA                   TAX                     ; copy string pointer high byte to X
001C68  1  88                   DEY                     ; index to string pointer low byte
001C69  1  B1 95                LDAINDIRECTY Cvaral     ; get string pointer low byte
001C6B  1  A8                   TAY                     ; copy string pointer low byte to Y
001C6C  1  8A                   TXA                     ; copy string pointer high byte to A
001C6D  1  4C 5B 18             JMP     LAB_AYFC        ; save and convert integer AY to FAC1 and return
001C70  1               
001C70  1               ; perform LEN()
001C70  1               
001C70  1               LAB_LENS
001C70  1  20 76 1C             JSR     LAB_ESGL        ; evaluate string, get length in A (and Y)
001C73  1  4C 68 18             JMP     LAB_1FD0        ; convert Y to byte in FAC1 and return
001C76  1               
001C76  1               ; evaluate string, get length in Y
001C76  1               
001C76  1               LAB_ESGL
001C76  1  20 3D 1B             JSR     LAB_EVST        ; evaluate string
001C79  1  A8                   TAY                     ; copy length to Y
001C7A  1  60                   RTS
001C7B  1               
001C7B  1               ; perform ASC()
001C7B  1               
001C7B  1               LAB_ASC
001C7B  1  20 76 1C             JSR     LAB_ESGL        ; evaluate string, get length in A (and Y)
001C7E  1  F0 08                BEQ     LAB_23A8        ; if null do function call error then warm start
001C80  1               
001C80  1  A0 00                LDY     #$00            ; set index to first character
001C82  1  B1 71                LDAINDIRECTY ut1_pl     ; get byte
001C84  1  A8                   TAY                     ; copy to Y
001C85  1  4C 68 18             JMP     LAB_1FD0        ; convert Y to byte in FAC1 and return
001C88  1               
001C88  1               ; do function call error then warm start
001C88  1               
001C88  1               LAB_23A8
001C88  1  4C 2B 17             JMP     LAB_FCER        ; do function call error then warm start
001C8B  1               
001C8B  1               ; scan and get byte parameter
001C8B  1               
001C8B  1               LAB_SGBY
001C8B  1                       .IFDEF  DUODYNE
001C8B  1                       JSL     LAB_IGBY        ; increment and scan memory
001C8B  1                       .ELSE
001C8B  1  20 BC 00             JSR     LAB_IGBY        ; increment and scan memory
001C8E  1                       .ENDIF
001C8E  1               
001C8E  1               
001C8E  1               ; get byte parameter
001C8E  1               
001C8E  1               LAB_GTBY
001C8E  1  20 CD 12             JSR     LAB_EVNM        ; evaluate expression and check is numeric,
001C91  1               ; else do type mismatch
001C91  1               
001C91  1               ; evaluate byte expression, result in X
001C91  1               
001C91  1               LAB_EVBY
001C91  1  20 A4 16             JSR     LAB_EVPI        ; evaluate integer expression (no check)
001C94  1               
001C94  1  A4 AE                LDY     FAC1_2          ; get FAC1 mantissa2
001C96  1  D0 F0                BNE     LAB_23A8        ; if top byte <> 0 do function call error then warm start
001C98  1               
001C98  1  A6 AF                LDX     FAC1_3          ; get FAC1 mantissa3
001C9A  1                       .IFDEF  DUODYNE
001C9A  1                       JSL     LAB_GBYT        ; scan memory
001C9A  1                       .ELSE
001C9A  1  20 C2 00             JSR     LAB_GBYT        ; scan memory
001C9D  1                       .ENDIF
001C9D  1  60                   RTS
001C9E  1               
001C9E  1               ; perform VAL()
001C9E  1               
001C9E  1               LAB_VAL
001C9E  1  20 76 1C             JSR     LAB_ESGL        ; evaluate string, get length in A (and Y)
001CA1  1  D0 03                BNE     LAB_23C5        ; branch if not null string
001CA3  1               
001CA3  1               ; string was null so set result = $00
001CA3  1  4C 55 1E             JMP     LAB_24F1        ; clear FAC1 exponent and sign and return
001CA6  1               
001CA6  1               LAB_23C5
001CA6  1  A6 C3                LDX     Bpntrl          ; get BASIC execute pointer low byte
001CA8  1  A4 C4                LDY     Bpntrh          ; get BASIC execute pointer high byte
001CAA  1  86 BA                STX     Btmpl           ; save BASIC execute pointer low byte
001CAC  1  84 BB                STY     Btmph           ; save BASIC execute pointer high byte
001CAE  1  A6 71                LDX     ut1_pl          ; get string pointer low byte
001CB0  1  86 C3                STX     Bpntrl          ; save as BASIC execute pointer low byte
001CB2  1  18                   CLC                     ; clear carry
001CB3  1  65 71                ADC     ut1_pl          ; add string length
001CB5  1  85 73                STA     ut2_pl          ; save string end low byte
001CB7  1  A5 72                LDA     ut1_ph          ; get string pointer high byte
001CB9  1  85 C4                STA     Bpntrh          ; save as BASIC execute pointer high byte
001CBB  1  69 00                ADC     #$00            ; add carry to high byte
001CBD  1  85 74                STA     ut2_ph          ; save string end high byte
001CBF  1  A0 00                LDY     #$00            ; set index to $00
001CC1  1  B1 73                LDAINDIRECTY ut2_pl     ; get string end +1 byte
001CC3  1  48                   PHA                     ; push it
001CC4  1  98                   TYA                     ; clear A
001CC5  1  91 73                STAINDIRECTY ut2_pl     ; terminate string with $00
001CC7  1                       .IFDEF  DUODYNE
001CC7  1                       JSL     LAB_GBYT        ; scan memory
001CC7  1                       .ELSE
001CC7  1  20 C2 00             JSR     LAB_GBYT        ; scan memory
001CCA  1                       .ENDIF
001CCA  1               
001CCA  1  20 AB 21             JSR     LAB_2887        ; get FAC1 from string
001CCD  1  68                   PLA                     ; restore string end +1 byte
001CCE  1  A0 00                LDY     #$00            ; set index to zero
001CD0  1  91 73                STAINDIRECTY ut2_pl     ; put string end byte back
001CD2  1               
001CD2  1               ; restore BASIC execute pointer from temp (Btmpl/Btmph)
001CD2  1               
001CD2  1               LAB_23F3
001CD2  1  A6 BA                LDX     Btmpl           ; get BASIC execute pointer low byte back
001CD4  1  A4 BB                LDY     Btmph           ; get BASIC execute pointer high byte back
001CD6  1  86 C3                STX     Bpntrl          ; save BASIC execute pointer low byte
001CD8  1  84 C4                STY     Bpntrh          ; save BASIC execute pointer high byte
001CDA  1  60                   RTS
001CDB  1               
001CDB  1               ; get two parameters for POKE or WAIT
001CDB  1               
001CDB  1               LAB_GADB
001CDB  1  20 CD 12             JSR     LAB_EVNM        ; evaluate expression and check is numeric,
001CDE  1               ; else do type mismatch
001CDE  1  20 F4 1C             JSR     LAB_F2FX        ; save integer part of FAC1 in temporary integer
001CE1  1               
001CE1  1               ; scan for "," and get byte, else do Syntax error then warm start
001CE1  1               
001CE1  1               LAB_SCGB
001CE1  1  20 FF 13             JSR     LAB_1C01        ; scan for "," , else do syntax error then warm start
001CE4  1  A5 12                LDA     Itemph          ; save temporary integer high byte
001CE6  1  48                   PHA                     ; on stack
001CE7  1  A5 11                LDA     Itempl          ; save temporary integer low byte
001CE9  1  48                   PHA                     ; on stack
001CEA  1  20 8E 1C             JSR     LAB_GTBY        ; get byte parameter
001CED  1  68                   PLA                     ; pull low byte
001CEE  1  85 11                STA     Itempl          ; restore temporary integer low byte
001CF0  1  68                   PLA                     ; pull high byte
001CF1  1  85 12                STA     Itemph          ; restore temporary integer high byte
001CF3  1  60                   RTS
001CF4  1               
001CF4  1               ; convert float to fixed routine. accepts any value that fits in 24 bits, +ve or
001CF4  1               ; -ve and converts it into a right truncated integer in Itempl and Itemph
001CF4  1               
001CF4  1               ; save unsigned 16 bit integer part of FAC1 in temporary integer
001CF4  1               
001CF4  1               LAB_F2FX
001CF4  1  A5 AC                LDA     FAC1_e          ; get FAC1 exponent
001CF6  1  C9 98                CMP     #$98            ; compare with exponent = 2^24
001CF8  1  B0 8E                LBCS    LAB_23A8        ; if >= do function call error then warm start
001CFA  1               
001CFA  1               LAB_F2FU
001CFA  1  20 55 21             JSR     LAB_2831        ; convert FAC1 floating-to-fixed
001CFD  1  A5 AE                LDA     FAC1_2          ; get FAC1 mantissa2
001CFF  1  A4 AF                LDY     FAC1_3          ; get FAC1 mantissa3
001D01  1  84 11                STY     Itempl          ; save temporary integer low byte
001D03  1  85 12                STA     Itemph          ; save temporary integer high byte
001D05  1  60                   RTS
001D06  1               
001D06  1               ; perform PEEK()
001D06  1               
001D06  1               LAB_PEEK
001D06  1  20 F4 1C             JSR     LAB_F2FX        ; save integer part of FAC1 in temporary integer
001D09  1  A2 00                LDX     #$00            ; clear index
001D0B  1  A1 11                LDA     (Itempl,X)      ; get byte via temporary integer (addr)
001D0D  1  A8                   TAY                     ; copy byte to Y
001D0E  1  4C 68 18             JMP     LAB_1FD0        ; convert Y to byte in FAC1 and return
001D11  1               
001D11  1               ; perform POKE
001D11  1               
001D11  1               LAB_POKE
001D11  1  20 DB 1C             JSR     LAB_GADB        ; get two parameters for POKE or WAIT
001D14  1  8A                   TXA                     ; copy byte argument to A
001D15  1  A2 00                LDX     #$00            ; clear index
001D17  1  81 11                STA     (Itempl,X)      ; save byte via temporary integer (addr)
001D19  1  60                   RTS
001D1A  1               
001D1A  1               ; perform DEEK()
001D1A  1               
001D1A  1               LAB_DEEK
001D1A  1  20 F4 1C             JSR     LAB_F2FX        ; save integer part of FAC1 in temporary integer
001D1D  1  A2 00                LDX     #$00            ; clear index
001D1F  1  A1 11                LDA     (Itempl,X)      ; PEEK low byte
001D21  1  A8                   TAY                     ; copy to Y
001D22  1  E6 11                INC     Itempl          ; increment pointer low byte
001D24  1  D0 02                BNE     Deekh           ; skip high increment if no rollover
001D26  1               
001D26  1  E6 12                INC     Itemph          ; increment pointer high byte
001D28  1               Deekh
001D28  1  A1 11                LDA     (Itempl,X)      ; PEEK high byte
001D2A  1  4C 5B 18             JMP     LAB_AYFC        ; save and convert integer AY to FAC1 and return
001D2D  1               
001D2D  1               ; perform DOKE
001D2D  1               
001D2D  1               LAB_DOKE
001D2D  1  20 CD 12             JSR     LAB_EVNM        ; evaluate expression and check is numeric,
001D30  1               ; else do type mismatch
001D30  1  20 F4 1C             JSR     LAB_F2FX        ; convert floating-to-fixed
001D33  1               
001D33  1  84 97                STY     Frnxtl          ; save pointer low byte (float to fixed returns word in AY)
001D35  1  85 98                STA     Frnxth          ; save pointer high byte
001D37  1               
001D37  1  20 FF 13             JSR     LAB_1C01        ; scan for "," , else do syntax error then warm start
001D3A  1  20 CD 12             JSR     LAB_EVNM        ; evaluate expression and check is numeric,
001D3D  1               ; else do type mismatch
001D3D  1  20 F4 1C             JSR     LAB_F2FX        ; convert floating-to-fixed
001D40  1               
001D40  1  98                   TYA                     ; copy value low byte (float to fixed returns word in AY)
001D41  1  A2 00                LDX     #$00            ; clear index
001D43  1  81 97                STA     (Frnxtl,X)      ; POKE low byte
001D45  1  E6 97                INC     Frnxtl          ; increment pointer low byte
001D47  1  D0 02                BNE     Dokeh           ; skip high increment if no rollover
001D49  1               
001D49  1  E6 98                INC     Frnxth          ; increment pointer high byte
001D4B  1               Dokeh
001D4B  1  A5 12                LDA     Itemph          ; get value high byte
001D4D  1  81 97                STA     (Frnxtl,X)      ; POKE high byte
001D4F  1                       .IFDEF  DUODYNE
001D4F  1                       JSL     LAB_GBYT        ; scan memory
001D4F  1                       .ELSE
001D4F  1  20 C2 00             JSR     LAB_GBYT        ; scan memory
001D52  1                       .ENDIF
001D52  1  60                   RTS
001D53  1               
001D53  1               ; perform SWAP
001D53  1               
001D53  1               LAB_SWAP
001D53  1  20 AC 15             JSR     LAB_GVAR        ; get var1 address
001D56  1  85 97                STA     Lvarpl          ; save var1 address low byte
001D58  1  84 98                STY     Lvarph          ; save var1 address high byte
001D5A  1  A5 5F                LDA     Dtypef          ; get data type flag, $FF=string, $00=numeric
001D5C  1  48                   PHA                     ; save data type flag
001D5D  1               
001D5D  1  20 FF 13             JSR     LAB_1C01        ; scan for "," , else do syntax error then warm start
001D60  1  20 AC 15             JSR     LAB_GVAR        ; get var2 address (pointer in Cvaral/h)
001D63  1  68                   PLA                     ; pull var1 data type flag
001D64  1  45 5F                EOR     Dtypef          ; compare with var2 data type
001D66  1  10 10                BPL     SwapErr         ; exit if not both the same type
001D68  1               
001D68  1  A0 03                LDY     #$03            ; four bytes to swap (either value or descriptor+1)
001D6A  1               SwapLp
001D6A  1  B1 97                LDAINDIRECTY Lvarpl     ; get byte from var1
001D6C  1  AA                   TAX                     ; save var1 byte
001D6D  1  B1 95                LDAINDIRECTY Cvaral     ; get byte from var2
001D6F  1  91 97                STAINDIRECTY Lvarpl     ; save byte to var1
001D71  1  8A                   TXA                     ; restore var1 byte
001D72  1  91 95                STAINDIRECTY Cvaral     ; save byte to var2
001D74  1  88                   DEY                     ; decrement index
001D75  1  10 F3                BPL     SwapLp          ; loop until done
001D77  1               
001D77  1  60                   RTS
001D78  1               
001D78  1               SwapErr
001D78  1  4C DC 12             JMP     LAB_1ABC        ; do "Type mismatch" error then warm start
001D7B  1               
001D7B  1               ; perform CALL
001D7B  1               
001D7B  1               LAB_CALL
001D7B  1  20 CD 12             JSR     LAB_EVNM        ; evaluate expression and check is numeric,
001D7E  1               ; else do type mismatch
001D7E  1  20 F4 1C             JSR     LAB_F2FX        ; convert floating-to-fixed
001D81  1  A9 1D                LDA     #>CallExit      ; set return address high byte
001D83  1  48                   PHA                     ; put on stack
001D84  1  A9 89                LDA     #<CallExit-1    ; set return address low byte
001D86  1  48                   PHA                     ; put on stack
001D87  1  6C 11 00             JMP     (Itempl)        ; do indirect jump to user routine
001D8A  1               
001D8A  1               
001D8A  1               ; if the called routine exits correctly then it will return to here. this will then get
001D8A  1               ; the next byte for the interpreter and return
001D8A  1               
001D8A  1               CallExit
001D8A  1                       .IFDEF  DUODYNE
001D8A  1                       JSL     LAB_GBYT        ; scan memory
001D8A  1                       .ELSE
001D8A  1  20 C2 00             JSR     LAB_GBYT        ; scan memory
001D8D  1                       .ENDIF
001D8D  1  60                   RTS
001D8E  1               
001D8E  1               ; perform WAIT
001D8E  1               
001D8E  1               LAB_WAIT
001D8E  1  20 DB 1C             JSR     LAB_GADB        ; get two parameters for POKE or WAIT
001D91  1  86 97                STX     Frnxtl          ; save byte
001D93  1  A2 00                LDX     #$00            ; clear mask
001D95  1                       .IFDEF  DUODYNE
001D95  1                       JSL     LAB_GBYT        ; scan memory
001D95  1                       .ELSE
001D95  1  20 C2 00             JSR     LAB_GBYT        ; scan memory
001D98  1                       .ENDIF
001D98  1               
001D98  1  F0 03                BEQ     LAB_2441        ; skip if no third argument
001D9A  1               
001D9A  1  20 E1 1C             JSR     LAB_SCGB        ; scan for "," and get byte, else SN error then warm start
001D9D  1               LAB_2441
001D9D  1  86 98                STX     Frnxth          ; save EOR argument
001D9F  1               LAB_2445
001D9F  1  B1 11                LDAINDIRECTY Itempl     ; get byte via temporary integer (addr)
001DA1  1  45 98                EOR     Frnxth          ; EOR with second argument (mask)
001DA3  1  25 97                AND     Frnxtl          ; AND with first argument (byte)
001DA5  1  F0 F8                BEQ     LAB_2445        ; loop if result is zero
001DA7  1               
001DA7  1               LAB_244D
001DA7  1  60                   RTS
001DA8  1               
001DA8  1               ; perform subtraction, FAC1 from (AY)
001DA8  1               
001DA8  1               LAB_2455
001DA8  1  20 90 1F             JSR     LAB_264D        ; unpack memory (AY) into FAC2
001DAB  1               
001DAB  1               ; perform subtraction, FAC1 from FAC2
001DAB  1               
001DAB  1               LAB_SUBTRACT
001DAB  1  A5 B0                LDA     FAC1_s          ; get FAC1 sign (b7)
001DAD  1  49 FF                EOR     #$FF            ; complement it
001DAF  1  85 B0                STA     FAC1_s          ; save FAC1 sign (b7)
001DB1  1  45 B7                EOR     FAC2_s          ; EOR with FAC2 sign (b7)
001DB3  1  85 B8                STA     FAC_sc          ; save sign compare (FAC1 EOR FAC2)
001DB5  1  A5 AC                LDA     FAC1_e          ; get FAC1 exponent
001DB7  1  4C C6 1D             JMP     LAB_ADD         ; go add FAC2 to FAC1
001DBA  1               
001DBA  1               ; perform addition
001DBA  1               
001DBA  1               LAB_2467
001DBA  1  20 DF 1E             JSR     LAB_257B        ; shift FACX A times right (>8 shifts)
001DBD  1  90 4D                BCC     LAB_24A8        ;.go subtract mantissas
001DBF  1               
001DBF  1               ; add 0.5 to FAC1
001DBF  1               
001DBF  1               LAB_244E
001DBF  1  A9 E7                LDA     #<LAB_2A96      ; set 0.5 pointer low byte
001DC1  1  A0 29                LDY     #>LAB_2A96      ; set 0.5 pointer high byte
001DC3  1               
001DC3  1               ; add (AY) to FAC1
001DC3  1               
001DC3  1               LAB_246C
001DC3  1  20 90 1F             JSR     LAB_264D        ; unpack memory (AY) into FAC2
001DC6  1               
001DC6  1               ; add FAC2 to FAC1
001DC6  1               
001DC6  1               LAB_ADD
001DC6  1  D0 10                BNE     LAB_2474        ; branch if FAC1 was not zero
001DC8  1               
001DC8  1               ; copy FAC2 to FAC1
001DC8  1               
001DC8  1               LAB_279B
001DC8  1  A5 B7                LDA     FAC2_s          ; get FAC2 sign (b7)
001DCA  1               
001DCA  1               ; save FAC1 sign and copy ABS(FAC2) to FAC1
001DCA  1               
001DCA  1               LAB_279D
001DCA  1  85 B0                STA     FAC1_s          ; save FAC1 sign (b7)
001DCC  1  A2 04                LDX     #$04            ; 4 bytes to copy
001DCE  1               LAB_27A1
001DCE  1  B5 B2                LDA     FAC1_o,X        ; get byte from FAC2,X
001DD0  1  95 AB                STA     FAC1_e-1,X      ; save byte at FAC1,X
001DD2  1  CA                   DEX                     ; decrement count
001DD3  1  D0 F9                BNE     LAB_27A1        ; loop if not all done
001DD5  1               
001DD5  1  86 B9                STX     FAC1_r          ; clear FAC1 rounding byte
001DD7  1  60                   RTS
001DD8  1               
001DD8  1               ; FAC1 is non zero
001DD8  1               LAB_2474
001DD8  1  A6 B9                LDX     FAC1_r          ; get FAC1 rounding byte
001DDA  1  86 A3                STX     FAC2_r          ; save as FAC2 rounding byte
001DDC  1  A2 B3                LDX     #FAC2_e         ; set index to FAC2 exponent addr
001DDE  1  A5 B3                LDA     FAC2_e          ; get FAC2 exponent
001DE0  1               LAB_247C
001DE0  1  A8                   TAY                     ; copy exponent
001DE1  1  F0 C4                BEQ     LAB_244D        ; exit if zero
001DE3  1               
001DE3  1  38                   SEC                     ; set carry for subtract
001DE4  1  E5 AC                SBC     FAC1_e          ; subtract FAC1 exponent
001DE6  1  F0 24                BEQ     LAB_24A8        ; branch if = (go add mantissa)
001DE8  1               
001DE8  1  90 12                BCC     LAB_2498        ; branch if <
001DEA  1               
001DEA  1               ; FAC2>FAC1
001DEA  1  84 AC                STY     FAC1_e          ; save FAC1 exponent
001DEC  1  A4 B7                LDY     FAC2_s          ; get FAC2 sign (b7)
001DEE  1  84 B0                STY     FAC1_s          ; save FAC1 sign (b7)
001DF0  1  49 FF                EOR     #$FF            ; complement A
001DF2  1  69 00                ADC     #$00            ; +1 (twos complement, carry is set)
001DF4  1  A0 00                LDY     #$00            ; clear Y
001DF6  1  84 A3                STY     FAC2_r          ; clear FAC2 rounding byte
001DF8  1  A2 AC                LDX     #FAC1_e         ; set index to FAC1 exponent addr
001DFA  1  D0 04                BNE     LAB_249C        ; branch always
001DFC  1               
001DFC  1               LAB_2498
001DFC  1  A0 00                LDY     #$00            ; clear Y
001DFE  1  84 B9                STY     FAC1_r          ; clear FAC1 rounding byte
001E00  1               LAB_249C
001E00  1  C9 F9                CMP     #$F9            ; compare exponent diff with $F9
001E02  1  30 B6                BMI     LAB_2467        ; branch if range $79-$F8
001E04  1               
001E04  1  A8                   TAY                     ; copy exponent difference to Y
001E05  1  A5 B9                LDA     FAC1_r          ; get FAC1 rounding byte
001E07  1  56 01                LSR     PLUS_1,X        ; shift FAC? mantissa1
001E09  1  20 F6 1E             JSR     LAB_2592        ; shift FACX Y times right
001E0C  1               
001E0C  1               ; exponents are equal now do mantissa subtract
001E0C  1               LAB_24A8
001E0C  1  24 B8                BIT     FAC_sc          ; test sign compare (FAC1 EOR FAC2)
001E0E  1  10 4C                BPL     LAB_24F8        ; if = add FAC2 mantissa to FAC1 mantissa and return
001E10  1               
001E10  1  A0 AC                LDY     #FAC1_e         ; set index to FAC1 exponent addr
001E12  1  E0 B3                CPX     #FAC2_e         ; compare X to FAC2 exponent addr
001E14  1  F0 02                BEQ     LAB_24B4        ; branch if =
001E16  1               
001E16  1  A0 B3                LDY     #FAC2_e         ; else set index to FAC2 exponent addr
001E18  1               
001E18  1               ; subtract smaller from bigger (take sign of bigger)
001E18  1               LAB_24B4
001E18  1  38                   SEC                     ; set carry for subtract
001E19  1  49 FF                EOR     #$FF            ; ones complement A
001E1B  1  65 A3                ADC     FAC2_r          ; add FAC2 rounding byte
001E1D  1  85 B9                STA     FAC1_r          ; save FAC1 rounding byte
001E1F  1                       .IFDEF  DUODYNE
001E1F  1                       PHX
001E1F  1                       TYX
001E1F  1                       LDA     PLUS_3,X        ; get FACY mantissa3
001E1F  1                       PLX
001E1F  1                       .ELSE
001E1F  1  B9 03 00             LDA     PLUS_3,Y        ; get FACY mantissa3
001E22  1                       .ENDIF
001E22  1  F5 03                SBC     PLUS_3,X        ; subtract FACX mantissa3
001E24  1  85 AF                STA     FAC1_3          ; save FAC1 mantissa3
001E26  1                       .IFDEF  DUODYNE
001E26  1                       PHX
001E26  1                       TYX
001E26  1                       LDA     PLUS_2,X        ; get FACY mantissa2
001E26  1                       PLX
001E26  1                       .ELSE
001E26  1  B9 02 00             LDA     PLUS_2,Y        ; get FACY mantissa2
001E29  1                       .ENDIF
001E29  1  F5 02                SBC     PLUS_2,X        ; subtract FACX mantissa2
001E2B  1  85 AE                STA     FAC1_2          ; save FAC1 mantissa2
001E2D  1               
001E2D  1                       .IFDEF  DUODYNE
001E2D  1                       PHX
001E2D  1                       TYX
001E2D  1                       LDA     PLUS_1,X        ; get FACY mantissa1
001E2D  1                       PLX
001E2D  1                       .ELSE
001E2D  1  B9 01 00             LDA     PLUS_1,Y        ; get FACY mantissa1
001E30  1                       .ENDIF
001E30  1  F5 01                SBC     PLUS_1,X        ; subtract FACX mantissa1
001E32  1  85 AD                STA     FAC1_1          ; save FAC1 mantissa1
001E34  1               
001E34  1               ; do ABS and normalise FAC1
001E34  1               
001E34  1               LAB_24D0
001E34  1  B0 03                BCS     LAB_24D5        ; branch if number is +ve
001E36  1               
001E36  1  20 9B 1E             JSR     LAB_2537        ; negate FAC1
001E39  1               
001E39  1               ; normalise FAC1
001E39  1               
001E39  1               LAB_24D5
001E39  1  A0 00                LDY     #$00            ; clear Y
001E3B  1  98                   TYA                     ; clear A
001E3C  1  18                   CLC                     ; clear carry for add
001E3D  1               LAB_24D9
001E3D  1  A6 AD                LDX     FAC1_1          ; get FAC1 mantissa1
001E3F  1  D0 3E                BNE     LAB_251B        ; if not zero normalise FAC1
001E41  1               
001E41  1  A6 AE                LDX     FAC1_2          ; get FAC1 mantissa2
001E43  1  86 AD                STX     FAC1_1          ; save FAC1 mantissa1
001E45  1  A6 AF                LDX     FAC1_3          ; get FAC1 mantissa3
001E47  1  86 AE                STX     FAC1_2          ; save FAC1 mantissa2
001E49  1  A6 B9                LDX     FAC1_r          ; get FAC1 rounding byte
001E4B  1  86 AF                STX     FAC1_3          ; save FAC1 mantissa3
001E4D  1  84 B9                STY     FAC1_r          ; clear FAC1 rounding byte
001E4F  1  69 08                ADC     #$08            ; add x to exponent offset
001E51  1  C9 18                CMP     #$18            ; compare with $18 (max offset, all bits would be =0)
001E53  1  D0 E8                BNE     LAB_24D9        ; loop if not max
001E55  1               
001E55  1               ; clear FAC1 exponent and sign
001E55  1               
001E55  1               LAB_24F1
001E55  1  A9 00                LDA     #$00            ; clear A
001E57  1               LAB_24F3
001E57  1  85 AC                STA     FAC1_e          ; set FAC1 exponent
001E59  1               
001E59  1               ; save FAC1 sign
001E59  1               
001E59  1               LAB_24F5
001E59  1  85 B0                STA     FAC1_s          ; save FAC1 sign (b7)
001E5B  1  60                   RTS
001E5C  1               
001E5C  1               ; add FAC2 mantissa to FAC1 mantissa
001E5C  1               
001E5C  1               LAB_24F8
001E5C  1  65 A3                ADC     FAC2_r          ; add FAC2 rounding byte
001E5E  1  85 B9                STA     FAC1_r          ; save FAC1 rounding byte
001E60  1  A5 AF                LDA     FAC1_3          ; get FAC1 mantissa3
001E62  1  65 B6                ADC     FAC2_3          ; add FAC2 mantissa3
001E64  1  85 AF                STA     FAC1_3          ; save FAC1 mantissa3
001E66  1  A5 AE                LDA     FAC1_2          ; get FAC1 mantissa2
001E68  1  65 B5                ADC     FAC2_2          ; add FAC2 mantissa2
001E6A  1  85 AE                STA     FAC1_2          ; save FAC1 mantissa2
001E6C  1  A5 AD                LDA     FAC1_1          ; get FAC1 mantissa1
001E6E  1  65 B4                ADC     FAC2_1          ; add FAC2 mantissa1
001E70  1  85 AD                STA     FAC1_1          ; save FAC1 mantissa1
001E72  1  B0 1A                BCS     LAB_252A        ; if carry then normalise FAC1 for C=1
001E74  1               
001E74  1  60                   RTS                     ; else just exit
001E75  1               
001E75  1               LAB_2511
001E75  1  69 01                ADC     #$01            ; add 1 to exponent offset
001E77  1  06 B9                ASL     FAC1_r          ; shift FAC1 rounding byte
001E79  1  26 AF                ROL     FAC1_3          ; shift FAC1 mantissa3
001E7B  1  26 AE                ROL     FAC1_2          ; shift FAC1 mantissa2
001E7D  1  26 AD                ROL     FAC1_1          ; shift FAC1 mantissa1
001E7F  1               
001E7F  1               ; normalise FAC1
001E7F  1               
001E7F  1               LAB_251B
001E7F  1  10 F4                BPL     LAB_2511        ; loop if not normalised
001E81  1               
001E81  1  38                   SEC                     ; set carry for subtract
001E82  1  E5 AC                SBC     FAC1_e          ; subtract FAC1 exponent
001E84  1  B0 CF                BCS     LAB_24F1        ; branch if underflow (set result = $0)
001E86  1               
001E86  1  49 FF                EOR     #$FF            ; complement exponent
001E88  1  69 01                ADC     #$01            ; +1 (twos complement)
001E8A  1  85 AC                STA     FAC1_e          ; save FAC1 exponent
001E8C  1               
001E8C  1               ; test and normalise FAC1 for C=0/1
001E8C  1               
001E8C  1               LAB_2528
001E8C  1  90 0C                BCC     LAB_2536        ; exit if no overflow
001E8E  1               
001E8E  1               ; normalise FAC1 for C=1
001E8E  1               
001E8E  1               LAB_252A
001E8E  1  E6 AC                INC     FAC1_e          ; increment FAC1 exponent
001E90  1  F0 36                BEQ     LAB_2564        ; if zero do overflow error and warm start
001E92  1               
001E92  1  66 AD                ROR     FAC1_1          ; shift FAC1 mantissa1
001E94  1  66 AE                ROR     FAC1_2          ; shift FAC1 mantissa2
001E96  1  66 AF                ROR     FAC1_3          ; shift FAC1 mantissa3
001E98  1  66 B9                ROR     FAC1_r          ; shift FAC1 rounding byte
001E9A  1               LAB_2536
001E9A  1  60                   RTS
001E9B  1               
001E9B  1               ; negate FAC1
001E9B  1               
001E9B  1               LAB_2537
001E9B  1  A5 B0                LDA     FAC1_s          ; get FAC1 sign (b7)
001E9D  1  49 FF                EOR     #$FF            ; complement it
001E9F  1  85 B0                STA     FAC1_s          ; save FAC1 sign (b7)
001EA1  1               
001EA1  1               ; twos complement FAC1 mantissa
001EA1  1               
001EA1  1               LAB_253D
001EA1  1  A5 AD                LDA     FAC1_1          ; get FAC1 mantissa1
001EA3  1  49 FF                EOR     #$FF            ; complement it
001EA5  1  85 AD                STA     FAC1_1          ; save FAC1 mantissa1
001EA7  1  A5 AE                LDA     FAC1_2          ; get FAC1 mantissa2
001EA9  1  49 FF                EOR     #$FF            ; complement it
001EAB  1  85 AE                STA     FAC1_2          ; save FAC1 mantissa2
001EAD  1  A5 AF                LDA     FAC1_3          ; get FAC1 mantissa3
001EAF  1  49 FF                EOR     #$FF            ; complement it
001EB1  1  85 AF                STA     FAC1_3          ; save FAC1 mantissa3
001EB3  1  A5 B9                LDA     FAC1_r          ; get FAC1 rounding byte
001EB5  1  49 FF                EOR     #$FF            ; complement it
001EB7  1  85 B9                STA     FAC1_r          ; save FAC1 rounding byte
001EB9  1  E6 B9                INC     FAC1_r          ; increment FAC1 rounding byte
001EBB  1  D0 0A                BNE     LAB_2563        ; exit if no overflow
001EBD  1               
001EBD  1               ; increment FAC1 mantissa
001EBD  1               
001EBD  1               LAB_2559
001EBD  1  E6 AF                INC     FAC1_3          ; increment FAC1 mantissa3
001EBF  1  D0 06                BNE     LAB_2563        ; finished if no rollover
001EC1  1               
001EC1  1  E6 AE                INC     FAC1_2          ; increment FAC1 mantissa2
001EC3  1  D0 02                BNE     LAB_2563        ; finished if no rollover
001EC5  1               
001EC5  1  E6 AD                INC     FAC1_1          ; increment FAC1 mantissa1
001EC7  1               LAB_2563
001EC7  1  60                   RTS
001EC8  1               
001EC8  1               ; do overflow error (overflow exit)
001EC8  1               
001EC8  1               LAB_2564
001EC8  1  A2 0A                LDX     #$0A            ; error code $0A ("Overflow" error)
001ECA  1  4C 27 09             JMP     LAB_XERR        ; do error #X, then warm start
001ECD  1               
001ECD  1               ; shift FCAtemp << A+8 times
001ECD  1               
001ECD  1               LAB_2569
001ECD  1  A2 74                LDX     #FACt_1-1       ; set offset to FACtemp
001ECF  1               LAB_256B
001ECF  1  B4 03                LDY     PLUS_3,X        ; get FACX mantissa3
001ED1  1  84 B9                STY     FAC1_r          ; save as FAC1 rounding byte
001ED3  1  B4 02                LDY     PLUS_2,X        ; get FACX mantissa2
001ED5  1  94 03                STY     PLUS_3,X        ; save FACX mantissa3
001ED7  1  B4 01                LDY     PLUS_1,X        ; get FACX mantissa1
001ED9  1  94 02                STY     PLUS_2,X        ; save FACX mantissa2
001EDB  1  A4 B2                LDY     FAC1_o          ; get FAC1 overflow byte
001EDD  1  94 01                STY     PLUS_1,X        ; save FACX mantissa1
001EDF  1               
001EDF  1               ; shift FACX -A times right (> 8 shifts)
001EDF  1               
001EDF  1               LAB_257B
001EDF  1  69 08                ADC     #$08            ; add 8 to shift count
001EE1  1  30 EC                BMI     LAB_256B        ; go do 8 shift if still -ve
001EE3  1               
001EE3  1  F0 EA                BEQ     LAB_256B        ; go do 8 shift if zero
001EE5  1               
001EE5  1  E9 08                SBC     #$08            ; else subtract 8 again
001EE7  1  A8                   TAY                     ; save count to Y
001EE8  1  A5 B9                LDA     FAC1_r          ; get FAC1 rounding byte
001EEA  1  B0 12                BCS     LAB_259A        ;.
001EEC  1               
001EEC  1               LAB_2588
001EEC  1  16 01                ASL     PLUS_1,X        ; shift FACX mantissa1
001EEE  1  90 02                BCC     LAB_258E        ; branch if +ve
001EF0  1               
001EF0  1  F6 01                INC     PLUS_1,X        ; this sets b7 eventually
001EF2  1               LAB_258E
001EF2  1  76 01                ROR     PLUS_1,X        ; shift FACX mantissa1 (correct for ASL)
001EF4  1  76 01                ROR     PLUS_1,X        ; shift FACX mantissa1 (put carry in b7)
001EF6  1               
001EF6  1               ; shift FACX Y times right
001EF6  1               
001EF6  1               LAB_2592
001EF6  1  76 02                ROR     PLUS_2,X        ; shift FACX mantissa2
001EF8  1  76 03                ROR     PLUS_3,X        ; shift FACX mantissa3
001EFA  1  6A                   ROR     A               ; shift FACX rounding byte
001EFB  1  C8                   INY                     ; increment exponent diff
001EFC  1  D0 EE                BNE     LAB_2588        ; branch if range adjust not complete
001EFE  1               
001EFE  1               LAB_259A
001EFE  1  18                   CLC                     ; just clear it
001EFF  1  60                   RTS
001F00  1               
001F00  1               ; perform LOG()
001F00  1               
001F00  1               LAB_LOG
001F00  1  20 EE 20             JSR     LAB_27CA        ; test sign and zero
001F03  1  F0 02                BEQ     LAB_25C4        ; if zero do function call error then warm start
001F05  1               
001F05  1  10 03                BPL     LAB_25C7        ; skip error if +ve
001F07  1               
001F07  1               LAB_25C4
001F07  1  4C 2B 17             JMP     LAB_FCER        ; do function call error then warm start (-ve)
001F0A  1               
001F0A  1               LAB_25C7
001F0A  1  A5 AC                LDA     FAC1_e          ; get FAC1 exponent
001F0C  1  E9 7F                SBC     #$7F            ; normalise it
001F0E  1  48                   PHA                     ; save it
001F0F  1  A9 80                LDA     #$80            ; set exponent to zero
001F11  1  85 AC                STA     FAC1_e          ; save FAC1 exponent
001F13  1  A9 67                LDA     #<LAB_25AD      ; set 1/root2 pointer low byte
001F15  1  A0 29                LDY     #>LAB_25AD      ; set 1/root2 pointer high byte
001F17  1  20 C3 1D             JSR     LAB_246C        ; add (AY) to FAC1 (1/root2)
001F1A  1  A9 6B                LDA     #<LAB_25B1      ; set root2 pointer low byte
001F1C  1  A0 29                LDY     #>LAB_25B1      ; set root2 pointer high byte
001F1E  1  20 06 20             JSR     LAB_26CA        ; convert AY and do (AY)/FAC1 (root2/(x+(1/root2)))
001F21  1  A9 DE                LDA     #<LAB_259C      ; set 1 pointer low byte
001F23  1  A0 29                LDY     #>LAB_259C      ; set 1 pointer high byte
001F25  1  20 A8 1D             JSR     LAB_2455        ; subtract (AY) from FAC1 ((root2/(x+(1/root2)))-1)
001F28  1  A9 5A                LDA     #<LAB_25A0      ; set pointer low byte to counter
001F2A  1  A0 29                LDY     #>LAB_25A0      ; set pointer high byte to counter
001F2C  1  20 59 24             JSR     LAB_2B6E        ; ^2 then series evaluation
001F2F  1  A9 6F                LDA     #<LAB_25B5      ; set -0.5 pointer low byte
001F31  1  A0 29                LDY     #>LAB_25B5      ; set -0.5 pointer high byte
001F33  1  20 C3 1D             JSR     LAB_246C        ; add (AY) to FAC1
001F36  1  68                   PLA                     ; restore FAC1 exponent
001F37  1  20 4D 22             JSR     LAB_2912        ; evaluate new ASCII digit
001F3A  1  A9 73                LDA     #<LAB_25B9      ; set LOG(2) pointer low byte
001F3C  1  A0 29                LDY     #>LAB_25B9      ; set LOG(2) pointer high byte
001F3E  1               
001F3E  1               ; do convert AY, FCA1*(AY)
001F3E  1               
001F3E  1               LAB_25FB
001F3E  1  20 90 1F             JSR     LAB_264D        ; unpack memory (AY) into FAC2
001F41  1               LAB_MULTIPLY
001F41  1  F0 4C                BEQ     LAB_264C        ; exit if zero
001F43  1               
001F43  1  20 B6 1F             JSR     LAB_2673        ; test and adjust accumulators
001F46  1  A9 00                LDA     #$00            ; clear A
001F48  1  85 75                STA     FACt_1          ; clear temp mantissa1
001F4A  1  85 76                STA     FACt_2          ; clear temp mantissa2
001F4C  1  85 77                STA     FACt_3          ; clear temp mantissa3
001F4E  1  A5 B9                LDA     FAC1_r          ; get FAC1 rounding byte
001F50  1  20 65 1F             JSR     LAB_2622        ; go do shift/add FAC2
001F53  1  A5 AF                LDA     FAC1_3          ; get FAC1 mantissa3
001F55  1  20 65 1F             JSR     LAB_2622        ; go do shift/add FAC2
001F58  1  A5 AE                LDA     FAC1_2          ; get FAC1 mantissa2
001F5A  1  20 65 1F             JSR     LAB_2622        ; go do shift/add FAC2
001F5D  1  A5 AD                LDA     FAC1_1          ; get FAC1 mantissa1
001F5F  1  20 6A 1F             JSR     LAB_2627        ; go do shift/add FAC2
001F62  1  4C 73 20             JMP     LAB_273C        ; copy temp to FAC1, normalise and return
001F65  1               
001F65  1               LAB_2622
001F65  1  D0 03                BNE     LAB_2627        ; branch if byte <> zero
001F67  1               
001F67  1  4C CD 1E             JMP     LAB_2569        ; shift FCAtemp << A+8 times
001F6A  1               
001F6A  1               ; else do shift and add
001F6A  1               LAB_2627
001F6A  1  4A                   LSR     A               ; shift byte
001F6B  1  09 80                ORA     #$80            ; set top bit (mark for 8 times)
001F6D  1               LAB_262A
001F6D  1  A8                   TAY                     ; copy result
001F6E  1  90 13                BCC     LAB_2640        ; skip next if bit was zero
001F70  1               
001F70  1  18                   CLC                     ; clear carry for add
001F71  1  A5 77                LDA     FACt_3          ; get temp mantissa3
001F73  1  65 B6                ADC     FAC2_3          ; add FAC2 mantissa3
001F75  1  85 77                STA     FACt_3          ; save temp mantissa3
001F77  1  A5 76                LDA     FACt_2          ; get temp mantissa2
001F79  1  65 B5                ADC     FAC2_2          ; add FAC2 mantissa2
001F7B  1  85 76                STA     FACt_2          ; save temp mantissa2
001F7D  1  A5 75                LDA     FACt_1          ; get temp mantissa1
001F7F  1  65 B4                ADC     FAC2_1          ; add FAC2 mantissa1
001F81  1  85 75                STA     FACt_1          ; save temp mantissa1
001F83  1               LAB_2640
001F83  1  66 75                ROR     FACt_1          ; shift temp mantissa1
001F85  1  66 76                ROR     FACt_2          ; shift temp mantissa2
001F87  1  66 77                ROR     FACt_3          ; shift temp mantissa3
001F89  1  66 B9                ROR     FAC1_r          ; shift temp rounding byte
001F8B  1  98                   TYA                     ; get byte back
001F8C  1  4A                   LSR     A               ; shift byte
001F8D  1  D0 DE                BNE     LAB_262A        ; loop if all bits not done
001F8F  1               
001F8F  1               LAB_264C
001F8F  1  60                   RTS
001F90  1               
001F90  1               ; unpack memory (AY) into FAC2
001F90  1               
001F90  1               LAB_264D
001F90  1  85 71                STA     ut1_pl          ; save pointer low byte
001F92  1  84 72                STY     ut1_ph          ; save pointer high byte
001F94  1  A0 03                LDY     #$03            ; 4 bytes to get (0-3)
001F96  1  B1 71                LDAINDIRECTY ut1_pl     ; get mantissa3
001F98  1  85 B6                STA     FAC2_3          ; save FAC2 mantissa3
001F9A  1  88                   DEY                     ; decrement index
001F9B  1  B1 71                LDAINDIRECTY ut1_pl     ; get mantissa2
001F9D  1  85 B5                STA     FAC2_2          ; save FAC2 mantissa2
001F9F  1  88                   DEY                     ; decrement index
001FA0  1  B1 71                LDAINDIRECTY ut1_pl     ; get mantissa1+sign
001FA2  1  85 B7                STA     FAC2_s          ; save FAC2 sign (b7)
001FA4  1  45 B0                EOR     FAC1_s          ; EOR with FAC1 sign (b7)
001FA6  1  85 B8                STA     FAC_sc          ; save sign compare (FAC1 EOR FAC2)
001FA8  1  A5 B7                LDA     FAC2_s          ; recover FAC2 sign (b7)
001FAA  1  09 80                ORA     #$80            ; set 1xxx xxx (set normal bit)
001FAC  1  85 B4                STA     FAC2_1          ; save FAC2 mantissa1
001FAE  1  88                   DEY                     ; decrement index
001FAF  1  B1 71                LDAINDIRECTY ut1_pl     ; get exponent byte
001FB1  1  85 B3                STA     FAC2_e          ; save FAC2 exponent
001FB3  1  A5 AC                LDA     FAC1_e          ; get FAC1 exponent
001FB5  1  60                   RTS
001FB6  1               
001FB6  1               ; test and adjust accumulators
001FB6  1               
001FB6  1               LAB_2673
001FB6  1  A5 B3                LDA     FAC2_e          ; get FAC2 exponent
001FB8  1               LAB_2675
001FB8  1  F0 1D                BEQ     LAB_2696        ; branch if FAC2 = $00 (handle underflow)
001FBA  1               
001FBA  1  18                   CLC                     ; clear carry for add
001FBB  1  65 AC                ADC     FAC1_e          ; add FAC1 exponent
001FBD  1  90 04                BCC     LAB_2680        ; branch if sum of exponents <$0100
001FBF  1               
001FBF  1  30 31                BMI     LAB_269B        ; do overflow error
001FC1  1               
001FC1  1  18                   CLC                     ; clear carry for the add
001FC2  1  2C                   .BYTE   $2C             ; makes next line BIT $1410
001FC3  1               LAB_2680
001FC3  1  10 12                BPL     LAB_2696        ; if +ve go handle underflow
001FC5  1               
001FC5  1  69 80                ADC     #$80            ; adjust exponent
001FC7  1  85 AC                STA     FAC1_e          ; save FAC1 exponent
001FC9  1  D0 03                BNE     LAB_268B        ; branch if not zero
001FCB  1               
001FCB  1  4C 59 1E             JMP     LAB_24F5        ; save FAC1 sign and return
001FCE  1               
001FCE  1               LAB_268B
001FCE  1  A5 B8                LDA     FAC_sc          ; get sign compare (FAC1 EOR FAC2)
001FD0  1  85 B0                STA     FAC1_s          ; save FAC1 sign (b7)
001FD2  1               LAB_268F
001FD2  1  60                   RTS
001FD3  1               
001FD3  1               ; handle overflow and underflow
001FD3  1               
001FD3  1               LAB_2690
001FD3  1  A5 B0                LDA     FAC1_s          ; get FAC1 sign (b7)
001FD5  1  10 1B                BPL     LAB_269B        ; do overflow error
001FD7  1               
001FD7  1               ; handle underflow
001FD7  1               LAB_2696
001FD7  1  68                   PLA                     ; pop return address low byte
001FD8  1  68                   PLA                     ; pop return address high byte
001FD9  1  4C 55 1E             JMP     LAB_24F1        ; clear FAC1 exponent and sign and return
001FDC  1               
001FDC  1               ; multiply by 10
001FDC  1               
001FDC  1               LAB_269E
001FDC  1  20 CF 20             JSR     LAB_27AB        ; round and copy FAC1 to FAC2
001FDF  1  AA                   TAX                     ; copy exponent (set the flags)
001FE0  1  F0 F0                BEQ     LAB_268F        ; exit if zero
001FE2  1               
001FE2  1  18                   CLC                     ; clear carry for add
001FE3  1  69 02                ADC     #$02            ; add two to exponent (*4)
001FE5  1  B0 0B                BCS     LAB_269B        ; do overflow error if > $FF
001FE7  1               
001FE7  1  A2 00                LDX     #$00            ; clear byte
001FE9  1  86 B8                STX     FAC_sc          ; clear sign compare (FAC1 EOR FAC2)
001FEB  1  20 E0 1D             JSR     LAB_247C        ; add FAC2 to FAC1 (*5)
001FEE  1  E6 AC                INC     FAC1_e          ; increment FAC1 exponent (*10)
001FF0  1  D0 E0                BNE     LAB_268F        ; if non zero just do RTS
001FF2  1               
001FF2  1               LAB_269B
001FF2  1  4C C8 1E             JMP     LAB_2564        ; do overflow error and warm start
001FF5  1               
001FF5  1               ; divide by 10
001FF5  1               
001FF5  1               LAB_26B9
001FF5  1  20 CF 20             JSR     LAB_27AB        ; round and copy FAC1 to FAC2
001FF8  1  A9 EF                LDA     #<LAB_26B5      ; set pointer to 10d low addr
001FFA  1  A0 29                LDY     #>LAB_26B5      ; set pointer to 10d high addr
001FFC  1  A2 00                LDX     #$00            ; clear sign
001FFE  1               
001FFE  1               ; divide by (AY) (X=sign)
001FFE  1               
001FFE  1               LAB_26C2
001FFE  1  86 B8                STX     FAC_sc          ; save sign compare (FAC1 EOR FAC2)
002000  1  20 82 20             JSR     LAB_UFAC        ; unpack memory (AY) into FAC1
002003  1  4C 09 20             JMP     LAB_DIVIDE      ; do FAC2/FAC1
002006  1               
002006  1               ; Perform divide-by
002006  1               ; convert AY and do (AY)/FAC1
002006  1               
002006  1               LAB_26CA
002006  1  20 90 1F             JSR     LAB_264D        ; unpack memory (AY) into FAC2
002009  1               
002009  1               ; Perform divide-into
002009  1               LAB_DIVIDE
002009  1  F0 63                BEQ     LAB_2737        ; if zero go do /0 error
00200B  1               
00200B  1  20 DE 20             JSR     LAB_27BA        ; round FAC1
00200E  1  A9 00                LDA     #$00            ; clear A
002010  1  38                   SEC                     ; set carry for subtract
002011  1  E5 AC                SBC     FAC1_e          ; subtract FAC1 exponent (2s complement)
002013  1  85 AC                STA     FAC1_e          ; save FAC1 exponent
002015  1  20 B6 1F             JSR     LAB_2673        ; test and adjust accumulators
002018  1  E6 AC                INC     FAC1_e          ; increment FAC1 exponent
00201A  1  F0 D6                BEQ     LAB_269B        ; if zero do overflow error
00201C  1               
00201C  1  A2 FF                LDX     #$FF            ; set index for pre increment
00201E  1  A9 01                LDA     #$01            ; set bit to flag byte save
002020  1               LAB_26E4
002020  1  A4 B4                LDY     FAC2_1          ; get FAC2 mantissa1
002022  1  C4 AD                CPY     FAC1_1          ; compare FAC1 mantissa1
002024  1  D0 0A                BNE     LAB_26F4        ; branch if <>
002026  1               
002026  1  A4 B5                LDY     FAC2_2          ; get FAC2 mantissa2
002028  1  C4 AE                CPY     FAC1_2          ; compare FAC1 mantissa2
00202A  1  D0 04                BNE     LAB_26F4        ; branch if <>
00202C  1               
00202C  1  A4 B6                LDY     FAC2_3          ; get FAC2 mantissa3
00202E  1  C4 AF                CPY     FAC1_3          ; compare FAC1 mantissa3
002030  1               LAB_26F4
002030  1  08                   PHP                     ; save FAC2-FAC1 compare status
002031  1  2A                   ROL     A               ; shift the result byte
002032  1  90 0E                BCC     LAB_2702        ; if no carry skip the byte save
002034  1               
002034  1  A0 01                LDY     #$01            ; set bit to flag byte save
002036  1  E8                   INX                     ; else increment the index to FACt
002037  1  E0 02                CPX     #$02            ; compare with the index to FACt_3
002039  1  30 04                BMI     LAB_2701        ; if not last byte just go save it
00203B  1               
00203B  1  D0 28                BNE     LAB_272B        ; if all done go save FAC1 rounding byte, normalise and
00203D  1               ; return
00203D  1               
00203D  1  A0 40                LDY     #$40            ; set bit to flag byte save for the rounding byte
00203F  1               LAB_2701
00203F  1  95 75                STA     FACt_1,X        ; write result byte to FACt_1 + index
002041  1  98                   TYA                     ; copy the next save byte flag
002042  1               LAB_2702
002042  1  28                   PLP                     ; restore FAC2-FAC1 compare status
002043  1  90 14                BCC     LAB_2704        ; if FAC2 < FAC1 then skip the subtract
002045  1               
002045  1  A8                   TAY                     ; save FAC2-FAC1 compare status
002046  1  A5 B6                LDA     FAC2_3          ; get FAC2 mantissa3
002048  1  E5 AF                SBC     FAC1_3          ; subtract FAC1 mantissa3
00204A  1  85 B6                STA     FAC2_3          ; save FAC2 mantissa3
00204C  1  A5 B5                LDA     FAC2_2          ; get FAC2 mantissa2
00204E  1  E5 AE                SBC     FAC1_2          ; subtract FAC1 mantissa2
002050  1  85 B5                STA     FAC2_2          ; save FAC2 mantissa2
002052  1  A5 B4                LDA     FAC2_1          ; get FAC2 mantissa1
002054  1  E5 AD                SBC     FAC1_1          ; subtract FAC1 mantissa1
002056  1  85 B4                STA     FAC2_1          ; save FAC2 mantissa1
002058  1  98                   TYA                     ; restore FAC2-FAC1 compare status
002059  1               
002059  1               ; FAC2 = FAC2*2
002059  1               LAB_2704
002059  1  06 B6                ASL     FAC2_3          ; shift FAC2 mantissa3
00205B  1  26 B5                ROL     FAC2_2          ; shift FAC2 mantissa2
00205D  1  26 B4                ROL     FAC2_1          ; shift FAC2 mantissa1
00205F  1  B0 CF                BCS     LAB_26F4        ; loop with no compare
002061  1               
002061  1  30 BD                BMI     LAB_26E4        ; loop with compare
002063  1               
002063  1  10 CB                BPL     LAB_26F4        ; loop always with no compare
002065  1               
002065  1               ; do A<<6, save as FAC1 rounding byte, normalise and return
002065  1               
002065  1               LAB_272B
002065  1  4A                   LSR     A               ; shift b1 - b0 ..
002066  1  6A                   ROR     A               ; ..
002067  1  6A                   ROR     A               ; .. to b7 - b6
002068  1  85 B9                STA     FAC1_r          ; save FAC1 rounding byte
00206A  1  28                   PLP                     ; dump FAC2-FAC1 compare status
00206B  1  4C 73 20             JMP     LAB_273C        ; copy temp to FAC1, normalise and return
00206E  1               
00206E  1               ; do "Divide by zero" error
00206E  1               
00206E  1               LAB_2737
00206E  1  A2 14                LDX     #$14            ; error code $14 ("Divide by zero" error)
002070  1  4C 27 09             JMP     LAB_XERR        ; do error #X, then warm start
002073  1               
002073  1               ; copy temp to FAC1 and normalise
002073  1               
002073  1               LAB_273C
002073  1  A5 75                LDA     FACt_1          ; get temp mantissa1
002075  1  85 AD                STA     FAC1_1          ; save FAC1 mantissa1
002077  1  A5 76                LDA     FACt_2          ; get temp mantissa2
002079  1  85 AE                STA     FAC1_2          ; save FAC1 mantissa2
00207B  1  A5 77                LDA     FACt_3          ; get temp mantissa3
00207D  1  85 AF                STA     FAC1_3          ; save FAC1 mantissa3
00207F  1  4C 39 1E             JMP     LAB_24D5        ; normalise FAC1 and return
002082  1               
002082  1               ; unpack memory (AY) into FAC1
002082  1               
002082  1               LAB_UFAC
002082  1  85 71                STA     ut1_pl          ; save pointer low byte
002084  1  84 72                STY     ut1_ph          ; save pointer high byte
002086  1  A0 03                LDY     #$03            ; 4 bytes to do
002088  1  B1 71                LDAINDIRECTY ut1_pl     ; get last byte
00208A  1  85 AF                STA     FAC1_3          ; save FAC1 mantissa3
00208C  1  88                   DEY                     ; decrement index
00208D  1  B1 71                LDAINDIRECTY ut1_pl     ; get last-1 byte
00208F  1  85 AE                STA     FAC1_2          ; save FAC1 mantissa2
002091  1  88                   DEY                     ; decrement index
002092  1  B1 71                LDAINDIRECTY ut1_pl     ; get second byte
002094  1  85 B0                STA     FAC1_s          ; save FAC1 sign (b7)
002096  1  09 80                ORA     #$80            ; set 1xxx xxxx (add normal bit)
002098  1  85 AD                STA     FAC1_1          ; save FAC1 mantissa1
00209A  1  88                   DEY                     ; decrement index
00209B  1  B1 71                LDAINDIRECTY ut1_pl     ; get first byte (exponent)
00209D  1  85 AC                STA     FAC1_e          ; save FAC1 exponent
00209F  1  84 B9                STY     FAC1_r          ; clear FAC1 rounding byte
0020A1  1  60                   RTS
0020A2  1               
0020A2  1               ; pack FAC1 into Adatal
0020A2  1               
0020A2  1               LAB_276E
0020A2  1  A2 A4                LDX     #<Adatal        ; set pointer low byte
0020A4  1               LAB_2770
0020A4  1  A0 00                LDY     #>Adatal        ; set pointer high byte
0020A6  1  F0 04                BEQ     LAB_2778        ; pack FAC1 into (XY) and return
0020A8  1               
0020A8  1               ; pack FAC1 into (Lvarpl)
0020A8  1               
0020A8  1               LAB_PFAC
0020A8  1  A6 97                LDX     Lvarpl          ; get destination pointer low byte
0020AA  1  A4 98                LDY     Lvarph          ; get destination pointer high byte
0020AC  1               
0020AC  1               ; pack FAC1 into (XY)
0020AC  1               
0020AC  1               LAB_2778
0020AC  1  20 DE 20             JSR     LAB_27BA        ; round FAC1
0020AF  1  86 71                STX     ut1_pl          ; save pointer low byte
0020B1  1  84 72                STY     ut1_ph          ; save pointer high byte
0020B3  1  A0 03                LDY     #$03            ; set index
0020B5  1  A5 AF                LDA     FAC1_3          ; get FAC1 mantissa3
0020B7  1  91 71                STAINDIRECTY ut1_pl     ; store in destination
0020B9  1  88                   DEY                     ; decrement index
0020BA  1  A5 AE                LDA     FAC1_2          ; get FAC1 mantissa2
0020BC  1  91 71                STAINDIRECTY ut1_pl     ; store in destination
0020BE  1  88                   DEY                     ; decrement index
0020BF  1  A5 B0                LDA     FAC1_s          ; get FAC1 sign (b7)
0020C1  1  09 7F                ORA     #$7F            ; set bits x111 1111
0020C3  1  25 AD                AND     FAC1_1          ; AND in FAC1 mantissa1
0020C5  1  91 71                STAINDIRECTY ut1_pl     ; store in destination
0020C7  1  88                   DEY                     ; decrement index
0020C8  1  A5 AC                LDA     FAC1_e          ; get FAC1 exponent
0020CA  1  91 71                STAINDIRECTY ut1_pl     ; store in destination
0020CC  1  84 B9                STY     FAC1_r          ; clear FAC1 rounding byte
0020CE  1  60                   RTS
0020CF  1               
0020CF  1               ; round and copy FAC1 to FAC2
0020CF  1               
0020CF  1               LAB_27AB
0020CF  1  20 DE 20             JSR     LAB_27BA        ; round FAC1
0020D2  1               
0020D2  1               ; copy FAC1 to FAC2
0020D2  1               
0020D2  1               LAB_27AE
0020D2  1  A2 05                LDX     #$05            ; 5 bytes to copy
0020D4  1               LAB_27B0
0020D4  1  B5 AB                LDA     FAC1_e-1,X      ; get byte from FAC1,X
0020D6  1  95 B2                STA     FAC1_o,X        ; save byte at FAC2,X
0020D8  1  CA                   DEX                     ; decrement count
0020D9  1  D0 F9                BNE     LAB_27B0        ; loop if not all done
0020DB  1               
0020DB  1  86 B9                STX     FAC1_r          ; clear FAC1 rounding byte
0020DD  1               LAB_27B9
0020DD  1  60                   RTS
0020DE  1               
0020DE  1               ; round FAC1
0020DE  1               
0020DE  1               LAB_27BA
0020DE  1  A5 AC                LDA     FAC1_e          ; get FAC1 exponent
0020E0  1  F0 FB                BEQ     LAB_27B9        ; exit if zero
0020E2  1               
0020E2  1  06 B9                ASL     FAC1_r          ; shift FAC1 rounding byte
0020E4  1  90 F7                BCC     LAB_27B9        ; exit if no overflow
0020E6  1               
0020E6  1               ; round FAC1 (no check)
0020E6  1               
0020E6  1               LAB_27C2
0020E6  1  20 BD 1E             JSR     LAB_2559        ; increment FAC1 mantissa
0020E9  1  D0 F2                BNE     LAB_27B9        ; branch if no overflow
0020EB  1               
0020EB  1  4C 8E 1E             JMP     LAB_252A        ; normalise FAC1 for C=1 and return
0020EE  1               
0020EE  1               ; get FAC1 sign
0020EE  1               ; return A=FF,C=1/-ve A=01,C=0/+ve
0020EE  1               
0020EE  1               LAB_27CA
0020EE  1  A5 AC                LDA     FAC1_e          ; get FAC1 exponent
0020F0  1  F0 09                BEQ     LAB_27D7        ; exit if zero (already correct SGN(0)=0)
0020F2  1               
0020F2  1               ; return A=FF,C=1/-ve A=01,C=0/+ve
0020F2  1               ; no = 0 check
0020F2  1               
0020F2  1               LAB_27CE
0020F2  1  A5 B0                LDA     FAC1_s          ; else get FAC1 sign (b7)
0020F4  1               
0020F4  1               ; return A=FF,C=1/-ve A=01,C=0/+ve
0020F4  1               ; no = 0 check, sign in A
0020F4  1               
0020F4  1               LAB_27D0
0020F4  1  2A                   ROL     A               ; move sign bit to carry
0020F5  1  A9 FF                LDA     #$FF            ; set byte for -ve result
0020F7  1  B0 02                BCS     LAB_27D7        ; return if sign was set (-ve)
0020F9  1               
0020F9  1  A9 01                LDA     #$01            ; else set byte for +ve result
0020FB  1               LAB_27D7
0020FB  1  60                   RTS
0020FC  1               
0020FC  1               ; perform SGN()
0020FC  1               
0020FC  1               LAB_SGN
0020FC  1  20 EE 20             JSR     LAB_27CA        ; get FAC1 sign
0020FF  1               ; return A=$FF/-ve A=$01/+ve
0020FF  1               ; save A as integer byte
0020FF  1               
0020FF  1               LAB_27DB
0020FF  1  85 AD                STA     FAC1_1          ; save FAC1 mantissa1
002101  1  A9 00                LDA     #$00            ; clear A
002103  1  85 AE                STA     FAC1_2          ; clear FAC1 mantissa2
002105  1  A2 88                LDX     #$88            ; set exponent
002107  1               
002107  1               ; set exp=X, clearFAC1 mantissa3 and normalise
002107  1               
002107  1               LAB_27E3
002107  1  A5 AD                LDA     FAC1_1          ; get FAC1 mantissa1
002109  1  49 FF                EOR     #$FF            ; complement it
00210B  1  2A                   ROL     A               ; sign bit into carry
00210C  1               
00210C  1               ; set exp=X, clearFAC1 mantissa3 and normalise
00210C  1               
00210C  1               LAB_STFA
00210C  1  A9 00                LDA     #$00            ; clear A
00210E  1  85 AF                STA     FAC1_3          ; clear FAC1 mantissa3
002110  1  86 AC                STX     FAC1_e          ; set FAC1 exponent
002112  1  85 B9                STA     FAC1_r          ; clear FAC1 rounding byte
002114  1  85 B0                STA     FAC1_s          ; clear FAC1 sign (b7)
002116  1  4C 34 1E             JMP     LAB_24D0        ; do ABS and normalise FAC1
002119  1               
002119  1               ; perform ABS()
002119  1               
002119  1               LAB_ABS
002119  1  46 B0                LSR     FAC1_s          ; clear FAC1 sign (put zero in b7)
00211B  1  60                   RTS
00211C  1               
00211C  1               ; compare FAC1 with (AY)
00211C  1               ; returns A=$00 if FAC1 = (AY)
00211C  1               ; returns A=$01 if FAC1 > (AY)
00211C  1               ; returns A=$FF if FAC1 < (AY)
00211C  1               
00211C  1               LAB_27F8
00211C  1  85 73                STA     ut2_pl          ; save pointer low byte
00211E  1               LAB_27FA
00211E  1  84 74                STY     ut2_ph          ; save pointer high byte
002120  1  A0 00                LDY     #$00            ; clear index
002122  1  B1 73                LDAINDIRECTY ut2_pl     ; get exponent
002124  1  C8                   INY                     ; increment index
002125  1  AA                   TAX                     ; copy (AY) exponent to X
002126  1  F0 C6                BEQ     LAB_27CA        ; branch if (AY) exponent=0 and get FAC1 sign
002128  1               ; A=FF,C=1/-ve A=01,C=0/+ve
002128  1               
002128  1  B1 73                LDAINDIRECTY ut2_pl     ; get (AY) mantissa1 (with sign)
00212A  1  45 B0                EOR     FAC1_s          ; EOR FAC1 sign (b7)
00212C  1  30 C4                BMI     LAB_27CE        ; if signs <> do return A=FF,C=1/-ve
00212E  1               ; A=01,C=0/+ve and return
00212E  1               
00212E  1  E4 AC                CPX     FAC1_e          ; compare (AY) exponent with FAC1 exponent
002130  1  D0 1A                BNE     LAB_2828        ; branch if different
002132  1               
002132  1  B1 73                LDAINDIRECTY ut2_pl     ; get (AY) mantissa1 (with sign)
002134  1  09 80                ORA     #$80            ; normalise top bit
002136  1  C5 AD                CMP     FAC1_1          ; compare with FAC1 mantissa1
002138  1  D0 12                BNE     LAB_2828        ; branch if different
00213A  1               
00213A  1  C8                   INY                     ; increment index
00213B  1  B1 73                LDAINDIRECTY ut2_pl     ; get mantissa2
00213D  1  C5 AE                CMP     FAC1_2          ; compare with FAC1 mantissa2
00213F  1  D0 0B                BNE     LAB_2828        ; branch if different
002141  1               
002141  1  C8                   INY                     ; increment index
002142  1  A9 7F                LDA     #$7F            ; set for 1/2 value rounding byte
002144  1  C5 B9                CMP     FAC1_r          ; compare with FAC1 rounding byte (set carry)
002146  1  B1 73                LDAINDIRECTY ut2_pl     ; get mantissa3
002148  1  E5 AF                SBC     FAC1_3          ; subtract FAC1 mantissa3
00214A  1  F0 28                BEQ     LAB_2850        ; exit if mantissa3 equal
00214C  1               
00214C  1               ; gets here if number <> FAC1
00214C  1               
00214C  1               LAB_2828
00214C  1  A5 B0                LDA     FAC1_s          ; get FAC1 sign (b7)
00214E  1  90 02                BCC     LAB_282E        ; branch if FAC1 > (AY)
002150  1               
002150  1  49 FF                EOR     #$FF            ; else toggle FAC1 sign
002152  1               LAB_282E
002152  1  4C F4 20             JMP     LAB_27D0        ; return A=FF,C=1/-ve A=01,C=0/+ve
002155  1               
002155  1               ; convert FAC1 floating-to-fixed
002155  1               
002155  1               LAB_2831
002155  1  A5 AC                LDA     FAC1_e          ; get FAC1 exponent
002157  1  F0 4A                BEQ     LAB_287F        ; if zero go clear FAC1 and return
002159  1               
002159  1  38                   SEC                     ; set carry for subtract
00215A  1  E9 98                SBC     #$98            ; subtract maximum integer range exponent
00215C  1  24 B0                BIT     FAC1_s          ; test FAC1 sign (b7)
00215E  1  10 09                BPL     LAB_2845        ; branch if FAC1 +ve
002160  1               
002160  1               ; FAC1 was -ve
002160  1  AA                   TAX                     ; copy subtracted exponent
002161  1  A9 FF                LDA     #$FF            ; overflow for -ve number
002163  1  85 B2                STA     FAC1_o          ; set FAC1 overflow byte
002165  1  20 A1 1E             JSR     LAB_253D        ; twos complement FAC1 mantissa
002168  1  8A                   TXA                     ; restore subtracted exponent
002169  1               LAB_2845
002169  1  A2 AC                LDX     #FAC1_e         ; set index to FAC1
00216B  1  C9 F9                CMP     #$F9            ; compare exponent result
00216D  1  10 06                BPL     LAB_2851        ; if < 8 shifts shift FAC1 A times right and return
00216F  1               
00216F  1  20 DF 1E             JSR     LAB_257B        ; shift FAC1 A times right (> 8 shifts)
002172  1  84 B2                STY     FAC1_o          ; clear FAC1 overflow byte
002174  1               LAB_2850
002174  1  60                   RTS
002175  1               
002175  1               ; shift FAC1 A times right
002175  1               
002175  1               LAB_2851
002175  1  A8                   TAY                     ; copy shift count
002176  1  A5 B0                LDA     FAC1_s          ; get FAC1 sign (b7)
002178  1  29 80                AND     #$80            ; mask sign bit only (x000 0000)
00217A  1  46 AD                LSR     FAC1_1          ; shift FAC1 mantissa1
00217C  1  05 AD                ORA     FAC1_1          ; OR sign in b7 FAC1 mantissa1
00217E  1  85 AD                STA     FAC1_1          ; save FAC1 mantissa1
002180  1  20 F6 1E             JSR     LAB_2592        ; shift FAC1 Y times right
002183  1  84 B2                STY     FAC1_o          ; clear FAC1 overflow byte
002185  1  60                   RTS
002186  1               
002186  1               ; perform INT()
002186  1               
002186  1               LAB_INT
002186  1  A5 AC                LDA     FAC1_e          ; get FAC1 exponent
002188  1  C9 98                CMP     #$98            ; compare with max int
00218A  1  B0 1E                BCS     LAB_2886        ; exit if >= (already int, too big for fractional part!)
00218C  1               
00218C  1  20 55 21             JSR     LAB_2831        ; convert FAC1 floating-to-fixed
00218F  1  84 B9                STY     FAC1_r          ; save FAC1 rounding byte
002191  1  A5 B0                LDA     FAC1_s          ; get FAC1 sign (b7)
002193  1  84 B0                STY     FAC1_s          ; save FAC1 sign (b7)
002195  1  49 80                EOR     #$80            ; toggle FAC1 sign
002197  1  2A                   ROL     A               ; shift into carry
002198  1  A9 98                LDA     #$98            ; set new exponent
00219A  1  85 AC                STA     FAC1_e          ; save FAC1 exponent
00219C  1  A5 AF                LDA     FAC1_3          ; get FAC1 mantissa3
00219E  1  85 5B                STA     Temp3           ; save for EXP() function
0021A0  1  4C 34 1E             JMP     LAB_24D0        ; do ABS and normalise FAC1
0021A3  1               
0021A3  1               ; clear FAC1 and return
0021A3  1               
0021A3  1               LAB_287F
0021A3  1  85 AD                STA     FAC1_1          ; clear FAC1 mantissa1
0021A5  1  85 AE                STA     FAC1_2          ; clear FAC1 mantissa2
0021A7  1  85 AF                STA     FAC1_3          ; clear FAC1 mantissa3
0021A9  1  A8                   TAY                     ; clear Y
0021AA  1               LAB_2886
0021AA  1  60                   RTS
0021AB  1               
0021AB  1               ; get FAC1 from string
0021AB  1               ; this routine now handles hex and binary values from strings
0021AB  1               ; starting with "$" and "%" respectively
0021AB  1               
0021AB  1               LAB_2887
0021AB  1  A0 00                LDY     #$00            ; clear Y
0021AD  1  84 5F                STY     Dtypef          ; clear data type flag, $FF=string, $00=numeric
0021AF  1  A2 09                LDX     #$09            ; set index
0021B1  1               LAB_288B
0021B1  1  94 A8                STY     numexp,X        ; clear byte
0021B3  1  CA                   DEX                     ; decrement index
0021B4  1  10 FB                BPL     LAB_288B        ; loop until numexp to negnum (and FAC1) = $00
0021B6  1               
0021B6  1  B0 03                BCS     LAB_s28FE       ; branch if 1st NOT character numeric
0021B8  1  4C 3A 22             JMP     LAB_28FE        ; branch if 1st character numeric
0021BB  1               LAB_s28FE:
0021BB  1               
0021BB  1               ; get FAC1 from string .. first character wasn't numeric
0021BB  1               
0021BB  1  C9 2D                CMP     #'-'            ; else compare with "-"
0021BD  1  D0 04                BNE     LAB_289A        ; branch if not "-"
0021BF  1               
0021BF  1  86 B1                STX     negnum          ; set flag for -ve number (X = $FF)
0021C1  1  F0 04                BEQ     LAB_289C        ; branch always (go scan and check for hex/bin)
0021C3  1               
0021C3  1               ; get FAC1 from string .. first character wasn't numeric or -
0021C3  1               
0021C3  1               LAB_289A
0021C3  1  C9 2B                CMP     #'+'            ; else compare with "+"
0021C5  1  D0 05                BNE     LAB_289D        ; branch if not "+" (go check for hex/bin)
0021C7  1               
0021C7  1               ; was "+" or "-" to start, so get next character
0021C7  1               
0021C7  1               LAB_289C
0021C7  1                       .IFDEF  DUODYNE
0021C7  1                       JSL     LAB_IGBY        ; increment and scan memory
0021C7  1                       .ELSE
0021C7  1  20 BC 00             JSR     LAB_IGBY        ; increment and scan memory
0021CA  1                       .ENDIF
0021CA  1               
0021CA  1  90 6E                BCC     LAB_28FE        ; branch if numeric character
0021CC  1               
0021CC  1               ; code here for hex and binary numbers
0021CC  1               
0021CC  1               LAB_289D
0021CC  1  C9 24                CMP     #'$'            ; else compare with "$"
0021CE  1  D0 03                BNE     LAB_NHEX        ; branch if not "$"
0021D0  1               
0021D0  1  4C 76 26             JMP     LAB_CHEX        ; branch if "$"
0021D3  1               
0021D3  1               LAB_NHEX
0021D3  1  C9 25                CMP     #'%'            ; else compare with "%"
0021D5  1  D0 08                BNE     LAB_28A3        ; branch if not "%" (continue original code)
0021D7  1               
0021D7  1  4C A4 26             JMP     LAB_CBIN        ; branch if "%"
0021DA  1               
0021DA  1               LAB_289E
0021DA  1                       .IFDEF  DUODYNE
0021DA  1                       JSL     LAB_IGBY        ; increment and scan memory
0021DA  1                       .ELSE
0021DA  1  20 BC 00             JSR     LAB_IGBY        ; increment and scan memory
0021DD  1                       .ENDIF
0021DD  1               
0021DD  1               LAB_28A1
0021DD  1  90 5B                BCC     LAB_28FE        ; branch if numeric character
0021DF  1               
0021DF  1               ; get FAC1 from string .. character wasn't numeric, -, +, hex or binary
0021DF  1               
0021DF  1               LAB_28A3
0021DF  1  C9 2E                CMP     #'.'            ; else compare with "."
0021E1  1  F0 2E                BEQ     LAB_28D5        ; branch if "."
0021E3  1               
0021E3  1               ; get FAC1 from string .. character wasn't numeric, -, + or .
0021E3  1               
0021E3  1  C9 45                CMP     #'E'            ; else compare with "E"
0021E5  1  D0 30                BNE     LAB_28DB        ; branch if not "E"
0021E7  1               
0021E7  1               ; was "E" so evaluate exponential part
0021E7  1                       .IFDEF  DUODYNE
0021E7  1                       JSL     LAB_IGBY        ; increment and scan memory
0021E7  1                       .ELSE
0021E7  1  20 BC 00             JSR     LAB_IGBY        ; increment and scan memory
0021EA  1                       .ENDIF
0021EA  1               
0021EA  1  90 17                BCC     LAB_28C7        ; branch if numeric character
0021EC  1               
0021EC  1  C9 B8                CMP     #TK_MINUS       ; else compare with token for -
0021EE  1  F0 0E                BEQ     LAB_28C2        ; branch if token for -
0021F0  1               
0021F0  1  C9 2D                CMP     #'-'            ; else compare with "-"
0021F2  1  F0 0A                BEQ     LAB_28C2        ; branch if "-"
0021F4  1               
0021F4  1  C9 B7                CMP     #TK_PLUS        ; else compare with token for +
0021F6  1  F0 08                BEQ     LAB_28C4        ; branch if token for +
0021F8  1               
0021F8  1  C9 2B                CMP     #'+'            ; else compare with "+"
0021FA  1  F0 04                BEQ     LAB_28C4        ; branch if "+"
0021FC  1               
0021FC  1  D0 07                BNE     LAB_28C9        ; branch always
0021FE  1               
0021FE  1               LAB_28C2
0021FE  1  66 AB                ROR     expneg          ; set exponent -ve flag (C, which=1, into b7)
002200  1               LAB_28C4
002200  1                       .IFDEF  DUODYNE
002200  1                       JSL     LAB_IGBY        ; increment and scan memory
002200  1                       .ELSE
002200  1  20 BC 00             JSR     LAB_IGBY        ; increment and scan memory
002203  1                       .ENDIF
002203  1               
002203  1               LAB_28C7
002203  1  90 5B                BCC     LAB_2925        ; branch if numeric character
002205  1               
002205  1               LAB_28C9
002205  1  24 AB                BIT     expneg          ; test exponent -ve flag
002207  1  10 0E                BPL     LAB_28DB        ; if +ve go evaluate exponent
002209  1               
002209  1               ; else do exponent = -exponent
002209  1  A9 00                LDA     #$00            ; clear result
00220B  1  38                   SEC                     ; set carry for subtract
00220C  1  E5 A9                SBC     expcnt          ; subtract exponent byte
00220E  1  4C 19 22             JMP     LAB_28DD        ; go evaluate exponent
002211  1               
002211  1               LAB_28D5
002211  1  66 AA                ROR     numdpf          ; set decimal point flag
002213  1  24 AA                BIT     numdpf          ; test decimal point flag
002215  1  50 C3                BVC     LAB_289E        ; branch if only one decimal point so far
002217  1               
002217  1               ; evaluate exponent
002217  1               LAB_28DB
002217  1  A5 A9                LDA     expcnt          ; get exponent count byte
002219  1               LAB_28DD
002219  1  38                   SEC                     ; set carry for subtract
00221A  1  E5 A8                SBC     numexp          ; subtract numerator exponent
00221C  1  85 A9                STA     expcnt          ; save exponent count byte
00221E  1  F0 12                BEQ     LAB_28F6        ; branch if no adjustment
002220  1               
002220  1  10 09                BPL     LAB_28EF        ; else if +ve go do FAC1*10^expcnt
002222  1               
002222  1               ; else go do FAC1/10^(0-expcnt)
002222  1               LAB_28E6
002222  1  20 F5 1F             JSR     LAB_26B9        ; divide by 10
002225  1  E6 A9                INC     expcnt          ; increment exponent count byte
002227  1  D0 F9                BNE     LAB_28E6        ; loop until all done
002229  1               
002229  1  F0 07                BEQ     LAB_28F6        ; branch always
00222B  1               
00222B  1               LAB_28EF
00222B  1  20 DC 1F             JSR     LAB_269E        ; multiply by 10
00222E  1  C6 A9                DEC     expcnt          ; decrement exponent count byte
002230  1  D0 F9                BNE     LAB_28EF        ; loop until all done
002232  1               
002232  1               LAB_28F6
002232  1  A5 B1                LDA     negnum          ; get -ve flag
002234  1  30 01                BMI     LAB_28FB        ; if -ve do - FAC1 and return
002236  1               
002236  1  60                   RTS
002237  1               
002237  1               ; do - FAC1 and return
002237  1               
002237  1               LAB_28FB
002237  1  4C FC 23             JMP     LAB_GTHAN       ; do - FAC1 and return
00223A  1               
00223A  1               ; do unsigned FAC1*10+number
00223A  1               
00223A  1               LAB_28FE
00223A  1  48                   PHA                     ; save character
00223B  1  24 AA                BIT     numdpf          ; test decimal point flag
00223D  1  10 02                BPL     LAB_2905        ; skip exponent increment if not set
00223F  1               
00223F  1  E6 A8                INC     numexp          ; else increment number exponent
002241  1               LAB_2905
002241  1  20 DC 1F             JSR     LAB_269E        ; multiply FAC1 by 10
002244  1  68                   PLA                     ; restore character
002245  1  29 0F                AND     #$0F            ; convert to binary
002247  1  20 4D 22             JSR     LAB_2912        ; evaluate new ASCII digit
00224A  1  4C DA 21             JMP     LAB_289E        ; go do next character
00224D  1               
00224D  1               ; evaluate new ASCII digit
00224D  1               
00224D  1               LAB_2912
00224D  1  48                   PHA                     ; save digit
00224E  1  20 CF 20             JSR     LAB_27AB        ; round and copy FAC1 to FAC2
002251  1  68                   PLA                     ; restore digit
002252  1  20 FF 20             JSR     LAB_27DB        ; save A as integer byte
002255  1  A5 B7                LDA     FAC2_s          ; get FAC2 sign (b7)
002257  1  45 B0                EOR     FAC1_s          ; toggle with FAC1 sign (b7)
002259  1  85 B8                STA     FAC_sc          ; save sign compare (FAC1 EOR FAC2)
00225B  1  A6 AC                LDX     FAC1_e          ; get FAC1 exponent
00225D  1  4C C6 1D             JMP     LAB_ADD         ; add FAC2 to FAC1 and return
002260  1               
002260  1               ; evaluate next character of exponential part of number
002260  1               
002260  1               LAB_2925
002260  1  A5 A9                LDA     expcnt          ; get exponent count byte
002262  1  C9 0A                CMP     #$0A            ; compare with 10 decimal
002264  1  90 09                BCC     LAB_2934        ; branch if less
002266  1               
002266  1  A9 64                LDA     #$64            ; make all -ve exponents = -100 decimal (causes underflow)
002268  1  24 AB                BIT     expneg          ; test exponent -ve flag
00226A  1  30 0E                BMI     LAB_2942        ; branch if -ve
00226C  1               
00226C  1  4C C8 1E             JMP     LAB_2564        ; else do overflow error
00226F  1               
00226F  1               LAB_2934
00226F  1  0A                   ASL     A               ; * 2
002270  1  0A                   ASL     A               ; * 4
002271  1  65 A9                ADC     expcnt          ; * 5
002273  1  0A                   ASL     A               ; * 10
002274  1  A0 00                LDY     #$00            ; set index
002276  1  71 C3                ADCINDIRECTY Bpntrl     ; add character (will be $30 too much!)
002278  1  E9 2F                SBC     #'0'-1          ; convert character to binary
00227A  1               LAB_2942
00227A  1  85 A9                STA     expcnt          ; save exponent count byte
00227C  1  4C 00 22             JMP     LAB_28C4        ; go get next character
00227F  1               
00227F  1               ; print " in line [LINE #]"
00227F  1               
00227F  1               LAB_2953
00227F  1  A9 F8                LDA     #<LAB_LMSG      ; point to " in line " message low byte
002281  1  A0 2F                LDY     #>LAB_LMSG      ; point to " in line " message high byte
002283  1  20 D3 10             JSR     LAB_18C3        ; print null terminated string from memory
002286  1               
002286  1               ; print Basic line #
002286  1  A5 88                LDA     Clineh          ; get current line high byte
002288  1  A6 87                LDX     Clinel          ; get current line low byte
00228A  1               
00228A  1               ; print XA as unsigned integer
00228A  1               
00228A  1               LAB_295E
00228A  1  85 AD                STA     FAC1_1          ; save low byte as FAC1 mantissa1
00228C  1  86 AE                STX     FAC1_2          ; save high byte as FAC1 mantissa2
00228E  1  A2 90                LDX     #$90            ; set exponent to 16d bits
002290  1  38                   SEC                     ; set integer is +ve flag
002291  1  20 0C 21             JSR     LAB_STFA        ; set exp=X, clearFAC1 mantissa3 and normalise
002294  1  A0 00                LDY     #$00            ; clear index
002296  1  98                   TYA                     ; clear A
002297  1  20 AA 22             JSR     LAB_297B        ; convert FAC1 to string, skip sign character save
00229A  1  4C D3 10             JMP     LAB_18C3        ; print null terminated string from memory and return
00229D  1               
00229D  1               ; convert FAC1 to ASCII string result in (AY)
00229D  1               ; not any more, moved scratchpad to page 0
00229D  1               
00229D  1               LAB_296E
00229D  1  A0 01                LDY     #$01            ; set index = 1
00229F  1  A9 20                LDA     #$20            ; character = " " (assume +ve)
0022A1  1  24 B0                BIT     FAC1_s          ; test FAC1 sign (b7)
0022A3  1  10 02                BPL     LAB_2978        ; branch if +ve
0022A5  1               
0022A5  1  A9 2D                LDA     #$2D            ; else character = "-"
0022A7  1               LAB_2978
0022A7  1                       .IFDEF  DUODYNE
0022A7  1                       PHX
0022A7  1                       TYX
0022A7  1                       STA     Decss,X         ; save leading character (" " or "-")
0022A7  1                       PLX
0022A7  1                       .ELSE
0022A7  1  99 EF 00             STA     Decss,Y         ; save leading character (" " or "-")
0022AA  1                       .ENDIF
0022AA  1               LAB_297B
0022AA  1  85 B0                STA     FAC1_s          ; clear FAC1 sign (b7)
0022AC  1  84 BA                STY     Sendl           ; save index
0022AE  1  C8                   INY                     ; increment index
0022AF  1  A6 AC                LDX     FAC1_e          ; get FAC1 exponent
0022B1  1  D0 05                BNE     LAB_2989        ; branch if FAC1<>0
0022B3  1               
0022B3  1               ; exponent was $00 so FAC1 is 0
0022B3  1  A9 30                LDA     #'0'            ; set character = "0"
0022B5  1  4C B6 23             JMP     LAB_2A89        ; save last character, [EOT] and exit
0022B8  1               
0022B8  1               ; FAC1 is some non zero value
0022B8  1               LAB_2989
0022B8  1  A9 00                LDA     #$00            ; clear (number exponent count)
0022BA  1  E0 81                CPX     #$81            ; compare FAC1 exponent with $81 (>1.00000)
0022BC  1               
0022BC  1  B0 09                BCS     LAB_299A        ; branch if FAC1=>1
0022BE  1               
0022BE  1               ; FAC1<1
0022BE  1  A9 7F                LDA     #<LAB_294F      ; set pointer low byte to 1,000,000
0022C0  1  A0 29                LDY     #>LAB_294F      ; set pointer high byte to 1,000,000
0022C2  1  20 3E 1F             JSR     LAB_25FB        ; do convert AY, FCA1*(AY)
0022C5  1  A9 FA                LDA     #$FA            ; set number exponent count (-6)
0022C7  1               LAB_299A
0022C7  1  85 A8                STA     numexp          ; save number exponent count
0022C9  1               LAB_299C
0022C9  1  A9 7B                LDA     #<LAB_294B      ; set pointer low byte to 999999.4375 (max before sci note)
0022CB  1  A0 29                LDY     #>LAB_294B      ; set pointer high byte to 999999.4375
0022CD  1  20 1C 21             JSR     LAB_27F8        ; compare FAC1 with (AY)
0022D0  1  F0 1E                BEQ     LAB_29C3        ; exit if FAC1 = (AY)
0022D2  1               
0022D2  1  10 12                BPL     LAB_29B9        ; go do /10 if FAC1 > (AY)
0022D4  1               
0022D4  1               ; FAC1 < (AY)
0022D4  1               LAB_29A7
0022D4  1  A9 77                LDA     #<LAB_2947      ; set pointer low byte to 99999.9375
0022D6  1  A0 29                LDY     #>LAB_2947      ; set pointer high byte to 99999.9375
0022D8  1  20 1C 21             JSR     LAB_27F8        ; compare FAC1 with (AY)
0022DB  1  F0 02                BEQ     LAB_29B2        ; branch if FAC1 = (AY) (allow decimal places)
0022DD  1               
0022DD  1  10 0E                BPL     LAB_29C0        ; branch if FAC1 > (AY) (no decimal places)
0022DF  1               
0022DF  1               ; FAC1 <= (AY)
0022DF  1               LAB_29B2
0022DF  1  20 DC 1F             JSR     LAB_269E        ; multiply by 10
0022E2  1  C6 A8                DEC     numexp          ; decrement number exponent count
0022E4  1  D0 EE                BNE     LAB_29A7        ; go test again (branch always)
0022E6  1               
0022E6  1               LAB_29B9
0022E6  1  20 F5 1F             JSR     LAB_26B9        ; divide by 10
0022E9  1  E6 A8                INC     numexp          ; increment number exponent count
0022EB  1  D0 DC                BNE     LAB_299C        ; go test again (branch always)
0022ED  1               
0022ED  1               ; now we have just the digits to do
0022ED  1               
0022ED  1               LAB_29C0
0022ED  1  20 BF 1D             JSR     LAB_244E        ; add 0.5 to FAC1 (round FAC1)
0022F0  1               LAB_29C3
0022F0  1  20 55 21             JSR     LAB_2831        ; convert FAC1 floating-to-fixed
0022F3  1  A2 01                LDX     #$01            ; set default digits before dp = 1
0022F5  1  A5 A8                LDA     numexp          ; get number exponent count
0022F7  1  18                   CLC                     ; clear carry for add
0022F8  1  69 07                ADC     #$07            ; up to 6 digits before point
0022FA  1  30 09                BMI     LAB_29D8        ; if -ve then 1 digit before dp
0022FC  1               
0022FC  1  C9 08                CMP     #$08            ; A>=8 if n>=1E6
0022FE  1  B0 06                BCS     LAB_29D9        ; branch if >= $08
002300  1               
002300  1               ; carry is clear
002300  1  69 FF                ADC     #$FF            ; take 1 from digit count
002302  1  AA                   TAX                     ; copy to A
002303  1  A9 02                LDA     #$02            ;.set exponent adjust
002305  1               LAB_29D8
002305  1  38                   SEC                     ; set carry for subtract
002306  1               LAB_29D9
002306  1  E9 02                SBC     #$02            ; -2
002308  1  85 A9                STA     expcnt          ;.save exponent adjust
00230A  1  86 A8                STX     numexp          ; save digits before dp count
00230C  1  8A                   TXA                     ; copy to A
00230D  1  F0 02                BEQ     LAB_29E4        ; branch if no digits before dp
00230F  1               
00230F  1  10 13                BPL     LAB_29F7        ; branch if digits before dp
002311  1               
002311  1               LAB_29E4
002311  1  A4 BA                LDY     Sendl           ; get output string index
002313  1  A9 2E                LDA     #$2E            ; character "."
002315  1  C8                   INY                     ; increment index
002316  1                       .IFDEF  DUODYNE
002316  1                       PHX
002316  1                       TYX
002316  1                       STA     Decss,X         ; save to output string
002316  1                       PLX
002316  1                       .ELSE
002316  1  99 EF 00             STA     Decss,Y         ; save to output string
002319  1                       .ENDIF
002319  1  8A                   TXA                     ;.
00231A  1  F0 06                BEQ     LAB_29F5        ;.
00231C  1               
00231C  1  A9 30                LDA     #'0'            ; character "0"
00231E  1  C8                   INY                     ; increment index
00231F  1                       .IFDEF  DUODYNE
00231F  1                       PHX
00231F  1                       TYX
00231F  1                       STA     Decss,X         ; save to output string
00231F  1                       PLX
00231F  1                       .ELSE
00231F  1  99 EF 00             STA     Decss,Y         ; save to output string
002322  1                       .ENDIF
002322  1               
002322  1               LAB_29F5
002322  1  84 BA                STY     Sendl           ; save output string index
002324  1               LAB_29F7
002324  1  A0 00                LDY     #$00            ; clear index (point to 100,000)
002326  1  A2 80                LDX     #$80            ;
002328  1               LAB_29FB
002328  1  A5 AF                LDA     FAC1_3          ; get FAC1 mantissa3
00232A  1  18                   CLC                     ; clear carry for add
00232B  1  79 F5 29             ADC     LAB_2A9C,Y      ; add -ve LSB
00232E  1  85 AF                STA     FAC1_3          ; save FAC1 mantissa3
002330  1  A5 AE                LDA     FAC1_2          ; get FAC1 mantissa2
002332  1  79 F4 29             ADC     LAB_2A9B,Y      ; add -ve NMSB
002335  1  85 AE                STA     FAC1_2          ; save FAC1 mantissa2
002337  1  A5 AD                LDA     FAC1_1          ; get FAC1 mantissa1
002339  1  79 F3 29             ADC     LAB_2A9A,Y      ; add -ve MSB
00233C  1  85 AD                STA     FAC1_1          ; save FAC1 mantissa1
00233E  1  E8                   INX                     ;
00233F  1  B0 04                BCS     LAB_2A18        ;
002341  1               
002341  1  10 E5                BPL     LAB_29FB        ; not -ve so try again
002343  1               
002343  1  30 02                BMI     LAB_2A1A        ;
002345  1               
002345  1               LAB_2A18
002345  1  30 E1                BMI     LAB_29FB        ;
002347  1               
002347  1               LAB_2A1A
002347  1  8A                   TXA                     ;
002348  1  90 04                BCC     LAB_2A21        ;
00234A  1               
00234A  1  49 FF                EOR     #$FF            ;
00234C  1  69 0A                ADC     #$0A            ;
00234E  1               LAB_2A21
00234E  1  69 2F                ADC     #'0'-1          ; add "0"-1 to result
002350  1  C8                   INY                     ; increment index ..
002351  1  C8                   INY                     ; .. to next less ..
002352  1  C8                   INY                     ; .. power of ten
002353  1  84 95                STY     Cvaral          ; save as current var address low byte
002355  1  A4 BA                LDY     Sendl           ; get output string index
002357  1  C8                   INY                     ; increment output string index
002358  1  AA                   TAX                     ; copy character to X
002359  1  29 7F                AND     #$7F            ; mask out top bit
00235B  1                       .IFDEF  DUODYNE
00235B  1                       PHX
00235B  1                       TYX
00235B  1                       STA     Decss,X         ; save to output string
00235B  1                       PLX
00235B  1                       .ELSE
00235B  1  99 EF 00             STA     Decss,Y         ; save to output string
00235E  1                       .ENDIF
00235E  1  C6 A8                DEC     numexp          ; decrement # of characters before the dp
002360  1  D0 06                BNE     LAB_2A3B        ; branch if still characters to do
002362  1               
002362  1               ; else output the point
002362  1  A9 2E                LDA     #$2E            ; character "."
002364  1  C8                   INY                     ; increment output string index
002365  1                       .IFDEF  DUODYNE
002365  1                       PHX
002365  1                       TYX
002365  1                       STA     Decss,X         ; save to output string
002365  1                       PLX
002365  1                       .ELSE
002365  1  99 EF 00             STA     Decss,Y         ; save to output string
002368  1                       .ENDIF
002368  1               LAB_2A3B
002368  1  84 BA                STY     Sendl           ; save output string index
00236A  1  A4 95                LDY     Cvaral          ; get current var address low byte
00236C  1  8A                   TXA                     ; get character back
00236D  1  49 FF                EOR     #$FF            ;
00236F  1  29 80                AND     #$80            ;
002371  1  AA                   TAX                     ;
002372  1  C0 12                CPY     #$12            ; compare index with max
002374  1  D0 B2                BNE     LAB_29FB        ; loop if not max
002376  1               
002376  1               ; now remove trailing zeroes
002376  1  A4 BA                LDY     Sendl           ; get output string index
002378  1               LAB_2A4B
002378  1                       .IFDEF  DUODYNE
002378  1                       PHX
002378  1                       TYX
002378  1                       LDA     Decss,X         ; save to output string
002378  1                       PLX
002378  1                       .ELSE
002378  1  B9 EF 00             LDA     Decss,Y         ; GET FROM output string
00237B  1                       .ENDIF
00237B  1  88                   DEY                     ; decrement output string index
00237C  1  C9 30                CMP     #'0'            ; compare with "0"
00237E  1  F0 F8                BEQ     LAB_2A4B        ; loop until non "0" character found
002380  1               
002380  1  C9 2E                CMP     #'.'            ; compare with "."
002382  1  F0 01                BEQ     LAB_2A58        ; branch if was dp
002384  1               
002384  1               ; restore last character
002384  1  C8                   INY                     ; increment output string index
002385  1               LAB_2A58
002385  1  A9 2B                LDA     #$2B            ; character "+"
002387  1  A6 A9                LDX     expcnt          ; get exponent count
002389  1  F0 2E                BEQ     LAB_2A8C        ; if zero go set null terminator and exit
00238B  1               
00238B  1               ; exponent isn't zero so write exponent
00238B  1  10 08                BPL     LAB_2A68        ; branch if exponent count +ve
00238D  1               
00238D  1  A9 00                LDA     #$00            ; clear A
00238F  1  38                   SEC                     ; set carry for subtract
002390  1  E5 A9                SBC     expcnt          ; subtract exponent count adjust (convert -ve to +ve)
002392  1  AA                   TAX                     ; copy exponent count to X
002393  1  A9 2D                LDA     #'-'            ; character "-"
002395  1               LAB_2A68
002395  1               
002395  1                       .IFDEF  DUODYNE
002395  1                       PHX
002395  1                       TYX
002395  1                       STA     Decss+2,X       ; save to output string
002395  1                       PLX
002395  1                       .ELSE
002395  1  99 F1 00             STA     Decss+2,Y       ; save to output string
002398  1                       .ENDIF
002398  1  A9 45                LDA     #$45            ; character "E"
00239A  1                       .IFDEF  DUODYNE
00239A  1                       PHX
00239A  1                       TYX
00239A  1                       STA     Decss+1,X       ; save EXPONENT SIGN to output string
00239A  1                       PLX
00239A  1                       .ELSE
00239A  1  99 F0 00             STA     Decss+1,Y       ; save EXPONENT SIGN to output string
00239D  1                       .ENDIF
00239D  1  8A                   TXA                     ; get exponent count back
00239E  1  A2 2F                LDX     #'0'-1          ; one less than "0" character
0023A0  1  38                   SEC                     ; set carry for subtract
0023A1  1               LAB_2A74
0023A1  1  E8                   INX                     ; increment 10's character
0023A2  1  E9 0A                SBC     #$0A            ;.subtract 10 from exponent count
0023A4  1  B0 FB                BCS     LAB_2A74        ; loop while still >= 0
0023A6  1               
0023A6  1  69 3A                ADC     #':'            ; add character ":" ($30+$0A, result is 10 less that value)
0023A8  1                       .IFDEF  DUODYNE
0023A8  1                       PHX
0023A8  1                       TYX
0023A8  1                       STA     Decss+4,X       ; save to output string
0023A8  1                       PLX
0023A8  1                       .ELSE
0023A8  1  99 F3 00             STA     Decss+4,Y       ; save to output string
0023AB  1                       .ENDIF
0023AB  1  8A                   TXA                     ; copy 10's character
0023AC  1                       .IFDEF  DUODYNE
0023AC  1                       PHX
0023AC  1                       TYX
0023AC  1                       STA     Decss+3,X       ; save to output string
0023AC  1                       PLX
0023AC  1                       .ELSE
0023AC  1  99 F2 00             STA     Decss+3,Y       ; save to output string
0023AF  1                       .ENDIF
0023AF  1  A9 00                LDA     #$00            ; set null terminator
0023B1  1                       .IFDEF  DUODYNE
0023B1  1                       PHX
0023B1  1                       TYX
0023B1  1                       STA     Decss+5,X       ; save to output string
0023B1  1                       PLX
0023B1  1                       .ELSE
0023B1  1  99 F4 00             STA     Decss+5,Y       ; save to output string
0023B4  1                       .ENDIF
0023B4  1  F0 08                BEQ     LAB_2A91        ; go set string pointer (AY) and exit (branch always)
0023B6  1               
0023B6  1               ; save last character, [EOT] and exit
0023B6  1               LAB_2A89
0023B6  1                       .IFDEF  DUODYNE
0023B6  1                       PHX
0023B6  1                       TYX
0023B6  1                       STA     Decss,X         ; save to output string
0023B6  1                       PLX
0023B6  1                       .ELSE
0023B6  1  99 EF 00             STA     Decss,Y         ; save to output string
0023B9  1                       .ENDIF
0023B9  1               
0023B9  1               ; set null terminator and exit
0023B9  1               LAB_2A8C
0023B9  1  A9 00                LDA     #$00            ; set null terminator
0023BB  1                       .IFDEF  DUODYNE
0023BB  1                       PHX
0023BB  1                       TYX
0023BB  1                       STA     Decss+1,X       ; save to output string
0023BB  1                       PLX
0023BB  1                       .ELSE
0023BB  1  99 F0 00             STA     Decss+1,Y       ; save to output string
0023BE  1                       .ENDIF
0023BE  1               
0023BE  1               ; set string pointer (AY) and exit
0023BE  1               LAB_2A91
0023BE  1  A9 F0                LDA     #<Decssp1       ; set result string low pointer
0023C0  1  A0 00                LDY     #>Decssp1       ; set result string high pointer
0023C2  1  60                   RTS
0023C3  1               
0023C3  1               ; perform power function
0023C3  1               
0023C3  1               LAB_POWER
0023C3  1  F0 42                BEQ     LAB_EXP         ; go do  EXP()
0023C5  1               
0023C5  1  A5 B3                LDA     FAC2_e          ; get FAC2 exponent
0023C7  1  D0 03                BNE     LAB_2ABF        ; branch if FAC2<>0
0023C9  1               
0023C9  1  4C 57 1E             JMP     LAB_24F3        ; clear FAC1 exponent and sign and return
0023CC  1               
0023CC  1               LAB_2ABF
0023CC  1  A2 9C                LDX     #<func_l        ; set destination pointer low byte
0023CE  1  A0 00                LDY     #>func_l        ; set destination pointer high byte
0023D0  1  20 AC 20             JSR     LAB_2778        ; pack FAC1 into (XY)
0023D3  1  A5 B7                LDA     FAC2_s          ; get FAC2 sign (b7)
0023D5  1  10 0F                BPL     LAB_2AD9        ; branch if FAC2>0
0023D7  1               
0023D7  1               ; else FAC2 is -ve and can only be raised to an
0023D7  1               ; integer power which gives an x +j0 result
0023D7  1  20 86 21             JSR     LAB_INT         ; perform INT
0023DA  1  A9 9C                LDA     #<func_l        ; set source pointer low byte
0023DC  1  A0 00                LDY     #>func_l        ; set source pointer high byte
0023DE  1  20 1C 21             JSR     LAB_27F8        ; compare FAC1 with (AY)
0023E1  1  D0 03                BNE     LAB_2AD9        ; branch if FAC1 <> (AY) to allow Function Call error
0023E3  1               ; this will leave FAC1 -ve and cause a Function Call
0023E3  1               ; error when LOG() is called
0023E3  1               
0023E3  1  98                   TYA                     ; clear sign b7
0023E4  1  A4 5B                LDY     Temp3           ; save mantissa 3 from INT() function as sign in Y
0023E6  1               ; for possible later negation, b0
0023E6  1               LAB_2AD9
0023E6  1  20 CA 1D             JSR     LAB_279D        ; save FAC1 sign and copy ABS(FAC2) to FAC1
0023E9  1  98                   TYA                     ; copy sign back ..
0023EA  1  48                   PHA                     ; .. and save it
0023EB  1  20 00 1F             JSR     LAB_LOG         ; do LOG(n)
0023EE  1  A9 9C                LDA     #<garb_l        ; set pointer low byte
0023F0  1  A0 00                LDY     #>garb_l        ; set pointer high byte
0023F2  1  20 3E 1F             JSR     LAB_25FB        ; do convert AY, FCA1*(AY) (square the value)
0023F5  1  20 07 24             JSR     LAB_EXP         ; go do EXP(n)
0023F8  1  68                   PLA                     ; pull sign from stack
0023F9  1  4A                   LSR     A               ; b0 is to be tested, shift to Cb
0023FA  1  90 0A                BCC     LAB_2AF9        ; if no bit then exit
0023FC  1               
0023FC  1               ; Perform negation
0023FC  1               ; do - FAC1
0023FC  1               
0023FC  1               LAB_GTHAN
0023FC  1  A5 AC                LDA     FAC1_e          ; get FAC1 exponent
0023FE  1  F0 06                BEQ     LAB_2AF9        ; exit if FAC1_e = $00
002400  1               
002400  1  A5 B0                LDA     FAC1_s          ; get FAC1 sign (b7)
002402  1  49 FF                EOR     #$FF            ; complement it
002404  1  85 B0                STA     FAC1_s          ; save FAC1 sign (b7)
002406  1               LAB_2AF9
002406  1  60                   RTS
002407  1               
002407  1               ; perform EXP()	(x^e)
002407  1               
002407  1               LAB_EXP
002407  1  A9 83                LDA     #<LAB_2AFA      ; set 1.443 pointer low byte
002409  1  A0 29                LDY     #>LAB_2AFA      ; set 1.443 pointer high byte
00240B  1  20 3E 1F             JSR     LAB_25FB        ; do convert AY, FCA1*(AY)
00240E  1  A5 B9                LDA     FAC1_r          ; get FAC1 rounding byte
002410  1  69 50                ADC     #$50            ; +$50/$100
002412  1  90 03                BCC     LAB_2B2B        ; skip rounding if no carry
002414  1               
002414  1  20 E6 20             JSR     LAB_27C2        ; round FAC1 (no check)
002417  1               LAB_2B2B
002417  1  85 A3                STA     FAC2_r          ; save FAC2 rounding byte
002419  1  20 D2 20             JSR     LAB_27AE        ; copy FAC1 to FAC2
00241C  1  A5 AC                LDA     FAC1_e          ; get FAC1 exponent
00241E  1  C9 88                CMP     #$88            ; compare with EXP limit (256d)
002420  1  90 03                BCC     LAB_2B39        ; branch if less
002422  1               
002422  1               LAB_2B36
002422  1  20 D3 1F             JSR     LAB_2690        ; handle overflow and underflow
002425  1               LAB_2B39
002425  1  20 86 21             JSR     LAB_INT         ; perform INT
002428  1  A5 5B                LDA     Temp3           ; get mantissa 3 from INT() function
00242A  1  18                   CLC                     ; clear carry for add
00242B  1  69 81                ADC     #$81            ; normalise +1
00242D  1  F0 F3                BEQ     LAB_2B36        ; if $00 go handle overflow
00242F  1               
00242F  1  38                   SEC                     ; set carry for subtract
002430  1  E9 01                SBC     #$01            ; now correct for exponent
002432  1  48                   PHA                     ; save FAC2 exponent
002433  1               
002433  1               ; swap FAC1 and FAC2
002433  1  A2 04                LDX     #$04            ; 4 bytes to do
002435  1               LAB_2B49
002435  1  B5 B3                LDA     FAC2_e,X        ; get FAC2,X
002437  1  B4 AC                LDY     FAC1_e,X        ; get FAC1,X
002439  1  95 AC                STA     FAC1_e,X        ; save FAC1,X
00243B  1  94 B3                STY     FAC2_e,X        ; save FAC2,X
00243D  1  CA                   DEX                     ; decrement count/index
00243E  1  10 F5                BPL     LAB_2B49        ; loop if not all done
002440  1               
002440  1  A5 A3                LDA     FAC2_r          ; get FAC2 rounding byte
002442  1  85 B9                STA     FAC1_r          ; save as FAC1 rounding byte
002444  1  20 AB 1D             JSR     LAB_SUBTRACT    ; perform subtraction, FAC2 from FAC1
002447  1  20 FC 23             JSR     LAB_GTHAN       ; do - FAC1
00244A  1  A9 87                LDA     #<LAB_2AFE      ; set counter pointer low byte
00244C  1  A0 29                LDY     #>LAB_2AFE      ; set counter pointer high byte
00244E  1  20 6F 24             JSR     LAB_2B84        ; go do series evaluation
002451  1  A9 00                LDA     #$00            ; clear A
002453  1  85 B8                STA     FAC_sc          ; clear sign compare (FAC1 EOR FAC2)
002455  1  68                   PLA                     ;.get saved FAC2 exponent
002456  1  4C B8 1F             JMP     LAB_2675        ; test and adjust accumulators and return
002459  1               
002459  1               ; ^2 then series evaluation
002459  1               
002459  1               LAB_2B6E
002459  1  85 BA                STA     Cptrl           ; save count pointer low byte
00245B  1  84 BB                STY     Cptrh           ; save count pointer high byte
00245D  1  20 A2 20             JSR     LAB_276E        ; pack FAC1 into Adatal
002460  1  A9 A4                LDA     #<Adatal        ; set pointer low byte (Y already $00)
002462  1  20 3E 1F             JSR     LAB_25FB        ; do convert AY, FCA1*(AY)
002465  1  20 73 24             JSR     LAB_2B88        ; go do series evaluation
002468  1  A9 A4                LDA     #<Adatal        ; pointer to original # low byte
00246A  1  A0 00                LDY     #>Adatal        ; pointer to original # high byte
00246C  1  4C 3E 1F             JMP     LAB_25FB        ; do convert AY, FCA1*(AY) and return
00246F  1               
00246F  1               ; series evaluation
00246F  1               
00246F  1               LAB_2B84
00246F  1  85 BA                STA     Cptrl           ; save count pointer low byte
002471  1  84 BB                STY     Cptrh           ; save count pointer high byte
002473  1               LAB_2B88
002473  1  A2 A8                LDX     #<numexp        ; set pointer low byte
002475  1  20 A4 20             JSR     LAB_2770        ; set pointer high byte and pack FAC1 into numexp
002478  1  B1 BA                LDAINDIRECTY Cptrl      ; get constants count
00247A  1  85 B1                STA     numcon          ; save constants count
00247C  1  A4 BA                LDY     Cptrl           ; get count pointer low byte
00247E  1  C8                   INY                     ; increment it (now constants pointer)
00247F  1  98                   TYA                     ; copy it
002480  1  D0 02                BNE     LAB_2B97        ; skip next if no overflow
002482  1               
002482  1  E6 BB                INC     Cptrh           ; else increment high byte
002484  1               LAB_2B97
002484  1  85 BA                STA     Cptrl           ; save low byte
002486  1  A4 BB                LDY     Cptrh           ; get high byte
002488  1               LAB_2B9B
002488  1  20 3E 1F             JSR     LAB_25FB        ; do convert AY, FCA1*(AY)
00248B  1  A5 BA                LDA     Cptrl           ; get constants pointer low byte
00248D  1  A4 BB                LDY     Cptrh           ; get constants pointer high byte
00248F  1  18                   CLC                     ; clear carry for add
002490  1  69 04                ADC     #$04            ; +4 to  low pointer (4 bytes per constant)
002492  1  90 01                BCC     LAB_2BA8        ; skip next if no overflow
002494  1               
002494  1  C8                   INY                     ; increment high byte
002495  1               LAB_2BA8
002495  1  85 BA                STA     Cptrl           ; save pointer low byte
002497  1  84 BB                STY     Cptrh           ; save pointer high byte
002499  1  20 C3 1D             JSR     LAB_246C        ; add (AY) to FAC1
00249C  1  A9 A8                LDA     #<numexp        ; set pointer low byte to partial @ numexp
00249E  1  A0 00                LDY     #>numexp        ; set pointer high byte to partial @ numexp
0024A0  1  C6 B1                DEC     numcon          ; decrement constants count
0024A2  1  D0 E4                BNE     LAB_2B9B        ; loop until all done
0024A4  1               
0024A4  1  60                   RTS
0024A5  1               
0024A5  1               ; RND(n), 32 bit Galoise version. make n=0 for 19th next number in sequence or n<>0
0024A5  1               ; to get 19th next number in sequence after seed n. This version of the PRNG uses
0024A5  1               ; the Galois method and a sample of 65536 bytes produced gives the following values.
0024A5  1               
0024A5  1               ; Entropy = 7.997442 bits per byte
0024A5  1               ; Optimum compression would reduce these 65536 bytes by 0 percent
0024A5  1               
0024A5  1               ; Chi square distribution for 65536 samples is 232.01, and
0024A5  1               ; randomly would exceed this value 75.00 percent of the time
0024A5  1               
0024A5  1               ; Arithmetic mean value of data bytes is 127.6724, 127.5 would be random
0024A5  1               ; Monte Carlo value for Pi is 3.122871269, error 0.60 percent
0024A5  1               ; Serial correlation coefficient is -0.000370, totally uncorrelated would be 0.0
0024A5  1               
0024A5  1               LAB_RND:
0024A5  1  A5 AC                LDA     FAC1_e          ; get FAC1 exponent
0024A7  1  F0 07                BEQ     NextPRN         ; do next random # if zero
0024A9  1               
0024A9  1               ; else get seed into random number store
0024A9  1  A2 E1                LDX     #Rbyte4         ; set PRNG pointer low byte
0024AB  1  A0 00                LDY     #$00            ; set PRNG pointer high byte
0024AD  1  20 AC 20             JSR     LAB_2778        ; pack FAC1 into (XY)
0024B0  1               NextPRN:
0024B0  1  A2 AF                LDX     #$AF            ; set EOR byte
0024B2  1  A0 13                LDY     #$13            ; do this nineteen times
0024B4  1               LoopPRN:
0024B4  1  06 E2                ASL     Rbyte1          ; shift PRNG most significant byte
0024B6  1  26 E3                ROL     Rbyte2          ; shift PRNG middle byte
0024B8  1  26 E4                ROL     Rbyte3          ; shift PRNG least significant byte
0024BA  1  26 E1                ROL     Rbyte4          ; shift PRNG extra byte
0024BC  1  90 05                BCC     Ninc1           ; branch if bit 32 clear
0024BE  1               
0024BE  1  8A                   TXA                     ; set EOR byte
0024BF  1  45 E2                EOR     Rbyte1          ; EOR PRNG extra byte
0024C1  1  85 E2                STA     Rbyte1          ; save new PRNG extra byte
0024C3  1               Ninc1:
0024C3  1  88                   DEY                     ; decrement loop count
0024C4  1  D0 EE                BNE     LoopPRN         ; loop if not all done
0024C6  1               
0024C6  1  A2 02                LDX     #$02            ; three bytes to copy
0024C8  1               CopyPRNG:
0024C8  1  B5 E2                LDA     Rbyte1,X        ; get PRNG byte
0024CA  1  95 AD                STA     FAC1_1,X        ; save FAC1 byte
0024CC  1  CA                   DEX
0024CD  1  10 F9                BPL     CopyPRNG        ; loop if not complete
0024CF  1               
0024CF  1  A9 80                LDA     #$80            ; set the exponent
0024D1  1  85 AC                STA     FAC1_e          ; save FAC1 exponent
0024D3  1               
0024D3  1  0A                   ASL     A               ; clear A
0024D4  1  85 B0                STA     FAC1_s          ; save FAC1 sign
0024D6  1               
0024D6  1  4C 39 1E             JMP     LAB_24D5        ; normalise FAC1 and return
0024D9  1               
0024D9  1               ; perform COS()
0024D9  1               
0024D9  1               LAB_COS:
0024D9  1  A9 A4                LDA     #<LAB_2C78      ; set (pi/2) pointer low byte
0024DB  1  A0 29                LDY     #>LAB_2C78      ; set (pi/2) pointer high byte
0024DD  1  20 C3 1D             JSR     LAB_246C        ; add (AY) to FAC1
0024E0  1               
0024E0  1               ; perform SIN()
0024E0  1               
0024E0  1               LAB_SIN:
0024E0  1  20 CF 20             JSR     LAB_27AB        ; round and copy FAC1 to FAC2
0024E3  1  A9 B9                LDA     #<LAB_2C7C      ; set (2*pi) pointer low byte
0024E5  1  A0 29                LDY     #>LAB_2C7C      ; set (2*pi) pointer high byte
0024E7  1  A6 B7                LDX     FAC2_s          ; get FAC2 sign (b7)
0024E9  1  20 FE 1F             JSR     LAB_26C2        ; divide by (AY) (X=sign)
0024EC  1  20 CF 20             JSR     LAB_27AB        ; round and copy FAC1 to FAC2
0024EF  1  20 86 21             JSR     LAB_INT         ; perform INT
0024F2  1  A9 00                LDA     #$00            ; clear byte
0024F4  1  85 B8                STA     FAC_sc          ; clear sign compare (FAC1 EOR FAC2)
0024F6  1  20 AB 1D             JSR     LAB_SUBTRACT    ; perform subtraction, FAC2 from FAC1
0024F9  1  A9 EB                LDA     #<LAB_2C80      ; set 0.25 pointer low byte
0024FB  1  A0 29                LDY     #>LAB_2C80      ; set 0.25 pointer high byte
0024FD  1  20 A8 1D             JSR     LAB_2455        ; perform subtraction, (AY) from FAC1
002500  1  A5 B0                LDA     FAC1_s          ; get FAC1 sign (b7)
002502  1  48                   PHA                     ; save FAC1 sign
002503  1  10 0D                BPL     LAB_2C35        ; branch if +ve
002505  1               
002505  1               ; FAC1 sign was -ve
002505  1  20 BF 1D             JSR     LAB_244E        ; add 0.5 to FAC1
002508  1  A5 B0                LDA     FAC1_s          ; get FAC1 sign (b7)
00250A  1  30 09                BMI     LAB_2C38        ; branch if -ve
00250C  1               
00250C  1  A5 63                LDA     Cflag           ; get comparison evaluation flag
00250E  1  49 FF                EOR     #$FF            ; toggle flag
002510  1  85 63                STA     Cflag           ; save comparison evaluation flag
002512  1               LAB_2C35
002512  1  20 FC 23             JSR     LAB_GTHAN       ; do - FAC1
002515  1               LAB_2C38:
002515  1  A9 EB                LDA     #<LAB_2C80      ; set 0.25 pointer low byte
002517  1  A0 29                LDY     #>LAB_2C80      ; set 0.25 pointer high byte
002519  1  20 C3 1D             JSR     LAB_246C        ; add (AY) to FAC1
00251C  1  68                   PLA                     ; restore FAC1 sign
00251D  1  10 03                BPL     LAB_2C45        ; branch if was +ve
00251F  1               
00251F  1               ; else correct FAC1
00251F  1  20 FC 23             JSR     LAB_GTHAN       ; do - FAC1
002522  1               LAB_2C45:
002522  1  A9 A8                LDA     #<LAB_2C84      ; set pointer low byte to counter
002524  1  A0 29                LDY     #>LAB_2C84      ; set pointer high byte to counter
002526  1  4C 59 24             JMP     LAB_2B6E        ; ^2 then series evaluation and return
002529  1               
002529  1               ; perform TAN()
002529  1               
002529  1               LAB_TAN:
002529  1  20 A2 20             JSR     LAB_276E        ; pack FAC1 into Adatal
00252C  1  A9 00                LDA     #$00            ; clear byte
00252E  1  85 63                STA     Cflag           ; clear comparison evaluation flag
002530  1  20 E0 24             JSR     LAB_SIN         ; go do SIN(n)
002533  1  A2 9C                LDX     #<func_l        ; set sin(n) pointer low byte
002535  1  A0 00                LDY     #>func_l        ; set sin(n) pointer high byte
002537  1  20 AC 20             JSR     LAB_2778        ; pack FAC1 into (XY)
00253A  1  A9 A4                LDA     #<Adatal        ; set n pointer low addr
00253C  1  A0 00                LDY     #>Adatal        ; set n pointer high addr
00253E  1  20 82 20             JSR     LAB_UFAC        ; unpack memory (AY) into FAC1
002541  1  A9 00                LDA     #$00            ; clear byte
002543  1  85 B0                STA     FAC1_s          ; clear FAC1 sign (b7)
002545  1  A5 63                LDA     Cflag           ; get comparison evaluation flag
002547  1  20 51 25             JSR     LAB_2C74        ; save flag and go do series evaluation
00254A  1               
00254A  1  A9 9C                LDA     #<func_l        ; set sin(n) pointer low byte
00254C  1  A0 00                LDY     #>func_l        ; set sin(n) pointer high byte
00254E  1  4C 06 20             JMP     LAB_26CA        ; convert AY and do (AY)/FAC1
002551  1               
002551  1               LAB_2C74:
002551  1  48                   PHA                     ; save comparison evaluation flag
002552  1  4C 12 25             JMP     LAB_2C35        ; go do series evaluation
002555  1               
002555  1               ; perform USR()
002555  1               
002555  1               LAB_USR:
002555  1  20 0A 00             JSR     Usrjmp          ; call user code
002558  1  4C EF 13             JMP     LAB_1BFB        ; scan for ")", else do syntax error then warm start
00255B  1               
00255B  1               ; perform ATN()
00255B  1               
00255B  1               LAB_ATN:
00255B  1  A5 B0                LDA     FAC1_s          ; get FAC1 sign (b7)
00255D  1  48                   PHA                     ; save sign
00255E  1  10 03                BPL     LAB_2CA1        ; branch if +ve
002560  1               
002560  1  20 FC 23             JSR     LAB_GTHAN       ; else do - FAC1
002563  1               LAB_2CA1:
002563  1  A5 AC                LDA     FAC1_e          ; get FAC1 exponent
002565  1  48                   PHA                     ; push exponent
002566  1  C9 81                CMP     #$81            ; compare with 1
002568  1  90 07                BCC     LAB_2CAF        ; branch if FAC1<1
00256A  1               
00256A  1  A9 DE                LDA     #<LAB_259C      ; set 1 pointer low byte
00256C  1  A0 29                LDY     #>LAB_259C      ; set 1 pointer high byte
00256E  1  20 06 20             JSR     LAB_26CA        ; convert AY and do (AY)/FAC1
002571  1               LAB_2CAF:
002571  1  A9 BD                LDA     #<LAB_2CC9      ; set pointer low byte to counter
002573  1  A0 29                LDY     #>LAB_2CC9      ; set pointer high byte to counter
002575  1  20 59 24             JSR     LAB_2B6E        ; ^2 then series evaluation
002578  1  68                   PLA                     ; restore old FAC1 exponent
002579  1  C9 81                CMP     #$81            ; compare with 1
00257B  1  90 07                BCC     LAB_2CC2        ; branch if FAC1<1
00257D  1               
00257D  1  A9 A4                LDA     #<LAB_2C78      ; set (pi/2) pointer low byte
00257F  1  A0 29                LDY     #>LAB_2C78      ; set (pi/2) pointer high byte
002581  1  20 A8 1D             JSR     LAB_2455        ; perform subtraction, (AY) from FAC1
002584  1               LAB_2CC2:
002584  1  68                   PLA                     ; restore FAC1 sign
002585  1  10 16                BPL     LAB_2D04        ; exit if was +ve
002587  1               
002587  1  4C FC 23             JMP     LAB_GTHAN       ; else do - FAC1 and return
00258A  1               
00258A  1               ; perform BITSET
00258A  1               
00258A  1               LAB_BITSET:
00258A  1  20 DB 1C             JSR     LAB_GADB        ; get two parameters for POKE or WAIT
00258D  1  E0 08                CPX     #$08            ; only 0 to 7 are allowed
00258F  1  B0 20                BCS     FCError         ; branch if > 7
002591  1               
002591  1  A9 00                LDA     #$00            ; clear A
002593  1  38                   SEC                     ; set the carry
002594  1               S_Bits:
002594  1  2A                   ROL     A               ; shift bit
002595  1  CA                   DEX                     ; decrement bit number
002596  1  10 FC                BPL     S_Bits          ; loop if still +ve
002598  1               
002598  1  E8                   INX                     ; make X = $00
002599  1  01 11                ORA     (Itempl,X)      ; or with byte via temporary integer (addr)
00259B  1  81 11                STA     (Itempl,X)      ; save byte via temporary integer (addr)
00259D  1               LAB_2D04:
00259D  1  60                   RTS
00259E  1               
00259E  1               ; perform BITCLR
00259E  1               
00259E  1               LAB_BITCLR:
00259E  1  20 DB 1C             JSR     LAB_GADB        ; get two parameters for POKE or WAIT
0025A1  1  E0 08                CPX     #$08            ; only 0 to 7 are allowed
0025A3  1  B0 0C                BCS     FCError         ; branch if > 7
0025A5  1               
0025A5  1  A9 FF                LDA     #$FF            ; set A
0025A7  1               S_Bitc:
0025A7  1  2A                   ROL     A               ; shift bit
0025A8  1  CA                   DEX                     ; decrement bit number
0025A9  1  10 FC                BPL     S_Bitc          ; loop if still +ve
0025AB  1               
0025AB  1  E8                   INX                     ; make X = $00
0025AC  1  21 11                AND     (Itempl,X)      ; and with byte via temporary integer (addr)
0025AE  1  81 11                STA     (Itempl,X)      ; save byte via temporary integer (addr)
0025B0  1  60                   RTS
0025B1  1               
0025B1  1               FCError:
0025B1  1  4C 2B 17             JMP     LAB_FCER        ; do function call error then warm start
0025B4  1               
0025B4  1               ; perform BITTST()
0025B4  1               
0025B4  1               LAB_BTST:
0025B4  1                       .IFDEF  DUODYNE
0025B4  1                       JSL     LAB_IGBY        ; increment and scan memory
0025B4  1                       .ELSE
0025B4  1  20 BC 00             JSR     LAB_IGBY        ; increment and scan memory
0025B7  1                       .ENDIF
0025B7  1               
0025B7  1  20 DB 1C             JSR     LAB_GADB        ; get two parameters for POKE or WAIT
0025BA  1  E0 08                CPX     #$08            ; only 0 to 7 are allowed
0025BC  1  B0 F3                BCS     FCError         ; branch if > 7
0025BE  1               
0025BE  1                       .IFDEF  DUODYNE
0025BE  1                       JSL     LAB_GBYT        ; scan memory
0025BE  1                       .ELSE
0025BE  1  20 C2 00             JSR     LAB_GBYT        ; scan memory
0025C1  1                       .ENDIF
0025C1  1               
0025C1  1  C9 29                CMP     #')'            ; is next character ")"
0025C3  1  F0 03                BEQ     TST_OK          ; if ")" go do rest of function
0025C5  1               
0025C5  1  4C 03 14             JMP     LAB_SNER        ; do syntax error then warm start
0025C8  1               
0025C8  1               TST_OK:
0025C8  1                       .IFDEF  DUODYNE
0025C8  1                       JSL     LAB_IGBY        ; increment and scan memory
0025C8  1                       .ELSE
0025C8  1  20 BC 00             JSR     LAB_IGBY        ; increment and scan memory
0025CB  1                       .ENDIF
0025CB  1               
0025CB  1  A9 00                LDA     #$00            ; clear A
0025CD  1  38                   SEC                     ; set the carry
0025CE  1               T_Bits:
0025CE  1  2A                   ROL     A               ; shift bit
0025CF  1  CA                   DEX                     ; decrement bit number
0025D0  1  10 FC                BPL     T_Bits          ; loop if still +ve
0025D2  1               
0025D2  1  E8                   INX                     ; make X = $00
0025D3  1  21 11                AND     (Itempl,X)      ; AND with byte via temporary integer (addr)
0025D5  1  F0 02                BEQ     LAB_NOTT        ; branch if zero (already correct)
0025D7  1               
0025D7  1  A9 FF                LDA     #$FF            ; set for -1 result
0025D9  1               LAB_NOTT:
0025D9  1  4C FF 20             JMP     LAB_27DB        ; go do SGN tail
0025DC  1               
0025DC  1               ; perform BIN$()
0025DC  1               
0025DC  1               LAB_BINS:
0025DC  1  E0 19                CPX     #$19            ; max + 1
0025DE  1  B0 48                BCS     BinFErr         ; exit if too big ( > or = )
0025E0  1               
0025E0  1  86 78                STX     TempB           ; save # of characters ($00 = leading zero remove)
0025E2  1  A9 18                LDA     #$18            ; need A byte long space
0025E4  1  20 3C 19             JSR     LAB_MSSP        ; make string space A bytes long
0025E7  1  A0 17                LDY     #$17            ; set index
0025E9  1  A2 18                LDX     #$18            ; character count
0025EB  1               NextB1:
0025EB  1  46 11                LSR     nums_1          ; shift highest byte
0025ED  1  66 12                ROR     nums_2          ; shift middle byte
0025EF  1  66 13                ROR     nums_3          ; shift lowest byte bit 0 to carry
0025F1  1  8A                   TXA                     ; load with "0"/2
0025F2  1  2A                   ROL     A               ; shift in carry
0025F3  1  91 AD                STAINDIRECTY str_pl     ; save to temp string + index
0025F5  1  88                   DEY                     ; decrement index
0025F6  1  10 F3                BPL     NextB1          ; loop if not done
0025F8  1               
0025F8  1  A5 78                LDA     TempB           ; get # of characters
0025FA  1  F0 0A                BEQ     EndBHS          ; branch if truncate
0025FC  1               
0025FC  1  AA                   TAX                     ; copy length to X
0025FD  1  38                   SEC                     ; set carry for add !
0025FE  1  49 FF                EOR     #$FF            ; 1's complement
002600  1  69 18                ADC     #$18            ; add 24d
002602  1  F0 1C                BEQ     GoPr2           ; if zero print whole string
002604  1               
002604  1  D0 0F                BNE     GoPr1           ; else go make output string
002606  1               
002606  1               ; this is the exit code and is also used by HEX$()
002606  1               ; truncate string to remove leading "0"s
002606  1               
002606  1               EndBHS:
002606  1  A8                   TAY                     ; clear index (A=0, X=length here)
002607  1               NextB2:
002607  1  B1 AD                LDAINDIRECTY str_pl     ; get character from string
002609  1  C9 30                CMP     #'0'            ; compare with "0"
00260B  1  D0 07                BNE     GoPr            ; if not "0" then go print string from here
00260D  1               
00260D  1  CA                   DEX                     ; decrement character count
00260E  1  F0 03                BEQ     GoPr3           ; if zero then end of string so go print it
002610  1               
002610  1  C8                   INY                     ; else increment index
002611  1  10 F4                BPL     NextB2          ; loop always
002613  1               
002613  1               ; make fixed length output string - ignore overflows!
002613  1               
002613  1               GoPr3:
002613  1  E8                   INX                     ; need at least 1 character
002614  1               GoPr:
002614  1  98                   TYA                     ; copy result
002615  1               GoPr1:
002615  1  18                   CLC                     ; clear carry for add
002616  1  65 AD                ADC     str_pl          ; add low address
002618  1  85 AD                STA     str_pl          ; save low address
00261A  1  A9 00                LDA     #$00            ; do high byte
00261C  1  65 AE                ADC     str_ph          ; add high address
00261E  1  85 AE                STA     str_ph          ; save high address
002620  1               GoPr2:
002620  1  86 AC                STX     str_ln          ; X holds string length
002622  1                       .IFDEF  DUODYNE
002622  1                       JSL     LAB_IGBY        ; increment and scan memory
002622  1                       .ELSE
002622  1  20 BC 00             JSR     LAB_IGBY        ; increment and scan memory
002625  1                       .ENDIF
002625  1               
002625  1  4C 87 19             JMP     LAB_RTST        ; check for space on descriptor stack then put address
002628  1               ; and length on descriptor stack and update stack pointers
002628  1               
002628  1               BinFErr:
002628  1  4C 2B 17             JMP     LAB_FCER        ; do function call error then warm start
00262B  1               
00262B  1               ; perform HEX$()
00262B  1               
00262B  1               LAB_HEXS:
00262B  1  E0 07                CPX     #$07            ; max + 1
00262D  1  B0 F9                BCS     BinFErr         ; exit if too big ( > or = )
00262F  1               
00262F  1  86 78                STX     TempB           ; save # of characters
002631  1               
002631  1  A9 06                LDA     #$06            ; need 6 bytes for string
002633  1  20 3C 19             JSR     LAB_MSSP        ; make string space A bytes long
002636  1  A0 05                LDY     #$05            ; set string index
002638  1               
002638  1  F8                   SED                     ; need decimal mode for nibble convert
002639  1  A5 13                LDA     nums_3          ; get lowest byte
00263B  1  20 59 26             JSR     LAB_A2HX        ; convert A to ASCII hex byte and output
00263E  1  A5 12                LDA     nums_2          ; get middle byte
002640  1  20 59 26             JSR     LAB_A2HX        ; convert A to ASCII hex byte and output
002643  1  A5 11                LDA     nums_1          ; get highest byte
002645  1  20 59 26             JSR     LAB_A2HX        ; convert A to ASCII hex byte and output
002648  1  D8                   CLD                     ; back to binary
002649  1               
002649  1  A2 06                LDX     #$06            ; character count
00264B  1  A5 78                LDA     TempB           ; get # of characters
00264D  1  F0 B7                BEQ     EndBHS          ; branch if truncate
00264F  1               
00264F  1  AA                   TAX                     ; copy length to X
002650  1  38                   SEC                     ; set carry for add !
002651  1  49 FF                EOR     #$FF            ; 1's complement
002653  1  69 06                ADC     #$06            ; add 6d
002655  1  F0 C9                BEQ     GoPr2           ; if zero print whole string
002657  1               
002657  1  D0 BC                BNE     GoPr1           ; else go make output string (branch always)
002659  1               
002659  1               ; convert A to ASCII hex byte and output .. note set decimal mode before calling
002659  1               
002659  1               LAB_A2HX:
002659  1  AA                   TAX                     ; save byte
00265A  1  29 0F                AND     #$0F            ; mask off top bits
00265C  1  20 64 26             JSR     LAB_AL2X        ; convert low nibble to ASCII and output
00265F  1  8A                   TXA                     ; get byte back
002660  1  4A                   LSR     A               ; /2	shift high nibble to low nibble
002661  1  4A                   LSR     A               ; /4
002662  1  4A                   LSR     A               ; /8
002663  1  4A                   LSR     A               ; /16
002664  1               LAB_AL2X:
002664  1  C9 0A                CMP     #$0A            ; set carry for +1 if >9
002666  1  69 30                ADC     #'0'            ; add ASCII "0"
002668  1  91 AD                STAINDIRECTY str_pl     ; save to temp string
00266A  1  88                   DEY                     ; decrement counter
00266B  1  60                   RTS
00266C  1               
00266C  1               LAB_NLTO:
00266C  1  85 AC                STA     FAC1_e          ; save FAC1 exponent
00266E  1  A9 00                LDA     #$00            ; clear sign compare
002670  1               LAB_MLTE:
002670  1  85 B8                STA     FAC_sc          ; save sign compare (FAC1 EOR FAC2)
002672  1  8A                   TXA                     ; restore character
002673  1  20 4D 22             JSR     LAB_2912        ; evaluate new ASCII digit
002676  1               
002676  1               ; gets here if the first character was "$" for hex
002676  1               ; get hex number
002676  1               
002676  1               LAB_CHEX:
002676  1                       .IFDEF  DUODYNE
002676  1                       JSL     LAB_IGBY        ; increment and scan memory
002676  1                       .ELSE
002676  1  20 BC 00             JSR     LAB_IGBY        ; increment and scan memory
002679  1                       .ENDIF
002679  1               
002679  1  90 0A                BCC     LAB_ISHN        ; branch if numeric character
00267B  1               
00267B  1  09 20                ORA     #$20            ; case convert, allow "A" to "F" and "a" to "f"
00267D  1  E9 61                SBC     #'a'            ; subtract "a" (carry set here)
00267F  1  C9 06                CMP     #$06            ; compare normalised with $06 (max+1)
002681  1  B0 2A                BCS     LAB_EXCH        ; exit if >"f" or <"0"
002683  1               
002683  1  69 0A                ADC     #$0A            ; convert to nibble
002685  1               LAB_ISHN:
002685  1  29 0F                AND     #$0F            ; convert to binary
002687  1  AA                   TAX                     ; save nibble
002688  1  A5 AC                LDA     FAC1_e          ; get FAC1 exponent
00268A  1  F0 E4                BEQ     LAB_MLTE        ; skip multiply if zero
00268C  1               
00268C  1  69 04                ADC     #$04            ; add four to exponent (*16 - carry clear here)
00268E  1  90 DC                BCC     LAB_NLTO        ; if no overflow do evaluate digit
002690  1               
002690  1               LAB_MLTO:
002690  1  4C C8 1E             JMP     LAB_2564        ; do overflow error and warm start
002693  1               
002693  1               LAB_NXCH:
002693  1  AA                   TAX                     ; save bit
002694  1  A5 AC                LDA     FAC1_e          ; get FAC1 exponent
002696  1  F0 06                BEQ     LAB_MLBT        ; skip multiply if zero
002698  1               
002698  1  E6 AC                INC     FAC1_e          ; increment FAC1 exponent (*2)
00269A  1  F0 F4                BEQ     LAB_MLTO        ; do overflow error if = $00
00269C  1               
00269C  1  A9 00                LDA     #$00            ; clear sign compare
00269E  1               LAB_MLBT:
00269E  1  85 B8                STA     FAC_sc          ; save sign compare (FAC1 EOR FAC2)
0026A0  1  8A                   TXA                     ; restore bit
0026A1  1  20 4D 22             JSR     LAB_2912        ; evaluate new ASCII digit
0026A4  1               
0026A4  1               ; gets here if the first character was  "%" for binary
0026A4  1               ; get binary number
0026A4  1               
0026A4  1               LAB_CBIN:
0026A4  1                       .IFDEF  DUODYNE
0026A4  1                       JSL     LAB_IGBY        ; increment and scan memory
0026A4  1                       .ELSE
0026A4  1  20 BC 00             JSR     LAB_IGBY        ; increment and scan memory
0026A7  1                       .ENDIF
0026A7  1               
0026A7  1  49 30                EOR     #'0'            ; convert "0" to 0 etc.
0026A9  1  C9 02                CMP     #$02            ; compare with max+1
0026AB  1  90 E6                BCC     LAB_NXCH        ; branch exit if < 2
0026AD  1               
0026AD  1               LAB_EXCH:
0026AD  1  4C 32 22             JMP     LAB_28F6        ; evaluate -ve flag and return
0026B0  1               
0026B0  1               ; ctrl-c check routine. includes limited "life" byte save for INGET routine
0026B0  1               ; now also the code that checks to see if an interrupt has occurred
0026B0  1               
0026B0  1               CTRLC:
0026B0  1  AD 00 06             LDA     ccflag          ; get [CTRL-C] check flag
0026B3  1  D0 18                BNE     LAB_FBA2        ; exit if inhibited
0026B5  1               
0026B5  1  20 30 30             JSR     V_INPT          ; scan input device
0026B8  1  90 0B                BCC     LAB_FBA0        ; exit if buffer empty
0026BA  1               
0026BA  1  8D 01 06             STA     ccbyte          ; save received byte
0026BD  1  A2 20                LDX     #$20            ; "life" timer for bytes
0026BF  1  8E 02 06             STX     ccnull          ; set countdown
0026C2  1  4C 17 0D             JMP     LAB_1636        ; return to BASIC
0026C5  1               
0026C5  1               LAB_FBA0:
0026C5  1  AE 02 06             LDX     ccnull          ; get countdown byte
0026C8  1  F0 03                BEQ     LAB_FBA2        ; exit if finished
0026CA  1               
0026CA  1  CE 02 06             DEC     ccnull          ; else decrement countdown
0026CD  1               LAB_FBA2:
0026CD  1  A2 E5                LDX     #NmiBase        ; set pointer to NMI values
0026CF  1  20 D8 26             JSR     LAB_CKIN        ; go check interrupt
0026D2  1  A2 E8                LDX     #IrqBase        ; set pointer to IRQ values
0026D4  1  20 D8 26             JSR     LAB_CKIN        ; go check interrupt
0026D7  1               LAB_CRTS:
0026D7  1  60                   RTS
0026D8  1               
0026D8  1               ; check whichever interrupt is indexed by X
0026D8  1               
0026D8  1               LAB_CKIN:
0026D8  1  B5 00                LDA     PLUS_0,X        ; get interrupt flag byte
0026DA  1  10 FB                BPL     LAB_CRTS        ; branch if interrupt not enabled
0026DC  1               
0026DC  1               ; we disable the interrupt here and make two new commands RETIRQ and RETNMI to
0026DC  1               ; automatically enable the interrupt when we exit
0026DC  1               
0026DC  1  0A                   ASL     A               ; move happened bit to setup bit
0026DD  1  29 40                AND     #$40            ; mask happened bits
0026DF  1  F0 F6                BEQ     LAB_CRTS        ; if no interrupt then exit
0026E1  1               
0026E1  1  95 00                STA     PLUS_0,X        ; save interrupt flag byte
0026E3  1               
0026E3  1  8A                   TXA                     ; copy index ..
0026E4  1  A8                   TAY                     ; .. to Y
0026E5  1               
0026E5  1  68                   PLA                     ; dump return address low byte, call from CTRL-C
0026E6  1  68                   PLA                     ; dump return address high byte
0026E7  1               
0026E7  1  A9 05                LDA     #$05            ; need 5 bytes for GOSUB
0026E9  1  20 EE 08             JSR     LAB_1212        ; check room on stack for A bytes
0026EC  1  A5 C4                LDA     Bpntrh          ; get BASIC execute pointer high byte
0026EE  1  48                   PHA                     ; push on stack
0026EF  1  A5 C3                LDA     Bpntrl          ; get BASIC execute pointer low byte
0026F1  1  48                   PHA                     ; push on stack
0026F2  1  A5 88                LDA     Clineh          ; get current line high byte
0026F4  1  48                   PHA                     ; push on stack
0026F5  1  A5 87                LDA     Clinel          ; get current line low byte
0026F7  1  48                   PHA                     ; push on stack
0026F8  1  A9 8D                LDA     #TK_GOSUB       ; token for GOSUB
0026FA  1  48                   PHA                     ; push on stack
0026FB  1                       .IFDEF  DUODYNE
0026FB  1                       PHX
0026FB  1                       TYX
0026FB  1                       LDA     PLUS_1,X        ; get interrupt code pointer low byte
0026FB  1                       PLX
0026FB  1                       .ELSE
0026FB  1  B9 01 00             LDA     PLUS_1,Y        ; get interrupt code pointer low byte
0026FE  1                       .ENDIF
0026FE  1  85 C3                STA     Bpntrl          ; save as BASIC execute pointer low byte
002700  1                       .IFDEF  DUODYNE
002700  1                       PHX
002700  1                       TYX
002700  1                       LDA     PLUS_2,X        ; get interrupt code pointer low byte
002700  1                       PLX
002700  1                       .ELSE
002700  1  B9 02 00             LDA     PLUS_2,Y        ; get interrupt code pointer low byte
002703  1                       .ENDIF
002703  1  85 C4                STA     Bpntrh          ; save as BASIC execute pointer high byte
002705  1               
002705  1  4C BB 0C             JMP     LAB_15C2        ; go do interpreter inner loop
002708  1               ; can't RTS, we used the stack! the RTS from the ctrl-c
002708  1               ; check will be taken when the RETIRQ/RETNMI/RETURN is
002708  1               ; executed at the end of the subroutine
002708  1               
002708  1               ; get byte from input device, no waiting
002708  1               ; returns with carry set if byte in A
002708  1               
002708  1               INGET:
002708  1  20 30 30             JSR     V_INPT          ; call scan input device
00270B  1  B0 09                BCS     LAB_FB95        ; if byte go reset timer
00270D  1               
00270D  1  AD 02 06             LDA     ccnull          ; get countdown
002710  1  F0 09                BEQ     LAB_FB96        ; exit if empty
002712  1               
002712  1  AD 01 06             LDA     ccbyte          ; get last received byte
002715  1  38                   SEC                     ; flag we got a byte
002716  1               LAB_FB95:
002716  1  A2 00                LDX     #$00            ; clear X
002718  1  8E 02 06             STX     ccnull          ; clear timer because we got a byte
00271B  1               LAB_FB96:
00271B  1  60                   RTS
00271C  1               
00271C  1               ; these routines only enable the interrupts if the set-up flag is set
00271C  1               ; if not they have no effect
00271C  1               
00271C  1               ; perform IRQ {ON|OFF|CLEAR}
00271C  1               
00271C  1               LAB_IRQ:
00271C  1  A2 E8                LDX     #IrqBase        ; set pointer to IRQ values
00271E  1  2C                   .BYTE   $2C             ; make next line BIT abs.
00271F  1               
00271F  1               ; perform NMI {ON|OFF|CLEAR}
00271F  1               
00271F  1               LAB_NMI:
00271F  1  A2 E5                LDX     #NmiBase        ; set pointer to NMI values
002721  1  C9 93                CMP     #TK_ON          ; compare with token for ON
002723  1  F0 11                BEQ     LAB_INON        ; go turn on interrupt
002725  1               
002725  1  C9 B6                CMP     #TK_OFF         ; compare with token for OFF
002727  1  F0 07                BEQ     LAB_IOFF        ; go turn off interrupt
002729  1               
002729  1  49 A2                EOR     #TK_CLEAR       ; compare with token for CLEAR, A = $00 if = TK_CLEAR
00272B  1  F0 0E                BEQ     LAB_INEX        ; go clear interrupt flags and return
00272D  1               
00272D  1  4C 03 14             JMP     LAB_SNER        ; do syntax error then warm start
002730  1               
002730  1               LAB_IOFF:
002730  1  A9 7F                LDA     #$7F            ; clear A
002732  1  35 00                AND     PLUS_0,X        ; AND with interrupt setup flag
002734  1  10 05                BPL     LAB_INEX        ; go clear interrupt enabled flag and return
002736  1               
002736  1               LAB_INON:
002736  1  B5 00                LDA     PLUS_0,X        ; get interrupt setup flag
002738  1  0A                   ASL     A               ; Shift bit to enabled flag
002739  1  15 00                ORA     PLUS_0,X        ; OR with flag byte
00273B  1               LAB_INEX:
00273B  1  95 00                STA     PLUS_0,X        ; save interrupt flag byte
00273D  1                       .IFDEF  DUODYNE
00273D  1                       JSL     LAB_IGBY        ; increment and scan memory
00273D  1                       .ELSE
00273D  1  20 BC 00             JSR     LAB_IGBY        ; increment and scan memory
002740  1                       .ENDIF
002740  1  60                   RTS
002741  1               
002741  1               ; these routines set up the pointers and flags for the interrupt routines
002741  1               ; note that the interrupts are also enabled by these commands
002741  1               
002741  1               ; perform ON IRQ
002741  1               
002741  1               LAB_SIRQ:
002741  1  58                   CLI                     ; enable interrupts
002742  1  A2 E8                LDX     #IrqBase        ; set pointer to IRQ values
002744  1  2C                   .BYTE   $2C             ; make next line BIT abs.
002745  1               
002745  1               ; perform ON NMI
002745  1               
002745  1               LAB_SNMI:
002745  1  A2 E5                LDX     #NmiBase        ; set pointer to NMI values
002747  1               
002747  1  86 78                STX     TempB           ; save interrupt pointer
002749  1                       .IFDEF  DUODYNE
002749  1                       JSL     LAB_IGBY        ; increment and scan memory
002749  1                       .ELSE
002749  1  20 BC 00             JSR     LAB_IGBY        ; increment and scan memory
00274C  1                       .ENDIF
00274C  1               
00274C  1  20 55 0F             JSR     LAB_GFPN        ; get fixed-point number into temp integer
00274F  1  A5 79                LDA     Smeml           ; get start of mem low byte
002751  1  A6 7A                LDX     Smemh           ; get start of mem high byte
002753  1  20 27 0B             JSR     LAB_SHLN        ; search Basic for temp integer line number from AX
002756  1  B0 03                BCS     LAB_LFND        ; if carry set go set-up interrupt
002758  1               
002758  1  4C 72 0E             JMP     LAB_16F7        ; else go do "Undefined statement" error and warm start
00275B  1               
00275B  1               LAB_LFND:
00275B  1  A6 78                LDX     TempB           ; get interrupt pointer
00275D  1  A5 AA                LDA     Baslnl          ; get pointer low byte
00275F  1  E9 01                SBC     #$01            ; -1 (carry already set for subtract)
002761  1  95 01                STA     PLUS_1,X        ; save as interrupt pointer low byte
002763  1  A5 AB                LDA     Baslnh          ; get pointer high byte
002765  1  E9 00                SBC     #$00            ; subtract carry
002767  1  95 02                STA     PLUS_2,X        ; save as interrupt pointer high byte
002769  1               
002769  1  A9 C0                LDA     #$C0            ; set interrupt enabled/setup bits
00276B  1  95 00                STA     PLUS_0,X        ; set interrupt flags
00276D  1               LAB_IRTS:
00276D  1  60                   RTS
00276E  1               
00276E  1               ; return from IRQ service, restores the enabled flag.
00276E  1               
00276E  1               ; perform RETIRQ
00276E  1               
00276E  1               LAB_RETIRQ:
00276E  1  D0 FD                BNE     LAB_IRTS        ; exit if following token (to allow syntax error)
002770  1               
002770  1  A5 E8                LDA     IrqBase         ; get interrupt flags
002772  1  0A                   ASL     A               ; copy setup to enabled (b7)
002773  1  05 E8                ORA     IrqBase         ; OR in setup flag
002775  1  85 E8                STA     IrqBase         ; save enabled flag
002777  1  4C 79 0E             JMP     LAB_16E8        ; go do rest of RETURN
00277A  1               
00277A  1               ; return from NMI service, restores the enabled flag.
00277A  1               
00277A  1               ; perform RETNMI
00277A  1               
00277A  1               LAB_RETNMI:
00277A  1  D0 F1                BNE     LAB_IRTS        ; exit if following token (to allow syntax error)
00277C  1               
00277C  1  A5 E5                LDA     NmiBase         ; get set-up flag
00277E  1  0A                   ASL     A               ; copy setup to enabled (b7)
00277F  1  05 E5                ORA     NmiBase         ; OR in setup flag
002781  1  85 E5                STA     NmiBase         ; save enabled flag
002783  1  4C 79 0E             JMP     LAB_16E8        ; go do rest of RETURN
002786  1               
002786  1               ; MAX() MIN() pre process
002786  1               
002786  1               LAB_MMPP:
002786  1  20 E9 12             JSR     LAB_EVEZ        ; process expression
002789  1  4C D0 12             JMP     LAB_CTNM        ; check if source is numeric, else do type mismatch
00278C  1               
00278C  1               ; perform MAX()
00278C  1               
00278C  1               LAB_MAX:
00278C  1  20 BB 27             JSR     LAB_PHFA        ; push FAC1, evaluate expression,
00278F  1               ; pull FAC2 and compare with FAC1
00278F  1  10 FB                BPL     LAB_MAX         ; branch if no swap to do
002791  1               
002791  1  A5 B4                LDA     FAC2_1          ; get FAC2 mantissa1
002793  1  09 80                ORA     #$80            ; set top bit (clear sign from compare)
002795  1  85 B4                STA     FAC2_1          ; save FAC2 mantissa1
002797  1  20 C8 1D             JSR     LAB_279B        ; copy FAC2 to FAC1
00279A  1  F0 F0                BEQ     LAB_MAX         ; go do next (branch always)
00279C  1               
00279C  1               ; perform MIN()
00279C  1               
00279C  1               LAB_MIN:
00279C  1  20 BB 27             JSR     LAB_PHFA        ; push FAC1, evaluate expression,
00279F  1               ; pull FAC2 and compare with FAC1
00279F  1  30 FB                BMI     LAB_MIN         ; branch if no swap to do
0027A1  1               
0027A1  1  F0 F9                BEQ     LAB_MIN         ; branch if no swap to do
0027A3  1               
0027A3  1  A5 B4                LDA     FAC2_1          ; get FAC2 mantissa1
0027A5  1  09 80                ORA     #$80            ; set top bit (clear sign from compare)
0027A7  1  85 B4                STA     FAC2_1          ; save FAC2 mantissa1
0027A9  1  20 C8 1D             JSR     LAB_279B        ; copy FAC2 to FAC1
0027AC  1  F0 EE                BEQ     LAB_MIN         ; go do next (branch always)
0027AE  1               
0027AE  1               ; exit routine. don't bother returning to the loop code
0027AE  1               ; check for correct exit, else so syntax error
0027AE  1               
0027AE  1               LAB_MMEC:
0027AE  1  C9 29                CMP     #')'            ; is it end of function?
0027B0  1  D0 06                BNE     LAB_MMSE        ; if not do MAX MIN syntax error
0027B2  1               
0027B2  1  68                   PLA                     ; dump return address low byte
0027B3  1  68                   PLA                     ; dump return address high byte
0027B4  1                       .IFDEF  DUODYNE
0027B4  1                       JSL     LAB_IGBY        ; increment and scan memory
0027B4  1                       .ELSE
0027B4  1  20 BC 00             JSR     LAB_IGBY        ; increment and scan memory
0027B7  1                       .ENDIF
0027B7  1               
0027B7  1  60                   RTS                     ; update BASIC execute pointer (to chr past ")")
0027B8  1               
0027B8  1               LAB_MMSE:
0027B8  1  4C 03 14             JMP     LAB_SNER        ; do syntax error then warm start
0027BB  1               
0027BB  1               ; check for next, evaluate and return or exit
0027BB  1               ; this is the routine that does most of the work
0027BB  1               
0027BB  1               LAB_PHFA:
0027BB  1                       .IFDEF  DUODYNE
0027BB  1                       JSL     LAB_GBYT        ; scan memory
0027BB  1                       .ELSE
0027BB  1  20 C2 00             JSR     LAB_GBYT        ; scan memory
0027BE  1                       .ENDIF
0027BE  1               
0027BE  1  C9 2C                CMP     #','            ; is there more ?
0027C0  1  D0 EC                BNE     LAB_MMEC        ; if not go do end check
0027C2  1               
0027C2  1               ; push FAC1
0027C2  1  20 DE 20             JSR     LAB_27BA        ; round FAC1
0027C5  1  A5 B0                LDA     FAC1_s          ; get FAC1 sign
0027C7  1  09 7F                ORA     #$7F            ; set all non sign bits
0027C9  1  25 AD                AND     FAC1_1          ; AND FAC1 mantissa1 (AND in sign bit)
0027CB  1  48                   PHA                     ; push on stack
0027CC  1  A5 AE                LDA     FAC1_2          ; get FAC1 mantissa2
0027CE  1  48                   PHA                     ; push on stack
0027CF  1  A5 AF                LDA     FAC1_3          ; get FAC1 mantissa3
0027D1  1  48                   PHA                     ; push on stack
0027D2  1  A5 AC                LDA     FAC1_e          ; get FAC1 exponent
0027D4  1  48                   PHA                     ; push on stack
0027D5  1               
0027D5  1                       .IFDEF  DUODYNE
0027D5  1                       JSL     LAB_IGBY        ; increment and scan memory
0027D5  1                       .ELSE
0027D5  1  20 BC 00             JSR     LAB_IGBY        ; increment and scan memory
0027D8  1                       .ENDIF
0027D8  1               
0027D8  1  20 CD 12             JSR     LAB_EVNM        ; evaluate expression and check is numeric,
0027DB  1               ; else do type mismatch
0027DB  1               
0027DB  1               ; pop FAC2 (MAX/MIN expression so far)
0027DB  1  68                   PLA                     ; pop exponent
0027DC  1  85 B3                STA     FAC2_e          ; save FAC2 exponent
0027DE  1  68                   PLA                     ; pop mantissa3
0027DF  1  85 B6                STA     FAC2_3          ; save FAC2 mantissa3
0027E1  1  68                   PLA                     ; pop mantissa1
0027E2  1  85 B5                STA     FAC2_2          ; save FAC2 mantissa2
0027E4  1  68                   PLA                     ; pop sign/mantissa1
0027E5  1  85 B4                STA     FAC2_1          ; save FAC2 sign/mantissa1
0027E7  1  85 B7                STA     FAC2_s          ; save FAC2 sign
0027E9  1               
0027E9  1               ; compare FAC1 with (packed) FAC2
0027E9  1  A9 B3                LDA     #<FAC2_e        ; set pointer low byte to FAC2
0027EB  1  A0 00                LDY     #>FAC2_e        ; set pointer high byte to FAC2
0027ED  1  4C 1C 21             JMP     LAB_27F8        ; compare FAC1 with FAC2 (AY) and return
0027F0  1               ; returns A=$00 if FAC1 = (AY)
0027F0  1               ; returns A=$01 if FAC1 > (AY)
0027F0  1               ; returns A=$FF if FAC1 < (AY)
0027F0  1               
0027F0  1               ; perform WIDTH
0027F0  1               
0027F0  1               LAB_WDTH:
0027F0  1  C9 2C                CMP     #','            ; is next byte ","
0027F2  1  F0 1B                BEQ     LAB_TBSZ        ; if so do tab size
0027F4  1               
0027F4  1  20 8E 1C             JSR     LAB_GTBY        ; get byte parameter
0027F7  1  8A                   TXA                     ; copy width to A
0027F8  1  F0 0A                BEQ     LAB_NSTT        ; branch if set for infinite line
0027FA  1               
0027FA  1  E0 10                CPX     #$10            ; else make min width = 16d
0027FC  1  90 45                BCC     TabErr          ; if less do function call error and exit
0027FE  1               
0027FE  1               ; this next compare ensures that we can't exit WIDTH via an error leaving the
0027FE  1               ; tab size greater than the line length.
0027FE  1               
0027FE  1  E4 64                CPX     TabSiz          ; compare with tab size
002800  1  B0 02                BCS     LAB_NSTT        ; branch if >= tab size
002802  1               
002802  1  86 64                STX     TabSiz          ; else make tab size = terminal width
002804  1               LAB_NSTT:
002804  1  86 0F                STX     TWidth          ; set the terminal width
002806  1                       .IFDEF  DUODYNE
002806  1                       JSL     LAB_GBYT        ; scan memory
002806  1                       .ELSE
002806  1  20 C2 00             JSR     LAB_GBYT        ; scan memory
002809  1                       .ENDIF
002809  1               
002809  1  F0 1A                BEQ     WExit           ; exit if no following
00280B  1               
00280B  1  C9 2C                CMP     #','            ; else is it ","
00280D  1  D0 A9                BNE     LAB_MMSE        ; if not do syntax error
00280F  1               
00280F  1               LAB_TBSZ:
00280F  1  20 8B 1C             JSR     LAB_SGBY        ; scan and get byte parameter
002812  1  8A                   TXA                     ; copy TAB size
002813  1  30 2E                BMI     TabErr          ; if >127 do function call error and exit
002815  1               
002815  1  E0 01                CPX     #$01            ; compare with min-1
002817  1  90 2A                BCC     TabErr          ; if <=1 do function call error and exit
002819  1               
002819  1  A5 0F                LDA     TWidth          ; set flags for width
00281B  1  F0 06                BEQ     LAB_SVTB        ; skip check if infinite line
00281D  1               
00281D  1  E4 0F                CPX     TWidth          ; compare TAB with width
00281F  1  F0 02                BEQ     LAB_SVTB        ; ok if =
002821  1               
002821  1  B0 20                BCS     TabErr          ; branch if too big
002823  1               
002823  1               LAB_SVTB:
002823  1  86 64                STX     TabSiz          ; save TAB size
002825  1               
002825  1               ; calculate tab column limit from TAB size. The Iclim is set to the last tab
002825  1               ; position on a line that still has at least one whole tab width between it
002825  1               ; and the end of the line.
002825  1               
002825  1               WExit:
002825  1  A5 0F                LDA     TWidth          ; get width
002827  1  F0 06                BEQ     LAB_SULP        ; branch if infinite line
002829  1               
002829  1  C5 64                CMP     TabSiz          ; compare with tab size
00282B  1  B0 03                BCS     LAB_WDLP        ; branch if >= tab size
00282D  1               
00282D  1  85 64                STA     TabSiz          ; else make tab size = terminal width
00282F  1               LAB_SULP:
00282F  1  38                   SEC                     ; set carry for subtract
002830  1               LAB_WDLP:
002830  1  E5 64                SBC     TabSiz          ; subtract tab size
002832  1  B0 FC                BCS     LAB_WDLP        ; loop while no borrow
002834  1               
002834  1  65 64                ADC     TabSiz          ; add tab size back
002836  1  18                   CLC                     ; clear carry for add
002837  1  65 64                ADC     TabSiz          ; add tab size back again
002839  1  85 10                STA     Iclim           ; save for now
00283B  1  A5 0F                LDA     TWidth          ; get width back
00283D  1  38                   SEC                     ; set carry for subtract
00283E  1  E5 10                SBC     Iclim           ; subtract remainder
002840  1  85 10                STA     Iclim           ; save tab column limit
002842  1               LAB_NOSQ:
002842  1  60                   RTS
002843  1               
002843  1               TabErr:
002843  1  4C 2B 17             JMP     LAB_FCER        ; do function call error then warm start
002846  1               
002846  1               ; perform SQR()
002846  1               
002846  1               LAB_SQR:
002846  1  A5 B0                LDA     FAC1_s          ; get FAC1 sign
002848  1  30 F9                BMI     TabErr          ; if -ve do function call error
00284A  1               
00284A  1  A5 AC                LDA     FAC1_e          ; get exponent
00284C  1  F0 F4                BEQ     LAB_NOSQ        ; if zero just return
00284E  1               
00284E  1               ; else do root
00284E  1  20 CF 20             JSR     LAB_27AB        ; round and copy FAC1 to FAC2
002851  1  A9 00                LDA     #$00            ; clear A
002853  1               
002853  1  85 77                STA     FACt_3          ; clear remainder
002855  1  85 76                STA     FACt_2          ; ..
002857  1  85 75                STA     FACt_1          ; ..
002859  1  85 78                STA     TempB           ; ..
00285B  1               
00285B  1  85 AF                STA     FAC1_3          ; clear root
00285D  1  85 AE                STA     FAC1_2          ; ..
00285F  1  85 AD                STA     FAC1_1          ; ..
002861  1               
002861  1  A2 18                LDX     #$18            ; 24 pairs of bits to do
002863  1  A5 B3                LDA     FAC2_e          ; get exponent
002865  1  4A                   LSR     A               ; check odd/even
002866  1  B0 0E                BCS     LAB_SQE2        ; if odd only 1 shift first time
002868  1               
002868  1               LAB_SQE1:
002868  1  06 B6                ASL     FAC2_3          ; shift highest bit of number ..
00286A  1  26 B5                ROL     FAC2_2          ; ..
00286C  1  26 B4                ROL     FAC2_1          ; ..
00286E  1  26 77                ROL     FACt_3          ; .. into remainder
002870  1  26 76                ROL     FACt_2          ; ..
002872  1  26 75                ROL     FACt_1          ; ..
002874  1  26 78                ROL     TempB           ; .. never overflows
002876  1               LAB_SQE2:
002876  1  06 B6                ASL     FAC2_3          ; shift highest bit of number ..
002878  1  26 B5                ROL     FAC2_2          ; ..
00287A  1  26 B4                ROL     FAC2_1          ; ..
00287C  1  26 77                ROL     FACt_3          ; .. into remainder
00287E  1  26 76                ROL     FACt_2          ; ..
002880  1  26 75                ROL     FACt_1          ; ..
002882  1  26 78                ROL     TempB           ; .. never overflows
002884  1               
002884  1  06 AF                ASL     FAC1_3          ; root = root * 2
002886  1  26 AE                ROL     FAC1_2          ; ..
002888  1  26 AD                ROL     FAC1_1          ; .. never overflows
00288A  1               
00288A  1  A5 AF                LDA     FAC1_3          ; get root low byte
00288C  1  2A                   ROL     A               ; *2
00288D  1  85 5B                STA     Temp3           ; save partial low byte
00288F  1  A5 AE                LDA     FAC1_2          ; get root low mid byte
002891  1  2A                   ROL     A               ; *2
002892  1  85 5C                STA     Temp3+1         ; save partial low mid byte
002894  1  A5 AD                LDA     FAC1_1          ; get root high mid byte
002896  1  2A                   ROL     A               ; *2
002897  1  85 5D                STA     Temp3+2         ; save partial high mid byte
002899  1  A9 00                LDA     #$00            ; get root high byte (always $00)
00289B  1  2A                   ROL     A               ; *2
00289C  1  85 5E                STA     Temp3+3         ; save partial high byte
00289E  1               
00289E  1               ; carry clear for subtract +1
00289E  1  A5 77                LDA     FACt_3          ; get remainder low byte
0028A0  1  E5 5B                SBC     Temp3           ; subtract partial low byte
0028A2  1  85 5B                STA     Temp3           ; save partial low byte
0028A4  1               
0028A4  1  A5 76                LDA     FACt_2          ; get remainder low mid byte
0028A6  1  E5 5C                SBC     Temp3+1         ; subtract partial low mid byte
0028A8  1  85 5C                STA     Temp3+1         ; save partial low mid byte
0028AA  1               
0028AA  1  A5 75                LDA     FACt_1          ; get remainder high mid byte
0028AC  1  E5 5D                SBC     Temp3+2         ; subtract partial high mid byte
0028AE  1  A8                   TAY                     ; copy partial high mid byte
0028AF  1               
0028AF  1  A5 78                LDA     TempB           ; get remainder high byte
0028B1  1  E5 5E                SBC     Temp3+3         ; subtract partial high byte
0028B3  1  90 0E                BCC     LAB_SQNS        ; skip sub if remainder smaller
0028B5  1               
0028B5  1  85 78                STA     TempB           ; save remainder high byte
0028B7  1               
0028B7  1  84 75                STY     FACt_1          ; save remainder high mid byte
0028B9  1               
0028B9  1  A5 5C                LDA     Temp3+1         ; get remainder low mid byte
0028BB  1  85 76                STA     FACt_2          ; save remainder low mid byte
0028BD  1               
0028BD  1  A5 5B                LDA     Temp3           ; get partial low byte
0028BF  1  85 77                STA     FACt_3          ; save remainder low byte
0028C1  1               
0028C1  1  E6 AF                INC     FAC1_3          ; increment root low byte (never any rollover)
0028C3  1               LAB_SQNS:
0028C3  1  CA                   DEX                     ; decrement bit pair count
0028C4  1  D0 A2                BNE     LAB_SQE1        ; loop if not all done
0028C6  1               
0028C6  1  38                   SEC                     ; set carry for subtract
0028C7  1  A5 B3                LDA     FAC2_e          ; get exponent
0028C9  1  E9 80                SBC     #$80            ; normalise
0028CB  1  6A                   ROR     A               ; /2 and re-bias to $80
0028CC  1  69 00                ADC     #$00            ; add bit zero back in (allow for half shift)
0028CE  1  85 AC                STA     FAC1_e          ; save it
0028D0  1  4C 39 1E             JMP     LAB_24D5        ; normalise FAC1 and return
0028D3  1               
0028D3  1               ; perform VARPTR()
0028D3  1               
0028D3  1               LAB_VARPTR:
0028D3  1                       .IFDEF  DUODYNE
0028D3  1                       JSL     LAB_IGBY        ; increment and scan memory
0028D3  1                       .ELSE
0028D3  1  20 BC 00             JSR     LAB_IGBY        ; increment and scan memory
0028D6  1                       .ENDIF
0028D6  1               
0028D6  1  20 AC 15             JSR     LAB_GVAR        ; get var address
0028D9  1  20 EF 13             JSR     LAB_1BFB        ; scan for ")" , else do syntax error then warm start
0028DC  1  A4 95                LDY     Cvaral          ; get var address low byte
0028DE  1  A5 96                LDA     Cvarah          ; get var address high byte
0028E0  1  4C 5B 18             JMP     LAB_AYFC        ; save and convert integer AY to FAC1 and return
0028E3  1               
0028E3  1               ; perform PI
0028E3  1               
0028E3  1               LAB_PI:
0028E3  1  A9 B9                LDA     #<LAB_2C7C      ; set (2*pi) pointer low byte
0028E5  1  A0 29                LDY     #>LAB_2C7C      ; set (2*pi) pointer high byte
0028E7  1  20 82 20             JSR     LAB_UFAC        ; unpack memory (AY) into FAC1
0028EA  1  C6 AC                DEC     FAC1_e          ; make result = PI
0028EC  1  60                   RTS
0028ED  1               
0028ED  1               ; perform TWOPI
0028ED  1               
0028ED  1               LAB_TWOPI:
0028ED  1  A9 B9                LDA     #<LAB_2C7C      ; set (2*pi) pointer low byte
0028EF  1  A0 29                LDY     #>LAB_2C7C      ; set (2*pi) pointer high byte
0028F1  1  4C 82 20             JMP     LAB_UFAC        ; unpack memory (AY) into FAC1 and return
0028F4  1               
0028F4  1               
0028F4  1               ; The rest are tables messages and code for RAM
0028F4  1               
0028F4  1               ; the rest of the code is tables and BASIC start-up code
0028F4  1               
0028F4  1               PG2_TABS:
0028F4  1  00                   .BYTE   $00             ; ctrl-c flag		-	$00 = enabled
0028F5  1  00                   .BYTE   $00             ; ctrl-c byte		-	GET needs this
0028F6  1  00                   .BYTE   $00             ; ctrl-c byte timeout	-	GET needs this
0028F7  1  B0 26                .WORD   CTRLC           ; ctrl c check vector
0028F9  1               ;	.word	xxxx			; non halting key input	-	monitor to set this
0028F9  1               ;	.word	xxxx			; output vector		-	monitor to set this
0028F9  1               ;	.word	xxxx			; load vector		-	monitor to set this
0028F9  1               ;	.word	xxxx			; save vector		-	monitor to set this
0028F9  1               PG2_TABE:
0028F9  1               
0028F9  1               ; character get subroutine for zero page
0028F9  1               
0028F9  1               ; For a 1.8432MHz 6502 including the JSR and RTS
0028F9  1               ; fastest (>=":")	=  29 cycles =  15.7uS
0028F9  1               ; slowest (<":")	=  40 cycles =  21.7uS
0028F9  1               ; space skip	= +21 cycles = +11.4uS
0028F9  1               ; inc across page	=  +4 cycles =  +2.2uS
0028F9  1               
0028F9  1               ; the target address for the LDA at LAB_2CF4 becomes the BASIC execute pointer once the
0028F9  1               ; block is copied to it's destination, any non zero page address will do at assembly
0028F9  1               ; time, to assemble a three byte instruction.
0028F9  1               
0028F9  1               ; page 0 initialisation table from $BC
0028F9  1               ; increment and scan memory
0028F9  1               
0028F9  1               LAB_2CEE:
0028F9  1  E6 C3                INC     Bpntrl          ; increment BASIC execute pointer low byte
0028FB  1  D0 02                BNE     LAB_2CF4        ; branch if no carry
0028FD  1               ; else
0028FD  1  E6 C4                INC     Bpntrh          ; increment BASIC execute pointer high byte
0028FF  1               
0028FF  1               ; page 0 initialisation table from $C2
0028FF  1               ; scan memory
0028FF  1                       .IFDEF  DUODYNE
0028FF  1               LAB_2CF4:
0028FF  1                       LDA     $FFFFFF         ; get byte to scan (addr set by call routine)
0028FF  1                       CMP     #TK_ELSE        ; compare with the token for ELSE
0028FF  1                       BEQ     LAB_2D05        ; exit if ELSE, not numeric, carry set
0028FF  1               
0028FF  1                       CMP     #':'            ; compare with ":"
0028FF  1                       BCS     LAB_2D05        ; exit if >= ":", not numeric, carry set
0028FF  1               
0028FF  1                       CMP     #' '            ; compare with " "
0028FF  1                       BEQ     LAB_2CEE        ; if " " go do next
0028FF  1               
0028FF  1                       SEC                     ; set carry for SBC
0028FF  1                       SBC     #'0'            ; subtract "0"
0028FF  1                       SEC                     ; set carry for SBC
0028FF  1                       SBC     #$D0            ; subtract -"0"
0028FF  1               ; clear carry if byte = "0"-"9"
0028FF  1               LAB_2D05:
0028FF  1                       RTL
0028FF  1                       .ELSE
0028FF  1               LAB_2CF4:
0028FF  1  AD FF FF             LDA     $FFFF           ; get byte to scan (addr set by call routine)
002902  1  C9 AD                CMP     #TK_ELSE        ; compare with the token for ELSE
002904  1  F0 0E                BEQ     LAB_2D05        ; exit if ELSE, not numeric, carry set
002906  1               
002906  1  C9 3A                CMP     #':'            ; compare with ":"
002908  1  B0 0A                BCS     LAB_2D05        ; exit if >= ":", not numeric, carry set
00290A  1               
00290A  1  C9 20                CMP     #' '            ; compare with " "
00290C  1  F0 EB                BEQ     LAB_2CEE        ; if " " go do next
00290E  1               
00290E  1  38                   SEC                     ; set carry for SBC
00290F  1  E9 30                SBC     #'0'            ; subtract "0"
002911  1  38                   SEC                     ; set carry for SBC
002912  1  E9 D0                SBC     #$D0            ; subtract -"0"
002914  1               ; clear carry if byte = "0"-"9"
002914  1               LAB_2D05:
002914  1  60                   RTS
002915  1                       .ENDIF
002915  1               
002915  1               ; page zero initialisation table $00-$12 inclusive
002915  1               
002915  1               StrTab:
002915  1  4C                   .BYTE   $4C             ; JMP opcode
002916  1  0C 08                .WORD   LAB_COLD        ; initial warm start vector (cold start)
002918  1               
002918  1  00                   .BYTE   $00             ; these bytes are not used by BASIC
002919  1  00 00                .WORD   $0000           ;
00291B  1  00 00                .WORD   $0000           ;
00291D  1  00 00                .WORD   $0000           ;
00291F  1               
00291F  1  4C                   .BYTE   $4C             ; JMP opcode
002920  1  2B 17                .WORD   LAB_FCER        ; initial user function vector ("Function call" error)
002922  1  00                   .BYTE   $00             ; default NULL count
002923  1  00                   .BYTE   $00             ; clear terminal position
002924  1  00                   .BYTE   $00             ; default terminal width byte
002925  1  F2                   .BYTE   $F2             ; default limit for TAB = 14
002926  1  00 34                .WORD   Ram_base        ; start of user RAM
002928  1               EndTab:
002928  1               
002928  1               LAB_MSZM:
002928  1  0D 0A 4D 65          .BYTE   $0D,$0A,"Memory size ",$00
00292C  1  6D 6F 72 79  
002930  1  20 73 69 7A  
002937  1               
002937  1               LAB_SMSG:
002937  1  20 42 79 74          .BYTE   " Bytes free",$0D,$0A,$0A
00293B  1  65 73 20 66  
00293F  1  72 65 65 0D  
002945  1  45 6E 68 61          .BYTE   "Enhanced BASIC 2.22",$0A,$00
002949  1  6E 63 65 64  
00294D  1  20 42 41 53  
00295A  1               
00295A  1               ; numeric constants and series
00295A  1               
00295A  1               ; constants and series for LOG(n)
00295A  1               LAB_25A0:
00295A  1  02                   .BYTE   $02             ; counter
00295B  1  80 19 56 62          .BYTE   $80,$19,$56,$62 ; 0.59898
00295F  1  80 76 22 F3          .BYTE   $80,$76,$22,$F3 ; 0.96147
002963  1               ;##	.byte	$80,$76,$22,$F1	; 0.96147
002963  1  82 38 AA 40          .BYTE   $82,$38,$AA,$40 ; 2.88539
002967  1               ;##	.byte	$82,$38,$AA,$45	; 2.88539
002967  1               
002967  1               LAB_25AD:
002967  1  80 35 04 F3          .BYTE   $80,$35,$04,$F3 ; 0.70711	1/root 2
00296B  1               LAB_25B1:
00296B  1  81 35 04 F3          .BYTE   $81,$35,$04,$F3 ; 1.41421	root 2
00296F  1               LAB_25B5:
00296F  1  80 80 00 00          .BYTE   $80,$80,$00,$00 ; -0.5
002973  1               LAB_25B9:
002973  1  80 31 72 18          .BYTE   $80,$31,$72,$18 ; 0.69315	LOG(2)
002977  1               
002977  1               ; numeric PRINT constants
002977  1               LAB_2947:
002977  1  91 43 4F F8          .BYTE   $91,$43,$4F,$F8 ; 99999.9375 (max value with at least one decimal)
00297B  1               LAB_294B:
00297B  1  94 74 23 F7          .BYTE   $94,$74,$23,$F7 ; 999999.4375 (max value before scientific notation)
00297F  1               LAB_294F:
00297F  1  94 74 24 00          .BYTE   $94,$74,$24,$00 ; 1000000
002983  1               
002983  1               ; EXP(n) constants and series
002983  1               LAB_2AFA:
002983  1  81 38 AA 3B          .BYTE   $81,$38,$AA,$3B ; 1.4427	(1/LOG base 2 e)
002987  1               LAB_2AFE:
002987  1  06                   .BYTE   $06             ; counter
002988  1  74 63 90 8C          .BYTE   $74,$63,$90,$8C ; 2.17023e-4
00298C  1  77 23 0C AB          .BYTE   $77,$23,$0C,$AB ; 0.00124
002990  1  7A 1E 94 00          .BYTE   $7A,$1E,$94,$00 ; 0.00968
002994  1  7C 63 42 80          .BYTE   $7C,$63,$42,$80 ; 0.05548
002998  1  7E 75 FE D0          .BYTE   $7E,$75,$FE,$D0 ; 0.24023
00299C  1  80 31 72 15          .BYTE   $80,$31,$72,$15 ; 0.69315
0029A0  1  81 00 00 00          .BYTE   $81,$00,$00,$00 ; 1.00000
0029A4  1               
0029A4  1               ;##	.byte	$07			; counter
0029A4  1               ;##	.byte	$74,$94,$2E,$40	; -1/7! (-1/5040)
0029A4  1               ;##	.byte	$77,$2E,$4F,$70	;  1/6! ( 1/720)
0029A4  1               ;##	.byte	$7A,$88,$02,$6E	; -1/5! (-1/120)
0029A4  1               ;##	.byte	$7C,$2A,$A0,$E6	;  1/4! ( 1/24)
0029A4  1               ;##	.byte	$7E,$AA,$AA,$50	; -1/3! (-1/6)
0029A4  1               ;##	.byte	$7F,$7F,$FF,$FF	;  1/2! ( 1/2)
0029A4  1               ;##	.byte	$81,$80,$00,$00	; -1/1! (-1/1)
0029A4  1               ;##	.byte	$81,$00,$00,$00	;  1/0! ( 1/1)
0029A4  1               
0029A4  1               ; trigonometric constants and series
0029A4  1               LAB_2C78:
0029A4  1  81 49 0F DB          .BYTE   $81,$49,$0F,$DB ; 1.570796371 (pi/2) as floating #
0029A8  1               LAB_2C84:
0029A8  1  04                   .BYTE   $04             ; counter
0029A9  1  86 1E D7 FB          .BYTE   $86,$1E,$D7,$FB ; 39.7109
0029AD  1               ;##	.byte	$86,$1E,$D7,$BA	; 39.7109
0029AD  1  87 99 26 65          .BYTE   $87,$99,$26,$65 ;-76.575
0029B1  1               ;##	.byte	$87,$99,$26,$64	;-76.575
0029B1  1  87 23 34 58          .BYTE   $87,$23,$34,$58 ; 81.6022
0029B5  1  86 A5 5D E1          .BYTE   $86,$A5,$5D,$E1 ;-41.3417
0029B9  1               ;##	.byte	$86,$A5,$5D,$E0	;-41.3417
0029B9  1               LAB_2C7C:
0029B9  1  83 49 0F DB          .BYTE   $83,$49,$0F,$DB ; 6.28319 (2*pi) as floating #
0029BD  1               ;##	.byte	$83,$49,$0F,$DA	; 6.28319 (2*pi) as floating #
0029BD  1               
0029BD  1               LAB_2CC9:
0029BD  1  08                   .BYTE   $08             ; counter
0029BE  1  78 3A C5 37          .BYTE   $78,$3A,$C5,$37 ; 0.00285
0029C2  1  7B 83 A2 5C          .BYTE   $7B,$83,$A2,$5C ;-0.0160686
0029C6  1  7C 2E DD 4D          .BYTE   $7C,$2E,$DD,$4D ; 0.0426915
0029CA  1  7D 99 B0 1E          .BYTE   $7D,$99,$B0,$1E ;-0.0750429
0029CE  1  7D 59 ED 24          .BYTE   $7D,$59,$ED,$24 ; 0.106409
0029D2  1  7E 91 72 00          .BYTE   $7E,$91,$72,$00 ;-0.142036
0029D6  1  7E 4C B9 73          .BYTE   $7E,$4C,$B9,$73 ; 0.199926
0029DA  1  7F AA AA 53          .BYTE   $7F,$AA,$AA,$53 ;-0.333331
0029DE  1               
0029DE  1               ;##	.byte	$08			; counter
0029DE  1               ;##	.byte	$78,$3B,$D7,$4A	; 1/17
0029DE  1               ;##	.byte	$7B,$84,$6E,$02	;-1/15
0029DE  1               ;##	.byte	$7C,$2F,$C1,$FE	; 1/13
0029DE  1               ;##	.byte	$7D,$9A,$31,$74	;-1/11
0029DE  1               ;##	.byte	$7D,$5A,$3D,$84	; 1/9
0029DE  1               ;##	.byte	$7E,$91,$7F,$C8	;-1/7
0029DE  1               ;##	.byte	$7E,$4C,$BB,$E4	; 1/5
0029DE  1               ;##	.byte	$7F,$AA,$AA,$6C	;-1/3
0029DE  1               
0029DE  1               LAB_1D96        = *+1           ; $00,$00 used for undefined variables
0029DE  1               LAB_259C:
0029DE  1  81 00 00 00          .BYTE   $81,$00,$00,$00 ; 1.000000, used for INC
0029E2  1               LAB_2AFD:
0029E2  1  81 80 00 00          .BYTE   $81,$80,$00,$00 ; -1.00000, used for DEC. must be on the same page as +1.00
0029E6  1               
0029E6  1               ; misc constants
0029E6  1               LAB_1DF7:
0029E6  1  90                   .BYTE   $90             ;-32768 (uses first three bytes from 0.5)
0029E7  1               LAB_2A96:
0029E7  1  80 00 00 00          .BYTE   $80,$00,$00,$00 ; 0.5
0029EB  1               LAB_2C80:
0029EB  1  7F 00 00 00          .BYTE   $7F,$00,$00,$00 ; 0.25
0029EF  1               LAB_26B5:
0029EF  1  84 20 00 00          .BYTE   $84,$20,$00,$00 ; 10.0000 divide by 10 constant
0029F3  1               
0029F3  1               ; This table is used in converting numbers to ASCII.
0029F3  1               
0029F3  1               LAB_2A9A:
0029F3  1               LAB_2A9B        = LAB_2A9A+1
0029F3  1               LAB_2A9C        = LAB_2A9B+1
0029F3  1  FE 79 60             .BYTE   $FE,$79,$60     ; -100000
0029F6  1  00 27 10             .BYTE   $00,$27,$10     ; 10000
0029F9  1  FF FC 18             .BYTE   $FF,$FC,$18     ; -1000
0029FC  1  00 00 64             .BYTE   $00,$00,$64     ; 100
0029FF  1  FF FF F6             .BYTE   $FF,$FF,$F6     ; -10
002A02  1  00 00 01             .BYTE   $00,$00,$01     ; 1
002A05  1               
002A05  1               LAB_CTBL:
002A05  1  1A 0D                .WORD   LAB_END-1       ; END
002A07  1  56 0C                .WORD   LAB_FOR-1       ; FOR
002A09  1  64 12                .WORD   LAB_NEXT-1      ; NEXT
002A0B  1  8B 0E                .WORD   LAB_DATA-1      ; DATA
002A0D  1  46 11                .WORD   LAB_INPUT-1     ; INPUT
002A0F  1  60 15                .WORD   LAB_DIM-1       ; DIM
002A11  1  66 11                .WORD   LAB_READ-1      ; READ
002A13  1  B3 0F                .WORD   LAB_LET-1       ; LET
002A15  1  85 0F                .WORD   LAB_DEC-1       ; DEC			new command
002A17  1  EA 0D                .WORD   LAB_GOTO-1      ; GOTO
002A19  1  A9 0D                .WORD   LAB_RUN-1       ; RUN
002A1B  1  B9 0E                .WORD   LAB_IF-1        ; IF
002A1D  1  41 0D                .WORD   LAB_RESTORE-1   ; RESTORE		modified command
002A1F  1  CD 0D                .WORD   LAB_GOSUB-1     ; GOSUB
002A21  1  6D 27                .WORD   LAB_RETIRQ-1    ; RETIRQ		new command
002A23  1  79 27                .WORD   LAB_RETNMI-1    ; RETNMI		new command
002A25  1  76 0E                .WORD   LAB_RETURN-1    ; RETURN
002A27  1  1D 0F                .WORD   LAB_REM-1       ; REM
002A29  1  18 0D                .WORD   LAB_STOP-1      ; STOP
002A2B  1  26 0F                .WORD   LAB_ON-1        ; ON			modified command
002A2D  1  7F 0D                .WORD   LAB_NULL-1      ; NULL		modified command
002A2F  1  88 0F                .WORD   LAB_INC-1       ; INC			new command
002A31  1  8D 1D                .WORD   LAB_WAIT-1      ; WAIT
002A33  1  35 31                .WORD   V_LOAD-1        ; LOAD
002A35  1  85 30                .WORD   V_SAVE-1        ; SAVE
002A37  1  75 18                .WORD   LAB_DEF-1       ; DEF
002A39  1  10 1D                .WORD   LAB_POKE-1      ; POKE
002A3B  1  2C 1D                .WORD   LAB_DOKE-1      ; DOKE		new command
002A3D  1  7A 1D                .WORD   LAB_CALL-1      ; CALL		new command
002A3F  1  B3 0D                .WORD   LAB_DO-1        ; DO			new command
002A41  1  1C 0E                .WORD   LAB_LOOP-1      ; LOOP		new command
002A43  1  54 10                .WORD   LAB_PRINT-1     ; PRINT
002A45  1  85 0D                .WORD   LAB_CONT-1      ; CONT
002A47  1  A1 0B                .WORD   LAB_LIST-1      ; LIST
002A49  1  9E 0B                .WORD   LAB_CLEAR-1     ; CLEAR
002A4B  1  4C 0B                .WORD   LAB_NEW-1       ; NEW
002A4D  1  EF 27                .WORD   LAB_WDTH-1      ; WIDTH		new command
002A4F  1  23 10                .WORD   LAB_GET-1       ; GET			new command
002A51  1  52 1D                .WORD   LAB_SWAP-1      ; SWAP		new command
002A53  1  89 25                .WORD   LAB_BITSET-1    ; BITSET		new command
002A55  1  9D 25                .WORD   LAB_BITCLR-1    ; BITCLR		new command
002A57  1  1B 27                .WORD   LAB_IRQ-1       ; IRQ			new command
002A59  1  1E 27                .WORD   LAB_NMI-1       ; NMI			new command
002A5B  1  82 30                .WORD   LAB_KILL-1      ; KILL			new command
002A5D  1               
002A5D  1               ; function pre process routine table
002A5D  1               
002A5D  1               LAB_FTPL:
002A5D  1               LAB_FTPM        = LAB_FTPL+$01
002A5D  1  65 14                .WORD   LAB_PPFN-1      ; SGN(n)	process numeric expression in ()
002A5F  1  65 14                .WORD   LAB_PPFN-1      ; INT(n)		"
002A61  1  65 14                .WORD   LAB_PPFN-1      ; ABS(n)		"
002A63  1  E8 12                .WORD   LAB_EVEZ-1      ; USR(x)	process any expression
002A65  1  EB 13                .WORD   LAB_1BF7-1      ; FRE(x)		"
002A67  1  EB 13                .WORD   LAB_1BF7-1      ; POS(x)		"
002A69  1  65 14                .WORD   LAB_PPFN-1      ; SQR(n)	process numeric expression in ()
002A6B  1  65 14                .WORD   LAB_PPFN-1      ; RND(n)		"
002A6D  1  65 14                .WORD   LAB_PPFN-1      ; LOG(n)		"
002A6F  1  65 14                .WORD   LAB_PPFN-1      ; EXP(n)		"
002A71  1  65 14                .WORD   LAB_PPFN-1      ; COS(n)		"
002A73  1  65 14                .WORD   LAB_PPFN-1      ; SIN(n)		"
002A75  1  65 14                .WORD   LAB_PPFN-1      ; TAN(n)		"
002A77  1  65 14                .WORD   LAB_PPFN-1      ; ATN(n)		"
002A79  1  65 14                .WORD   LAB_PPFN-1      ; PEEK(n)		"
002A7B  1  65 14                .WORD   LAB_PPFN-1      ; DEEK(n)		"
002A7D  1  00 00                .WORD   $0000           ; SADD()	none
002A7F  1  5F 14                .WORD   LAB_PPFS-1      ; LEN($)	process string expression in ()
002A81  1  65 14                .WORD   LAB_PPFN-1      ; STR$(n)	process numeric expression in ()
002A83  1  5F 14                .WORD   LAB_PPFS-1      ; VAL($)	process string expression in ()
002A85  1  5F 14                .WORD   LAB_PPFS-1      ; ASC($)		"
002A87  1  5F 14                .WORD   LAB_PPFS-1      ; UCASE$($)		"
002A89  1  5F 14                .WORD   LAB_PPFS-1      ; LCASE$($)		"
002A8B  1  65 14                .WORD   LAB_PPFN-1      ; CHR$(n)	process numeric expression in ()
002A8D  1  8D 14                .WORD   LAB_BHSS-1      ; HEX$(n)		"
002A8F  1  8D 14                .WORD   LAB_BHSS-1      ; BIN$(n)		"
002A91  1  00 00                .WORD   $0000           ; BITTST()	none
002A93  1  85 27                .WORD   LAB_MMPP-1      ; MAX()	process numeric expression
002A95  1  85 27                .WORD   LAB_MMPP-1      ; MIN()		"
002A97  1  6B 14                .WORD   LAB_PPBI-1      ; PI		advance pointer
002A99  1  6B 14                .WORD   LAB_PPBI-1      ; TWOPI		"
002A9B  1  00 00                .WORD   $0000           ; VARPTR()	none
002A9D  1  71 14                .WORD   LAB_LRMS-1      ; LEFT$()	process string expression
002A9F  1  71 14                .WORD   LAB_LRMS-1      ; RIGHT$()		"
002AA1  1  71 14                .WORD   LAB_LRMS-1      ; MID$()		"
002AA3  1               
002AA3  1               ; action addresses for functions
002AA3  1               
002AA3  1               LAB_FTBL:
002AA3  1               LAB_FTBM        = LAB_FTBL+$01
002AA3  1  FB 20                .WORD   LAB_SGN-1       ; SGN()
002AA5  1  85 21                .WORD   LAB_INT-1       ; INT()
002AA7  1  18 21                .WORD   LAB_ABS-1       ; ABS()
002AA9  1  54 25                .WORD   LAB_USR-1       ; USR()
002AAB  1  46 18                .WORD   LAB_FRE-1       ; FRE()
002AAD  1  65 18                .WORD   LAB_POS-1       ; POS()
002AAF  1  45 28                .WORD   LAB_SQR-1       ; SQR()
002AB1  1  A4 24                .WORD   LAB_RND-1       ; RND()		modified function
002AB3  1  FF 1E                .WORD   LAB_LOG-1       ; LOG()
002AB5  1  06 24                .WORD   LAB_EXP-1       ; EXP()
002AB7  1  D8 24                .WORD   LAB_COS-1       ; COS()
002AB9  1  DF 24                .WORD   LAB_SIN-1       ; SIN()
002ABB  1  28 25                .WORD   LAB_TAN-1       ; TAN()
002ABD  1  5A 25                .WORD   LAB_ATN-1       ; ATN()
002ABF  1  05 1D                .WORD   LAB_PEEK-1      ; PEEK()
002AC1  1  19 1D                .WORD   LAB_DEEK-1      ; DEEK()		new function
002AC3  1  56 1C                .WORD   LAB_SADD-1      ; SADD()		new function
002AC5  1  6F 1C                .WORD   LAB_LENS-1      ; LEN()
002AC7  1  27 19                .WORD   LAB_STRS-1      ; STR$()
002AC9  1  9D 1C                .WORD   LAB_VAL-1       ; VAL()
002ACB  1  7A 1C                .WORD   LAB_ASC-1       ; ASC()
002ACD  1  34 1C                .WORD   LAB_UCASE-1     ; UCASE$()		new function
002ACF  1  13 1C                .WORD   LAB_LCASE-1     ; LCASE$()		new function
002AD1  1  85 1B                .WORD   LAB_CHRS-1      ; CHR$()
002AD3  1  2A 26                .WORD   LAB_HEXS-1      ; HEX$()		new function
002AD5  1  DB 25                .WORD   LAB_BINS-1      ; BIN$()		new function
002AD7  1  B3 25                .WORD   LAB_BTST-1      ; BITTST()		new function
002AD9  1  8B 27                .WORD   LAB_MAX-1       ; MAX()		new function
002ADB  1  9B 27                .WORD   LAB_MIN-1       ; MIN()		new function
002ADD  1  E2 28                .WORD   LAB_PI-1        ; PI			new function
002ADF  1  EC 28                .WORD   LAB_TWOPI-1     ; TWOPI		new function
002AE1  1  D2 28                .WORD   LAB_VARPTR-1    ; VARPTR()		new function
002AE3  1  97 1B                .WORD   LAB_LEFT-1      ; LEFT$()
002AE5  1  A0 1B                .WORD   LAB_RIGHT-1     ; RIGHT$()
002AE7  1  CF 1B                .WORD   LAB_MIDS-1      ; MID$()
002AE9  1               
002AE9  1               ; hierarchy and action addresses for operator
002AE9  1               
002AE9  1               LAB_OPPT:
002AE9  1  79                   .BYTE   $79             ; +
002AEA  1  C5 1D                .WORD   LAB_ADD-1
002AEC  1  79                   .BYTE   $79             ; -
002AED  1  AA 1D                .WORD   LAB_SUBTRACT-1
002AEF  1  7B                   .BYTE   $7B             ; *
002AF0  1  40 1F                .WORD   LAB_MULTIPLY-1
002AF2  1  7B                   .BYTE   $7B             ; /
002AF3  1  08 20                .WORD   LAB_DIVIDE-1
002AF5  1  7F                   .BYTE   $7F             ; ^
002AF6  1  C2 23                .WORD   LAB_POWER-1
002AF8  1  50                   .BYTE   $50             ; AND
002AF9  1  D6 14                .WORD   LAB_AND-1
002AFB  1  46                   .BYTE   $46             ; EOR			new operator
002AFC  1  BC 14                .WORD   LAB_EOR-1
002AFE  1  46                   .BYTE   $46             ; OR
002AFF  1  C9 14                .WORD   LAB_OR-1
002B01  1  56                   .BYTE   $56             ; >>			new operator
002B02  1  82 15                .WORD   LAB_RSHIFT-1
002B04  1  56                   .BYTE   $56             ; <<			new operator
002B05  1  6A 15                .WORD   LAB_LSHIFT-1
002B07  1  7D                   .BYTE   $7D             ; >
002B08  1  FB 23                .WORD   LAB_GTHAN-1
002B0A  1  5A                   .BYTE   $5A             ; =
002B0B  1  17 14                .WORD   LAB_EQUAL-1
002B0D  1  64                   .BYTE   $64             ; <
002B0E  1  F7 14                .WORD   LAB_LTHAN-1
002B10  1               
002B10  1               ; keywords start with ..
002B10  1               ; this is the first character table and must be in alphabetic order
002B10  1               
002B10  1               TAB_1STC:
002B10  1  2A                   .BYTE   "*"
002B11  1  2B                   .BYTE   "+"
002B12  1  2D                   .BYTE   "-"
002B13  1  2F                   .BYTE   "/"
002B14  1  3C                   .BYTE   "<"
002B15  1  3D                   .BYTE   "="
002B16  1  3E                   .BYTE   ">"
002B17  1  3F                   .BYTE   "?"
002B18  1  41                   .BYTE   "A"
002B19  1  42                   .BYTE   "B"
002B1A  1  43                   .BYTE   "C"
002B1B  1  44                   .BYTE   "D"
002B1C  1  45                   .BYTE   "E"
002B1D  1  46                   .BYTE   "F"
002B1E  1  47                   .BYTE   "G"
002B1F  1  48                   .BYTE   "H"
002B20  1  49                   .BYTE   "I"
002B21  1  4B                   .BYTE   "K"
002B22  1  4C                   .BYTE   "L"
002B23  1  4D                   .BYTE   "M"
002B24  1  4E                   .BYTE   "N"
002B25  1  4F                   .BYTE   "O"
002B26  1  50                   .BYTE   "P"
002B27  1  52                   .BYTE   "R"
002B28  1  53                   .BYTE   "S"
002B29  1  54                   .BYTE   "T"
002B2A  1  55                   .BYTE   "U"
002B2B  1  56                   .BYTE   "V"
002B2C  1  57                   .BYTE   "W"
002B2D  1  5E                   .BYTE   "^"
002B2E  1  00                   .BYTE   $00             ; table terminator
002B2F  1               
002B2F  1               ; pointers to keyword tables
002B2F  1               
002B2F  1               TAB_CHRT:
002B2F  1  6B 2B                .WORD   TAB_STAR        ; table for "*"
002B31  1  6D 2B                .WORD   TAB_PLUS        ; table for "+"
002B33  1  6F 2B                .WORD   TAB_MNUS        ; table for "-"
002B35  1  71 2B                .WORD   TAB_SLAS        ; table for "/"
002B37  1  73 2B                .WORD   TAB_LESS        ; table for "<"
002B39  1  77 2B                .WORD   TAB_EQUL        ; table for "="
002B3B  1  79 2B                .WORD   TAB_MORE        ; table for ">"
002B3D  1  7D 2B                .WORD   TAB_QEST        ; table for "?"
002B3F  1  7F 2B                .WORD   TAB_ASCA        ; table for "A"
002B41  1  8F 2B                .WORD   TAB_ASCB        ; table for "B"
002B43  1  A8 2B                .WORD   TAB_ASCC        ; table for "C"
002B45  1  BF 2B                .WORD   TAB_ASCD        ; table for "D"
002B47  1  D8 2B                .WORD   TAB_ASCE        ; table for "E"
002B49  1  E7 2B                .WORD   TAB_ASCF        ; table for "F"
002B4B  1  F1 2B                .WORD   TAB_ASCG        ; table for "G"
002B4D  1  FE 2B                .WORD   TAB_ASCH        ; table for "H"
002B4F  1  04 2C                .WORD   TAB_ASCI        ; table for "I"
002B51  1  16 2C                .WORD   TAB_ASCK        ; table for "K"
002B53  1  1A 2C                .WORD   TAB_ASCL        ; table for "L"
002B55  1  3F 2C                .WORD   TAB_ASCM        ; table for "M"
002B57  1  4D 2C                .WORD   TAB_ASCN        ; table for "N"
002B59  1  5F 2C                .WORD   TAB_ASCO        ; table for "O"
002B5B  1  67 2C                .WORD   TAB_ASCP        ; table for "P"
002B5D  1  7C 2C                .WORD   TAB_ASCR        ; table for "R"
002B5F  1  AB 2C                .WORD   TAB_ASCS        ; table for "S"
002B61  1  D6 2C                .WORD   TAB_ASCT        ; table for "T"
002B63  1  EA 2C                .WORD   TAB_ASCU        ; table for "U"
002B65  1  FB 2C                .WORD   TAB_ASCV        ; table for "V"
002B67  1  07 2D                .WORD   TAB_ASCW        ; table for "W"
002B69  1  16 2D                .WORD   TAB_POWR        ; table for "^"
002B6B  1               
002B6B  1               ; tables for each start character, note if a longer keyword with the same start
002B6B  1               ; letters as a shorter one exists then it must come first, else the list is in
002B6B  1               ; alphabetical order as follows ..
002B6B  1               
002B6B  1               ; [keyword,token
002B6B  1               ; [keyword,token]]
002B6B  1               ; end marker (#$00)
002B6B  1               
002B6B  1               TAB_STAR:
002B6B  1  B9 00                .BYTE   TK_MUL,$00      ; *
002B6D  1               TAB_PLUS:
002B6D  1  B7 00                .BYTE   TK_PLUS,$00     ; +
002B6F  1               TAB_MNUS:
002B6F  1  B8 00                .BYTE   TK_MINUS,$00    ; -
002B71  1               TAB_SLAS:
002B71  1  BA 00                .BYTE   TK_DIV,$00      ; /
002B73  1               TAB_LESS:
002B73  1               LBB_LSHIFT:
002B73  1  3C C0                .BYTE   "<",TK_LSHIFT   ; <<	note - "<<" must come before "<"
002B75  1  C3                   .BYTE   TK_LT           ; <
002B76  1  00                   .BYTE   $00
002B77  1               TAB_EQUL:
002B77  1  C2 00                .BYTE   TK_EQUAL,$00    ; =
002B79  1               TAB_MORE:
002B79  1               LBB_RSHIFT:
002B79  1  3E BF                .BYTE   ">",TK_RSHIFT   ; >>	note - ">>" must come before ">"
002B7B  1  C1                   .BYTE   TK_GT           ; >
002B7C  1  00                   .BYTE   $00
002B7D  1               TAB_QEST:
002B7D  1  9F 00                .BYTE   TK_PRINT,$00    ; ?
002B7F  1               TAB_ASCA:
002B7F  1               LBB_ABS:
002B7F  1  42 53 28 C6          .BYTE   "BS(",TK_ABS    ; ABS(
002B83  1               LBB_AND:
002B83  1  4E 44 BC             .BYTE   "ND",TK_AND     ; AND
002B86  1               LBB_ASC:
002B86  1  53 43 28 D8          .BYTE   "SC(",TK_ASC    ; ASC(
002B8A  1               LBB_ATN:
002B8A  1  54 4E 28 D1          .BYTE   "TN(",TK_ATN    ; ATN(
002B8E  1  00                   .BYTE   $00
002B8F  1               TAB_ASCB:
002B8F  1               LBB_BINS:
002B8F  1  49 4E 24 28          .BYTE   "IN$(",TK_BINS  ; BIN$(
002B93  1  DD           
002B94  1               LBB_BITCLR:
002B94  1  49 54 43 4C          .BYTE   "ITCLR",TK_BITCLR; BITCLR
002B98  1  52 A8        
002B9A  1               LBB_BITSET:
002B9A  1  49 54 53 45          .BYTE   "ITSET",TK_BITSET; BITSET
002B9E  1  54 A7        
002BA0  1               LBB_BITTST:
002BA0  1  49 54 54 53          .BYTE   "ITTST(",TK_BITTST
002BA4  1  54 28 DE     
002BA7  1               ; BITTST(
002BA7  1  00                   .BYTE   $00
002BA8  1               TAB_ASCC:
002BA8  1               LBB_CALL:
002BA8  1  41 4C 4C 9C          .BYTE   "ALL",TK_CALL   ; CALL
002BAC  1               LBB_CHRS:
002BAC  1  48 52 24 28          .BYTE   "HR$(",TK_CHRS  ; CHR$(
002BB0  1  DB           
002BB1  1               LBB_CLEAR:
002BB1  1  4C 45 41 52          .BYTE   "LEAR",TK_CLEAR ; CLEAR
002BB5  1  A2           
002BB6  1               LBB_CONT:
002BB6  1  4F 4E 54 A0          .BYTE   "ONT",TK_CONT   ; CONT
002BBA  1               LBB_COS:
002BBA  1  4F 53 28 CE          .BYTE   "OS(",TK_COS    ; COS(
002BBE  1  00                   .BYTE   $00
002BBF  1               TAB_ASCD:
002BBF  1               LBB_DATA:
002BBF  1  41 54 41 83          .BYTE   "ATA",TK_DATA   ; DATA
002BC3  1               LBB_DEC:
002BC3  1  45 43 88             .BYTE   "EC",TK_DEC     ; DEC
002BC6  1               LBB_DEEK:
002BC6  1  45 45 4B 28          .BYTE   "EEK(",TK_DEEK  ; DEEK(
002BCA  1  D3           
002BCB  1               LBB_DEF:
002BCB  1  45 46 99             .BYTE   "EF",TK_DEF     ; DEF
002BCE  1               LBB_DIM:
002BCE  1  49 4D 85             .BYTE   "IM",TK_DIM     ; DIM
002BD1  1               LBB_DOKE:
002BD1  1  4F 4B 45 9B          .BYTE   "OKE",TK_DOKE   ; DOKE note - "DOKE" must come before "DO"
002BD5  1               LBB_DO:
002BD5  1  4F 9D                .BYTE   "O",TK_DO       ; DO
002BD7  1  00                   .BYTE   $00
002BD8  1               TAB_ASCE:
002BD8  1               LBB_ELSE:
002BD8  1  4C 53 45 AD          .BYTE   "LSE",TK_ELSE   ; ELSE
002BDC  1               LBB_END:
002BDC  1  4E 44 80             .BYTE   "ND",TK_END     ; END
002BDF  1               LBB_EOR:
002BDF  1  4F 52 BD             .BYTE   "OR",TK_EOR     ; EOR
002BE2  1               LBB_EXP:
002BE2  1  58 50 28 CD          .BYTE   "XP(",TK_EXP    ; EXP(
002BE6  1  00                   .BYTE   $00
002BE7  1               TAB_ASCF:
002BE7  1               LBB_FN:
002BE7  1  4E AF                .BYTE   "N",TK_FN       ; FN
002BE9  1               LBB_FOR:
002BE9  1  4F 52 81             .BYTE   "OR",TK_FOR     ; FOR
002BEC  1               LBB_FRE:
002BEC  1  52 45 28 C8          .BYTE   "RE(",TK_FRE    ; FRE(
002BF0  1  00                   .BYTE   $00
002BF1  1               TAB_ASCG:
002BF1  1               LBB_GET:
002BF1  1  45 54 A5             .BYTE   "ET",TK_GET     ; GET
002BF4  1               LBB_GOSUB:
002BF4  1  4F 53 55 42          .BYTE   "OSUB",TK_GOSUB ; GOSUB
002BF8  1  8D           
002BF9  1               LBB_GOTO:
002BF9  1  4F 54 4F 89          .BYTE   "OTO",TK_GOTO   ; GOTO
002BFD  1  00                   .BYTE   $00
002BFE  1               TAB_ASCH:
002BFE  1               LBB_HEXS:
002BFE  1  45 58 24 28          .BYTE   "EX$(",TK_HEXS  ; HEX$(
002C02  1  DC           
002C03  1  00                   .BYTE   $00
002C04  1               TAB_ASCI:
002C04  1               LBB_IF:
002C04  1  46 8B                .BYTE   "F",TK_IF       ; IF
002C06  1               LBB_INC:
002C06  1  4E 43 95             .BYTE   "NC",TK_INC     ; INC
002C09  1               LBB_INPUT:
002C09  1  4E 50 55 54          .BYTE   "NPUT",TK_INPUT ; INPUT
002C0D  1  84           
002C0E  1               LBB_INT:
002C0E  1  4E 54 28 C5          .BYTE   "NT(",TK_INT    ; INT(
002C12  1               LBB_IRQ:
002C12  1  52 51 A9             .BYTE   "RQ",TK_IRQ     ; IRQ
002C15  1  00                   .BYTE   $00
002C16  1               TAB_ASCK:
002C16  1               LBB_KILL:
002C16  1  49 4C 4C AB          .BYTE   "ILL",TK_KILL   ; KILL
002C1A  1               TAB_ASCL:
002C1A  1               LBB_LCASES:
002C1A  1  43 41 53 45          .BYTE   "CASE$(",TK_LCASES
002C1E  1  24 28 DA     
002C21  1               ; LCASE$(
002C21  1               LBB_LEFTS:
002C21  1  45 46 54 24          .BYTE   "EFT$(",TK_LEFTS; LEFT$(
002C25  1  28 E4        
002C27  1               LBB_LEN:
002C27  1  45 4E 28 D5          .BYTE   "EN(",TK_LEN    ; LEN(
002C2B  1               LBB_LET:
002C2B  1  45 54 87             .BYTE   "ET",TK_LET     ; LET
002C2E  1               LBB_LIST:
002C2E  1  49 53 54 A1          .BYTE   "IST",TK_LIST   ; LIST
002C32  1               LBB_LOAD:
002C32  1  4F 41 44 97          .BYTE   "OAD",TK_LOAD   ; LOAD
002C36  1               LBB_LOG:
002C36  1  4F 47 28 CC          .BYTE   "OG(",TK_LOG    ; LOG(
002C3A  1               LBB_LOOP:
002C3A  1  4F 4F 50 9E          .BYTE   "OOP",TK_LOOP   ; LOOP
002C3E  1  00                   .BYTE   $00
002C3F  1               TAB_ASCM:
002C3F  1               LBB_MAX:
002C3F  1  41 58 28 DF          .BYTE   "AX(",TK_MAX    ; MAX(
002C43  1               LBB_MIDS:
002C43  1  49 44 24 28          .BYTE   "ID$(",TK_MIDS  ; MID$(
002C47  1  E6           
002C48  1               LBB_MIN:
002C48  1  49 4E 28 E0          .BYTE   "IN(",TK_MIN    ; MIN(
002C4C  1  00                   .BYTE   $00
002C4D  1               TAB_ASCN:
002C4D  1               LBB_NEW:
002C4D  1  45 57 A3             .BYTE   "EW",TK_NEW     ; NEW
002C50  1               LBB_NEXT:
002C50  1  45 58 54 82          .BYTE   "EXT",TK_NEXT   ; NEXT
002C54  1               LBB_NMI:
002C54  1  4D 49 AA             .BYTE   "MI",TK_NMI     ; NMI
002C57  1               LBB_NOT:
002C57  1  4F 54 B2             .BYTE   "OT",TK_NOT     ; NOT
002C5A  1               LBB_NULL:
002C5A  1  55 4C 4C 94          .BYTE   "ULL",TK_NULL   ; NULL
002C5E  1  00                   .BYTE   $00
002C5F  1               TAB_ASCO:
002C5F  1               LBB_OFF:
002C5F  1  46 46 B6             .BYTE   "FF",TK_OFF     ; OFF
002C62  1               LBB_ON:
002C62  1  4E 93                .BYTE   "N",TK_ON       ; ON
002C64  1               LBB_OR:
002C64  1  52 BE                .BYTE   "R",TK_OR       ; OR
002C66  1  00                   .BYTE   $00
002C67  1               TAB_ASCP:
002C67  1               LBB_PEEK:
002C67  1  45 45 4B 28          .BYTE   "EEK(",TK_PEEK  ; PEEK(
002C6B  1  D2           
002C6C  1               LBB_PI:
002C6C  1  49 E1                .BYTE   "I",TK_PI       ; PI
002C6E  1               LBB_POKE:
002C6E  1  4F 4B 45 9A          .BYTE   "OKE",TK_POKE   ; POKE
002C72  1               LBB_POS:
002C72  1  4F 53 28 C9          .BYTE   "OS(",TK_POS    ; POS(
002C76  1               LBB_PRINT:
002C76  1  52 49 4E 54          .BYTE   "RINT",TK_PRINT ; PRINT
002C7A  1  9F           
002C7B  1  00                   .BYTE   $00
002C7C  1               TAB_ASCR:
002C7C  1               LBB_READ:
002C7C  1  45 41 44 86          .BYTE   "EAD",TK_READ   ; READ
002C80  1               LBB_REM:
002C80  1  45 4D 91             .BYTE   "EM",TK_REM     ; REM
002C83  1               LBB_RESTORE:
002C83  1  45 53 54 4F          .BYTE   "ESTORE",TK_RESTORE
002C87  1  52 45 8C     
002C8A  1               ; RESTORE
002C8A  1               LBB_RETIRQ:
002C8A  1  45 54 49 52          .BYTE   "ETIRQ",TK_RETIRQ; RETIRQ
002C8E  1  51 8E        
002C90  1               LBB_RETNMI:
002C90  1  45 54 4E 4D          .BYTE   "ETNMI",TK_RETNMI; RETNMI
002C94  1  49 8F        
002C96  1               LBB_RETURN:
002C96  1  45 54 55 52          .BYTE   "ETURN",TK_RETURN; RETURN
002C9A  1  4E 90        
002C9C  1               LBB_RIGHTS:
002C9C  1  49 47 48 54          .BYTE   "IGHT$(",TK_RIGHTS
002CA0  1  24 28 E5     
002CA3  1               ; RIGHT$(
002CA3  1               LBB_RND:
002CA3  1  4E 44 28 CB          .BYTE   "ND(",TK_RND    ; RND(
002CA7  1               LBB_RUN:
002CA7  1  55 4E 8A             .BYTE   "UN",TK_RUN     ; RUN
002CAA  1  00                   .BYTE   $00
002CAB  1               TAB_ASCS:
002CAB  1               LBB_SADD:
002CAB  1  41 44 44 28          .BYTE   "ADD(",TK_SADD  ; SADD(
002CAF  1  D4           
002CB0  1               LBB_SAVE:
002CB0  1  41 56 45 98          .BYTE   "AVE",TK_SAVE   ; SAVE
002CB4  1               LBB_SGN:
002CB4  1  47 4E 28 C4          .BYTE   "GN(",TK_SGN    ; SGN(
002CB8  1               LBB_SIN:
002CB8  1  49 4E 28 CF          .BYTE   "IN(",TK_SIN    ; SIN(
002CBC  1               LBB_SPC:
002CBC  1  50 43 28 B0          .BYTE   "PC(",TK_SPC    ; SPC(
002CC0  1               LBB_SQR:
002CC0  1  51 52 28 CA          .BYTE   "QR(",TK_SQR    ; SQR(
002CC4  1               LBB_STEP:
002CC4  1  54 45 50 B3          .BYTE   "TEP",TK_STEP   ; STEP
002CC8  1               LBB_STOP:
002CC8  1  54 4F 50 92          .BYTE   "TOP",TK_STOP   ; STOP
002CCC  1               LBB_STRS:
002CCC  1  54 52 24 28          .BYTE   "TR$(",TK_STRS  ; STR$(
002CD0  1  D6           
002CD1  1               LBB_SWAP:
002CD1  1  57 41 50 A6          .BYTE   "WAP",TK_SWAP   ; SWAP
002CD5  1  00                   .BYTE   $00
002CD6  1               TAB_ASCT:
002CD6  1               LBB_TAB:
002CD6  1  41 42 28 AC          .BYTE   "AB(",TK_TAB    ; TAB(
002CDA  1               LBB_TAN:
002CDA  1  41 4E 28 D0          .BYTE   "AN(",TK_TAN    ; TAN(
002CDE  1               LBB_THEN:
002CDE  1  48 45 4E B1          .BYTE   "HEN",TK_THEN   ; THEN
002CE2  1               LBB_TO:
002CE2  1  4F AE                .BYTE   "O",TK_TO       ; TO
002CE4  1               LBB_TWOPI:
002CE4  1  57 4F 50 49          .BYTE   "WOPI",TK_TWOPI ; TWOPI
002CE8  1  E2           
002CE9  1  00                   .BYTE   $00
002CEA  1               TAB_ASCU:
002CEA  1               LBB_UCASES:
002CEA  1  43 41 53 45          .BYTE   "CASE$(",TK_UCASES
002CEE  1  24 28 D9     
002CF1  1               ; UCASE$(
002CF1  1               LBB_UNTIL:
002CF1  1  4E 54 49 4C          .BYTE   "NTIL",TK_UNTIL ; UNTIL
002CF5  1  B4           
002CF6  1               LBB_USR:
002CF6  1  53 52 28 C7          .BYTE   "SR(",TK_USR    ; USR(
002CFA  1  00                   .BYTE   $00
002CFB  1               TAB_ASCV:
002CFB  1               LBB_VAL:
002CFB  1  41 4C 28 D7          .BYTE   "AL(",TK_VAL    ; VAL(
002CFF  1               LBB_VPTR:
002CFF  1  41 52 50 54          .BYTE   "ARPTR(",TK_VPTR; VARPTR(
002D03  1  52 28 E3     
002D06  1  00                   .BYTE   $00
002D07  1               TAB_ASCW:
002D07  1               LBB_WAIT:
002D07  1  41 49 54 96          .BYTE   "AIT",TK_WAIT   ; WAIT
002D0B  1               LBB_WHILE:
002D0B  1  48 49 4C 45          .BYTE   "HILE",TK_WHILE ; WHILE
002D0F  1  B5           
002D10  1               LBB_WIDTH:
002D10  1  49 44 54 48          .BYTE   "IDTH",TK_WIDTH ; WIDTH
002D14  1  A4           
002D15  1  00                   .BYTE   $00
002D16  1               TAB_POWR:
002D16  1  BB 00                .BYTE   TK_POWER,$00    ; ^
002D18  1               
002D18  1               ; new decode table for LIST
002D18  1               ; Table is ..
002D18  1               ; byte - keyword length, keyword first character
002D18  1               ; word - pointer to rest of keyword from dictionary
002D18  1               
002D18  1               ; note if length is 1 then the pointer is ignored
002D18  1               
002D18  1               LAB_KEYT:
002D18  1  03 45                .BYTE   3,'E'
002D1A  1  DC 2B                .WORD   LBB_END         ; END
002D1C  1  03 46                .BYTE   3,'F'
002D1E  1  E9 2B                .WORD   LBB_FOR         ; FOR
002D20  1  04 4E                .BYTE   4,'N'
002D22  1  50 2C                .WORD   LBB_NEXT        ; NEXT
002D24  1  04 44                .BYTE   4,'D'
002D26  1  BF 2B                .WORD   LBB_DATA        ; DATA
002D28  1  05 49                .BYTE   5,'I'
002D2A  1  09 2C                .WORD   LBB_INPUT       ; INPUT
002D2C  1  03 44                .BYTE   3,'D'
002D2E  1  CE 2B                .WORD   LBB_DIM         ; DIM
002D30  1  04 52                .BYTE   4,'R'
002D32  1  7C 2C                .WORD   LBB_READ        ; READ
002D34  1  03 4C                .BYTE   3,'L'
002D36  1  2B 2C                .WORD   LBB_LET         ; LET
002D38  1  03 44                .BYTE   3,'D'
002D3A  1  C3 2B                .WORD   LBB_DEC         ; DEC
002D3C  1  04 47                .BYTE   4,'G'
002D3E  1  F9 2B                .WORD   LBB_GOTO        ; GOTO
002D40  1  03 52                .BYTE   3,'R'
002D42  1  A7 2C                .WORD   LBB_RUN         ; RUN
002D44  1  02 49                .BYTE   2,'I'
002D46  1  04 2C                .WORD   LBB_IF          ; IF
002D48  1  07 52                .BYTE   7,'R'
002D4A  1  83 2C                .WORD   LBB_RESTORE     ; RESTORE
002D4C  1  05 47                .BYTE   5,'G'
002D4E  1  F4 2B                .WORD   LBB_GOSUB       ; GOSUB
002D50  1  06 52                .BYTE   6,'R'
002D52  1  8A 2C                .WORD   LBB_RETIRQ      ; RETIRQ
002D54  1  06 52                .BYTE   6,'R'
002D56  1  90 2C                .WORD   LBB_RETNMI      ; RETNMI
002D58  1  06 52                .BYTE   6,'R'
002D5A  1  96 2C                .WORD   LBB_RETURN      ; RETURN
002D5C  1  03 52                .BYTE   3,'R'
002D5E  1  80 2C                .WORD   LBB_REM         ; REM
002D60  1  04 53                .BYTE   4,'S'
002D62  1  C8 2C                .WORD   LBB_STOP        ; STOP
002D64  1  02 4F                .BYTE   2,'O'
002D66  1  62 2C                .WORD   LBB_ON          ; ON
002D68  1  04 4E                .BYTE   4,'N'
002D6A  1  5A 2C                .WORD   LBB_NULL        ; NULL
002D6C  1  03 49                .BYTE   3,'I'
002D6E  1  06 2C                .WORD   LBB_INC         ; INC
002D70  1  04 57                .BYTE   4,'W'
002D72  1  07 2D                .WORD   LBB_WAIT        ; WAIT
002D74  1  04 4C                .BYTE   4,'L'
002D76  1  32 2C                .WORD   LBB_LOAD        ; LOAD
002D78  1  04 53                .BYTE   4,'S'
002D7A  1  B0 2C                .WORD   LBB_SAVE        ; SAVE
002D7C  1  03 44                .BYTE   3,'D'
002D7E  1  CB 2B                .WORD   LBB_DEF         ; DEF
002D80  1  04 50                .BYTE   4,'P'
002D82  1  6E 2C                .WORD   LBB_POKE        ; POKE
002D84  1  04 44                .BYTE   4,'D'
002D86  1  D1 2B                .WORD   LBB_DOKE        ; DOKE
002D88  1  04 43                .BYTE   4,'C'
002D8A  1  A8 2B                .WORD   LBB_CALL        ; CALL
002D8C  1  02 44                .BYTE   2,'D'
002D8E  1  D5 2B                .WORD   LBB_DO          ; DO
002D90  1  04 4C                .BYTE   4,'L'
002D92  1  3A 2C                .WORD   LBB_LOOP        ; LOOP
002D94  1  05 50                .BYTE   5,'P'
002D96  1  76 2C                .WORD   LBB_PRINT       ; PRINT
002D98  1  04 43                .BYTE   4,'C'
002D9A  1  B6 2B                .WORD   LBB_CONT        ; CONT
002D9C  1  04 4C                .BYTE   4,'L'
002D9E  1  2E 2C                .WORD   LBB_LIST        ; LIST
002DA0  1  05 43                .BYTE   5,'C'
002DA2  1  B1 2B                .WORD   LBB_CLEAR       ; CLEAR
002DA4  1  03 4E                .BYTE   3,'N'
002DA6  1  4D 2C                .WORD   LBB_NEW         ; NEW
002DA8  1  05 57                .BYTE   5,'W'
002DAA  1  10 2D                .WORD   LBB_WIDTH       ; WIDTH
002DAC  1  03 47                .BYTE   3,'G'
002DAE  1  F1 2B                .WORD   LBB_GET         ; GET
002DB0  1  04 53                .BYTE   4,'S'
002DB2  1  D1 2C                .WORD   LBB_SWAP        ; SWAP
002DB4  1  06 42                .BYTE   6,'B'
002DB6  1  9A 2B                .WORD   LBB_BITSET      ; BITSET
002DB8  1  06 42                .BYTE   6,'B'
002DBA  1  94 2B                .WORD   LBB_BITCLR      ; BITCLR
002DBC  1  03 49                .BYTE   3,'I'
002DBE  1  12 2C                .WORD   LBB_IRQ         ; IRQ
002DC0  1  03 4E                .BYTE   3,'N'
002DC2  1  54 2C                .WORD   LBB_NMI         ; NMI
002DC4  1  04 4B                .BYTE   4,'K'
002DC6  1  16 2C                .WORD   LBB_KILL        ; KILL
002DC8  1               
002DC8  1               
002DC8  1               ; secondary commands (can't start a statement)
002DC8  1               
002DC8  1  04 54                .BYTE   4,'T'
002DCA  1  D6 2C                .WORD   LBB_TAB         ; TAB
002DCC  1  04 45                .BYTE   4,'E'
002DCE  1  D8 2B                .WORD   LBB_ELSE        ; ELSE
002DD0  1  02 54                .BYTE   2,'T'
002DD2  1  E2 2C                .WORD   LBB_TO          ; TO
002DD4  1  02 46                .BYTE   2,'F'
002DD6  1  E7 2B                .WORD   LBB_FN          ; FN
002DD8  1  04 53                .BYTE   4,'S'
002DDA  1  BC 2C                .WORD   LBB_SPC         ; SPC
002DDC  1  04 54                .BYTE   4,'T'
002DDE  1  DE 2C                .WORD   LBB_THEN        ; THEN
002DE0  1  03 4E                .BYTE   3,'N'
002DE2  1  57 2C                .WORD   LBB_NOT         ; NOT
002DE4  1  04 53                .BYTE   4,'S'
002DE6  1  C4 2C                .WORD   LBB_STEP        ; STEP
002DE8  1  05 55                .BYTE   5,'U'
002DEA  1  F1 2C                .WORD   LBB_UNTIL       ; UNTIL
002DEC  1  05 57                .BYTE   5,'W'
002DEE  1  0B 2D                .WORD   LBB_WHILE       ; WHILE
002DF0  1  03 4F                .BYTE   3,'O'
002DF2  1  5F 2C                .WORD   LBB_OFF         ; OFF
002DF4  1               
002DF4  1               ; opperators
002DF4  1               
002DF4  1  01 2B                .BYTE   1,'+'
002DF6  1  00 00                .WORD   $0000           ; +
002DF8  1  01 2D                .BYTE   1,'-'
002DFA  1  00 00                .WORD   $0000           ; -
002DFC  1  01 2A                .BYTE   1,'*'
002DFE  1  00 00                .WORD   $0000           ; *
002E00  1  01 2F                .BYTE   1,'/'
002E02  1  00 00                .WORD   $0000           ; /
002E04  1  01 5E                .BYTE   1,'^'
002E06  1  00 00                .WORD   $0000           ; ^
002E08  1  03 41                .BYTE   3,'A'
002E0A  1  83 2B                .WORD   LBB_AND         ; AND
002E0C  1  03 45                .BYTE   3,'E'
002E0E  1  DF 2B                .WORD   LBB_EOR         ; EOR
002E10  1  02 4F                .BYTE   2,'O'
002E12  1  64 2C                .WORD   LBB_OR          ; OR
002E14  1  02 3E                .BYTE   2,'>'
002E16  1  79 2B                .WORD   LBB_RSHIFT      ; >>
002E18  1  02 3C                .BYTE   2,'<'
002E1A  1  73 2B                .WORD   LBB_LSHIFT      ; <<
002E1C  1  01 3E                .BYTE   1,'>'
002E1E  1  00 00                .WORD   $0000           ; >
002E20  1  01 3D                .BYTE   1,'='
002E22  1  00 00                .WORD   $0000           ; =
002E24  1  01 3C                .BYTE   1,'<'
002E26  1  00 00                .WORD   $0000           ; <
002E28  1               
002E28  1               ; functions
002E28  1               
002E28  1  04 53                .BYTE   4,'S'           ;
002E2A  1  B4 2C                .WORD   LBB_SGN         ; SGN
002E2C  1  04 49                .BYTE   4,'I'           ;
002E2E  1  0E 2C                .WORD   LBB_INT         ; INT
002E30  1  04 41                .BYTE   4,'A'           ;
002E32  1  7F 2B                .WORD   LBB_ABS         ; ABS
002E34  1  04 55                .BYTE   4,'U'           ;
002E36  1  F6 2C                .WORD   LBB_USR         ; USR
002E38  1  04 46                .BYTE   4,'F'           ;
002E3A  1  EC 2B                .WORD   LBB_FRE         ; FRE
002E3C  1  04 50                .BYTE   4,'P'           ;
002E3E  1  72 2C                .WORD   LBB_POS         ; POS
002E40  1  04 53                .BYTE   4,'S'           ;
002E42  1  C0 2C                .WORD   LBB_SQR         ; SQR
002E44  1  04 52                .BYTE   4,'R'           ;
002E46  1  A3 2C                .WORD   LBB_RND         ; RND
002E48  1  04 4C                .BYTE   4,'L'           ;
002E4A  1  36 2C                .WORD   LBB_LOG         ; LOG
002E4C  1  04 45                .BYTE   4,'E'           ;
002E4E  1  E2 2B                .WORD   LBB_EXP         ; EXP
002E50  1  04 43                .BYTE   4,'C'           ;
002E52  1  BA 2B                .WORD   LBB_COS         ; COS
002E54  1  04 53                .BYTE   4,'S'           ;
002E56  1  B8 2C                .WORD   LBB_SIN         ; SIN
002E58  1  04 54                .BYTE   4,'T'           ;
002E5A  1  DA 2C                .WORD   LBB_TAN         ; TAN
002E5C  1  04 41                .BYTE   4,'A'           ;
002E5E  1  8A 2B                .WORD   LBB_ATN         ; ATN
002E60  1  05 50                .BYTE   5,'P'           ;
002E62  1  67 2C                .WORD   LBB_PEEK        ; PEEK
002E64  1  05 44                .BYTE   5,'D'           ;
002E66  1  C6 2B                .WORD   LBB_DEEK        ; DEEK
002E68  1  05 53                .BYTE   5,'S'           ;
002E6A  1  AB 2C                .WORD   LBB_SADD        ; SADD
002E6C  1  04 4C                .BYTE   4,'L'           ;
002E6E  1  27 2C                .WORD   LBB_LEN         ; LEN
002E70  1  05 53                .BYTE   5,'S'           ;
002E72  1  CC 2C                .WORD   LBB_STRS        ; STR$
002E74  1  04 56                .BYTE   4,'V'           ;
002E76  1  FB 2C                .WORD   LBB_VAL         ; VAL
002E78  1  04 41                .BYTE   4,'A'           ;
002E7A  1  86 2B                .WORD   LBB_ASC         ; ASC
002E7C  1  07 55                .BYTE   7,'U'           ;
002E7E  1  EA 2C                .WORD   LBB_UCASES      ; UCASE$
002E80  1  07 4C                .BYTE   7,'L'           ;
002E82  1  1A 2C                .WORD   LBB_LCASES      ; LCASE$
002E84  1  05 43                .BYTE   5,'C'           ;
002E86  1  AC 2B                .WORD   LBB_CHRS        ; CHR$
002E88  1  05 48                .BYTE   5,'H'           ;
002E8A  1  FE 2B                .WORD   LBB_HEXS        ; HEX$
002E8C  1  05 42                .BYTE   5,'B'           ;
002E8E  1  8F 2B                .WORD   LBB_BINS        ; BIN$
002E90  1  07 42                .BYTE   7,'B'           ;
002E92  1  A0 2B                .WORD   LBB_BITTST      ; BITTST
002E94  1  04 4D                .BYTE   4,'M'           ;
002E96  1  3F 2C                .WORD   LBB_MAX         ; MAX
002E98  1  04 4D                .BYTE   4,'M'           ;
002E9A  1  48 2C                .WORD   LBB_MIN         ; MIN
002E9C  1  02 50                .BYTE   2,'P'           ;
002E9E  1  6C 2C                .WORD   LBB_PI          ; PI
002EA0  1  05 54                .BYTE   5,'T'           ;
002EA2  1  E4 2C                .WORD   LBB_TWOPI       ; TWOPI
002EA4  1  07 56                .BYTE   7,'V'           ;
002EA6  1  FF 2C                .WORD   LBB_VPTR        ; VARPTR
002EA8  1  06 4C                .BYTE   6,'L'           ;
002EAA  1  21 2C                .WORD   LBB_LEFTS       ; LEFT$
002EAC  1  07 52                .BYTE   7,'R'           ;
002EAE  1  9C 2C                .WORD   LBB_RIGHTS      ; RIGHT$
002EB0  1  05 4D                .BYTE   5,'M'           ;
002EB2  1  43 2C                .WORD   LBB_MIDS        ; MID$
002EB4  1               
002EB4  1               ; BASIC messages, mostly error messages
002EB4  1               
002EB4  1               LAB_BAER:
002EB4  1  D8 2E                .WORD   ERR_NF          ;$00 NEXT without FOR
002EB6  1  E9 2E                .WORD   ERR_SN          ;$02 syntax
002EB8  1  F0 2E                .WORD   ERR_RG          ;$04 RETURN without GOSUB
002EBA  1  05 2F                .WORD   ERR_OD          ;$06 out of data
002EBC  1  11 2F                .WORD   ERR_FC          ;$08 function call
002EBE  1  1F 2F                .WORD   ERR_OV          ;$0A overflow
002EC0  1  28 2F                .WORD   ERR_OM          ;$0C out of memory
002EC2  1  36 2F                .WORD   ERR_US          ;$0E undefined statement
002EC4  1  4A 2F                .WORD   ERR_BS          ;$10 array bounds
002EC6  1  57 2F                .WORD   ERR_DD          ;$12 double dimension array
002EC8  1  68 2F                .WORD   ERR_D0          ;$14 divide by 0
002ECA  1  77 2F                .WORD   ERR_ID          ;$16 illegal direct
002ECC  1  86 2F                .WORD   ERR_TM          ;$18 type mismatch
002ECE  1  94 2F                .WORD   ERR_LS          ;$1A long string
002ED0  1  A4 2F                .WORD   ERR_ST          ;$1C string too complex
002ED2  1  B7 2F                .WORD   ERR_CN          ;$1E continue error
002ED4  1  C6 2F                .WORD   ERR_UF          ;$20 undefined function
002ED6  1  D9 2F                .WORD   ERR_LD          ;$22 LOOP without DO
002ED8  1               
002ED8  1               ; I may implement these two errors to force definition of variables and
002ED8  1               ; dimensioning of arrays before use.
002ED8  1               
002ED8  1               ;	.word ERR_UV		;$24 undefined variable
002ED8  1               
002ED8  1               ; the above error has been tested and works (see code and comments below LAB_1D8B)
002ED8  1               
002ED8  1               ;	.word ERR_UA		;$26 undimensioned array
002ED8  1               
002ED8  1               ERR_NF:
002ED8  1  4E 45 58 54          .BYTE   "NEXT without FOR",$00
002EDC  1  20 77 69 74  
002EE0  1  68 6F 75 74  
002EE9  1               ERR_SN:
002EE9  1  53 79 6E 74          .BYTE   "Syntax",$00
002EED  1  61 78 00     
002EF0  1               ERR_RG:
002EF0  1  52 45 54 55          .BYTE   "RETURN without GOSUB",$00
002EF4  1  52 4E 20 77  
002EF8  1  69 74 68 6F  
002F05  1               ERR_OD:
002F05  1  4F 75 74 20          .BYTE   "Out of DATA",$00
002F09  1  6F 66 20 44  
002F0D  1  41 54 41 00  
002F11  1               ERR_FC:
002F11  1  46 75 6E 63          .BYTE   "Function call",$00
002F15  1  74 69 6F 6E  
002F19  1  20 63 61 6C  
002F1F  1               ERR_OV:
002F1F  1  4F 76 65 72          .BYTE   "Overflow",$00
002F23  1  66 6C 6F 77  
002F27  1  00           
002F28  1               ERR_OM:
002F28  1  4F 75 74 20          .BYTE   "Out of memory",$00
002F2C  1  6F 66 20 6D  
002F30  1  65 6D 6F 72  
002F36  1               ERR_US:
002F36  1  55 6E 64 65          .BYTE   "Undefined statement",$00
002F3A  1  66 69 6E 65  
002F3E  1  64 20 73 74  
002F4A  1               ERR_BS:
002F4A  1  41 72 72 61          .BYTE   "Array bounds",$00
002F4E  1  79 20 62 6F  
002F52  1  75 6E 64 73  
002F57  1               ERR_DD:
002F57  1  44 6F 75 62          .BYTE   "Double dimension",$00
002F5B  1  6C 65 20 64  
002F5F  1  69 6D 65 6E  
002F68  1               ERR_D0:
002F68  1  44 69 76 69          .BYTE   "Divide by zero",$00
002F6C  1  64 65 20 62  
002F70  1  79 20 7A 65  
002F77  1               ERR_ID:
002F77  1  49 6C 6C 65          .BYTE   "Illegal direct",$00
002F7B  1  67 61 6C 20  
002F7F  1  64 69 72 65  
002F86  1               ERR_TM:
002F86  1  54 79 70 65          .BYTE   "Type mismatch",$00
002F8A  1  20 6D 69 73  
002F8E  1  6D 61 74 63  
002F94  1               ERR_LS:
002F94  1  53 74 72 69          .BYTE   "String too long",$00
002F98  1  6E 67 20 74  
002F9C  1  6F 6F 20 6C  
002FA4  1               ERR_ST:
002FA4  1  53 74 72 69          .BYTE   "String too complex",$00
002FA8  1  6E 67 20 74  
002FAC  1  6F 6F 20 63  
002FB7  1               ERR_CN:
002FB7  1  43 61 6E 27          .BYTE   "Can't continue",$00
002FBB  1  74 20 63 6F  
002FBF  1  6E 74 69 6E  
002FC6  1               ERR_UF:
002FC6  1  55 6E 64 65          .BYTE   "Undefined function",$00
002FCA  1  66 69 6E 65  
002FCE  1  64 20 66 75  
002FD9  1               ERR_LD:
002FD9  1  4C 4F 4F 50          .BYTE   "LOOP without DO",$00
002FDD  1  20 77 69 74  
002FE1  1  68 6F 75 74  
002FE9  1               
002FE9  1               ;ERR_UV	.byte	"Undefined variable",$00
002FE9  1               
002FE9  1               ; the above error has been tested and works (see code and comments below LAB_1D8B)
002FE9  1               
002FE9  1               ;ERR_UA	.byte	"Undimensioned array",$00
002FE9  1               
002FE9  1               LAB_BMSG:
002FE9  1  0D 0A 42 72          .BYTE   $0D,$0A,"Break",$00
002FED  1  65 61 6B 00  
002FF1  1               LAB_EMSG:
002FF1  1  20 45 72 72          .BYTE   " Error",$00
002FF5  1  6F 72 00     
002FF8  1               LAB_LMSG:
002FF8  1  20 69 6E 20          .BYTE   " in line ",$00
002FFC  1  6C 69 6E 65  
003000  1  20 00        
003002  1               LAB_RMSG:
003002  1  0D 0A 52 65          .BYTE   $0D,$0A,"Ready",$0D,$0A,$00
003006  1  61 64 79 0D  
00300A  1  0A 00        
00300C  1               
00300C  1               LAB_IMSG:
00300C  1  20 45 78 74          .BYTE   " Extra ignored",$0D,$0A,$00
003010  1  72 61 20 69  
003014  1  67 6E 6F 72  
00301D  1               LAB_REDO:
00301D  1  20 52 65 64          .BYTE   " Redo from start",$0D,$0A,$00
003021  1  6F 20 66 72  
003025  1  6F 6D 20 73  
003030  1               
003030  1               AA_end_basic:
003030  1               
003030  1               
003030  1               
003030  1               ; system dependant i/o vectors
003030  1               ; these are in RAM and are set by the monitor at start-up
003030  1               
003030  1               V_INPT: ; non halting scan input device
003030  1               BYTEIN:
003030  1  8C 7E 30             STY     DBGY            ;
003033  1  8E 7D 30             STX     DBGX            ;
003036  1               
003036  1  A9 40                LDA     #'@'
003038  1  20 EC 32             JSR     WRSER1
00303B  1               
00303B  1  A2 0B                LDX     #11             ;
00303D  1  20 80 30             JSR     PEM             ;
003040  1  C9 00                CMP     #$00            ;
003042  1  F0 12                BEQ     LAB_nobyw       ; branch if no byte waiting
003044  1               
003044  1  A9 41                LDA     #'A'
003046  1  20 EC 32             JSR     WRSER1
003049  1               
003049  1  A2 06                LDX     #6              ;
00304B  1  20 80 30             JSR     PEM             ;
00304E  1  AC 7E 30             LDY     DBGY
003051  1  AE 7D 30             LDX     DBGX
003054  1  38                   SEC                     ; flag byte received
003055  1  60                   RTS
003056  1               LAB_nobyw:
003056  1               
003056  1  A9 42                LDA     #'B'
003058  1  20 EC 32             JSR     WRSER1
00305B  1               
00305B  1  AC 7E 30             LDY     DBGY
00305E  1  AE 7D 30             LDX     DBGX
003061  1  18                   CLC                     ; flag no byte received
003062  1  60                   RTS                     ;
003063  1               
003063  1               V_OUTP: ; send byte to output device
003063  1               BYTEOUT:
003063  1  8D 7F 30             STA     DBGA
003066  1  8C 7E 30             STY     DBGY
003069  1  8E 7D 30             STX     DBGX
00306C  1  A2 02                LDX     #2              ;
00306E  1  20 80 30             JSR     PEM             ;
003071  1  AD 7F 30             LDA     DBGA
003074  1  AC 7E 30             LDY     DBGY
003077  1  AE 7D 30             LDX     DBGX
00307A  1  60                   RTS
00307B  1               
00307B  1               
00307B  1               PEMVEC:
00307B  1  00 00                .WORD   $0000
00307D  1               
00307D  1               DBGX:
00307D  1  00                   .BYTE   0
00307E  1               DBGY:
00307E  1  00                   .BYTE   0
00307F  1               DBGA:
00307F  1  00                   .BYTE   0
003080  1               
003080  1               
003080  1               
003080  1               PEM:
003080  1                       .IFDEF  DUODYNE
003080  1                       JMP     $0103
003080  1                       .ELSE
003080  1  6C 7B 30             JMP     (PEMVEC)
003083  1                       .ENDIF
003083  1               
003083  1               LAB_KILL:
003083  1               RETURN_TO_OS:
003083  1  4C 00 01             JMP     $0100
003086  1               
003086  1               
003086  1               
003086  1               V_SAVE: ; save BASIC program
003086  1               DOS65SAVE:
003086  1  20 B7 31             JSR     DOS65FCBPREP    ; parse parameters into FCB
003089  1  B0 29                BCS     DOS65SAVE_ERR1  ; Error?, if so abort
00308B  1  A2 0D                LDX     #13             ;
00308D  1  20 80 30             JSR     PEM             ;
003090  1  A9 7B                LDA     #<FCB           ; CREATE File
003092  1  A0 32                LDY     #>FCB           ;
003094  1  A2 16                LDX     #22             ;
003096  1  20 80 30             JSR     PEM             ;
003099  1  A9 00                LDA     #0              ; clear
00309B  1  8D 9B 32             STA     FCB+32          ; record number
00309E  1  A9 7B                LDA     #<FCB           ; Open File
0030A0  1  A0 32                LDY     #>FCB           ;
0030A2  1  A2 0F                LDX     #15             ;
0030A4  1  20 80 30             JSR     PEM             ;
0030A7  1  C9 FF                CMP     #$FF            ; error?, if NOT, continue
0030A9  1  D0 0C                BNE     DOS65SAVE_1     ;
0030AB  1               DOS65SAVE_ERR:
0030AB  1  A9 56                LDA     #<FILEERROR2    ; NO, ERROR OUT
0030AD  1  A0 32                LDY     #>FILEERROR2
0030AF  1  A2 09                LDX     #9              ; Print error message
0030B1  1  20 80 30             JSR     PEM             ;
0030B4  1               DOS65SAVE_ERR1:
0030B4  1  4C 1E 0F             JMP     LAB_REM         ; comment out the remainder of the line (if any)
0030B7  1               DOS65SAVE_1:
0030B7  1  A9 9C                LDA     #<FCBBUFFER     ; SETUP BUFFER
0030B9  1  85 20                STA     FCBPTR          ; STORE DEST BUFFER IN FCBPTR
0030BB  1  A0 32                LDY     #>FCBBUFFER     ;
0030BD  1  84 21                STY     FCBPTR+1        ;
0030BF  1  A2 1A                LDX     #26             ; Setup Buffer
0030C1  1  20 80 30             JSR     PEM             ;
0030C4  1               DOS65SAVE_2:
0030C4  1  A5 79                LDA     <Smeml          ; All is well, file opened and continue
0030C6  1  85 22                STA     FCBPTR+2        ; point to base of RAM
0030C8  1  A5 7A                LDA     <Smemh          ;
0030CA  1  85 23                STA     FCBPTR+3        ;
0030CC  1  A2 00                LDX     #$00            ; x=0 (null counter)
0030CE  1               DOS65SAVE_2A:
0030CE  1  A0 00                LDY     #$00            ; y=0 (Loop Index)
0030D0  1               DOS65SAVE_3:
0030D0  1  B1 22                LDA     (FCBPTR+2),Y    ; load from RAM
0030D2  1  91 20                STA     (FCBPTR),Y      ; save to Buffer
0030D4  1  C9 00                CMP     #$00            ; is Zero?
0030D6  1  D0 17                BNE     DOS65SAVE_3A    ; No, continue
0030D8  1  E8                   INX                     ; yes, bump Null Counter
0030D9  1  E0 03                CPX     #$03            ; Three nulls in a row?
0030DB  1  D0 14                BNE     DOS65SAVE_3B    ; No, continue
0030DD  1  A9 7B                LDA     #<FCB           ; Write record in buffer to disk file AND END
0030DF  1  A0 32                LDY     #>FCB           ;
0030E1  1  A2 15                LDX     #21             ;
0030E3  1  20 80 30             JSR     PEM             ;
0030E6  1  29 FE                AND     #$FE            ; strip out extension
0030E8  1  C9 00                CMP     #$00            ; is error
0030EA  1  D0 BF                BNE     DOS65SAVE_ERR   ; ERROR, do error handling
0030EC  1  4C 1C 31             JMP     DOS65SAVE_4
0030EF  1               DOS65SAVE_3A:                   ;
0030EF  1  A2 00                LDX     #$00            ; prior char not null, reset null counter
0030F1  1               DOS65SAVE_3B:                   ;
0030F1  1  C8                   INY                     ; bump index
0030F2  1  C0 80                CPY     #$80            ; end of buffer?
0030F4  1  D0 DA                BNE     DOS65SAVE_3     ; no, loop
0030F6  1               DOS65SAVE_3C:
0030F6  1  A9 7B                LDA     #<FCB           ; Write record in buffer to disk file
0030F8  1  A0 32                LDY     #>FCB           ;
0030FA  1  A2 15                LDX     #21             ;
0030FC  1  20 80 30             JSR     PEM             ;
0030FF  1  29 FE                AND     #$FE            ; strip out extension
003101  1  C9 00                CMP     #$00            ; is error
003103  1  D0 A6                BNE     DOS65SAVE_ERR   ; ERROR, do error handling
003105  1  18                   CLC                     ;
003106  1  A5 22                LDA     FCBPTR+2        ; add $80 to base counter
003108  1  69 80                ADC     #$80            ;
00310A  1  85 22                STA     FCBPTR+2        ;
00310C  1  90 C0                BCC     DOS65SAVE_2A    ; is carry?, no loop
00310E  1  18                   CLC                     ; yes, carry, inc high byte
00310F  1  A5 23                LDA     FCBPTR+3        ;
003111  1  69 01                ADC     #$01            ;
003113  1  85 23                STA     FCBPTR+3        ;
003115  1  C9 B8                CMP     #>Ram_top       ; are we at the end of RAM?
003117  1  F0 03                BEQ     DOS65SAVE_4
003119  1  4C CE 30             JMP     DOS65SAVE_2A
00311C  1               DOS65SAVE_4:
00311C  1  A9 7B                LDA     #<FCB           ;
00311E  1  A0 32                LDY     #>FCB           ;
003120  1  A2 10                LDX     #16             ;
003122  1  20 80 30             JSR     PEM             ;
003125  1  C9 FF                CMP     #$FF            ;
003127  1  D0 03                BNE     DOS65SAVE_5     ;
003129  1  4C AB 30             JMP     DOS65SAVE_ERR   ; ERROR, DISPLAY IT
00312C  1               DOS65SAVE_5:
00312C  1  A9 02                LDA     #<LAB_RMSG      ; point to "Ready" message low byte
00312E  1  A0 30                LDY     #>LAB_RMSG      ; point to "Ready" message high byte
003130  1  20 D3 10             JSR     LAB_18C3
003133  1  4C 10 0A             JMP     LAB_1319        ; RESET VARS, STACK AND RETURN CONTROL TO BASIC
003136  1               
003136  1               
003136  1               V_LOAD: ; load BASIC program
003136  1               DOS65LOAD:
003136  1  20 B7 31             JSR     DOS65FCBPREP    ; parse parameters into FCB
003139  1  B0 20                BCS     DOS65LOAD_ERR1  ; Error?, if so abort
00313B  1  A2 0D                LDX     #13             ;
00313D  1  20 80 30             JSR     PEM             ;
003140  1  A9 00                LDA     #0              ; clear
003142  1  8D 9B 32             STA     FCB+32          ; record number
003145  1  A9 7B                LDA     #<FCB           ; Open File
003147  1  A0 32                LDY     #>FCB           ;
003149  1  A2 0F                LDX     #15             ;
00314B  1  20 80 30             JSR     PEM             ;
00314E  1  C9 FF                CMP     #$FF            ; error?, if NOT, continue
003150  1  D0 0C                BNE     DOS65LOAD_1     ;
003152  1               DOS65LOAD_ERR:
003152  1  A9 56                LDA     #<FILEERROR2    ; NO, ERROR OUT
003154  1  A0 32                LDY     #>FILEERROR2
003156  1  A2 09                LDX     #9              ; Print error message
003158  1  20 80 30             JSR     PEM             ;
00315B  1               DOS65LOAD_ERR1:
00315B  1  4C 1E 0F             JMP     LAB_REM         ; comment out the remainder of the line (if any)
00315E  1               DOS65LOAD_1:
00315E  1  A5 79                LDA     <Smeml          ; All is well, file opened and continue
003160  1  85 22                STA     FCBPTR+2        ; point to base of RAM
003162  1  A5 7A                LDA     <Smemh          ;
003164  1  85 23                STA     FCBPTR+3        ;
003166  1  A9 9C                LDA     #<FCBBUFFER     ; SETUP BUFFER
003168  1  85 20                STA     FCBPTR          ; STORE DEST BUFFER IN FCBPTR
00316A  1  A0 32                LDY     #>FCBBUFFER     ;
00316C  1  84 21                STY     FCBPTR+1        ; STORE DEST BUFFER IN FCBPTR
00316E  1  A2 1A                LDX     #26             ; Setup Buffer
003170  1  20 80 30             JSR     PEM             ;
003173  1  4C 93 31             JMP     DOS65LOAD_3C
003176  1               DOS65LOAD_3:
003176  1  B1 20                LDA     (FCBPTR),Y      ; load from BUFFER
003178  1  91 22                STA     (FCBPTR+2),Y    ; save to RAM
00317A  1  C8                   INY                     ; bump index
00317B  1  C0 80                CPY     #$80            ; end of buffer?
00317D  1  D0 F7                BNE     DOS65LOAD_3     ; no, loop
00317F  1  18                   CLC                     ;
003180  1  A5 22                LDA     FCBPTR+2        ; add $80 to base counter
003182  1  69 80                ADC     #$80            ;
003184  1  85 22                STA     FCBPTR+2        ;
003186  1  90 0B                BCC     DOS65LOAD_3C    ; is carry?, no SKIP
003188  1  18                   CLC                     ; yes, carry, inc high byte
003189  1  A5 23                LDA     FCBPTR+3        ;
00318B  1  69 01                ADC     #$01            ;
00318D  1  85 23                STA     FCBPTR+3        ;
00318F  1  C9 B8                CMP     #>Ram_top       ; are we at the end of RAM?
003191  1  F0 11                BEQ     DOS65LOAD_4
003193  1               
003193  1               DOS65LOAD_3C:
003193  1  A9 7B                LDA     #<FCB           ; READ record buffer from disk file
003195  1  A0 32                LDY     #>FCB           ;
003197  1  20 0E 32             JSR     RDERCR          ;
00319A  1  A0 00                LDY     #$00            ; RESET INDEX
00319C  1  C9 00                CMP     #$00            ; is error or EOF
00319E  1  F0 D6                BEQ     DOS65LOAD_3     ;
0031A0  1  C9 01                CMP     #$01            ; EOF?
0031A2  1  D0 AE                BNE     DOS65LOAD_ERR   ; ERROR, do error handling
0031A4  1               DOS65LOAD_4:
0031A4  1  A9 7B                LDA     #<FCB           ;
0031A6  1  A0 32                LDY     #>FCB           ;
0031A8  1  A2 10                LDX     #16             ;
0031AA  1  20 80 30             JSR     PEM             ;
0031AD  1  A9 02                LDA     #<LAB_RMSG      ; point to "Ready" message low byte
0031AF  1  A0 30                LDY     #>LAB_RMSG      ; point to "Ready" message high byte
0031B1  1  20 D3 10             JSR     LAB_18C3
0031B4  1  4C 10 0A             JMP     LAB_1319        ; RESET VARS, STACK AND RETURN CONTROL TO BASIC
0031B7  1               
0031B7  1               
0031B7  1               
0031B7  1               DOS65FCBPREP:
0031B7  1                       .IFDEF  DUODYNE
0031B7  1                       JSL     LAB_GBYT        ; scan memory
0031B7  1                       .ELSE
0031B7  1  20 C2 00             JSR     LAB_GBYT        ; scan memory
0031BA  1                       .ENDIF
0031BA  1               
0031BA  1  38                   SEC                     ;
0031BB  1  E9 40                SBC     #64             ; PARSE DRIVE NUMBER
0031BD  1  8D 7B 32             STA     DOSDRIVE        ; STORE IT IN FCB
0031C0  1                       .IFDEF  DUODYNE
0031C0  1                       JSL     LAB_IGBY        ; increment and scan memory
0031C0  1                       .ELSE
0031C0  1  20 BC 00             JSR     LAB_IGBY        ; increment and scan memory
0031C3  1                       .ENDIF
0031C3  1               
0031C3  1  C9 3A                CMP     #':'            ;
0031C5  1  F0 0E                BEQ     DOS65FCBPREP_1  ; YES, IT WAS A DRIVE, CONTINUE
0031C7  1  A9 2B                LDA     #<FILEERROR1    ; NO, ERROR OUT
0031C9  1  A0 32                LDY     #>FILEERROR1
0031CB  1  A2 09                LDX     #9
0031CD  1  20 80 30             JSR     PEM
0031D0  1  20 1E 0F             JSR     LAB_REM
0031D3  1  38                   SEC
0031D4  1  60                   RTS
0031D5  1               DOS65FCBPREP_1:
0031D5  1  A9 7B                LDA     #<FCB           ; SETUP FCBPTR
0031D7  1  85 20                STA     FCBPTR          ;
0031D9  1  A9 32                LDA     #>FCB           ;
0031DB  1  85 21                STA     FCBPTR+1        ;
0031DD  1  A0 01                LDY     #$01            ; POINT Y TO FCB FILE NAME
0031DF  1  A9 20                LDA     #$20            ; LOAD SPACE CHAR INTO A
0031E1  1               DOS65FCBPREP_1A:                ; BLANK OUT FCB
0031E1  1  91 20                STAINDIRECTY FCBPTR     ;
0031E3  1  C8                   INY                     ;
0031E4  1  C0 09                CPY     #$09            ; IS DONE
0031E6  1  D0 F9                BNE     DOS65FCBPREP_1A ; NO, LOOP
0031E8  1  A0 01                LDY     #$01            ; POINT Y TO FCB FILE NAME
0031EA  1               DOS65FCBPREP_2:                 ; COPY FILE NAME PARAMETER INTO FCB
0031EA  1                       .IFDEF  DUODYNE
0031EA  1                       JSL     LAB_IGBY        ; increment and scan memory
0031EA  1                       .ELSE
0031EA  1  20 BC 00             JSR     LAB_IGBY        ; increment and scan memory
0031ED  1                       .ENDIF
0031ED  1  F0 0E                BEQ     DOS65FCBPREP_3  ;
0031EF  1  C9 2E                CMP     #'.'
0031F1  1  F0 0A                BEQ     DOS65FCBPREP_3  ;
0031F3  1  91 20                STAINDIRECTY FCBPTR     ;
0031F5  1  C8                   INY                     ;
0031F6  1  C0 09                CPY     #$09            ;
0031F8  1  F0 03                BEQ     DOS65FCBPREP_3  ;
0031FA  1  4C EA 31             JMP     DOS65FCBPREP_2  ;
0031FD  1               DOS65FCBPREP_3:                 ;
0031FD  1  18                   CLC
0031FE  1  60                   RTS                     ;
0031FF  1               
0031FF  1               ;SUBROUTINES
0031FF  1               ;OPEN FILE
0031FF  1               OPNFIL:
0031FF  1  A2 0F                LDX     #15
003201  1  4C 80 30             JMP     PEM
003204  1               ;CLOSE FILE
003204  1               CLSFIL:
003204  1  A2 10                LDX     #16
003206  1  4C 80 30             JMP     PEM
003209  1               ;DELETE FILE
003209  1               DLTFIL:
003209  1  A2 13                LDX     #19
00320B  1  4C 80 30             JMP     PEM
00320E  1               ;READ RECORD
00320E  1               RDERCR:
00320E  1  A2 14                LDX     #20
003210  1  4C 80 30             JMP     PEM
003213  1               ;WRITE RECORD
003213  1               WRTRCR:
003213  1  A2 15                LDX     #21
003215  1  4C 80 30             JMP     PEM
003218  1               ;CREATE FILE
003218  1               CRTFIL:
003218  1  A2 16                LDX     #22
00321A  1  4C 80 30             JMP     PEM
00321D  1               ;RENAME FILE
00321D  1               RNMFIL:
00321D  1  A2 17                LDX     #23
00321F  1  4C 80 30             JMP     PEM
003222  1               ;SET BUFFER
003222  1               SETBUF:
003222  1  A2 1A                LDX     #26
003224  1  4C 80 30             JMP     PEM
003227  1               
003227  1               
003227  1               VDOS65SAVE:
003227  1  86 30                .WORD   DOS65SAVE
003229  1               VDOS65LOAD:
003229  1  36 31                .WORD   DOS65LOAD
00322B  1               FILEERROR1:
00322B  1  2A 2A 20 4E          .BYTE   "** NO DRIVE SPECIFIED, OPERATION ABORTED"
00322F  1  4F 20 44 52  
003233  1  49 56 45 20  
003253  1  0D 0A 24             .BYTE   $0D,$0A,'$'
003256  1               FILEERROR2:
003256  1  2A 2A 20 44          .BYTE   "** DOS/65 ERROR, OPERATION ABORTED"
00325A  1  4F 53 2F 36  
00325E  1  35 20 45 52  
003278  1  0D 0A 24             .BYTE   $0D,$0A,'$'
00327B  1               FCB:
00327B  1               DOSDRIVE:
00327B  1  00                   .BYTE   0               ; DRIVE NUMBER
00327C  1               DOSFN:
00327C  1  20 20 20 20          .BYTE   "        "      ; FILE NAME
003280  1  20 20 20 20  
003284  1               DOSEX:
003284  1  42 41 53             .BYTE   "BAS"           ; EXTENSION
003287  1               DOSET:
003287  1  00 00 00             .BYTE   0,0,0           ; EXTENT
00328A  1               DOSNR:
00328A  1  00                   .BYTE   0               ; NUMBER OF RECORDS IN FILE
00328B  1               DOSBL:
00328B  1  00 00 00 00          .BYTE   0,0,0,0,0,0,0,0 ; BLOCKS IN FILE
00328F  1  00 00 00 00  
003293  1  00 00 00 00          .BYTE   0,0,0,0,0,0,0,0 ;
003297  1  00 00 00 00  
00329B  1               DOSNX:
00329B  1  00                   .BYTE   0               ; NEXT RECORD
00329C  1               FCBBUFFER:
00329C  1               ENDOFBASIC:
00329C  1  44 45 52 49          .BYTE   "DERIVED FROM ehBASIC"
0032A0  1  56 45 44 20  
0032A4  1  46 52 4F 4D  
0032B0  1               
0032B0  1               
0032B0  1               UART1DATA       = $EF84; SERIAL PORT 1 (I/O Card)
0032B0  1               UART1STATUS     = $EF85; SERIAL PORT 1 (I/O Card)
0032B0  1               UART1COMMAND    = $EF86; SERIAL PORT 1 (I/O Card)
0032B0  1               UART1CONTROL    = $EF87; SERIAL PORT 1 (I/O Card)
0032B0  1               
0032B0  1               PRINT_BYTE:
0032B0  1  8E E9 32             STX     TTX
0032B3  1  8C EA 32             STY     TTY
0032B6  1  8D EB 32             STA     TTA
0032B9  1  8E E8 32             STX     SAVX            ; save X
0032BC  1  20 D3 32             JSR     ASCTWO          ; get hex chars for byte in X (lower) and A (upper)
0032BF  1  20 EC 32             JSR     WRSER1          ; output upper nybble
0032C2  1  8A                   TXA                     ; transfer lower to A
0032C3  1  AE E8 32             LDX     SAVX            ; restore X
0032C6  1  20 EC 32             JSR     WRSER1           ; output lower nybble
0032C9  1  AE E9 32             LDX     TTX
0032CC  1  AC EA 32             LDY     TTY
0032CF  1  AD EB 32             LDA     TTA
0032D2  1  60                   RTS
0032D3  1               ASCTWO:
0032D3  1  48                   PHA                     ; save byte
0032D4  1  20 DD 32             JSR     ASCII           ; do low nybble
0032D7  1  AA                   TAX                     ; save in X
0032D8  1  68                   PLA                     ; restore byte
0032D9  1  4A                   LSR     A               ; shift upper nybble down
0032DA  1  4A                   LSR     A
0032DB  1  4A                   LSR     A
0032DC  1  4A                   LSR     A
0032DD  1               ; convert low nybble in A to hex digit
0032DD  1               ASCII:
0032DD  1  29 0F                AND     #$0F            ; clear upper nibble
0032DF  1  C9 0A                CMP     #$0A            ; if less than A, skip next step
0032E1  1  90 02                BCC     ASC1
0032E3  1  69 06                ADC     #6              ; skip ascii chars between 9 and A
0032E5  1               ASC1:
0032E5  1  69 30                ADC     #$30            ; add ascii char 0 to value
0032E7  1  60                   RTS
0032E8  1               SAVX:
0032E8  1  00                   .BYTE   00
0032E9  1               TTX:
0032E9  1  00                   .BYTE   00
0032EA  1               TTY:
0032EA  1  00                   .BYTE   00
0032EB  1               TTA:
0032EB  1  00                   .BYTE   00
0032EC  1               
0032EC  1               
0032EC  1               ;__WRSER1________________________________________________________________________________________________________________________
0032EC  1               ;
0032EC  1               ;	WRITE CHARACTER(A) TO UART
0032EC  1               ;________________________________________________________________________________________________________________________________
0032EC  1               ;
0032EC  1               WRSER1:
0032EC  1  48                   PHA
0032ED  1               WRSER1a:
0032ED  1  AD 85 EF             LDA     UART1STATUS     ; GET STATUS
0032F0  1  29 10                AND     #%00010000      ; IS TX READY
0032F2  1  F0 F9                BEQ     WRSER1a         ; NO, WAIT FOR IT
0032F4  1  68                   PLA
0032F5  1  8D 84 EF             STA     UART1DATA       ; WRITE DATA
0032F8  1  60                   RTS
0032F9  1               
0032F9  1               
0032F9  1               
0032F9  1               
0032F9  1               
0032F9  1               
0032F9  1               
0032F9  1               
0032F9  1               
0032F9  1               
0032F9  1               
0032F9  1               
0032F9  1               
0032F9  1               
0032F9  1               
0032F9  1               ; Ibuffs can now be anywhere in RAM AS LONG AS IT IS BEFORE RAM_BASE AND IS NOT PAGE ALIGNED!, ensure that the max length is < $80
0032F9  1               
0032F9  1               Ibuffs          = (ENDOFBASIC & $FF00)+$181
0032F9  1               Ibuffe          = Ibuffs+$47    ; end of input buffer
0032F9  1               
0032F9  1               Ram_base        = (Ibuffe & $FF00)+$100; start of user RAM (set as needed, should be page aligned)
0032F9  1                       .IFDEF  DUODYNE
0032F9  1               Ram_top         = $D000         ; end of user RAM+1 (set as needed, should be page aligned)
0032F9  1                       .ELSE
0032F9  1               Ram_top         = $B800         ; end of user RAM+1 (set as needed, should be page aligned)
0032F9  1                       .ENDIF
0032F9  1               
0032F9  1               
0032F9  1               
0032F9  1                       .END
