ca65 V2.18 - Ubuntu 2.19-1
Main file   : sedit.asm
Current file: sedit.asm

000000r 1               ;__SCREEN EDITOR_________________________________________________________________________________________________________________
000000r 1               ;
000000r 1               ; 	DOS/65 SCREEN EDITOR (ANSI TERMINAL/CONSOLE)
000000r 1               ;	DAN WERNER 5/31/2014
000000r 1               ;
000000r 1               ;  DWERNER 2/17/23   ADD CODE TO ENSURE "SAVE AS" FILENAMES ARE PROPER DOS/65 FILENAMES
000000r 1               ;________________________________________________________________________________________________________________________________
000000r 1               ;
000000r 1               
000000r 1               DFLFCB          = $107          ;DEFAULT FCB
000000r 1               PEM             = $103          ;PEM ENTRY
000000r 1               BOOT            = $100          ;WARM BOOT
000000r 1               TEA             = $800          ;EXECUTION ORG
000000r 1               CCMLNG          = 2048          ;CCM LENGTH
000000r 1               CRSYM           = 32            ;CR SYMBOL
000000r 1               LASTROW         = 20
000000r 1               MAXCOL          = 80
000000r 1               
000000r 1               ;ZERO PAGE
000000r 1               NAMED           = $02           ;"TO" FILE NAMED IF <128
000000r 1               TOIND           = $03           ;"TO" FILE INDEX
000000r 1               FRMIND          = $05           ;"FROM" FILE INDEX
000000r 1               TEMP            = $08           ;
000000r 1               FCBPTR          = $09           ; POINTER TO FCB FOR FILE OPS
000000r 1               CSRPOSX         = $0B           ;
000000r 1               CSRPOSY         = $0C           ;
000000r 1               EDTPOS          = $0D           ;
000000r 1               TMPPOS          = $0F           ;
000000r 1               TEMP1           = $11           ;
000000r 1               CURRENTLEN      = $12           ;
000000r 1               MODE            = $14           ; 0= OVERWRITE MODE, 1= INSERT MODE
000000r 1               
000000r 1               ;MAIN PROGRAM
000000r 1                       .SEGMENT "TEA"
000000r 1                       .ORG    $0800
000800  1               
000800  1  20 BE 11             JSR     CLEARBUFFER
000803  1  20 D8 11             JSR     DOS65LOAD
000806  1  20 93 0E             JSR     PAINTSCREEN
000809  1               
000809  1  A9 00                LDA     #$00
00080B  1  85 14                STA     MODE
00080D  1  85 0B                STA     CSRPOSX
00080F  1  85 0C                STA     CSRPOSY
000811  1  20 15 10             JSR     GOCSR
000814  1  A9 00                LDA     #<BUFFER        ; SETUP BUFFER
000816  1  85 0D                STA     EDTPOS          ; STORE DEST BUFFER
000818  1  A9 18                LDA     #>BUFFER        ;
00081A  1  85 0E                STA     EDTPOS+1        ; STORE DEST BUFFER
00081C  1               
00081C  1               
00081C  1               
00081C  1               EDITLOOP:
00081C  1  20 B5 10             JSR     READKB          ; GET USER INPUT
00081F  1               ;
00081F  1               
00081F  1  C0 01                CPY     #$01            ; IF IT IS A NORMAL KEYSTROKE
000821  1  D0 64                BNE     EDIT            ; GOTO EDIT
000823  1               
000823  1  C0 FF                CPY     #$FF            ; IF IT IS AN ERROR
000825  1  F0 F5                BEQ     EDITLOOP        ;  LOOP
000827  1               
000827  1  85 08                STA     TEMP            ; STORE COMMAND IN TEMP
000829  1  A0 00                LDY     #$00            ;
00082B  1               EDITLOOP1A:
00082B  1  B9 53 08             LDA     COMMANDTABLE,Y  ; CHECK TOKEN
00082E  1  C5 08                CMP     TEMP            ; COMPARE
000830  1  D0 14                BNE     EDITLOOP2A      ;
000832  1  C8                   INY
000833  1  B9 53 08             LDA     COMMANDTABLE,Y  ; CHECK TOKEN
000836  1  8D 41 08             STA     JMPTMP+1        ;
000839  1  C8                   INY
00083A  1  B9 53 08             LDA     COMMANDTABLE,Y  ; CHECK TOKEN
00083D  1  8D 42 08             STA     JMPTMP+2        ;
000840  1               JMPTMP:
000840  1  20 00 00             JSR     $0000
000843  1  4C 1C 08             JMP     EDITLOOP
000846  1               EDITLOOP2A:
000846  1  C9 FF                CMP     #$FF
000848  1  F0 06                BEQ     EDITLOOP3A
00084A  1  C8                   INY
00084B  1  C8                   INY
00084C  1  C8                   INY
00084D  1  4C 2B 08             JMP     EDITLOOP1A
000850  1               
000850  1               EDITLOOP3A:
000850  1  4C 1C 08             JMP     EDITLOOP
000853  1               
000853  1               COMMANDTABLE:
000853  1  00 1D 0C             .BYTE   $00,<CRSRUP,>CRSRUP
000856  1  01 42 0C             .BYTE   $01,<CRSRDN,>CRSRDN
000859  1  02 69 0C             .BYTE   $02,<CRSRLEFT,>CRSRLEFT
00085C  1  03 90 0C             .BYTE   $03,<CRSRRIGHT,>CRSRRIGHT
00085F  1  05 44 0E             .BYTE   $05,<PAGEUP,>PAGEUP
000862  1  06 F7 0D             .BYTE   $06,<PAGEDOWN,>PAGEDOWN
000865  1  08 4C 0B             .BYTE   $08,<BACKSPACE,>BACKSPACE
000868  1  13 7E 08             .BYTE   $13,<RETURN_TO_OS,>RETURN_TO_OS
00086B  1  14 D1 0B             .BYTE   $14,<TOGGLEMODE,>TOGGLEMODE
00086E  1  30 F7 08             .BYTE   $30,<INSERTCR,>INSERTCR
000871  1  7F 52 0B             .BYTE   127,<DELETECHAR,>DELETECHAR
000874  1  18 E6 14             .BYTE   $18,<DOS65SAVE,>DOS65SAVE
000877  1  19 BA 12             .BYTE   $19,<DOS65SAVEAS,>DOS65SAVEAS
00087A  1  24 8A 09             .BYTE   $24,<TRUNCATE,>TRUNCATE
00087D  1  FF                   .BYTE   $FF
00087E  1               
00087E  1               
00087E  1               
00087E  1               RETURN_TO_OS:
00087E  1  20 07 10             JSR     CLEARSCREEN
000881  1  20 7E 11             JSR     READKB_XON
000884  1  4C 00 01             JMP     $0100
000887  1               
000887  1               
000887  1               ;__EDIT__________________________________________________________________________________________________________________________
000887  1               ;
000887  1               ; 	EDIT THE FILE
000887  1               ;
000887  1               ;________________________________________________________________________________________________________________________________
000887  1               ;
000887  1               EDIT:
000887  1  48                   PHA                     ; STORE KEYSTROKE
000888  1  A5 14                LDA     MODE            ; OVERWRITE OR INSERT?
00088A  1  C9 00                CMP     #$00            ;
00088C  1  F0 03                BEQ     EDIT_OM         ; OVERWRITE MODE
00088E  1  20 A3 0A             JSR     INSERTCHAR      ; INSERT CHAR SPACE
000891  1               EDIT_OM:
000891  1  A0 00                LDY     #$00            ;
000893  1  B1 0D                LDA     (EDTPOS),Y      ; IS CRSR OVER A CR?
000895  1  C9 0D                CMP     #13             ;
000897  1  D0 25                BNE     EDIT_OMB        ; NO, CONTINUE
000899  1  C8                   INY                     ;
00089A  1  B1 0D                LDA     (EDTPOS),Y      ; IS NEXT POS A NULL?
00089C  1  C9 00                CMP     #$00            ;
00089E  1  D0 2F                BNE     EDIT_OMC        ;
0008A0  1               EDIT_OMA:
0008A0  1  68                   PLA                     ;
0008A1  1  A0 00                LDY     #$00            ;
0008A3  1  91 0D                STA     (EDTPOS),Y      ; PUT CHAR IN EDIT BUFFER
0008A5  1  20 6A 10             JSR     TOCONSOLE       ; PLACE CHAR ON SCREEN
0008A8  1  20 E5 0D             JSR     INCEDTPOS       ; MOVE EDTPOS 1 TO THE RIGHT
0008AB  1  A9 0D                LDA     #13             ;
0008AD  1  91 0D                STA     (EDTPOS),Y      ; PUT CHAR IN EDIT BUFFER
0008AF  1  20 6A 10             JSR     TOCONSOLE       ; PLACE CHAR ON SCREEN
0008B2  1  20 E5 0D             JSR     INCEDTPOS       ; MOVE EDTPOS 1 TO THE RIGHT
0008B5  1  20 69 0C             JSR     CRSRLEFT        ; MOVE CSR BACK 1
0008B8  1  20 DE 08             JSR     EDITCHECK       ;
0008BB  1  4C 1C 08             JMP     EDITLOOP        ;
0008BE  1               
0008BE  1               EDIT_OMB:
0008BE  1  68                   PLA
0008BF  1  A0 00                LDY     #$00
0008C1  1  91 0D                STA     (EDTPOS),Y      ; PUT CHAR IN EDIT BUFFER
0008C3  1  20 6A 10             JSR     TOCONSOLE       ; PLACE CHAR ON SCREEN
0008C6  1  20 E5 0D             JSR     INCEDTPOS       ; MOVE EDTPOS 1 TO THE RIGHT
0008C9  1  20 DE 08             JSR     EDITCHECK       ;
0008CC  1  4C 1C 08             JMP     EDITLOOP
0008CF  1               
0008CF  1               EDIT_OMC:
0008CF  1               
0008CF  1  A5 0C                LDA     CSRPOSY         ; HAVE WE REACHED THE END OF THE SCREEN?
0008D1  1  C9 13                CMP     #LASTROW-1      ;
0008D3  1  D0 03                BNE     *+5             ; NO
0008D5  1  20 46 0D             JSR     SCROLLDOWN      ; SCROLL
0008D8  1               
0008D8  1  20 CA 09             JSR     INSERTLINE
0008DB  1  4C A0 08             JMP     EDIT_OMA
0008DE  1               
0008DE  1               ;__EDITCHECK_____________________________________________________________________________________________________________________
0008DE  1               ;
0008DE  1               ; 	IF EDTPOS > CURRENTLEN CHANGE CURRENTLEN
0008DE  1               ;
0008DE  1               ;________________________________________________________________________________________________________________________________
0008DE  1               ;
0008DE  1               EDITCHECK:
0008DE  1  48                   PHA
0008DF  1  A5 0E                LDA     EDTPOS+1
0008E1  1  C5 13                CMP     CURRENTLEN+1
0008E3  1  90 10                BCC     EDITCHECK_1
0008E5  1  A5 0D                LDA     EDTPOS
0008E7  1  C5 12                CMP     CURRENTLEN
0008E9  1  90 0A                BCC     EDITCHECK_1
0008EB  1               
0008EB  1  A5 0E                LDA     EDTPOS+1
0008ED  1  85 13                STA     CURRENTLEN+1
0008EF  1  A5 0D                LDA     EDTPOS
0008F1  1  85 12                STA     CURRENTLEN
0008F3  1  E6 12                INC     CURRENTLEN
0008F5  1               EDITCHECK_1:
0008F5  1  68                   PLA
0008F6  1  60                   RTS
0008F7  1               
0008F7  1               ;__INSERTCR______________________________________________________________________________________________________________________
0008F7  1               ;
0008F7  1               ; 	INSERT CR AT THE CURRENT POSITION
0008F7  1               ;
0008F7  1               ;________________________________________________________________________________________________________________________________
0008F7  1               ;
0008F7  1               INSERTCR:
0008F7  1  A5 0B                LDA     CSRPOSX         ; Store current cursor and edit position into stack
0008F9  1  48                   PHA                     ;
0008FA  1  A5 0C                LDA     CSRPOSY         ;
0008FC  1  48                   PHA                     ;
0008FD  1  A5 0D                LDA     EDTPOS          ;
0008FF  1  48                   PHA                     ;
000900  1  A5 0E                LDA     EDTPOS+1        ;
000902  1  48                   PHA                     ;
000903  1               
000903  1               
000903  1  A0 00                LDY     #$00            ; move editpos to the end of the screen and store count into INSERTCHTEMP
000905  1  8C 89 09             STY     INSERTCHTEMP    ; INSERTCHTEMP=0
000908  1  A6 0B                LDX     CSRPOSX         ; x=current x pos
00090A  1               INSERTCR1:
00090A  1  E8                   INX                     ; x++
00090B  1  EE 89 09             INC     INSERTCHTEMP    ; INSERTCHTEMP++
00090E  1  20 E5 0D             JSR     INCEDTPOS       ; MOVE EDTPOS 1 TO THE RIGHT
000911  1  E0 50                CPX     #MAXCOL         ; are we at the end of the line?
000913  1  D0 F5                BNE     INSERTCR1       ; no, loop
000915  1               
000915  1               INSERTCR2:
000915  1  A9 00                LDA     #$00            ; INSERT A LINE
000917  1  85 0B                STA     CSRPOSX         ;
000919  1  E6 0C                INC     CSRPOSY         ;
00091B  1  20 15 10             JSR     GOCSR           ;
00091E  1  20 CA 09             JSR     INSERTLINE      ; INSERT A LINE
000921  1               
000921  1               
000921  1  68                   PLA                     ;
000922  1  85 0E                STA     EDTPOS+1        ;
000924  1  68                   PLA                     ;
000925  1  85 0D                STA     EDTPOS          ;
000927  1  68                   PLA                     ;
000928  1  85 0C                STA     CSRPOSY         ;
00092A  1  68                   PLA                     ;
00092B  1  85 0B                STA     CSRPOSX         ;
00092D  1               
00092D  1  A5 0B                LDA     CSRPOSX         ; Store current cursor and edit position into stack
00092F  1  48                   PHA                     ;
000930  1  A5 0C                LDA     CSRPOSY         ;
000932  1  48                   PHA                     ;
000933  1  A5 0D                LDA     EDTPOS          ;
000935  1  48                   PHA                     ;
000936  1  A5 0E                LDA     EDTPOS+1        ;
000938  1  48                   PHA                     ;
000939  1               
000939  1               
000939  1  AE 89 09             LDX     INSERTCHTEMP    ;
00093C  1               
00093C  1               INSERTCR3:
00093C  1  A0 00                LDY     #$00
00093E  1  B1 0D                LDA     (EDTPOS),Y      ;
000940  1  AC 89 09             LDY     INSERTCHTEMP    ;
000943  1  91 0D                STA     (EDTPOS),Y      ;
000945  1               
000945  1  20 6A 10             JSR     TOCONSOLE       ; PLACE CHAR ON SCREEN
000948  1  A9 00                LDA     #$00            ;
00094A  1  A8                   TAY                     ;
00094B  1  91 0D                STA     (EDTPOS),Y      ;
00094D  1               
00094D  1  20 E5 0D             JSR     INCEDTPOS       ; MOVE EDTPOS 1 TO THE RIGHT
000950  1  CA                   DEX                     ;
000951  1  E0 00                CPX     #$00            ;
000953  1  D0 E7                BNE     INSERTCR3       ;
000955  1               
000955  1  68                   PLA                     ;
000956  1  85 0E                STA     EDTPOS+1        ;
000958  1  68                   PLA                     ;
000959  1  85 0D                STA     EDTPOS          ;
00095B  1  68                   PLA                     ;
00095C  1  85 0C                STA     CSRPOSY         ;
00095E  1  68                   PLA                     ;
00095F  1  85 0B                STA     CSRPOSX         ;
000961  1  20 15 10             JSR     GOCSR
000964  1               
000964  1  A0 00                LDY     #$00            ;
000966  1  A9 0D                LDA     #13             ;
000968  1  91 0D                STA     (EDTPOS),Y      ; PUT CHAR IN EDIT BUFFER
00096A  1  20 6A 10             JSR     TOCONSOLE       ; PLACE CHAR ON SCREEN
00096D  1  20 E5 0D             JSR     INCEDTPOS       ; MOVE EDTPOS 1 TO THE RIGHT
000970  1               
000970  1               
000970  1  AE 89 09             LDX     INSERTCHTEMP    ;
000973  1  CA                   DEX                     ;
000974  1               INSERTCR4:
000974  1  8A                   TXA
000975  1  48                   PHA
000976  1  B1 0D                LDA     (EDTPOS),Y      ; PUT CHAR IN EDIT BUFFER
000978  1  20 6A 10             JSR     TOCONSOLE       ; PLACE CHAR ON SCREEN
00097B  1  20 E5 0D             JSR     INCEDTPOS       ; MOVE EDTPOS 1 TO THE RIGHT
00097E  1  68                   PLA                     ;
00097F  1  AA                   TAX                     ;
000980  1  CA                   DEX                     ;
000981  1  E0 00                CPX     #$00            ;
000983  1  D0 EF                BNE     INSERTCR4       ;
000985  1               
000985  1  20 15 10             JSR     GOCSR
000988  1  60                   RTS
000989  1               
000989  1               INSERTCHTEMP:
000989  1  00                   .BYTE   0               ;
00098A  1               
00098A  1               ;__TRUNCATE______________________________________________________________________________________________________________________
00098A  1               ;
00098A  1               ; 	TRUNCATE FILE AT THE CURRENT POSITION
00098A  1               ;
00098A  1               ;________________________________________________________________________________________________________________________________
00098A  1               ;
00098A  1               TRUNCATE:
00098A  1  A5 0B                LDA     CSRPOSX         ; Store current cursor and edit position into stack
00098C  1  48                   PHA                     ;
00098D  1  A5 0C                LDA     CSRPOSY         ;
00098F  1  48                   PHA                     ;
000990  1  A5 0D                LDA     EDTPOS          ;
000992  1  48                   PHA                     ;
000993  1  A5 0E                LDA     EDTPOS+1        ;
000995  1  48                   PHA                     ;
000996  1               
000996  1  A0 00                LDY     #$00            ;
000998  1  A9 0D                LDA     #13             ;
00099A  1  91 0D                STA     (EDTPOS),Y      ; PUT CHAR IN EDIT BUFFER
00099C  1  20 6A 10             JSR     TOCONSOLE       ; PLACE CHAR ON SCREEN
00099F  1               
00099F  1               TRUNCATE_LOOP:
00099F  1  20 E5 0D             JSR     INCEDTPOS
0009A2  1  A9 00                LDA     #$00            ;
0009A4  1  A8                   TAY                     ;
0009A5  1  91 0D                STA     (EDTPOS),Y      ; PUT CHAR IN EDIT BUFFER
0009A7  1               
0009A7  1  A5 0E                LDA     EDTPOS+1        ;
0009A9  1  C5 13                CMP     CURRENTLEN+1    ;
0009AB  1  D0 F2                BNE     TRUNCATE_LOOP   ;
0009AD  1  A5 0D                LDA     EDTPOS          ;
0009AF  1  C5 12                CMP     CURRENTLEN      ;
0009B1  1  D0 EC                BNE     TRUNCATE_LOOP   ;
0009B3  1               
0009B3  1  68                   PLA                     ;
0009B4  1  85 0E                STA     EDTPOS+1        ;
0009B6  1  85 13                STA     CURRENTLEN+1    ;
0009B8  1  68                   PLA                     ;
0009B9  1  85 0D                STA     EDTPOS          ;
0009BB  1  85 12                STA     CURRENTLEN      ;
0009BD  1  68                   PLA                     ;
0009BE  1  85 0C                STA     CSRPOSY         ;
0009C0  1  68                   PLA                     ;
0009C1  1  85 0B                STA     CSRPOSX         ;
0009C3  1               
0009C3  1  20 A9 0D             JSR     CHKPOS          ;
0009C6  1  20 44 0E             JSR     PAGEUP          ;
0009C9  1               
0009C9  1  60                   RTS
0009CA  1               
0009CA  1               
0009CA  1               ;__INSERTLINE____________________________________________________________________________________________________________________
0009CA  1               ;
0009CA  1               ; 	INSERT ONE LINE AT THE CURRENT POSITION
0009CA  1               ;
0009CA  1               ;________________________________________________________________________________________________________________________________
0009CA  1               ;
0009CA  1               INSERTLINE:
0009CA  1  20 DE 08             JSR     EDITCHECK       ; VERIFY WE ARE NOT PAST EOF
0009CD  1  A5 12                LDA     CURRENTLEN      ;
0009CF  1  85 0F                STA     TMPPOS          ;
0009D1  1  A5 13                LDA     CURRENTLEN+1    ;
0009D3  1  85 10                STA     TMPPOS+1        ; TMPPOS SHOULD BE BOTTOM OF COPY
0009D5  1               
0009D5  1  A5 12                LDA     CURRENTLEN      ; SET CURRENTLEN TO NEW TOP
0009D7  1  18                   CLC                     ; (+80)
0009D8  1  69 50                ADC     #$50            ;
0009DA  1  85 12                STA     CURRENTLEN      ;
0009DC  1  A5 13                LDA     CURRENTLEN+1    ;
0009DE  1  69 00                ADC     #$00            ;
0009E0  1  85 13                STA     CURRENTLEN+1    ;
0009E2  1  C9 B7                CMP     #>(Ram_top-1)   ; are we at the end of RAM?
0009E4  1  B0 57                BCS     INSERTLINE_ABORT; IF SO, ABORT
0009E6  1               ;
0009E6  1               INSERTLINE1:
0009E6  1  A0 00                LDY     #$00            ;
0009E8  1  B1 0F                LDA     (TMPPOS),Y      ;
0009EA  1  A0 50                LDY     #$50            ;
0009EC  1  91 0F                STA     (TMPPOS),Y      ;
0009EE  1  C6 0F                DEC     TMPPOS          ;
0009F0  1  A5 0F                LDA     TMPPOS          ;
0009F2  1  C9 FF                CMP     #$FF            ;
0009F4  1  D0 02                BNE     INSERTLINE1A    ;
0009F6  1  C6 10                DEC     TMPPOS+1        ;
0009F8  1               INSERTLINE1A:
0009F8  1  A5 10                LDA     TMPPOS+1        ;
0009FA  1  C5 0E                CMP     EDTPOS+1        ;
0009FC  1  D0 E8                BNE     INSERTLINE1     ;
0009FE  1  A5 0F                LDA     TMPPOS          ;
000A00  1  C5 0D                CMP     EDTPOS          ;
000A02  1  D0 E2                BNE     INSERTLINE1     ;
000A04  1  A2 50                LDX     #80             ;
000A06  1  A0 00                LDY     #$00            ;
000A08  1  A9 00                LDA     #$00            ;
000A0A  1               INSERTLINE2:
000A0A  1  91 0F                STA     (TMPPOS),Y      ;
000A0C  1  C8                   INY                     ;
000A0D  1  CA                   DEX                     ;
000A0E  1  E0 00                CPX     #$00            ;
000A10  1  D0 F8                BNE     INSERTLINE2     ;
000A12  1               
000A12  1  A5 0B                LDA     CSRPOSX         ;
000A14  1  48                   PHA                     ;
000A15  1  A5 0C                LDA     CSRPOSY         ;
000A17  1  48                   PHA                     ;
000A18  1  A5 0D                LDA     EDTPOS          ;
000A1A  1  48                   PHA                     ;
000A1B  1  A5 0E                LDA     EDTPOS+1        ;
000A1D  1  48                   PHA                     ;
000A1E  1  A0 00                LDY     #$00            ;
000A20  1               
000A20  1               INSERTLINE3:
000A20  1  B1 0D                LDA     (EDTPOS),Y      ;
000A22  1  20 6A 10             JSR     TOCONSOLE       ;
000A25  1  20 E5 0D             JSR     INCEDTPOS       ;
000A28  1  A5 0C                LDA     CSRPOSY         ; HAVE WE REACHED THE END OF THE SCREEN?
000A2A  1  C9 14                CMP     #LASTROW        ;
000A2C  1  D0 F2                BNE     INSERTLINE3     ; NO
000A2E  1  68                   PLA                     ;
000A2F  1  85 0E                STA     EDTPOS+1        ;
000A31  1  68                   PLA                     ;
000A32  1  85 0D                STA     EDTPOS          ;
000A34  1  68                   PLA                     ;
000A35  1  85 0C                STA     CSRPOSY         ;
000A37  1  68                   PLA                     ;
000A38  1  85 0B                STA     CSRPOSX         ;
000A3A  1  4C 15 10             JMP     GOCSR           ;
000A3D  1               
000A3D  1               INSERTLINE_ABORT:
000A3D  1  60                   RTS
000A3E  1               
000A3E  1               
000A3E  1               
000A3E  1               ;__DELETELINE____________________________________________________________________________________________________________________
000A3E  1               ;
000A3E  1               ; 	DELETE ONE LINE AT THE CURRENT POSITION
000A3E  1               ;
000A3E  1               ;________________________________________________________________________________________________________________________________
000A3E  1               ;
000A3E  1               DELETELINE:
000A3E  1  A5 0D                LDA     EDTPOS          ;
000A40  1  85 0F                STA     TMPPOS          ;
000A42  1  A5 0E                LDA     EDTPOS+1        ;
000A44  1  85 10                STA     TMPPOS+1        ; TMPPOS SHOULD BE TOP OF COPY
000A46  1               
000A46  1  A5 12                LDA     CURRENTLEN      ; SET CURRENTLEN TO NEW TOP
000A48  1  38                   SEC                     ; (+80)
000A49  1  E9 50                SBC     #$50            ;
000A4B  1  85 12                STA     CURRENTLEN      ;
000A4D  1  A5 13                LDA     CURRENTLEN+1    ;
000A4F  1  E9 00                SBC     #$00            ;
000A51  1  85 13                STA     CURRENTLEN+1    ;
000A53  1               ;
000A53  1               DELETELINE1:
000A53  1  A0 50                LDY     #$50            ;
000A55  1  B1 0F                LDA     (TMPPOS),Y      ;
000A57  1  A0 00                LDY     #$00            ;
000A59  1  91 0F                STA     (TMPPOS),Y      ;
000A5B  1  E6 0F                INC     TMPPOS          ;
000A5D  1  A5 0F                LDA     TMPPOS          ;
000A5F  1  C9 00                CMP     #$00            ;
000A61  1  D0 02                BNE     DELETELINE1A    ;
000A63  1  E6 10                INC     TMPPOS+1        ;
000A65  1               DELETELINE1A:
000A65  1  A5 10                LDA     TMPPOS+1        ;
000A67  1  C5 13                CMP     CURRENTLEN+1    ;
000A69  1  D0 E8                BNE     DELETELINE1     ;
000A6B  1  A5 0F                LDA     TMPPOS          ;
000A6D  1  C5 12                CMP     CURRENTLEN      ;
000A6F  1  D0 E2                BNE     DELETELINE1     ;
000A71  1               
000A71  1  A5 0B                LDA     CSRPOSX         ;
000A73  1  48                   PHA                     ;
000A74  1  A5 0C                LDA     CSRPOSY         ;
000A76  1  48                   PHA                     ;
000A77  1  A5 0D                LDA     EDTPOS          ;
000A79  1  48                   PHA                     ;
000A7A  1  A5 0E                LDA     EDTPOS+1        ;
000A7C  1  48                   PHA                     ;
000A7D  1  A9 00                LDA     #$00            ;
000A7F  1  85 0B                STA     CSRPOSX         ;
000A81  1  20 15 10             JSR     GOCSR           ;
000A84  1  A0 00                LDY     #$00            ;
000A86  1               DELETELINE3:
000A86  1  B1 0D                LDA     (EDTPOS),Y      ;
000A88  1  20 6A 10             JSR     TOCONSOLE       ;
000A8B  1  20 E5 0D             JSR     INCEDTPOS       ;
000A8E  1  A5 0C                LDA     CSRPOSY         ; HAVE WE REACHED THE END OF THE SCREEN?
000A90  1  C9 14                CMP     #LASTROW        ;
000A92  1  D0 F2                BNE     DELETELINE3     ; NO
000A94  1  68                   PLA                     ;
000A95  1  85 0E                STA     EDTPOS+1        ;
000A97  1  68                   PLA                     ;
000A98  1  85 0D                STA     EDTPOS          ;
000A9A  1  68                   PLA                     ;
000A9B  1  85 0C                STA     CSRPOSY         ;
000A9D  1  68                   PLA                     ;
000A9E  1  85 0B                STA     CSRPOSX         ;
000AA0  1  4C 15 10             JMP     GOCSR           ;
000AA3  1               
000AA3  1               
000AA3  1               ;__INSERTCHAR____________________________________________________________________________________________________________________
000AA3  1               ;
000AA3  1               ; 	INSERT ONE CHAR AT THE CURRENT POSITION
000AA3  1               ;
000AA3  1               ;________________________________________________________________________________________________________________________________
000AA3  1               ;
000AA3  1               INSERTCHAR:
000AA3  1  A5 0D                LDA     EDTPOS          ; STORE CURRENT POSITION
000AA5  1  85 0F                STA     TMPPOS          ;
000AA7  1  A5 0E                LDA     EDTPOS+1        ;
000AA9  1  85 10                STA     TMPPOS+1        ;
000AAB  1               
000AAB  1               ; FIND END OF LINE
000AAB  1  A0 00                LDY     #$00            ;
000AAD  1               INSERTCHAR1:
000AAD  1  B1 0F                LDA     (TMPPOS),Y      ;
000AAF  1               
000AAF  1  E6 0F                INC     TMPPOS          ; INC POINTER
000AB1  1  D0 02                BNE     *+4             ;
000AB3  1  E6 10                INC     TMPPOS+1        ;
000AB5  1  C9 0D                CMP     #13             ; AT END?
000AB7  1  F0 09                BEQ     INSERTCHAR2     ; FOUND END
000AB9  1               
000AB9  1  A5 10                LDA     TMPPOS+1
000ABB  1  C9 B7                CMP     #>(Ram_top-1)   ; are we at the end of RAM?
000ABD  1  B0 54                BCS     INSERTCHAR_ABORT; IF SO, ABORT
000ABF  1  4C AD 0A             JMP     INSERTCHAR1     ;
000AC2  1               
000AC2  1               INSERTCHAR2:
000AC2  1  B1 0F                LDA     (TMPPOS),Y      ; FREE SPACE AT END OF LINE?
000AC4  1  C9 00                CMP     #$00            ;
000AC6  1  F0 03                BEQ     INSERTCHAR3     ;
000AC8  1  20 14 0B             JSR     INSERTCHAR5     ; NO, INSERT A LINE
000ACB  1               
000ACB  1               INSERTCHAR3:
000ACB  1  C6 0F                DEC     TMPPOS          ; DEC TMPPOS
000ACD  1  A5 0F                LDA     TMPPOS          ;
000ACF  1  C9 FF                CMP     #$FF            ;
000AD1  1  D0 02                BNE     *+4             ;
000AD3  1  C6 10                DEC     TMPPOS+1        ;
000AD5  1               
000AD5  1  A0 00                LDY     #$00            ; MOVE EVERYTHING UP ONE POS
000AD7  1  B1 0F                LDA     (TMPPOS),Y      ;
000AD9  1  C8                   INY                     ;
000ADA  1  91 0F                STA     (TMPPOS),Y      ;
000ADC  1  A5 10                LDA     TMPPOS+1        ; AT CURRENT POSITION?
000ADE  1  C5 0E                CMP     EDTPOS+1        ;
000AE0  1  D0 E9                BNE     INSERTCHAR3     ; NO, LOOP
000AE2  1  A5 0F                LDA     TMPPOS          ;
000AE4  1  C5 0D                CMP     EDTPOS          ;
000AE6  1  D0 E3                BNE     INSERTCHAR3     ; NO, LOOP
000AE8  1               
000AE8  1  A5 0B                LDA     CSRPOSX         ;
000AEA  1  48                   PHA                     ;
000AEB  1  A5 0C                LDA     CSRPOSY         ;
000AED  1  48                   PHA                     ;
000AEE  1  A5 0D                LDA     EDTPOS          ;
000AF0  1  48                   PHA                     ;
000AF1  1  A5 0E                LDA     EDTPOS+1        ;
000AF3  1  48                   PHA                     ;
000AF4  1  A0 00                LDY     #$00            ;
000AF6  1               INSERTCHAR4:
000AF6  1  B1 0D                LDA     (EDTPOS),Y      ;
000AF8  1  48                   PHA                     ;
000AF9  1  20 6A 10             JSR     TOCONSOLE       ;
000AFC  1  20 E5 0D             JSR     INCEDTPOS       ;
000AFF  1  68                   PLA                     ;
000B00  1  C9 0D                CMP     #13             ; HAVE WE REACHED THE END OF THE ROW?
000B02  1  D0 F2                BNE     INSERTCHAR4     ; NO
000B04  1  68                   PLA                     ;
000B05  1  85 0E                STA     EDTPOS+1        ;
000B07  1  68                   PLA                     ;
000B08  1  85 0D                STA     EDTPOS          ;
000B0A  1  68                   PLA                     ;
000B0B  1  85 0C                STA     CSRPOSY         ;
000B0D  1  68                   PLA                     ;
000B0E  1  85 0B                STA     CSRPOSX         ;
000B10  1  4C 15 10             JMP     GOCSR           ;
000B13  1               INSERTCHAR_ABORT:
000B13  1  60                   RTS                     ;
000B14  1               INSERTCHAR5:
000B14  1  A5 0C                LDA     CSRPOSY         ; HAVE WE REACHED THE END OF THE SCREEN?
000B16  1  C9 13                CMP     #LASTROW-1      ;
000B18  1  D0 03                BNE     *+5             ; NO
000B1A  1  20 46 0D             JSR     SCROLLDOWN      ; SCROLL
000B1D  1               
000B1D  1  A5 0D                LDA     EDTPOS          ;
000B1F  1  48                   PHA                     ;
000B20  1  A5 0E                LDA     EDTPOS+1        ;
000B22  1  48                   PHA                     ;
000B23  1  A5 0B                LDA     CSRPOSX         ;
000B25  1  48                   PHA                     ;
000B26  1  A5 0C                LDA     CSRPOSY         ;
000B28  1  48                   PHA                     ;
000B29  1  A9 00                LDA     #$00            ;
000B2B  1  85 0B                STA     CSRPOSX         ;
000B2D  1  E6 0C                INC     CSRPOSY         ;
000B2F  1  20 15 10             JSR     GOCSR           ;
000B32  1               
000B32  1  A5 0F                LDA     TMPPOS          ;
000B34  1  85 0D                STA     EDTPOS          ;
000B36  1  A5 10                LDA     TMPPOS+1        ;
000B38  1  85 0E                STA     EDTPOS+1        ;
000B3A  1               
000B3A  1  20 CA 09             JSR     INSERTLINE      ;
000B3D  1  68                   PLA                     ;
000B3E  1  85 0C                STA     CSRPOSY         ;
000B40  1  68                   PLA                     ;
000B41  1  85 0B                STA     CSRPOSX         ;
000B43  1  68                   PLA                     ;
000B44  1  85 0E                STA     EDTPOS+1        ;
000B46  1  68                   PLA                     ;
000B47  1  85 0D                STA     EDTPOS          ;
000B49  1  4C 15 10             JMP     GOCSR           ;
000B4C  1               
000B4C  1               
000B4C  1               
000B4C  1               
000B4C  1               ;__BACKSPACE_____________________________________________________________________________________________________________________
000B4C  1               ;
000B4C  1               ; 	PERFORM BACKSPACE FUNCTION AT THE CURRENT POSITION
000B4C  1               ;
000B4C  1               ;________________________________________________________________________________________________________________________________
000B4C  1               ;
000B4C  1               BACKSPACE:
000B4C  1  20 69 0C             JSR     CRSRLEFT
000B4F  1  4C 52 0B             JMP     DELETECHAR
000B52  1               
000B52  1               
000B52  1               ;__DELETECHAR____________________________________________________________________________________________________________________
000B52  1               ;
000B52  1               ; 	DELETE ONE CHAR AT THE CURRENT POSITION
000B52  1               ;
000B52  1               ;________________________________________________________________________________________________________________________________
000B52  1               ;
000B52  1               DELETECHAR:
000B52  1  A5 0D                LDA     EDTPOS          ; STORE CURRENT POSITION
000B54  1  85 0F                STA     TMPPOS          ;
000B56  1  A5 0E                LDA     EDTPOS+1        ;
000B58  1  85 10                STA     TMPPOS+1        ;
000B5A  1               
000B5A  1               ; FIND MOVE CHARS BACK ONE SPACE UNTIL THE END OF LINE
000B5A  1               DELETECHAR1:
000B5A  1  A0 01                LDY     #$01            ;
000B5C  1  B1 0F                LDA     (TMPPOS),Y      ;
000B5E  1  C9 00                CMP     #$00            ;
000B60  1  D0 02                BNE     DELETECHAR1A    ;
000B62  1  A9 20                LDA     #32             ; REPLACE NULLS WITH SPACES
000B64  1               DELETECHAR1A:
000B64  1  A0 00                LDY     #$00            ;
000B66  1  91 0F                STA     (TMPPOS),Y      ;
000B68  1               
000B68  1  E6 0F                INC     TMPPOS          ; INC POINTER
000B6A  1  D0 02                BNE     *+4             ;
000B6C  1  E6 10                INC     TMPPOS+1        ;
000B6E  1  C9 0D                CMP     #13             ; AT END?
000B70  1  F0 09                BEQ     DELETECHAR2     ; FOUND END
000B72  1               
000B72  1  A5 10                LDA     TMPPOS+1
000B74  1  C9 B7                CMP     #>(Ram_top-1)   ; are we at the end of RAM?
000B76  1  B0 57                BCS     DELETECHAR_ABORT; IF SO, ABORT
000B78  1  4C 5A 0B             JMP     DELETECHAR1     ;
000B7B  1               
000B7B  1               
000B7B  1               
000B7B  1               
000B7B  1               DELETECHAR2:
000B7B  1  A9 00                LDA     #$00
000B7D  1  91 0F                STA     (TMPPOS),Y      ;
000B7F  1               
000B7F  1               ; FAST DISPLAY UPDATE: USE ANSI DELETE-CHAR INSTEAD OF REDRAWING WHOLE LINE
000B7F  1  A5 0B                LDA     CSRPOSX         ; remember starting column to avoid wrapping on the short redraw
000B81  1  8D D0 0B             STA     DELETECHARTMP
000B84  1               
000B84  1  A5 0B                LDA     CSRPOSX         ;
000B86  1  48                   PHA                     ;
000B87  1  A5 0C                LDA     CSRPOSY         ;
000B89  1  48                   PHA                     ;
000B8A  1  A5 0D                LDA     EDTPOS          ;
000B8C  1  48                   PHA                     ;
000B8D  1  A5 0E                LDA     EDTPOS+1        ;
000B8F  1  48                   PHA                     ;
000B90  1               
000B90  1               ; delete char at cursor (terminal shifts remainder left)
000B90  1  A9 AD                LDA     #<DELCHARSEQ
000B92  1  A0 10                LDY     #>DELCHARSEQ
000B94  1  A2 09                LDX     #9
000B96  1  20 03 01             JSR     PEM
000B99  1               
000B99  1               ; redraw a short tail (up to 16 chars, stop at CR, stay on this line)
000B99  1  A9 4F                LDA     #MAXCOL-1
000B9B  1  38                   SEC
000B9C  1  ED D0 0B             SBC     DELETECHARTMP    ; remaining cols before wrap
000B9F  1  85 11                STA     TEMP1
000BA1  1  A0 00                LDY     #$00
000BA3  1  A2 10                LDX     #16             ; limit redraw length
000BA5  1               DELETECHAR4:
000BA5  1  B1 0D                LDA     (EDTPOS),Y
000BA7  1  C9 0D                CMP     #13
000BA9  1  F0 0C                BEQ     DELETECHAR4B     ; stop at CR
000BAB  1  98                   TYA
000BAC  1  C5 11                CMP     TEMP1
000BAE  1  B0 07                BCS     DELETECHAR4B     ; don't wrap line
000BB0  1  20 6A 10             JSR     TOCONSOLE
000BB3  1  C8                   INY
000BB4  1  CA                   DEX
000BB5  1  D0 EE                BNE     DELETECHAR4
000BB7  1               DELETECHAR4B:
000BB7  1               
000BB7  1               ; clean the rest of the line to avoid artifacts
000BB7  1  A9 B1                LDA     #<ERASEEOLSEQ
000BB9  1  A0 10                LDY     #>ERASEEOLSEQ
000BBB  1  A2 09                LDX     #9
000BBD  1  20 03 01             JSR     PEM
000BC0  1               
000BC0  1               ; restore cursor/buffer state
000BC0  1  68                   PLA                     ;
000BC1  1  85 0E                STA     EDTPOS+1        ;
000BC3  1  68                   PLA                     ;
000BC4  1  85 0D                STA     EDTPOS          ;
000BC6  1  68                   PLA                     ;
000BC7  1  85 0C                STA     CSRPOSY         ;
000BC9  1  68                   PLA                     ;
000BCA  1  85 0B                STA     CSRPOSX         ;
000BCC  1  4C 15 10             JMP     GOCSR           ;
000BCF  1               DELETECHAR_ABORT:
000BCF  1  60                   RTS                     ;
000BD0  1               
000BD0  1               DELETECHARTMP:
000BD0  1  00                   .BYTE   0
000BD1  1               
000BD1  1               
000BD1  1               ;__TOGGLEMODE_____________________________________________________________________________________________________________________
000BD1  1               ;
000BD1  1               ; 	TOGGLE INSERT/OVERWRITE MODE
000BD1  1               ;
000BD1  1               ;________________________________________________________________________________________________________________________________
000BD1  1               ;
000BD1  1               TOGGLEMODE:
000BD1  1               
000BD1  1  A5 14                LDA     MODE            ;
000BD3  1  C9 00                CMP     #$00            ;
000BD5  1  D0 23                BNE     TOGGLEMODEOW    ;
000BD7  1               
000BD7  1               TOGGLEMODEIM:
000BD7  1  A9 01                LDA     #$01            ;
000BD9  1  85 14                STA     MODE            ;
000BDB  1  A9 E7                LDA     #<IMMODE        ;
000BDD  1  A0 0B                LDY     #>IMMODE        ;
000BDF  1  A2 09                LDX     #9              ;
000BE1  1  20 03 01             JSR     PEM             ;
000BE4  1  4C 15 10             JMP     GOCSR           ;
000BE7  1               IMMODE:
000BE7  1  1B 5B 32 33          .BYTE   $1B,'[','2','3',';','6','2','H'
000BEB  1  3B 36 32 48  
000BEF  1  1B 5B 37 6D          .BYTE   $1B,'[','7','m'
000BF3  1  49 4D                .BYTE   "IM"
000BF5  1  1B 5B 30 6D          .BYTE   $1B,'[','0','m','$'
000BF9  1  24           
000BFA  1               TOGGLEMODEOW:
000BFA  1  A9 00                LDA     #$00            ;
000BFC  1  85 14                STA     MODE            ;
000BFE  1  A9 0A                LDA     #<OWMODE        ;
000C00  1  A0 0C                LDY     #>OWMODE        ;
000C02  1  A2 09                LDX     #9              ;
000C04  1  20 03 01             JSR     PEM             ;
000C07  1  4C 15 10             JMP     GOCSR           ;
000C0A  1               
000C0A  1               OWMODE:
000C0A  1  1B 5B 32 33          .BYTE   $1B,'[','2','3',';','6','2','H'
000C0E  1  3B 36 32 48  
000C12  1  1B 5B 37 6D          .BYTE   $1B,'[','7','m'
000C16  1  4F 4D                .BYTE   "OM"
000C18  1  1B 5B 30 6D          .BYTE   $1B,'[','0','m','$'
000C1C  1  24           
000C1D  1               
000C1D  1               
000C1D  1               
000C1D  1               ;__CRSRUP________________________________________________________________________________________________________________________
000C1D  1               ;
000C1D  1               ; 	MOVE THE CURSOR UP ONE POSITION, DEC THE BUFFER POINTER AND SCROLL UP IF NECESSARY
000C1D  1               ;
000C1D  1               ;________________________________________________________________________________________________________________________________
000C1D  1               ;
000C1D  1               CRSRUP:
000C1D  1  A5 0D                LDA     EDTPOS          ;
000C1F  1  D0 07                BNE     CRSRUP1         ; CHECK TO SEE IF POINTER IS AT THE VERY TOP OF THE
000C21  1  A5 0E                LDA     EDTPOS+1        ; BUFFER.  IF IT IS, DO NOTHING.
000C23  1  C9 18                CMP     #>BUFFER        ;
000C25  1  D0 01                BNE     CRSRUP1         ;
000C27  1  60                   RTS                     ;
000C28  1               CRSRUP1:
000C28  1  A2 00                LDX     #$00            ;
000C2A  1  A5 0C                LDA     CSRPOSY         ; FIRST LINE?
000C2C  1  C9 00                CMP     #$00            ; THEN SCROLL UP
000C2E  1  D0 04                BNE     CRSRUP2         ;
000C30  1  20 C7 0C             JSR     SCROLLUP        ;
000C33  1  60                   RTS
000C34  1               
000C34  1               CRSRUP2:
000C34  1  20 EC 0D             JSR     DECEDTPOS       ; MOVE POINTER BACK ONE
000C37  1  E8                   INX                     ; INC COUNTER
000C38  1  E0 50                CPX     #MAXCOL         ; HAVE WE GONE BACK MAXCOL POSITIONS?
000C3A  1  D0 F8                BNE     CRSRUP2         ; YES, EXIT
000C3C  1               
000C3C  1  C6 0C                DEC     CSRPOSY         ;
000C3E  1  20 A9 0D             JSR     CHKPOS          ; WE ARE DONE! POSITION THE CURSOR AND EXIT
000C41  1  60                   RTS                     ;
000C42  1               
000C42  1               
000C42  1               ;__CRSRDN________________________________________________________________________________________________________________________
000C42  1               ;
000C42  1               ; 	MOVE THE CURSOR DOWN ONE POSITION, INC THE BUFFER POINTER AND SCROLL IF NECESSARY
000C42  1               ;
000C42  1               ;________________________________________________________________________________________________________________________________
000C42  1               ;
000C42  1               CRSRDN:
000C42  1               
000C42  1  A5 0C                LDA     CSRPOSY         ; HAVE WE REACHED THE END OF THE SCREEN?
000C44  1  C9 13                CMP     #LASTROW-1      ;
000C46  1  D0 03                BNE     CRSRDN1         ; NO, JUST MOVE DOWN
000C48  1  20 46 0D             JSR     SCROLLDOWN      ; SCROLL
000C4B  1               
000C4B  1               CRSRDN1:
000C4B  1  A2 00                LDX     #$00
000C4D  1               CRSRDN2:
000C4D  1  20 E5 0D             JSR     INCEDTPOS       ; MOVE EDTPOS 1 TO THE RIGHT
000C50  1  E8                   INX
000C51  1  E0 50                CPX     #MAXCOL
000C53  1  F0 0B                BEQ     CRSRDN3         ; YES, DONE
000C55  1  A5 0E                LDA     EDTPOS+1        ; WILL NEXT MOVE SEND US PAST THE END OF RAM?
000C57  1  C9 B8                CMP     #>Ram_top       ; are we at the end of RAM?
000C59  1  F0 0B                BEQ     CRSRDN4         ; YES, DONE THEN
000C5B  1  A5 0E                LDA     EDTPOS+1        ;
000C5D  1               
000C5D  1               CRSRDN2A:
000C5D  1  4C 4D 0C             JMP     CRSRDN2         ; NO, KEEP GOING
000C60  1               CRSRDN3:
000C60  1  E6 0C                INC     CSRPOSY         ;
000C62  1  20 A9 0D             JSR     CHKPOS          ; WE ARE DONE! POSITION THE CURSOR AND EXIT
000C65  1  60                   RTS                     ;
000C66  1               CRSRDN4:
000C66  1  4C 96 0E             JMP     PAINTSCREEN0    ;
000C69  1               
000C69  1               
000C69  1               
000C69  1               ;__CRSRLEFT______________________________________________________________________________________________________________________
000C69  1               ;
000C69  1               ; 	MOVE THE CURSOR LEFT ONE POSITION, DEC THE BUFFER POINTER AND SCROLL UP IF NECESSARY
000C69  1               ;
000C69  1               ;________________________________________________________________________________________________________________________________
000C69  1               ;
000C69  1               CRSRLEFT:
000C69  1  A5 0D                LDA     EDTPOS          ;
000C6B  1  D0 07                BNE     CRSRLEFT1       ; CHECK TO SEE IF POINTER IS AT THE VERY TOP OF THE
000C6D  1  A5 0E                LDA     EDTPOS+1        ; BUFFER.  IF IT IS, DO NOTHING.
000C6F  1  C9 18                CMP     #>BUFFER        ;
000C71  1  D0 01                BNE     CRSRLEFT1       ;
000C73  1  60                   RTS                     ;
000C74  1               CRSRLEFT1:
000C74  1  C6 0B                DEC     CSRPOSX         ; DEC THE CURSOR POSITION
000C76  1  A5 0B                LDA     CSRPOSX         ; CHECK TO SEE IF WE WERE AT THE LEFT MOST POSITION
000C78  1  C9 FF                CMP     #$FF            ;
000C7A  1  F0 06                BEQ     CRSRLEFT2       ; IF WE WERE, DO SOME SPECIAL STUFF
000C7C  1  20 EC 0D             JSR     DECEDTPOS       ; MOVE EDTPOS 1 TO THE LEFT
000C7F  1  4C A9 0D             JMP     CHKPOS          ; POSITION THE CURSOR
000C82  1               CRSRLEFT2:                      ; CURSOR IS AT THE LEFT MOST LINE
000C82  1  A9 4F                LDA     #MAXCOL-1       ;
000C84  1  85 0B                STA     CSRPOSX         ;
000C86  1  AA                   TAX                     ;
000C87  1               CRSRLEFT2A:
000C87  1  20 E5 0D             JSR     INCEDTPOS       ;
000C8A  1  CA                   DEX                     ;
000C8B  1  D0 FA                BNE     CRSRLEFT2A      ;
000C8D  1  4C 1D 0C             JMP     CRSRUP          ; MOVE UP ONE LINE
000C90  1               
000C90  1               
000C90  1               ;__CRSRRIGHT_____________________________________________________________________________________________________________________
000C90  1               ;
000C90  1               ; 	MOVE THE CURSOR RIGHT ONE POSITION, INC THE BUFFER POINTER AND SCROLL IF NECESSARY
000C90  1               ;
000C90  1               ;________________________________________________________________________________________________________________________________
000C90  1               ;
000C90  1               CRSRRIGHT:
000C90  1  A5 0C                LDA     CSRPOSY         ; IS CURSOR ON LAST POSITION OF SCREEN?
000C92  1  C9 13                CMP     #LASTROW-1      ; IF NOT, BRANCH TO CSRRIGHT1, OTHERWISE
000C94  1  D0 09                BNE     CRSRRIGHT1      ; SCROLL SCREEN
000C96  1  A5 0B                LDA     CSRPOSX         ;
000C98  1  C9 4F                CMP     #MAXCOL-1       ;
000C9A  1  D0 03                BNE     CRSRRIGHT1      ;
000C9C  1               ;
000C9C  1  20 46 0D             JSR     SCROLLDOWN      ;
000C9F  1               ;
000C9F  1               CRSRRIGHT1:                     ;
000C9F  1  20 15 10             JSR     GOCSR           ; POSITION CURSOR
000CA2  1  A0 00                LDY     #$00            ;
000CA4  1  B1 0D                LDA     (EDTPOS),Y      ; GET CHAR FROM EDIT BUFFER
000CA6  1  20 6A 10             JSR     TOCONSOLE       ; PLACE CHAR ON SCREEN
000CA9  1               ;
000CA9  1  20 E5 0D             JSR     INCEDTPOS       ; MOVE EDTPOS 1 TO THE RIGHT
000CAC  1               ;
000CAC  1  A5 0E                LDA     EDTPOS+1        ;
000CAE  1  C9 B8                CMP     #>Ram_top       ; are we at the end of RAM?
000CB0  1  D0 11                BNE     CRSRRIGHT2      ; NO, EXIT
000CB2  1  20 EC 0D             JSR     DECEDTPOS       ; OTHERWISE BACK POINTER OFF ONE
000CB5  1               ; AND PLACE CURSOR BACK ONE POSITION
000CB5  1  C6 0B                DEC     CSRPOSX         ;
000CB7  1  A5 0B                LDA     CSRPOSX         ;
000CB9  1  C9 FF                CMP     #$FF            ;
000CBB  1  D0 06                BNE     CRSRRIGHT2      ;
000CBD  1  C6 0C                DEC     CSRPOSY         ;
000CBF  1  A9 50                LDA     #MAXCOL         ;
000CC1  1  85 0B                STA     CSRPOSX         ; DDW 11/29/2014 (FROM Y)
000CC3  1               CRSRRIGHT2:
000CC3  1  20 A9 0D             JSR     CHKPOS
000CC6  1  60                   RTS                     ;
000CC7  1               
000CC7  1               
000CC7  1               
000CC7  1               ;__SCROLLUP_____________________________________________________________________________________________________________________
000CC7  1               ;
000CC7  1               ; 	SCROLL UP ONE LINE
000CC7  1               ;
000CC7  1               ;
000CC7  1               ;
000CC7  1               ;
000CC7  1               ;________________________________________________________________________________________________________________________________
000CC7  1               ;
000CC7  1               SCROLLUP:
000CC7  1  A5 0E                LDA     EDTPOS+1        ; CHECK HIGH BYTE, IF NOT EQUAL
000CC9  1  C9 18                CMP     #>BUFFER        ; NO WAY WE ARE AT START OF BUFFER
000CCB  1  D0 07                BNE     SCROLLUPSTART   ; SO SCROLL
000CCD  1  A5 0D                LDA     EDTPOS          ; CHECK LOW BYTE
000CCF  1  C9 51                CMP     #MAXCOL+1       ; IF WE ARE NOT ON TOP LINE
000CD1  1  B0 01                BCS     SCROLLUPSTART   ; SCROLL
000CD3  1  60                   RTS                     ; IF NOT, DO NOTHING
000CD4  1               
000CD4  1               SCROLLUPSTART:
000CD4  1  A9 33                LDA     #<SCROLLUPT     ;
000CD6  1  A0 0D                LDY     #>SCROLLUPT
000CD8  1  A2 09                LDX     #9              ;
000CDA  1  20 03 01             JSR     PEM             ;
000CDD  1               
000CDD  1  A5 0C                LDA     CSRPOSY
000CDF  1  48                   PHA
000CE0  1  A5 0B                LDA     CSRPOSX
000CE2  1  48                   PHA
000CE3  1               
000CE3  1  A9 50                LDA     #MAXCOL
000CE5  1  18                   CLC
000CE6  1  65 0B                ADC     CSRPOSX
000CE8  1  AA                   TAX
000CE9  1               SCROLLUP1:
000CE9  1  20 EC 0D             JSR     DECEDTPOS
000CEC  1  CA                   DEX
000CED  1  E0 00                CPX     #$00
000CEF  1  D0 F8                BNE     SCROLLUP1
000CF1  1               
000CF1  1  A2 00                LDX     #$00
000CF3  1  86 0B                STX     CSRPOSX
000CF5  1  86 0C                STX     CSRPOSY
000CF7  1  20 15 10             JSR     GOCSR
000CFA  1               
000CFA  1  A5 0D                LDA     EDTPOS
000CFC  1  48                   PHA
000CFD  1  A5 0E                LDA     EDTPOS+1
000CFF  1  48                   PHA
000D00  1               
000D00  1  20 EC 0D             JSR     DECEDTPOS
000D03  1  A0 00                LDY     #$00
000D05  1  A2 50                LDX     #MAXCOL
000D07  1               SCROLLUP2:
000D07  1  20 E5 0D             JSR     INCEDTPOS
000D0A  1  B1 0D                LDA     (EDTPOS),Y
000D0C  1  20 6A 10             JSR     TOCONSOLE
000D0F  1  CA                   DEX
000D10  1  E0 00                CPX     #$00
000D12  1  D0 F3                BNE     SCROLLUP2
000D14  1               
000D14  1  68                   PLA
000D15  1  85 0E                STA     EDTPOS+1
000D17  1  68                   PLA
000D18  1  85 0D                STA     EDTPOS
000D1A  1               
000D1A  1  68                   PLA
000D1B  1  85 0B                STA     CSRPOSX         ;
000D1D  1  AA                   TAX
000D1E  1  68                   PLA
000D1F  1  85 0C                STA     CSRPOSY         ;
000D21  1  20 15 10             JSR     GOCSR           ;
000D24  1               
000D24  1               SCROLLUP3:
000D24  1  E0 00                CPX     #$00
000D26  1  F0 07                BEQ     SCROLLUP4
000D28  1  20 E5 0D             JSR     INCEDTPOS
000D2B  1  CA                   DEX
000D2C  1  4C 24 0D             JMP     SCROLLUP3
000D2F  1               
000D2F  1               SCROLLUP4:
000D2F  1  20 A9 0D             JSR     CHKPOS
000D32  1  60                   RTS
000D33  1               
000D33  1               SCROLLUPT:
000D33  1  1B 5B 33 3B          .BYTE   $1B,'[','3',';','2','2','r',$1B,'[','3',';','1','H',$1B,'M',$1B,'[','r','$'
000D37  1  32 32 72 1B  
000D3B  1  5B 33 3B 31  
000D46  1               
000D46  1               ;__SCROLLDOWN___________________________________________________________________________________________________________________
000D46  1               ;
000D46  1               ; 	SCROLL DOWN ONE LINE
000D46  1               ;
000D46  1               ;
000D46  1               ;
000D46  1               ;________________________________________________________________________________________________________________________________
000D46  1               ;
000D46  1               SCROLLDOWN:
000D46  1  A9 95                LDA     #<SCROLLDOWNT
000D48  1  A0 0D                LDY     #>SCROLLDOWNT
000D4A  1  A2 09                LDX     #9              ;
000D4C  1  20 03 01             JSR     PEM             ;
000D4F  1               
000D4F  1               
000D4F  1  A5 0B                LDA     CSRPOSX
000D51  1  48                   PHA
000D52  1  A5 0C                LDA     CSRPOSY
000D54  1  48                   PHA
000D55  1  A5 0D                LDA     EDTPOS
000D57  1  48                   PHA
000D58  1  A5 0E                LDA     EDTPOS+1
000D5A  1  48                   PHA
000D5B  1               
000D5B  1               
000D5B  1  A9 50                LDA     #MAXCOL
000D5D  1  38                   SEC
000D5E  1  E5 0B                SBC     CSRPOSX
000D60  1  AA                   TAX
000D61  1  CA                   DEX
000D62  1  F0 08                BEQ     SCROLLDOWN1A
000D64  1               SCROLLDOWN1:
000D64  1  20 E5 0D             JSR     INCEDTPOS
000D67  1  CA                   DEX
000D68  1  E0 00                CPX     #$00
000D6A  1  D0 F8                BNE     SCROLLDOWN1
000D6C  1               SCROLLDOWN1A:
000D6C  1  A2 00                LDX     #$00
000D6E  1  86 0B                STX     CSRPOSX
000D70  1  20 15 10             JSR     GOCSR
000D73  1               
000D73  1  A0 00                LDY     #$00
000D75  1  A2 50                LDX     #MAXCOL
000D77  1               SCROLLDOWN2:
000D77  1  20 E5 0D             JSR     INCEDTPOS
000D7A  1  B1 0D                LDA     (EDTPOS),Y
000D7C  1  20 6A 10             JSR     TOCONSOLE
000D7F  1  CA                   DEX
000D80  1  E0 00                CPX     #$00
000D82  1  D0 F3                BNE     SCROLLDOWN2
000D84  1               
000D84  1  68                   PLA
000D85  1  85 0E                STA     EDTPOS+1
000D87  1  68                   PLA
000D88  1  85 0D                STA     EDTPOS
000D8A  1  68                   PLA
000D8B  1  85 0C                STA     CSRPOSY
000D8D  1  68                   PLA
000D8E  1  85 0B                STA     CSRPOSX
000D90  1  C6 0C                DEC     CSRPOSY
000D92  1               
000D92  1  4C A9 0D             JMP     CHKPOS
000D95  1               
000D95  1               SCROLLDOWNT:
000D95  1  1B 5B 33 3B          .BYTE   $1B,'[','3',';','2','2','r',$1B,'[','2','2',';','1','H',$1B,'D',$1B,'[','r','$'
000D99  1  32 32 72 1B  
000D9D  1  5B 32 32 3B  
000DA9  1               
000DA9  1               
000DA9  1               
000DA9  1               ;__CHKPOS________________________________________________________________________________________________________________________
000DA9  1               ;
000DA9  1               ; 	ENSURE THAT THE CURSOR IS ON A VALID EDITING POSITION
000DA9  1               ;	IF NOT, FIND ONE!
000DA9  1               ;
000DA9  1               ;________________________________________________________________________________________________________________________________
000DA9  1               ;
000DA9  1               CHKPOS:
000DA9  1  A0 00                LDY     #$00
000DAB  1  B1 0D                LDA     (EDTPOS),Y
000DAD  1  C9 00                CMP     #$00
000DAF  1  D0 31                BNE     CHKPOS2
000DB1  1               
000DB1  1  A5 0E                LDA     EDTPOS+1        ; CHECK HIGH BYTE, IF NOT EQUAL
000DB3  1  C9 18                CMP     #>BUFFER        ; NO WAY WE ARE AT START OF BUFFER
000DB5  1  D0 07                BNE     CHKPOS1         ; SO GO ON
000DB7  1  A5 0D                LDA     EDTPOS          ; CHECK LOW BYTE
000DB9  1  C9 00                CMP     #$00            ; IF WE ARE NOT AT TOP
000DBB  1  B0 01                BCS     CHKPOS1         ; SCROLL
000DBD  1  60                   RTS                     ; IF NOT, DO NOTHING
000DBE  1               CHKPOS1:
000DBE  1  20 EC 0D             JSR     DECEDTPOS       ; DEC THE EDIT POSITION
000DC1  1  C6 0B                DEC     CSRPOSX         ; DEC THE CURSOR POSITION
000DC3  1  A5 0B                LDA     CSRPOSX         ; ARE WE PAST THE START OF THE ROW?
000DC5  1  C9 FF                CMP     #$FF
000DC7  1  F0 03                BEQ     CHKPOS1A        ; YES, GO UP ONE LINE
000DC9  1  4C A9 0D             JMP     CHKPOS          ; NO, LOOP
000DCC  1               
000DCC  1               CHKPOS1A:
000DCC  1  A9 4F                LDA     #MAXCOL-1       ; LOAD X AT MAXCOL
000DCE  1  85 0B                STA     CSRPOSX
000DD0  1  C6 0C                DEC     CSRPOSY
000DD2  1  A5 0C                LDA     CSRPOSY
000DD4  1  C9 FF                CMP     #$FF
000DD6  1  D0 07                BNE     CHKPOS1B
000DD8  1  A9 00                LDA     #$00
000DDA  1  85 0C                STA     CSRPOSY
000DDC  1  4C C7 0C             JMP     SCROLLUP
000DDF  1               
000DDF  1               CHKPOS1B:
000DDF  1  4C A9 0D             JMP     CHKPOS
000DE2  1               CHKPOS2:
000DE2  1  4C 15 10             JMP     GOCSR
000DE5  1               
000DE5  1               
000DE5  1               
000DE5  1               ;__INCEDTPOS_____________________________________________________________________________________________________________________
000DE5  1               ;
000DE5  1               ; 	INCREMENT THE EDTPOS POINTER
000DE5  1               ;
000DE5  1               ;________________________________________________________________________________________________________________________________
000DE5  1               ;
000DE5  1               
000DE5  1               INCEDTPOS:
000DE5  1  E6 0D                INC     EDTPOS
000DE7  1  D0 02                BNE     INCEDTPOS1
000DE9  1  E6 0E                INC     EDTPOS+1
000DEB  1               INCEDTPOS1:
000DEB  1  60                   RTS
000DEC  1               
000DEC  1               ;__DECEDTPOS_____________________________________________________________________________________________________________________
000DEC  1               ;
000DEC  1               ; 	DECREMENT THE EDTPOS POINTER
000DEC  1               ;
000DEC  1               ;________________________________________________________________________________________________________________________________
000DEC  1               ;
000DEC  1               DECEDTPOS:
000DEC  1  C6 0D                DEC     EDTPOS
000DEE  1  A5 0D                LDA     EDTPOS
000DF0  1  C9 FF                CMP     #$FF
000DF2  1  D0 02                BNE     DECEDTPOS1
000DF4  1  C6 0E                DEC     EDTPOS+1
000DF6  1               DECEDTPOS1:
000DF6  1  60                   RTS
000DF7  1               
000DF7  1               
000DF7  1               
000DF7  1               
000DF7  1               ;__PAGEDOWN_______________________________________________________________________________________________________________________
000DF7  1               ;
000DF7  1               ; 	PERFORM PAGE DOWN FUNCTION
000DF7  1               ;
000DF7  1               ;
000DF7  1               ;________________________________________________________________________________________________________________________________
000DF7  1               ;
000DF7  1               PAGEDOWN:
000DF7  1  A5 0D                LDA     EDTPOS          ;
000DF9  1  D0 09                BNE     PAGEDOWNA       ; CHECK TO SEE IF POINTER IS AT THE VERY TOP OF THE
000DFB  1  A5 0E                LDA     EDTPOS+1        ; BUFFER.
000DFD  1  C9 18                CMP     #>BUFFER        ;
000DFF  1  D0 03                BNE     PAGEDOWNA       ;
000E01  1  4C 12 0E             JMP     PAGEDOWN1       ;
000E04  1               PAGEDOWNA:
000E04  1  A5 0B                LDA     CSRPOSX
000E06  1  C9 00                CMP     #$00
000E08  1  F0 08                BEQ     PAGEDOWN1
000E0A  1  20 EC 0D             JSR     DECEDTPOS
000E0D  1  C6 0B                DEC     CSRPOSX
000E0F  1  4C F7 0D             JMP     PAGEDOWN
000E12  1               
000E12  1               PAGEDOWN1:
000E12  1  A2 64                LDX     #$64
000E14  1               PAGEDOWN2:
000E14  1  A0 10                LDY     #$10
000E16  1               PAGEDOWN2A:
000E16  1  20 E5 0D             JSR     INCEDTPOS
000E19  1               
000E19  1  A5 0E                LDA     EDTPOS+1        ; WILL NEXT MOVE SEND US PAST THE END OF RAM?
000E1B  1  C9 B8                CMP     #>Ram_top       ; are we at the end of RAM?
000E1D  1  D0 03                BNE     PAGEDOWN2B      ;
000E1F  1  4C 2C 0E             JMP     PAGEDOWN2C      ;
000E22  1               PAGEDOWN2B:
000E22  1  88                   DEY
000E23  1  C0 00                CPY     #$00
000E25  1  D0 EF                BNE     PAGEDOWN2A
000E27  1  CA                   DEX
000E28  1  E0 00                CPX     #$00
000E2A  1  D0 E8                BNE     PAGEDOWN2
000E2C  1               PAGEDOWN2C:
000E2C  1  A5 0D                LDA     EDTPOS
000E2E  1  48                   PHA
000E2F  1  A5 0E                LDA     EDTPOS+1
000E31  1  48                   PHA
000E32  1  20 9E 0E             JSR     PAINTSCREEN1
000E35  1  68                   PLA
000E36  1  85 0E                STA     EDTPOS+1
000E38  1  68                   PLA
000E39  1  85 0D                STA     EDTPOS
000E3B  1  A9 00                LDA     #$00
000E3D  1  85 0B                STA     CSRPOSX
000E3F  1  85 0C                STA     CSRPOSY
000E41  1  4C 15 10             JMP     GOCSR
000E44  1               
000E44  1               
000E44  1               
000E44  1               
000E44  1               
000E44  1               ;__PAGEUP________________________________________________________________________________________________________________________
000E44  1               ;
000E44  1               ; 	PERFORM PAGE UP FUNCTION
000E44  1               ;
000E44  1               ;
000E44  1               ;________________________________________________________________________________________________________________________________
000E44  1               ;
000E44  1               PAGEUP:
000E44  1  A5 0D                LDA     EDTPOS          ;
000E46  1  D0 07                BNE     PAGEUPA         ; CHECK TO SEE IF POINTER IS AT THE VERY TOP OF THE
000E48  1  A5 0E                LDA     EDTPOS+1        ; BUFFER.
000E4A  1  C9 18                CMP     #>BUFFER        ;
000E4C  1  D0 01                BNE     PAGEUPA         ;
000E4E  1  60                   RTS
000E4F  1               PAGEUPA:
000E4F  1  A5 0B                LDA     CSRPOSX
000E51  1  C9 00                CMP     #$00
000E53  1  F0 08                BEQ     PAGEUP1
000E55  1  20 EC 0D             JSR     DECEDTPOS
000E58  1  C6 0B                DEC     CSRPOSX
000E5A  1  4C 44 0E             JMP     PAGEUP
000E5D  1               
000E5D  1               PAGEUP1:
000E5D  1  A2 64                LDX     #$64
000E5F  1               PAGEUP2:
000E5F  1  A0 10                LDY     #$10
000E61  1               PAGEUP2A:
000E61  1  20 EC 0D             JSR     DECEDTPOS
000E64  1               
000E64  1  A5 0D                LDA     EDTPOS          ;
000E66  1  D0 09                BNE     PAGEUP2B        ; CHECK TO SEE IF POINTER IS AT THE VERY TOP OF THE
000E68  1  A5 0E                LDA     EDTPOS+1        ; BUFFER.
000E6A  1  C9 18                CMP     #>BUFFER        ;
000E6C  1  D0 03                BNE     PAGEUP2B        ;
000E6E  1  4C 7B 0E             JMP     PAGEUP2C        ;
000E71  1               PAGEUP2B:
000E71  1  88                   DEY
000E72  1  C0 00                CPY     #$00
000E74  1  D0 EB                BNE     PAGEUP2A
000E76  1  CA                   DEX
000E77  1  E0 00                CPX     #$00
000E79  1  D0 E4                BNE     PAGEUP2
000E7B  1               PAGEUP2C:
000E7B  1  A5 0D                LDA     EDTPOS
000E7D  1  48                   PHA
000E7E  1  A5 0E                LDA     EDTPOS+1
000E80  1  48                   PHA
000E81  1  20 9E 0E             JSR     PAINTSCREEN1
000E84  1  68                   PLA
000E85  1  85 0E                STA     EDTPOS+1
000E87  1  68                   PLA
000E88  1  85 0D                STA     EDTPOS
000E8A  1  A9 00                LDA     #$00
000E8C  1  85 0B                STA     CSRPOSX
000E8E  1  85 0C                STA     CSRPOSY
000E90  1  4C 15 10             JMP     GOCSR
000E93  1               
000E93  1               
000E93  1               ;__PAINTSCREEN___________________________________________________________________________________________________________________
000E93  1               ;
000E93  1               ; 	PAINT THE INITIAL EDIT SCREEN
000E93  1               ;
000E93  1               ;
000E93  1               ;
000E93  1               ;________________________________________________________________________________________________________________________________
000E93  1               ;
000E93  1               PAINTSCREEN:
000E93  1  20 07 10             JSR     CLEARSCREEN
000E96  1               
000E96  1               PAINTSCREEN0:
000E96  1  A9 00                LDA     #<BUFFER        ; SETUP BUFFER
000E98  1  85 0D                STA     EDTPOS          ; STORE DEST BUFFER
000E9A  1  A9 18                LDA     #>BUFFER        ;
000E9C  1  85 0E                STA     EDTPOS+1        ; STORE DEST BUFFER
000E9E  1               
000E9E  1               PAINTSCREEN1:
000E9E  1  A9 00                LDA     #$00
000EA0  1  85 0B                STA     CSRPOSX
000EA2  1  85 0C                STA     CSRPOSY
000EA4  1  20 15 10             JSR     GOCSR
000EA7  1               
000EA7  1               
000EA7  1               PAINTSCREEN_LOOP:
000EA7  1  A0 00                LDY     #$00
000EA9  1  B1 0D                LDA     (EDTPOS),Y
000EAB  1  20 6A 10             JSR     TOCONSOLE
000EAE  1               
000EAE  1  E6 0D                INC     EDTPOS
000EB0  1  D0 02                BNE     PAINTSCREEN_LOOPA
000EB2  1  E6 0E                INC     EDTPOS+1
000EB4  1               
000EB4  1               PAINTSCREEN_LOOPA:
000EB4  1  A5 0C                LDA     CSRPOSY
000EB6  1  C9 14                CMP     #LASTROW
000EB8  1  D0 ED                BNE     PAINTSCREEN_LOOP
000EBA  1               
000EBA  1  A9 00                LDA     #$00
000EBC  1  85 0B                STA     CSRPOSX
000EBE  1  85 0C                STA     CSRPOSY
000EC0  1  20 15 10             JSR     GOCSR
000EC3  1               
000EC3  1  A0 00                LDY     #$00
000EC5  1               
000EC5  1               PAINTSCREEN_LOOPB:
000EC5  1  B9 07 01             LDA     DFLFCB,Y
000EC8  1  99 46 0F             STA     SCREENFORMAT1,Y
000ECB  1  C8                   INY
000ECC  1  C0 08                CPY     #8
000ECE  1  D0 F5                BNE     PAINTSCREEN_LOOPB
000ED0  1  A9 2E                LDA     #'.'
000ED2  1  C8                   INY
000ED3  1  99 46 0F             STA     SCREENFORMAT1,Y
000ED6  1  B9 07 01             LDA     DFLFCB,Y
000ED9  1  C8                   INY
000EDA  1  99 46 0F             STA     SCREENFORMAT1,Y
000EDD  1  B9 07 01             LDA     DFLFCB,Y
000EE0  1  C8                   INY
000EE1  1  99 46 0F             STA     SCREENFORMAT1,Y
000EE4  1  B9 07 01             LDA     DFLFCB,Y
000EE7  1  C8                   INY
000EE8  1  99 46 0F             STA     SCREENFORMAT1,Y
000EEB  1               
000EEB  1               
000EEB  1               
000EEB  1               
000EEB  1  A9 FD                LDA     #<SCREENFORMAT
000EED  1  A0 0E                LDY     #>SCREENFORMAT
000EEF  1  A2 09                LDX     #9              ;
000EF1  1  20 03 01             JSR     PEM             ;
000EF4  1  A9 46                LDA     #<SCREENFORMAT1
000EF6  1  A0 0F                LDY     #>SCREENFORMAT1
000EF8  1  A2 09                LDX     #9              ;
000EFA  1  4C 03 01             JMP     PEM             ;
000EFD  1               
000EFD  1               
000EFD  1               SCREENFORMAT:
000EFD  1  1B 5B 30 30          .BYTE   $1B,'[','0','0',';','0','0','H'
000F01  1  3B 30 30 48  
000F05  1  1B 5B 37 6D          .BYTE   $1B,'[','7','m'
000F09  1  44 4F 53 2F          .BYTE   "DOS/65 SCREEN EDITOR"
000F0D  1  36 35 20 53  
000F11  1  43 52 45 45  
000F1D  1  20 20 20 20          .BYTE   "                    "
000F21  1  20 20 20 20  
000F25  1  20 20 20 20  
000F31  1  20 20 20 20          .BYTE   "                    ",'$'
000F35  1  20 20 20 20  
000F39  1  20 20 20 20  
000F46  1               SCREENFORMAT1:
000F46  1  20 20 20 20          .BYTE   "                     "
000F4A  1  20 20 20 20  
000F4E  1  20 20 20 20  
000F5B  1  5F 5F 5F 5F          .BYTE   "____________________"
000F5F  1  5F 5F 5F 5F  
000F63  1  5F 5F 5F 5F  
000F6F  1  5F 5F 5F 5F          .BYTE   "____________________"
000F73  1  5F 5F 5F 5F  
000F77  1  5F 5F 5F 5F  
000F83  1  5F 5F 5F 5F          .BYTE   "____________________"
000F87  1  5F 5F 5F 5F  
000F8B  1  5F 5F 5F 5F  
000F97  1  5F 5F 5F 5F          .BYTE   "____________________"
000F9B  1  5F 5F 5F 5F  
000F9F  1  5F 5F 5F 5F  
000FAB  1  1B 5B 32 33          .BYTE   $1B,'[','2','3',';','0','0','H'
000FAF  1  3B 30 30 48  
000FB3  1  20 20 46 33          .BYTE   "  F3=QUIT  F4=MODE  F7=SAVE "
000FB7  1  3D 51 55 49  
000FBB  1  54 20 20 46  
000FCF  1  20 46 38 3D          .BYTE   " F8=SAVE AS  F12=TRUNC.     "
000FD3  1  53 41 56 45  
000FD7  1  20 41 53 20  
000FEB  1  20 20 20 20          .BYTE   "     OM                "
000FEF  1  20 4F 4D 20  
000FF3  1  20 20 20 20  
001002  1  1B 5B 30 6D          .BYTE   $1B,'[','0','m','$'
001006  1  24           
001007  1               
001007  1               
001007  1               
001007  1               ;__CLEARSCREEN___________________________________________________________________________________________________________________
001007  1               ;
001007  1               ; 	CLEAR THE SCREEN
001007  1               ;
001007  1               ;
001007  1               ;
001007  1               ;________________________________________________________________________________________________________________________________
001007  1               ;
001007  1               CLEARSCREEN:
001007  1  A9 10                LDA     #<CLEARSCREENT
001009  1  A0 10                LDY     #>CLEARSCREENT
00100B  1  A2 09                LDX     #9              ;
00100D  1  4C 03 01             JMP     PEM             ;
001010  1               CLEARSCREENT:
001010  1  1B 5B 32 4A          .BYTE   $1B,'[','2','J','$'
001014  1  24           
001015  1               
001015  1               
001015  1               ;__GOCSR_________________________________________________________________________________________________________________________
001015  1               ;
001015  1               ; 	PLACE THE PHYSICAL CURSOR ON TO CSRPOSY AND CSRPOSX
001015  1               ;
001015  1               ;
001015  1               ;
001015  1               ;________________________________________________________________________________________________________________________________
001015  1               ;
001015  1               GOCSR:
001015  1  48                   PHA
001016  1  98                   TYA
001017  1  48                   PHA
001018  1  8A                   TXA
001019  1  48                   PHA
00101A  1  A4 0C                LDY     CSRPOSY
00101C  1  B9 91 16             LDA     DECIMAL1+3,Y
00101F  1  29 0F                AND     #$0F
001021  1  18                   CLC
001022  1  69 30                ADC     #'0'
001024  1  8D 64 10             STA     GOCSRT+3
001027  1  B9 91 16             LDA     DECIMAL1+3,Y
00102A  1  6A                   ROR     A
00102B  1  6A                   ROR     A
00102C  1  6A                   ROR     A
00102D  1  6A                   ROR     A
00102E  1  29 0F                AND     #$0F
001030  1  18                   CLC
001031  1  69 30                ADC     #'0'
001033  1  8D 63 10             STA     GOCSRT+2
001036  1               
001036  1  A4 0B                LDY     CSRPOSX
001038  1  B9 8F 16             LDA     DECIMAL1+1,Y
00103B  1  29 0F                AND     #$0F
00103D  1  18                   CLC
00103E  1  69 30                ADC     #'0'
001040  1  8D 67 10             STA     GOCSRT+6
001043  1  B9 8F 16             LDA     DECIMAL1+1,Y
001046  1  6A                   ROR     A
001047  1  6A                   ROR     A
001048  1  6A                   ROR     A
001049  1  6A                   ROR     A
00104A  1  29 0F                AND     #$0F
00104C  1  18                   CLC
00104D  1  69 30                ADC     #'0'
00104F  1  8D 66 10             STA     GOCSRT+5
001052  1  A9 61                LDA     #<GOCSRT
001054  1  A0 10                LDY     #>GOCSRT
001056  1  A2 09                LDX     #9              ;
001058  1  20 03 01             JSR     PEM             ;
00105B  1  68                   PLA
00105C  1  AA                   TAX
00105D  1  68                   PLA
00105E  1  A8                   TAY
00105F  1  68                   PLA
001060  1  60                   RTS
001061  1               GOCSRT:
001061  1  1B 5B 30 30          .BYTE   $1B,'[','0','0',';','0','0','H','$'
001065  1  3B 30 30 48  
001069  1  24           
00106A  1               
00106A  1               ;__TOCONSOLE_____________________________________________________________________________________________________________________
00106A  1               ;
00106A  1               ; 	TRANSLATE BUFFER TO CONSOLE
00106A  1               ;	A: CHAR TO OUTPUT
00106A  1               ;
00106A  1               ;
00106A  1               ;________________________________________________________________________________________________________________________________
00106A  1               ;
00106A  1               TOCONSOLE:
00106A  1  85 08                STA     TEMP
00106C  1  8A                   TXA
00106D  1  48                   PHA
00106E  1  98                   TYA
00106F  1  48                   PHA
001070  1  A5 08                LDA     TEMP
001072  1  C9 0D                CMP     #$0D            ;  IS CHAR A <CR>?
001074  1  D0 0C                BNE     TOCONSOLE1      ;  NO, CONTINUE
001076  1  A9 A3                LDA     #<PRINTCR
001078  1  A0 10                LDY     #>PRINTCR
00107A  1  A2 09                LDX     #9              ;
00107C  1  20 03 01             JSR     PEM             ;
00107F  1  4C 8D 10             JMP     TOCONSOLE1B     ;
001082  1               TOCONSOLE1:
001082  1  C9 00                CMP     #$00            ; IS NULL?
001084  1  D0 02                BNE     TOCONSOLE1A     ;  NO, CONTINUE
001086  1  A9 20                LDA     #32             ; CHANGE NULL TO SPACE
001088  1               TOCONSOLE1A:
001088  1  A2 02                LDX     #2              ;  OUTPUT THE CHAR TO THE CONSOLE
00108A  1  20 03 01             JSR     PEM             ;
00108D  1               TOCONSOLE1B:
00108D  1  E6 0B                INC     CSRPOSX         ;  MOVE THE CURSOR
00108F  1  A5 0B                LDA     CSRPOSX         ;  ARE WE AT THE END OF THE LINE?
001091  1  C9 50                CMP     #MAXCOL         ;
001093  1  D0 09                BNE     TOCONSOLE2      ;  NO, EXIT
001095  1               
001095  1  A9 00                LDA     #$00            ; MOVE CRSR TO START OF LINE
001097  1  85 0B                STA     CSRPOSX         ;
001099  1  E6 0C                INC     CSRPOSY         ; ADVANCE TO NEXT ROW
00109B  1  20 15 10             JSR     GOCSR           ; MOVE CRSR
00109E  1               TOCONSOLE2:
00109E  1  68                   PLA
00109F  1  A8                   TAY
0010A0  1  68                   PLA
0010A1  1  AA                   TAX
0010A2  1  60                   RTS                     ; DONE
0010A3  1               
0010A3  1               PRINTCR:
0010A3  1  1B 5B 37 6D          .BYTE   $1B,'[','7','m','<',$1B,'[','0','m','$'
0010A7  1  3C 1B 5B 30  
0010AB  1  6D 24        
0010AD  1               
0010AD  1               DELCHARSEQ:
0010AD  1  1B 5B 50 24          .BYTE   $1B,'[','P','$'            ; ANSI delete char
0010B1  1               
0010B1  1               ERASEEOLSEQ:
0010B1  1  1B 5B 4B 24          .BYTE   $1B,'[','K','$'            ; ANSI erase to end of line
0010B5  1               
0010B5  1               
0010B5  1               ;__READKB________________________________________________________________________________________________________________________
0010B5  1               ;
0010B5  1               ; 	READ THE KEYBOARD
0010B5  1               ;	A: DATA
0010B5  1               ;	Y: COMMAND
0010B5  1               ;		0 IS REGULAR CHAR
0010B5  1               ;		1 IS FUNCTION KEY
0010B5  1               ;			00=CRSR UP
0010B5  1               ;			01=CRSR DN
0010B5  1               ;			02=CRSR LEFT
0010B5  1               ;			03=CRSR RIGHT
0010B5  1               ;			04=PG DN
0010B5  1               ;			05=PG UP
0010B5  1               ;			08=BACKSPACE
0010B5  1               ;			$30=CR
0010B5  1               ;			$11-$24= FUNCTION KEYS
0010B5  1               ;		$FF IS NULL OP
0010B5  1               ;________________________________________________________________________________________________________________________________
0010B5  1               ;
0010B5  1               READKB:
0010B5  1  20 7E 11             JSR     READKB_XON
0010B8  1               
0010B8  1  A9 00                LDA     #$00            ;
0010BA  1  A0 FF                LDY     #$FF            ;
0010BC  1               
0010BC  1  A2 06                LDX     #6              ;
0010BE  1  20 03 01             JSR     PEM             ;
0010C1  1               
0010C1  1  C9 1B                CMP     #$1B            ;
0010C3  1  F0 39                BEQ     READKB_ESC      ;
0010C5  1               
0010C5  1  C9 7F                CMP     #127          ;
0010C7  1  F0 25                BEQ     READKB_DEL      ;
0010C9  1               
0010C9  1  C9 20                CMP     #32             ;
0010CB  1  B0 13                BCS     READKB_CHAR     ;
0010CD  1               
0010CD  1  C9 0D                CMP     #$0D            ;
0010CF  1  F0 07                BEQ     READKB_CR       ;
0010D1  1               
0010D1  1  C9 08                CMP     #$08            ;
0010D3  1  F0 11                BEQ     READKB_BS       ;
0010D5  1               
0010D5  1  4C F6 10             JMP     READKB_ERR      ;
0010D8  1               
0010D8  1               READKB_CR:
0010D8  1  20 84 11             JSR     READKB_XOFF
0010DB  1  A0 01                LDY     #01
0010DD  1  A9 30                LDA     #$30
0010DF  1  60                   RTS
0010E0  1               
0010E0  1               READKB_CHAR:
0010E0  1  20 84 11             JSR     READKB_XOFF
0010E3  1  A0 00                LDY     #00
0010E5  1  60                   RTS
0010E6  1               
0010E6  1               READKB_BS:
0010E6  1  20 84 11             JSR     READKB_XOFF
0010E9  1  A0 01                LDY     #01
0010EB  1  A9 08                LDA     #08
0010ED  1  60                   RTS
0010EE  1               
0010EE  1               READKB_DEL:
0010EE  1  20 84 11             JSR     READKB_XOFF
0010F1  1  A0 01                LDY     #01
0010F3  1  A9 7F                LDA     #127
0010F5  1  60                   RTS
0010F6  1               
0010F6  1               READKB_ERR:
0010F6  1  20 84 11             JSR     READKB_XOFF
0010F9  1  A0 FF                LDY     #$FF
0010FB  1  A9 00                LDA     #$00
0010FD  1  60                   RTS
0010FE  1               
0010FE  1               READKB_ESC:
0010FE  1  A2 06                LDX     #6              ;
001100  1  20 03 01             JSR     PEM             ;
001103  1               
001103  1  C9 4F                CMP     #79             ; ANSI
001105  1  D0 03                BNE     :+
001107  1  4C 8E 11             JMP     READKB_ANSIKEYS
00110A  1               :
00110A  1  C9 5B                CMP     #'['            ; VT100
00110C  1  D0 E8                BNE     READKB_ERR
00110E  1               
00110E  1  A2 06                LDX     #6              ;
001110  1  20 03 01             JSR     PEM             ;
001113  1               
001113  1  48                   PHA
001114  1  29 F0                AND     #$F0
001116  1  AA                   TAX
001117  1  68                   PLA
001118  1  E0 30                CPX     #$30
00111A  1  D0 2C                BNE     READKB_NOTFKEY
00111C  1  29 0F                AND     #$0F
00111E  1  85 08                STA     TEMP
001120  1  A2 06                LDX     #6              ;
001122  1  20 03 01             JSR     PEM             ;
001125  1  C9 7E                CMP     #'~'
001127  1  D0 05                BNE     READKB_FKEY1
001129  1  A9 00                LDA     #$00
00112B  1  4C 3F 11             JMP     READKB_FKEY2
00112E  1               READKB_FKEY1:
00112E  1  48                   PHA
00112F  1               
00112F  1  A2 06                LDX     #6              ;
001131  1  20 03 01             JSR     PEM             ;
001134  1  06 08                ASL     TEMP
001136  1  06 08                ASL     TEMP
001138  1  06 08                ASL     TEMP
00113A  1  06 08                ASL     TEMP
00113C  1               
00113C  1  68                   PLA
00113D  1  29 0F                AND     #$0F
00113F  1               READKB_FKEY2:
00113F  1  18                   CLC
001140  1  65 08                ADC     TEMP
001142  1  A0 01                LDY     #01
001144  1  20 84 11             JSR     READKB_XOFF
001147  1               
001147  1  60                   RTS
001148  1               
001148  1               
001148  1               READKB_NOTFKEY:
001148  1  C9 41                CMP     #'A'
00114A  1  D0 08                BNE     READKB_NOTUP
00114C  1  A0 01                LDY     #01
00114E  1  A9 00                LDA     #00
001150  1  20 84 11             JSR     READKB_XOFF
001153  1  60                   RTS
001154  1               
001154  1               READKB_NOTUP:
001154  1  C9 42                CMP     #'B'
001156  1  D0 08                BNE     READKB_NOTDN
001158  1  A0 01                LDY     #01
00115A  1  A9 01                LDA     #01
00115C  1  20 84 11             JSR     READKB_XOFF
00115F  1  60                   RTS
001160  1               READKB_NOTDN:
001160  1  C9 44                CMP     #'D'
001162  1  D0 08                BNE     READKB_NOTLEFT
001164  1  A0 01                LDY     #01
001166  1  A9 02                LDA     #02
001168  1  20 84 11             JSR     READKB_XOFF
00116B  1  60                   RTS
00116C  1               READKB_NOTLEFT:
00116C  1  C9 43                CMP     #'C'
00116E  1  D0 08                BNE     READKB_NOTRIGHT
001170  1  A0 01                LDY     #01
001172  1  A9 03                LDA     #03
001174  1  20 84 11             JSR     READKB_XOFF
001177  1  60                   RTS
001178  1               READKB_NOTRIGHT:
001178  1  20 84 11             JSR     READKB_XOFF
00117B  1  4C F6 10             JMP     READKB_ERR
00117E  1               
00117E  1               READKB_XON:
00117E  1  48                   PHA
00117F  1  A9 11                LDA     #17
001181  1  4C 87 11             JMP     READKB_XOFF1
001184  1               READKB_XOFF:
001184  1  48                   PHA
001185  1  A9 13                LDA     #19
001187  1               READKB_XOFF1:
001187  1  A2 02                LDX     #2              ;  OUTPUT THE CHAR TO THE CONSOLE
001189  1  20 03 01             JSR     PEM             ;
00118C  1  68                   PLA
00118D  1  60                   RTS
00118E  1               
00118E  1               READKB_ANSIKEYS:
00118E  1  A2 06                LDX     #6              ;
001190  1  20 03 01             JSR     PEM             ;
001193  1  48                   PHA
001194  1  29 F0                AND     #$F0
001196  1  C9 50                CMP     #$50
001198  1  D0 0E                BNE     :+
00119A  1  68                   PLA
00119B  1  29 0F                AND     #$0F
00119D  1  09 10                ORA     #$10
00119F  1  18                   CLC
0011A0  1  69 01                ADC     #$01
0011A2  1  C9 1A                CMP     #$1A
0011A4  1  D0 02                BNE     :+
0011A6  1  A9 24                LDA     #$24
0011A8  1               :
0011A8  1  C9 18                CMP     #$18
0011AA  1  D0 02                BNE     :+
0011AC  1  A9 19                LDA     #$19
0011AE  1               :
0011AE  1  C9 17                CMP     #$17
0011B0  1  D0 02                BNE     :+
0011B2  1  A9 18                LDA     #$18
0011B4  1               :
0011B4  1  A0 01                LDY     #01
0011B6  1  20 84 11             JSR     READKB_XOFF
0011B9  1  60                   RTS
0011BA  1               :
0011BA  1  68                   PLA
0011BB  1  4C F6 10             JMP     READKB_ERR
0011BE  1               
0011BE  1               
0011BE  1               ;__CLEARBUFFER___________________________________________________________________________________________________________________
0011BE  1               ;
0011BE  1               ; 	CLEAR THE EDIT BUFFER
0011BE  1               ;
0011BE  1               ;
0011BE  1               ;
0011BE  1               ;________________________________________________________________________________________________________________________________
0011BE  1               ;
0011BE  1               CLEARBUFFER:
0011BE  1  A9 00                LDA     #<BUFFER        ; SETUP BUFFER
0011C0  1  85 0D                STA     EDTPOS          ;
0011C2  1  A9 18                LDA     #>BUFFER        ;
0011C4  1  85 0E                STA     EDTPOS+1        ;
0011C6  1  A0 00                LDY     #$00            ;
0011C8  1               
0011C8  1               CLEARBUFFER1:
0011C8  1  A9 00                LDA     #00
0011CA  1  91 0D                STA     (EDTPOS),Y
0011CC  1  C8                   INY
0011CD  1  D0 F9                BNE     CLEARBUFFER1
0011CF  1  E6 0E                INC     EDTPOS+1
0011D1  1  A5 0E                LDA     EDTPOS+1
0011D3  1  C9 B8                CMP     #>Ram_top       ; are we at the end of RAM?
0011D5  1  D0 F1                BNE     CLEARBUFFER1
0011D7  1               
0011D7  1  60                   RTS
0011D8  1               
0011D8  1               
0011D8  1               ;__DOS65LOAD_____________________________________________________________________________________________________________________
0011D8  1               ;
0011D8  1               ; 	LOAD A DOS/65 FILE INTO THE EDIT BUFFER
0011D8  1               ;		FILE IS LOADED INTO 80 COLUMN LINES TO SIMPLIFY SCROLLING
0011D8  1               ;
0011D8  1               ;
0011D8  1               ;________________________________________________________________________________________________________________________________
0011D8  1               ;
0011D8  1               DOS65LOAD:
0011D8  1  A9 00                LDA     #0              ; clear
0011DA  1  8D 27 01             STA     DFLFCB+32       ; record number
0011DD  1  A9 07                LDA     #<DFLFCB        ; Open File
0011DF  1  A0 01                LDY     #>DFLFCB        ;
0011E1  1  A2 0F                LDX     #15             ;
0011E3  1  20 03 01             JSR     PEM             ;
0011E6  1  C9 FF                CMP     #$FF            ; error?, if NOT, continue
0011E8  1  D0 22                BNE     DOS65LOAD_1     ;
0011EA  1               
0011EA  1  A9 00                LDA     #<BUFFER        ; SETUP BUFFER
0011EC  1  85 09                STA     FCBPTR          ; STORE DEST BUFFER IN FCBPTR
0011EE  1  A9 18                LDA     #>BUFFER        ;
0011F0  1  85 0A                STA     FCBPTR+1        ; STORE DEST BUFFER IN FCBPTR
0011F2  1  A5 09                LDA     FCBPTR          ;
0011F4  1  85 12                STA     CURRENTLEN      ;
0011F6  1  A5 0A                LDA     FCBPTR+1        ;
0011F8  1  85 13                STA     CURRENTLEN+1    ;
0011FA  1  A9 0D                LDA     #13
0011FC  1  20 90 12             JSR     DOS65LOAD_STOREBT
0011FF  1  60                   RTS                     ; OPEN EDITOR, BLANK FILE
001200  1               
001200  1               DOS65LOAD_ERR:
001200  1  A9 3E                LDA     #<FILEERROR2    ; NO, ERROR OUT
001202  1  A0 16                LDY     #>FILEERROR2
001204  1  A2 09                LDX     #9              ; Print error message
001206  1  20 03 01             JSR     PEM             ;
001209  1  4C 00 01             JMP     BOOT            ; WARM BOOT DOS/65
00120C  1               DOS65LOAD_1:
00120C  1  A9 00                LDA     #0              ; clear
00120E  1  8D 27 01             STA     DFLFCB+32       ; record number
001211  1  85 12                STA     CURRENTLEN      ; LENGTH COUNTER
001213  1  A9 00                LDA     #<BUFFER        ; SETUP BUFFER
001215  1  85 09                STA     FCBPTR          ; STORE DEST BUFFER IN FCBPTR
001217  1  A9 18                LDA     #>BUFFER        ;
001219  1  85 0A                STA     FCBPTR+1        ; STORE DEST BUFFER IN FCBPTR
00121B  1               
00121B  1  A9 F2                LDA     #<FCBBUFFER     ; SETUP BUFFER
00121D  1  85 0F                STA     TMPPOS          ;
00121F  1  A0 16                LDY     #>FCBBUFFER
001221  1  84 10                STY     TMPPOS+1        ;
001223  1  A2 1A                LDX     #26             ; Setup Buffer
001225  1  20 03 01             JSR     PEM
001228  1               
001228  1               DOS65LOAD_2:
001228  1  A9 07                LDA     #<DFLFCB        ; READ record buffer from disk file
00122A  1  A0 01                LDY     #>DFLFCB        ;
00122C  1  A2 14                LDX     #20             ;
00122E  1  20 03 01             JSR     PEM             ;
001231  1  C9 00                CMP     #$00            ; is error or EOF
001233  1  F0 07                BEQ     DOS65LOAD_3     ;
001235  1  C9 01                CMP     #$01            ; EOF?
001237  1  F0 40                BEQ     DOS65LOAD_EOF   ; YES, END
001239  1  4C 00 12             JMP     DOS65LOAD_ERR   ; ERROR, do error handling
00123C  1               DOS65LOAD_3:
00123C  1  A2 00                LDX     #$00            ; CLEAR COUNTERS
00123E  1  A0 00                LDY     #$00            ;
001240  1               DOS65LOAD_3A:
001240  1  B1 0F                LDA     (TMPPOS),Y      ; LOAD BYTE FROM BUFFER
001242  1  C8                   INY                     ; INC BUFFER COUNTER
001243  1  C9 1A                CMP     #$1A            ; IF EOF, SIGNAL END
001245  1  F0 37                BEQ     DOS65LOAD_4     ;
001247  1  C9 0D                CMP     #$0D            ; IF CR PLACE IT IN BUFFER AND PAD WITH SPACES TO MAXCOL
001249  1  F0 12                BEQ     DOS65LOAD_3D    ;
00124B  1  C9 20                CMP     #32             ; IF UNPRINTABLE, DO NOT PLACE IN BUFFER
00124D  1  90 07                BCC     DOS65LOAD_3C    ;
00124F  1  C9 7F                CMP     #127            ;
001251  1  B0 03                BCS     DOS65LOAD_3C    ;
001253  1  20 90 12             JSR     DOS65LOAD_STOREBT; STORE THE BYTE IN THE BUFFER
001256  1               DOS65LOAD_3C:
001256  1  C0 80                CPY     #$80            ; ARE WE AT THE END OF THE SOURCE BUFFER?
001258  1  D0 E6                BNE     DOS65LOAD_3A    ; NO, LOOP
00125A  1               
00125A  1  4C 28 12             JMP     DOS65LOAD_2     ; KEEP GOING!
00125D  1               
00125D  1               DOS65LOAD_3D:                   ; IN ORDER TO MAKE SCROLLING EASIER <CR> LINES NEED PADDED TO MAXCOL
00125D  1  20 90 12             JSR     DOS65LOAD_STOREBT; STORE THE <CR> BYTE
001260  1               DOS65LOAD_3D1:
001260  1  A5 12                LDA     CURRENTLEN      ;
001262  1  C9 50                CMP     #MAXCOL         ;
001264  1  F0 0C                BEQ     DOS65LOAD_3D2   ;
001266  1  A9 00                LDA     #$00            ;
001268  1  81 09                STA     (FCBPTR,X)      ; PLACE CHAR IN BUFFER
00126A  1  E6 12                INC     CURRENTLEN      ; INC THE LENGTH COUNTER
00126C  1  20 9E 12             JSR     DOS65LOAD_STOREBT1; INC THE BUFFER POINTER
00126F  1  4C 60 12             JMP     DOS65LOAD_3D1   ;
001272  1               DOS65LOAD_3D2:
001272  1  A9 00                LDA     #$00            ;
001274  1  85 12                STA     CURRENTLEN      ;
001276  1  4C 56 12             JMP     DOS65LOAD_3C    ;
001279  1               DOS65LOAD_EOF:
001279  1  A9 0D                LDA     #13
00127B  1  20 90 12             JSR     DOS65LOAD_STOREBT
00127E  1               
00127E  1               DOS65LOAD_4:
00127E  1  A9 07                LDA     #<DFLFCB        ; CLOSE FILE
001280  1  A0 01                LDY     #>DFLFCB        ;
001282  1  A2 10                LDX     #16             ;
001284  1  20 03 01             JSR     PEM             ;
001287  1  A5 09                LDA     FCBPTR          ;
001289  1  85 12                STA     CURRENTLEN      ;
00128B  1  A5 0A                LDA     FCBPTR+1        ;
00128D  1  85 13                STA     CURRENTLEN+1    ;
00128F  1  60                   RTS
001290  1               
001290  1               
001290  1               DOS65LOAD_STOREBT:
001290  1  81 09                STA     (FCBPTR,X)      ; PLACE CHAR IN BUFFER
001292  1  E6 12                INC     CURRENTLEN      ; INC THE LENGTH COUNTER
001294  1  A5 12                LDA     CURRENTLEN      ;
001296  1  C9 50                CMP     #MAXCOL         ; WRAP THE COUNTER ON MAXCOL
001298  1  D0 04                BNE     DOS65LOAD_STOREBT1;
00129A  1  A9 00                LDA     #$00            ;
00129C  1  85 12                STA     CURRENTLEN      ;
00129E  1               DOS65LOAD_STOREBT1:
00129E  1  E6 09                INC     FCBPTR          ; add to base counter
0012A0  1  D0 08                BNE     DOS65LOAD_STOREBT2
0012A2  1  E6 0A                INC     FCBPTR+1        ; yes, carry, inc high byte
0012A4  1  A5 0A                LDA     FCBPTR+1        ;
0012A6  1  C9 B8                CMP     #>Ram_top       ; are we at the end of RAM?
0012A8  1  F0 01                BEQ     DOS65LOAD_STOREBTE; YES, STOP.
0012AA  1               DOS65LOAD_STOREBT2:
0012AA  1  60                   RTS
0012AB  1               DOS65LOAD_STOREBTE:
0012AB  1  20 7E 12             JSR     DOS65LOAD_4     ; CLOSE FILE
0012AE  1  A9 67                LDA     #<FILEERROR3    ; NO, ERROR OUT
0012B0  1  A0 16                LDY     #>FILEERROR3
0012B2  1  A2 09                LDX     #9              ; Print error message
0012B4  1  20 03 01             JSR     PEM             ;
0012B7  1  4C 00 01             JMP     BOOT            ; WARM BOOT DOS/65
0012BA  1               
0012BA  1               
0012BA  1               ;__DOS65SAVEAS_____________________________________________________________________________________________________________________
0012BA  1               ;
0012BA  1               ; 	SAVE A DOS/65 FILE FROM THE EDIT BUFFER TO A NEW FILE NAME
0012BA  1               ;
0012BA  1               ;
0012BA  1               ;
0012BA  1               ;________________________________________________________________________________________________________________________________
0012BA  1               ;
0012BA  1               DOS65SAVEAS:
0012BA  1  20 07 10             JSR     CLEARSCREEN
0012BD  1               
0012BD  1  A9 02                LDA     #<SAVESCREENFORMAT
0012BF  1  A0 13                LDY     #>SAVESCREENFORMAT
0012C1  1  A2 09                LDX     #9              ;
0012C3  1  20 03 01             JSR     PEM             ;
0012C6  1  A9 4B                LDA     #<SAVESCREENFORMAT1
0012C8  1  A0 13                LDY     #>SAVESCREENFORMAT1
0012CA  1  A2 09                LDX     #9              ;
0012CC  1  20 03 01             JSR     PEM             ;
0012CF  1               DOS65SAVEAS1:
0012CF  1  A9 0B                LDA     #<SAVESCREENFORMAT2
0012D1  1  A0 14                LDY     #>SAVESCREENFORMAT2
0012D3  1  A2 09                LDX     #9              ;
0012D5  1  20 03 01             JSR     PEM             ;
0012D8  1               
0012D8  1  A2 0D                LDX     #13
0012DA  1  A9 20                LDA     #' '
0012DC  1               DOS65SAVEAS2:
0012DC  1  8D 50 14             STA     FNBUFFER
0012DF  1  CA                   DEX
0012E0  1  E0 00                CPX     #$00
0012E2  1  D0 F8                BNE     DOS65SAVEAS2
0012E4  1  20 62 14             JSR     GETFILENAME
0012E7  1  20 B7 15             JSR     DOS65FCBPREP
0012EA  1  C9 FF                CMP     #$FF
0012EC  1  F0 E1                BEQ     DOS65SAVEAS1
0012EE  1               
0012EE  1  20 E6 14             JSR     DOS65SAVE
0012F1  1  A9 00                LDA     #$00
0012F3  1  85 0B                STA     CSRPOSX
0012F5  1  85 0C                STA     CSRPOSY
0012F7  1  85 0D                STA     EDTPOS
0012F9  1  85 0E                STA     EDTPOS+1
0012FB  1  85 0F                STA     TMPPOS
0012FD  1  85 10                STA     TMPPOS+1
0012FF  1  4C 93 0E             JMP     PAINTSCREEN
001302  1               
001302  1               SAVESCREENFORMAT:
001302  1  1B 5B 30 30          .BYTE   $1B,'[','0','0',';','0','0','H'
001306  1  3B 30 30 48  
00130A  1  1B 5B 37 6D          .BYTE   $1B,'[','7','m'
00130E  1  44 4F 53 2F          .BYTE   "DOS/65 SCREEN EDITOR"
001312  1  36 35 20 53  
001316  1  43 52 45 45  
001322  1  20 20 20 20          .BYTE   "                    "
001326  1  20 20 20 20  
00132A  1  20 20 20 20  
001336  1  20 20 20 20          .BYTE   "                    ",'$'
00133A  1  20 20 20 20  
00133E  1  20 20 20 20  
00134B  1               
00134B  1               SAVESCREENFORMAT1:
00134B  1  20 20 20 20          .BYTE   "                    "
00134F  1  20 20 20 20  
001353  1  20 20 20 20  
00135F  1  5F 5F 5F 5F          .BYTE   "____________________"
001363  1  5F 5F 5F 5F  
001367  1  5F 5F 5F 5F  
001373  1  5F 5F 5F 5F          .BYTE   "____________________"
001377  1  5F 5F 5F 5F  
00137B  1  5F 5F 5F 5F  
001387  1  5F 5F 5F 5F          .BYTE   "____________________"
00138B  1  5F 5F 5F 5F  
00138F  1  5F 5F 5F 5F  
00139B  1  5F 5F 5F 5F          .BYTE   "____________________"
00139F  1  5F 5F 5F 5F  
0013A3  1  5F 5F 5F 5F  
0013AF  1  1B 5B 32 33          .BYTE   $1B,'[','2','3',';','0','0','H'
0013B3  1  3B 30 30 48  
0013B7  1  20 20 20 20          .BYTE   "                            "
0013BB  1  20 20 20 20  
0013BF  1  20 20 20 20  
0013D3  1  20 20 20 20          .BYTE   "                            "
0013D7  1  20 20 20 20  
0013DB  1  20 20 20 20  
0013EF  1  20 20 20 20          .BYTE   "     OM                "
0013F3  1  20 4F 4D 20  
0013F7  1  20 20 20 20  
001406  1  1B 5B 30 6D          .BYTE   $1B,'[','0','m','$'
00140A  1  24           
00140B  1               SAVESCREENFORMAT2:
00140B  1  1B 5B 31 31          .BYTE   $1B,'[','1','1',';','1','0','H'
00140F  1  3B 31 30 48  
001413  1  20 20 20 20          .BYTE   "                                   "
001417  1  20 20 20 20  
00141B  1  20 20 20 20  
001436  1  1B 5B 31 30          .BYTE   $1B,'[','1','0',';','0','0','H'
00143A  1  3B 30 30 48  
00143E  1  20 20 4E 45          .BYTE   "  NEW FILE NAME: $"
001442  1  57 20 46 49  
001446  1  4C 45 20 4E  
001450  1               
001450  1               FNBUFFER:
001450  1  20 20 20 20          .BYTE   "                  "
001454  1  20 20 20 20  
001458  1  20 20 20 20  
001462  1               
001462  1               ;__GETFILENAME___________________________________________________________________________________________________________________
001462  1               ;
001462  1               ; POPULATE FNBUFFER WITH ONLY VALID FILENAME CHARACTERS
001462  1               ;________________________________________________________________________________________________________________________________
001462  1               ;
001462  1               GETFILENAME:
001462  1  20 7E 11             JSR     READKB_XON
001465  1  A0 00                LDY     #$00
001467  1               GETFILENAME_LOOP:
001467  1  A2 06                LDX     #6
001469  1  20 03 01             JSR     PEM             ;
00146C  1  C9 08                CMP     #8
00146E  1  F0 52                BEQ     GETFILENAME_BACKSPACE
001470  1  C9 0D                CMP     #13
001472  1  F0 40                BEQ     GETFILENAME_END
001474  1  C9 21                CMP     #33
001476  1  90 EF                BCC     GETFILENAME_LOOP
001478  1  C9 28                CMP     #40
00147A  1  90 27                BCC     :+
00147C  1  C9 2B                CMP     #43
00147E  1  F0 23                BEQ     :+
001480  1  C9 2D                CMP     #45
001482  1  F0 1F                BEQ     :+
001484  1  C9 2E                CMP     #46
001486  1  F0 1B                BEQ     :+
001488  1  C9 30                CMP     #48
00148A  1  90 DB                BCC     GETFILENAME_LOOP
00148C  1  C9 3B                CMP     #59
00148E  1  90 13                BCC     :+
001490  1  C9 40                CMP     #64
001492  1  90 D3                BCC     GETFILENAME_LOOP
001494  1  C9 5B                CMP     #91
001496  1  90 0B                BCC     :+
001498  1  C9 61                CMP     #97
00149A  1  90 CB                BCC     GETFILENAME_LOOP
00149C  1  C9 7B                CMP     #123
00149E  1  90 1C                BCC     GETFILENAME_TOUPPER
0014A0  1  4C 67 14             JMP     GETFILENAME_LOOP
0014A3  1               :
0014A3  1  48                   PHA
0014A4  1  A2 02                LDX     #2
0014A6  1  20 03 01             JSR     PEM
0014A9  1  98                   TYA
0014AA  1  AA                   TAX
0014AB  1  68                   PLA
0014AC  1  9D 50 14             STA     FNBUFFER,X
0014AF  1  C8                   INY
0014B0  1  C0 0E                CPY     #14
0014B2  1  D0 B3                BNE     GETFILENAME_LOOP
0014B4  1               GETFILENAME_END:
0014B4  1  98                   TYA
0014B5  1  AA                   TAX
0014B6  1  A9 00                LDA     #$00
0014B8  1  9D 50 14             STA     FNBUFFER,X
0014BB  1  60                   RTS
0014BC  1               GETFILENAME_TOUPPER:
0014BC  1  38                   SEC
0014BD  1  E9 20                SBC     #32
0014BF  1  4C A3 14             JMP     :-
0014C2  1               GETFILENAME_BACKSPACE:
0014C2  1  C0 00                CPY     #00
0014C4  1  F0 A1                BEQ     GETFILENAME_LOOP
0014C6  1  A9 08                LDA     #8
0014C8  1  A2 02                LDX     #2
0014CA  1  20 03 01             JSR     PEM
0014CD  1  A9 20                LDA     #32
0014CF  1  A2 02                LDX     #2
0014D1  1  20 03 01             JSR     PEM
0014D4  1  A9 08                LDA     #8
0014D6  1  A2 02                LDX     #2
0014D8  1  20 03 01             JSR     PEM
0014DB  1  88                   DEY
0014DC  1  98                   TYA
0014DD  1  AA                   TAX
0014DE  1  A9 20                LDA     #32
0014E0  1  9D 50 14             STA     FNBUFFER,X
0014E3  1  4C 67 14             JMP     GETFILENAME_LOOP
0014E6  1               
0014E6  1               
0014E6  1               
0014E6  1               
0014E6  1               
0014E6  1               
0014E6  1               ;__DOS65SAVE_____________________________________________________________________________________________________________________
0014E6  1               ;
0014E6  1               ; 	SAVE A DOS/65 FILE FROM THE EDIT BUFFER
0014E6  1               ;
0014E6  1               ;
0014E6  1               ;
0014E6  1               ;________________________________________________________________________________________________________________________________
0014E6  1               ;
0014E6  1               DOS65SAVE:
0014E6  1  A9 00                LDA     #0              ; clear
0014E8  1  8D 27 01             STA     DFLFCB+32       ; record number
0014EB  1  A9 07                LDA     #<DFLFCB        ; Open File
0014ED  1  A0 01                LDY     #>DFLFCB        ;
0014EF  1  A2 13                LDX     #19             ;
0014F1  1  20 03 01             JSR     PEM             ;
0014F4  1               
0014F4  1  A9 00                LDA     #0              ; clear
0014F6  1  8D 27 01             STA     DFLFCB+32       ; record number
0014F9  1  A9 07                LDA     #<DFLFCB        ; ATTEMPT TO CREATE File
0014FB  1  A0 01                LDY     #>DFLFCB        ;
0014FD  1  A2 16                LDX     #22             ;
0014FF  1  20 03 01             JSR     PEM             ;
001502  1  C9 FF                CMP     #$FF            ; error?, if NOT, continue
001504  1  D0 0A                BNE     DOS65SAVE_1     ;
001506  1               
001506  1               DOS65SAVE_ERR:
001506  1  A9 32                LDA     #<FILEERROR2A   ; NO, ERROR OUT
001508  1  A0 16                LDY     #>FILEERROR2A
00150A  1  A2 09                LDX     #9              ; Print error message
00150C  1  20 03 01             JSR     PEM             ;
00150F  1  60                   RTS                     ; RETURN
001510  1               DOS65SAVE_1:
001510  1  A9 00                LDA     #0              ; clear
001512  1  8D 27 01             STA     DFLFCB+32       ; record number
001515  1  A9 00                LDA     #<BUFFER        ; SETUP BUFFER
001517  1  85 09                STA     FCBPTR          ; STORE SRC BUFFER IN FCBPTR
001519  1  A9 18                LDA     #>BUFFER        ;
00151B  1  85 0A                STA     FCBPTR+1        ; STORE SRC BUFFER IN FCBPTR
00151D  1               
00151D  1  A9 F2                LDA     #<FCBBUFFER     ; SETUP BUFFER
00151F  1  85 0F                STA     TMPPOS          ;
001521  1  A0 16                LDY     #>FCBBUFFER
001523  1  84 10                STY     TMPPOS+1        ;
001525  1  A2 1A                LDX     #26             ; Setup Buffer
001527  1  20 03 01             JSR     PEM
00152A  1               
00152A  1  A2 00                LDX     #$00            ;
00152C  1  86 11                STX     TEMP1           ;
00152E  1               DOS65SAVE_2:
00152E  1  A5 13                LDA     CURRENTLEN+1    ; AT END PAGE?
001530  1  C5 0A                CMP     FCBPTR+1        ;
001532  1  D0 0D                BNE     DOS65SAVE_2B    ;
001534  1  A5 09                LDA     FCBPTR          ;
001536  1  C5 12                CMP     CURRENTLEN      ;
001538  1  90 07                BCC     DOS65SAVE_2B    ; IF WE ARE NOT PAST THE END, PROCEED AS USUAL
00153A  1  F0 05                BEQ     DOS65SAVE_2B    ;
00153C  1  A9 1A                LDA     #$1A            ; WE ARE AT END SO PAD WITH EOF
00153E  1  4C 53 15             JMP     DOS65SAVE_2C    ;
001541  1               
001541  1               DOS65SAVE_2B:
001541  1  A0 00                LDY     #$00
001543  1  B1 09                LDA     (FCBPTR),Y      ; GET NEXT BUFFER BYTE
001545  1  E6 09                INC     FCBPTR          ; INC 16 BIT BUFFER POINTER
001547  1  D0 02                BNE     *+4             ;
001549  1  E6 0A                INC     FCBPTR+1        ;
00154B  1  C9 00                CMP     #$00            ; IS NULL?
00154D  1  F0 DF                BEQ     DOS65SAVE_2     ; YES SKIP
00154F  1  C9 0A                CMP     #10             ; IS LF?
001551  1  F0 DB                BEQ     DOS65SAVE_2     ; YES SKIP
001553  1               
001553  1               DOS65SAVE_2C:
001553  1  A4 11                LDY     TEMP1           ;
001555  1  91 0F                STA     (TMPPOS),Y      ; NO STORE IN BUFFER
001557  1  E6 11                INC     TEMP1           ; INC BUFFER POINTER
001559  1  C9 0D                CMP     #13             ; IF NOT CR
00155B  1  D0 03                BNE     *+5             ; CONTINUE
00155D  1  20 90 15             JSR     DOS65SAVE_LF    ; OTHERWISE INSERT LF
001560  1               
001560  1  A6 11                LDX     TEMP1           ;
001562  1  E0 80                CPX     #$80            ; PAST END?
001564  1  D0 C8                BNE     DOS65SAVE_2     ; NO LOOP TILL BUFFER IS FULL
001566  1               
001566  1               DOS65SAVE_2D:
001566  1  A9 07                LDA     #<DFLFCB        ; WRITE record buffer from disk file
001568  1  A0 01                LDY     #>DFLFCB        ;
00156A  1  A2 15                LDX     #21             ;
00156C  1  20 03 01             JSR     PEM             ;
00156F  1  C9 00                CMP     #$00            ; is SUCCESSFUL?
001571  1  F0 03                BEQ     *+5             ;
001573  1  4C 06 15             JMP     DOS65SAVE_ERR   ; ERROR, do error handling
001576  1               
001576  1               
001576  1  A5 0A                LDA     FCBPTR+1        ;
001578  1  C5 13                CMP     CURRENTLEN+1    ; AT END?
00157A  1  90 03                BCC     DOS65SAVE_3     ;
00157C  1  4C 86 15             JMP     DOS65SAVE_4     ; CLOSE FILE
00157F  1               
00157F  1               DOS65SAVE_3:
00157F  1  A2 00                LDX     #$00            ;
001581  1  86 11                STX     TEMP1           ;
001583  1  4C 2E 15             JMP     DOS65SAVE_2     ; SAVE NEXT SECTOR
001586  1               
001586  1               DOS65SAVE_4:
001586  1  A9 07                LDA     #<DFLFCB        ; CLOSE FILE
001588  1  A0 01                LDY     #>DFLFCB        ;
00158A  1  A2 10                LDX     #16             ;
00158C  1  20 03 01             JSR     PEM             ;
00158F  1  60                   RTS
001590  1               
001590  1               
001590  1               DOS65SAVE_LF:
001590  1               
001590  1  A6 11                LDX     TEMP1           ;
001592  1  E0 80                CPX     #$80            ; PAST END?
001594  1  D0 03                BNE     *+5             ; NO
001596  1  20 A2 15             JSR     DOS65SAVE_LF1   ;
001599  1               
001599  1  A4 11                LDY     TEMP1           ; WRITE LF
00159B  1  A9 0A                LDA     #10             ;
00159D  1  91 0F                STA     (TMPPOS),Y      ; NO STORE IN BUFFER
00159F  1  E6 11                INC     TEMP1           ; INC BUFFER POINTER
0015A1  1  60                   RTS
0015A2  1               
0015A2  1               DOS65SAVE_LF1:
0015A2  1  A9 07                LDA     #<DFLFCB        ; WRITE record buffer from disk file
0015A4  1  A0 01                LDY     #>DFLFCB        ;
0015A6  1  A2 15                LDX     #21             ;
0015A8  1  20 03 01             JSR     PEM             ;
0015AB  1  C9 00                CMP     #$00            ; is SUCCESSFUL?
0015AD  1  F0 03                BEQ     *+5             ;
0015AF  1  4C 06 15             JMP     DOS65SAVE_ERR   ; ERROR, do error handling
0015B2  1  A2 00                LDX     #$00            ;
0015B4  1  86 11                STX     TEMP1           ;
0015B6  1  60                   RTS
0015B7  1               
0015B7  1               DOS65FCBPREP:
0015B7  1  AD 51 14             LDA     FNBUFFER+1      ; GET ":"
0015BA  1  C9 3A                CMP     #':'            ;
0015BC  1  F0 0C                BEQ     DOS65FCBPREP_1  ; YES, IT WAS A DRIVE, CONTINUE
0015BE  1  A9 0B                LDA     #<FILEERROR1    ; NO, ERROR OUT
0015C0  1  A0 16                LDY     #>FILEERROR1
0015C2  1  A2 09                LDX     #9
0015C4  1  20 03 01             JSR     PEM
0015C7  1  A9 FF                LDA     #$FF
0015C9  1  60                   RTS
0015CA  1               DOS65FCBPREP_1:
0015CA  1  AD 50 14             LDA     FNBUFFER        ; GET DRIVE LETTER
0015CD  1  38                   SEC                     ;
0015CE  1  E9 40                SBC     #64             ; PARSE DRIVE NUMBER
0015D0  1  8D 07 01             STA     DFLFCB+0        ; STORE IT IN FCB
0015D3  1               
0015D3  1  A0 01                LDY     #$01            ; POINT Y TO FCB FILE NAME
0015D5  1  A9 20                LDA     #$20            ; LOAD SPACE CHAR INTO A
0015D7  1               DOS65FCBPREP_1A:                ; BLANK OUT FCB
0015D7  1  99 07 01             STA     DFLFCB,Y        ;
0015DA  1  C8                   INY                     ;
0015DB  1  C0 09                CPY     #$09            ; IS DONE
0015DD  1  D0 F8                BNE     DOS65FCBPREP_1A ; NO, LOOP
0015DF  1  A0 01                LDY     #$01            ; POINT Y TO FCB FILE NAME
0015E1  1  A2 00                LDX     #$00            ;
0015E3  1               DOS65FCBPREP_2:                 ; COPY FILE NAME PARAMETER INTO FCB
0015E3  1  BD 52 14             LDA     FNBUFFER+2,X    ;
0015E6  1  E8                   INX                     ;
0015E7  1  C9 2E                CMP     #'.'            ;
0015E9  1  F0 0B                BEQ     DOS65FCBPREP_3  ;
0015EB  1  99 07 01             STA     DFLFCB,Y        ;
0015EE  1  C8                   INY                     ;
0015EF  1  C0 09                CPY     #$09            ;
0015F1  1  F0 03                BEQ     DOS65FCBPREP_3  ;
0015F3  1  4C E3 15             JMP     DOS65FCBPREP_2  ;
0015F6  1               DOS65FCBPREP_3:                 ;
0015F6  1  BD 52 14             LDA     FNBUFFER+2,X    ;
0015F9  1  8D 10 01             STA     DFLFCB+9        ;
0015FC  1  BD 53 14             LDA     FNBUFFER+3,X    ;
0015FF  1  8D 11 01             STA     DFLFCB+10       ;
001602  1  BD 54 14             LDA     FNBUFFER+4,X    ;
001605  1  8D 12 01             STA     DFLFCB+11       ;
001608  1  A9 00                LDA     #$00            ;
00160A  1  60                   RTS                     ;
00160B  1               
00160B  1               
00160B  1               FILEERROR1:
00160B  1  0D 0A 0D 0A          .BYTE   $0D,$0A,$0D,$0A,"** NO DRIVE SPECIFIED, TRY AGAIN"
00160F  1  2A 2A 20 4E  
001613  1  4F 20 44 52  
00162F  1  0D 0A 24             .BYTE   $0D,$0A,'$'
001632  1               FILEERROR2A:
001632  1  1B 5B 30 31          .BYTE   $1B,'[','0','1',';','1','0','H'
001636  1  3B 31 30 48  
00163A  1  1B 5B 37 6D          .BYTE   $1B,'[','7','m'
00163E  1               FILEERROR2:
00163E  1  2A 2A 20 44          .BYTE   "** DOS/65 ERROR, OPERATION ABORTED"
001642  1  4F 53 2F 36  
001646  1  35 20 45 52  
001660  1  1B 5B 30 6D          .BYTE   $1B,'[','0','m'
001664  1  0D 0A 24             .BYTE   $0D,$0A,'$'
001667  1               FILEERROR3:
001667  1  2A 2A 20 46          .BYTE   "** FILE TOO LARGE, OPERATION ABORTED"
00166B  1  49 4C 45 20  
00166F  1  54 4F 4F 20  
00168B  1  0D 0A 24             .BYTE   $0D,$0A,'$'
00168E  1               DECIMAL1:
00168E  1  00 01 02 03          .BYTE   $00,$01,$02,$03,$04,$05,$06,$07,$08,$09
001692  1  04 05 06 07  
001696  1  08 09        
001698  1  10 11 12 13          .BYTE   $10,$11,$12,$13,$14,$15,$16,$17,$18,$19
00169C  1  14 15 16 17  
0016A0  1  18 19        
0016A2  1  20 21 22 23          .BYTE   $20,$21,$22,$23,$24,$25,$26,$27,$28,$29
0016A6  1  24 25 26 27  
0016AA  1  28 29        
0016AC  1  30 31 32 33          .BYTE   $30,$31,$32,$33,$34,$35,$36,$37,$38,$39
0016B0  1  34 35 36 37  
0016B4  1  38 39        
0016B6  1  40 41 42 43          .BYTE   $40,$41,$42,$43,$44,$45,$46,$47,$48,$49
0016BA  1  44 45 46 47  
0016BE  1  48 49        
0016C0  1  50 51 52 53          .BYTE   $50,$51,$52,$53,$54,$55,$56,$57,$58,$59
0016C4  1  54 55 56 57  
0016C8  1  58 59        
0016CA  1  60 61 62 63          .BYTE   $60,$61,$62,$63,$64,$65,$66,$67,$68,$69
0016CE  1  64 65 66 67  
0016D2  1  68 69        
0016D4  1  70 71 72 73          .BYTE   $70,$71,$72,$73,$74,$75,$76,$77,$78,$79
0016D8  1  74 75 76 77  
0016DC  1  78 79        
0016DE  1  80 81 82 83          .BYTE   $80,$81,$82,$83,$84,$85,$86,$87,$88,$89
0016E2  1  84 85 86 87  
0016E6  1  88 89        
0016E8  1  90 91 92 93          .BYTE   $90,$91,$92,$93,$94,$95,$96,$97,$98,$99
0016EC  1  94 95 96 97  
0016F0  1  98 99        
0016F2  1               FCBBUFFER:
0016F2  1  xx xx xx xx          .RES    $80
0016F6  1  xx xx xx xx  
0016FA  1  xx xx xx xx  
001772  1  xx xx xx xx          .ALIGN  256
001776  1  xx xx xx xx  
00177A  1  xx xx xx xx  
001800  1               BUFFER:
001800  1  00                   .BYTE   00              ; start of user RAM (set as needed, should be page aligned)
001801  1               Ram_top         = $B800         ; end of user RAM+1 (set as needed, should be page aligned)
001801  1               
001801  1                       .END
