ca65 V2.18 - Ubuntu 2.19-1
Main file   : wyrmhold.asm
Current file: wyrmhold.asm

000000r 1               ;______________________________________________________________________________
000000r 1               ;  WYRMHOLD  -  an original top-down fantasy RPG for the 6502PC / DOS/65
000000r 1               ;
000000r 1               ;  Written in 6502 assembly (ca65).  Uses the memory-mapped video card
000000r 1               ;  (direct VRAM via MMU paging, the SpeedScript way) and the AY-3-8910
000000r 1               ;  PSG for a title melody and sound effects.
000000r 1               ;
000000r 1               ;  Program loads at $0800 (DOS/65 TEA) and exits back to DOS with JMP $0100.
000000r 1               ;______________________________________________________________________________
000000r 1                       .PSC02
000000r 1               
000000r 1                       .SEGMENT "TEA"
000000r 1                       .ORG    $0800
000800  1               
000800  1                       .INCLUDE "macro.asm"
000800  2               ;______________________________________________________________________________
000800  2               ;  macro.asm - 16-bit helpers and a FARCALL convenience macro
000800  2               ;  Style follows software/speedscript/macro.asm
000800  2               ;______________________________________________________________________________
000800  2               
000800  2               ; Copy a 16-bit value src -> dst
000800  2                       .macro  COPY16  src, dst
000800  2                       LDA     src
000800  2                       STA     dst
000800  2                       LDA     src+1
000800  2                       STA     dst+1
000800  2                       .endmacro
000800  2               
000800  2               ; left = left + right (16-bit)
000800  2                       .macro  ADD16   left,right
000800  2                       CLC
000800  2                       LDA     left
000800  2                       ADC     right
000800  2                       STA     left
000800  2                       LDA     left+1
000800  2                       ADC     right+1
000800  2                       STA     left+1
000800  2                       .endmacro
000800  2               
000800  2               ; left = left - right (16-bit)
000800  2                       .macro  SUB16   left,right
000800  2                       SEC
000800  2                       LDA     left
000800  2                       SBC     right
000800  2                       STA     left
000800  2                       LDA     left+1
000800  2                       SBC     right+1
000800  2                       STA     left+1
000800  2                       .endmacro
000800  2               
000800  2               ; Set a 16-bit zero-page word to an immediate constant.
000800  2                       .macro  SETW16  dst, value
000800  2                       LDA     #<(value)
000800  2                       STA     dst
000800  2                       LDA     #>(value)
000800  2                       STA     dst+1
000800  2                       .endmacro
000800  2               
000800  2               ; Issue a FARCALL: store function number then JSR DO_FARCALL.
000800  2               ; Pass any X/Y/A arguments BEFORE invoking (this macro only touches A).
000800  2                       .macro  FARCALL func
000800  2                       LDA     #func
000800  2                       STA     farfunct
000800  2                       JSR     DO_FARCALL
000800  2                       .endmacro
000800  2               
000800  2               ; Print a zero-terminated message via the firmware console (FARCALL chrout).
000800  2               ; message = address of a 0-terminated string.
000800  2                       .macro  PRINTMSG message
000800  2                       LDA     #<message
000800  2                       LDY     #>message
000800  2                       JSR     prmsg
000800  2                       .endmacro
000800  2               
000800  2               ; Push a message into the scrolling message log at the bottom.
000800  2                       .macro  PRINTMSG_MSG message
000800  2                       LDA     #<message
000800  2                       LDY     #>message
000800  2                       JSR     msg_print
000800  2                       .endmacro
000800  2               
000800  2               ; Set the shop status-line pointer (shopstat) to a message address.
000800  2                       .macro  SETSTAT message
000800  2                       LDA     #<message
000800  2                       STA     shopstat
000800  2                       LDA     #>message
000800  2                       STA     shopstat+1
000800  2                       .endmacro
000800  2               
000800  1                       .INCLUDE "defines.asm"
000800  2               ;______________________________________________________________________________
000800  2               ;  defines.asm - system equates, constants and game state
000800  2               ;______________________________________________________________________________
000800  2               
000800  2               ;----------------------------------------------------------------
000800  2               ; DOS/65 system entry points
000800  2               ;----------------------------------------------------------------
000800  2               DFLFCB          = $107          ; DEFAULT FCB
000800  2               PEM             = $103          ; PEM ENTRY
000800  2               BOOT            = $100          ; WARM BOOT (exit back to DOS/65)
000800  2               
000800  2               ;----------------------------------------------------------------
000800  2               ; Memory-mapped video state (firmware-shared, fixed addresses)
000800  2               ;----------------------------------------------------------------
000800  2               CURX            = $0647         ; current cursor column
000800  2               CURY            = $0648         ; current cursor row
000800  2               SHOWCRSR        = $0649         ; show cursor (1=yes,0=no)
000800  2               CURCOLOR        = $064A         ; current print color
000800  2               CSRCOLOR        = $064B         ; current cursor color
000800  2               BVIDEOMODE      = $064C         ; current video mode (0=40,1=80)
000800  2               
000800  2               ;----------------------------------------------------------------
000800  2               ; FARCALL dispatch
000800  2               ;----------------------------------------------------------------
000800  2               DO_FARCALL      = $FFF0
000800  2               farfunct        = $32           ; zero-page: FARCALL function number
000800  2               
000800  2               ; MMU / video paging
000800  2               SETPAGE         = $FFF6         ; A=task, X=bank, Y=physical page
000800  2               VIDEOBANK       = $F8           ; base physical page for video RAM
000800  2               PC6502_ACT_TASK = $EFE0         ; MMU active task register (write only)
000800  2               VIDTEXT_PAGE    = $01+VIDEOBANK ; physical page for text page 1 ($F9)
000800  2               
000800  2               ; FARCALL function numbers (see 6502PC_firmware/dos65drv.asm)
000800  2               FC_CHROUT       = 19
000800  2               FC_CHRIN        = 20            ; non-blocking, returns A=key or $FF
000800  2               FC_LOCATE       = 37            ; X=col, Y=row
000800  2               FC_SCNCLR       = 38
000800  2               FC_COLOR        = 39            ; X=color, Y=cursor color
000800  2               FC_SCROLLDN     = 56
000800  2               FC_SETMODE      = 57
000800  2               FC_PAINTCSR     = 58
000800  2               FC_UNPAINTCSR   = 59
000800  2               
000800  2               ;----------------------------------------------------------------
000800  2               ; Video memory window (we map sub-page $F9 into CPU bank $A,
000800  2               ; matching software/speedscript/screen.asm).
000800  2               ;   text  chars : $A000 + row*80 + col
000800  2               ;   color cells : $A800 + row*80 + col   (low nibble fg, high nibble bg)
000800  2               ;----------------------------------------------------------------
000800  2               VRAM_TEXT       = $A000
000800  2               VRAM_COLOR      = $A800
000800  2               SCRW            = 80
000800  2               SCRH            = 24
000800  2               
000800  2               ;----------------------------------------------------------------
000800  2               ; Color values.  color byte = (bg<<4) | fg
000800  2               ; Base palette nibbles (typical 4-bit IRGB-ish ordering used by the card)
000800  2               ;----------------------------------------------------------------
000800  2               CO_BLACK        = $0
000800  2               CO_RED          = $1
000800  2               CO_GREEN        = $2
000800  2               CO_YELLOW       = $3
000800  2               CO_BLUE         = $4
000800  2               CO_MAGENTA      = $5
000800  2               CO_CYAN         = $6
000800  2               CO_WHITE        = $7
000800  2               CO_GREY         = $8
000800  2               CO_BRRED        = $9
000800  2               CO_BRGREEN      = $A
000800  2               CO_BRYELLOW     = $B
000800  2               CO_BRBLUE       = $C
000800  2               CO_BRMAGENTA    = $D
000800  2               CO_BRCYAN       = $E
000800  2               CO_BRWHITE      = $F
000800  2               
000800  2               ; convenience: build a color byte from fg,bg nibbles
000800  2               .define COLOR(fg,bg)  (((bg)<<4)|(fg))
000800  2               
000800  2               ; named cell colors used throughout the game
000800  2               C_GRASS         = COLOR(CO_BRGREEN, CO_BLACK)
000800  2               C_WATER         = COLOR(CO_BRBLUE,  CO_BLUE)
000800  2               C_FOREST        = COLOR(CO_GREEN,   CO_BLACK)
000800  2               C_MOUNT         = COLOR(CO_GREY,    CO_BLACK)
000800  2               C_TOWN          = COLOR(CO_BRYELLOW,CO_BLACK)
000800  2               C_CASTLE        = COLOR(CO_BRWHITE, CO_BLACK)
000800  2               C_DUNG          = COLOR(CO_BRMAGENTA,CO_BLACK)
000800  2               C_ROAD          = COLOR(CO_BRYELLOW,CO_BLACK)
000800  2               C_BRIDGE        = COLOR(CO_YELLOW,  CO_BLACK)
000800  2               C_FLOOR         = COLOR(CO_GREY,    CO_BLACK)
000800  2               C_WALL          = COLOR(CO_BRWHITE, CO_GREY)
000800  2               C_TREAS         = COLOR(CO_BRYELLOW,CO_BLACK)
000800  2               C_PLAYER        = COLOR(CO_BRWHITE, CO_BLACK)
000800  2               C_MONST         = COLOR(CO_BRRED,   CO_BLACK)
000800  2               C_BOSS          = COLOR(CO_BRRED,   CO_RED)
000800  2               C_BORDER        = COLOR(CO_BRCYAN,  CO_BLACK)
000800  2               C_PANEL         = COLOR(CO_BRWHITE, CO_BLACK)
000800  2               C_PANELHDR      = COLOR(CO_BRYELLOW,CO_BLUE)
000800  2               C_MSG           = COLOR(CO_BRWHITE, CO_BLACK)
000800  2               C_TITLE         = COLOR(CO_BRYELLOW,CO_BLACK)
000800  2               C_BLANK         = COLOR(CO_WHITE,   CO_BLACK)
000800  2               
000800  2               ; shop panel colors (blue panel with bright text)
000800  2               C_SHOPBG        = COLOR(CO_BRWHITE, CO_BLUE)
000800  2               C_SHOPBRD       = COLOR(CO_BRCYAN,  CO_BLUE)
000800  2               C_SHOPTTL       = COLOR(CO_BRYELLOW,CO_BLUE)
000800  2               C_SHOPTXT       = COLOR(CO_BRWHITE, CO_BLUE)
000800  2               C_SHOPST        = COLOR(CO_BRGREEN, CO_BLUE)
000800  2               
000800  2               ; exit tiles (town door / dungeon stairs) - bright so they stand out
000800  2               C_EXIT          = COLOR(CO_BLACK,   CO_BRGREEN)
000800  2               
000800  2               ;----------------------------------------------------------------
000800  2               ; Tile codes (index into terrain tables).  Stored in map data.
000800  2               ;----------------------------------------------------------------
000800  2               T_GRASS         = 0
000800  2               T_FOREST        = 1
000800  2               T_MOUNT         = 2
000800  2               T_WATER         = 3
000800  2               T_TOWN          = 4
000800  2               T_DUNG          = 5
000800  2               T_CASTLE        = 6
000800  2               T_ROAD          = 7
000800  2               T_BRIDGE        = 8
000800  2               T_FLOOR         = 9             ; dungeon/town floor
000800  2               T_WALL          = 10            ; dungeon/town wall (impassable)
000800  2               T_DOOR          = 11            ; exit tile (leave town/dungeon)
000800  2               T_TREAS         = 12            ; treasure chest
000800  2               T_UPSTAIR       = 13            ; leave dungeon
000800  2               T_SHOP          = 14            ; shop counter inside a town
000800  2               NUM_TILES       = 15
000800  2               
000800  2               ;----------------------------------------------------------------
000800  2               ; Map glyphs.  These are custom characters whose 8x8 bitmaps are
000800  2               ; uploaded to the character generator at startup by chargen_init
000800  2               ; (see tiles.asm).
000800  2               ;
000800  2               ; We use codes in the CONTROL range (1..31).  The UI only ever
000800  2               ; prints ASCII 32+, so these slots are free to redefine and they
000800  2               ; live safely in the low 128 of the font (some cards only redefine
000800  2               ; / display 128 glyphs and treat bit7 as an attribute, which broke
000800  2               ; the earlier 128+ codes - monsters showed the stock font).
000800  2               ;----------------------------------------------------------------
000800  2               G_GRASS         = 1
000800  2               G_FOREST        = 2
000800  2               G_MOUNT         = 3
000800  2               G_WATER         = 4
000800  2               G_TOWN          = 5
000800  2               G_DUNG          = 6
000800  2               G_CASTLE        = 7
000800  2               G_ROAD          = 8
000800  2               G_BRIDGE        = 9
000800  2               G_FLOOR         = 10
000800  2               G_WALL          = 11
000800  2               G_DOOR          = 12
000800  2               G_TREAS         = 13
000800  2               G_UPSTAIR       = 14
000800  2               G_SHOP          = 15
000800  2               
000800  2               G_PLAYER        = 16
000800  2               
000800  2               ; monster glyphs
000800  2               G_ORC           = 17
000800  2               G_SNAKE         = 18
000800  2               G_SKELETON      = 19
000800  2               G_THIEF         = 20
000800  2               G_TROLL         = 21
000800  2               G_BOSS          = 22
000800  2               
000800  2               ;----------------------------------------------------------------
000800  2               ; Monster type ids
000800  2               ;----------------------------------------------------------------
000800  2               M_NONE          = 0
000800  2               M_ORC           = 1
000800  2               M_SNAKE         = 2
000800  2               M_SKELETON      = 3
000800  2               M_THIEF         = 4
000800  2               M_TROLL         = 5
000800  2               M_BOSS          = 6
000800  2               NUM_MTYPE       = 7
000800  2               MAXMON          = 12            ; max simultaneously active monsters
000800  2               
000800  2               ;----------------------------------------------------------------
000800  2               ; Viewport geometry (left map window).  Odd width/height so the
000800  2               ; player sits dead center.  Interior only - the frame is drawn
000800  2               ; around it.
000800  2               ;   frame at col 0..VPW+1, rows 0..VPH+1  (top bar handled separately)
000800  2               ;----------------------------------------------------------------
000800  2               VPW             = 45            ; viewport interior width (cols 1..45)
000800  2               VPH             = 20            ; viewport interior height (rows 1..20)
000800  2               VPX0            = 1             ; first interior column (screen)
000800  2               VPY0            = 1             ; first interior row (screen)
000800  2               VPCX            = 22            ; player column within viewport interior (0-based)
000800  2               VPCY            = 10            ; player row within viewport interior (0-based)
000800  2               
000800  2               ; panel geometry (right side)
000800  2               PANX            = 48            ; panel text start column
000800  2               PANW            = 31
000800  2               
000800  2               ; message log geometry (bottom two rows)
000800  2               MSGY0           = 22
000800  2               MSGROWS         = 2
000800  2               
000800  2               ; map dimensions
000800  2               OWW             = 64            ; overworld width
000800  2               OWH             = 64            ; overworld height
000800  2               TOWNW           = 32            ; town map width
000800  2               TOWNH           = 20            ; town map height
000800  2               DUNGW           = 32            ; dungeon map width
000800  2               DUNGH           = 20            ; dungeon map height
000800  2               
000800  2               ; world/location ids (which map is active)
000800  2               LOC_WORLD       = 0
000800  2               LOC_TOWN        = 1
000800  2               LOC_DUNG        = 2
000800  2               
000800  2               ; misc constants
000800  2               space           = 32
000800  2               ESC             = 27
000800  2               CR              = 13
000800  2               
000800  2               ;----------------------------------------------------------------
000800  2               ; Zero-page allocation.  $00-$31 are largely free for the TEA;
000800  2               ; $32 (farfunct) is reserved by the system.  We use a contiguous
000800  2               ; block below it and a high block ($F0-$FE scratch pointers) the
000800  2               ; same way speedscript does.
000800  2               ;----------------------------------------------------------------
000800  2               ; 16-bit scratch pointers
000800  2               ptr             = $10           ; general pointer (2)
000800  2               ptr2            = $12           ; general pointer (2)
000800  2               vptr            = $14           ; video text pointer (2)
000800  2               cptr            = $16           ; video color pointer (2)
000800  2               srcp            = $18           ; source pointer (2)
000800  2               dstp            = $1A           ; dest pointer (2)
000800  2               strp            = $1C           ; string pointer for prmsg (2)
000800  2               numarg          = $1E           ; 16-bit number for displaynum (2)
000800  2               
000800  2               ; 8-bit scratch
000800  2               tmp0            = $20
000800  2               tmp1            = $21
000800  2               tmp2            = $22
000800  2               tmp3            = $23
000800  2               cnt0            = $24
000800  2               cnt1            = $25
000800  2               colidx          = $26           ; saved column index
000800  2               rowidx          = $27           ; saved row index
000800  2               numspace        = $28           ; displaynum digit accumulator
000800  2               keych           = $29           ; last key read
000800  2               dx              = $2A           ; signed move delta x
000800  2               dy              = $2B           ; signed move delta y
000800  2               tgtx            = $2C           ; target tile x
000800  2               tgty            = $2D           ; target tile y
000800  2               tgttile         = $2E           ; tile code at target
000800  2               monidx          = $2F           ; current monster index
000800  2               seedlo          = $30           ; RNG state low
000800  2               seedhi          = $31           ; RNG state high
000800  2               ; $32 = farfunct (system)
000800  2               seed2lo         = $33           ; RNG state 2 low
000800  2               seed2hi         = $34           ; RNG state 2 high
000800  2               
000800  2               ;----------------------------------------------------------------
000800  2               ; Game state (in TEA RAM, defined as labels in wyrmhold.asm BSS area)
000800  2               ; declared here as equates is not possible; real storage is in the
000800  2               ; .SEGMENT "TEA" at the end of wyrmhold.asm.  See gamevars there.
000800  2               ;----------------------------------------------------------------
000800  2               
000800  1               
000800  1               ;==============================================================================
000800  1               ; Entry point
000800  1               ;==============================================================================
000800  1               BEGIN:
000800  1  D8                   CLD
000801  1  20 96 0C             JSR     psg_init
000804  1  20 56 0C             JSR     rng_seed
000807  1  20 60 11             JSR     chargen_init    ; upload custom terrain/monster tiles
00080A  1                       ; hide the firmware text cursor; we draw our own world
00080A  1  A9 00                LDA     #0
00080C  1  8D 49 06             STA     SHOWCRSR
00080F  1               title_loop_outer:
00080F  1  20 1B 08             JSR     title_screen    ; returns when a key is pressed
000812  1  20 C1 08             JSR     new_game
000815  1  20 E7 08             JSR     game_loop       ; returns on death / victory / quit
000818  1                       ; game_loop decides what to do; if it returns we go to DOS
000818  1  4C 2E 0A             JMP     exit_to_dos
00081B  1               
00081B  1               ;==============================================================================
00081B  1               ; Title screen - draws a banner, plays the melody, waits for a key.
00081B  1               ;==============================================================================
00081B  1               title_screen:
00081B  1  20 FE 2A             JSR     cls_vram
00081E  1                       ; draw the banner art via firmware text
00081E  1  A2 12                LDX     #18
000820  1  A0 04                LDY     #4
000822  1  20 D0 2B             JSR     locate
000825  1  A9 0B                LDA     #C_TITLE
000827  1  8D 4A 06             STA     CURCOLOR
00082A  1  A9 54 A0 0A          PRINTMSG ttl1
00082E  1  20 E2 2B     
000831  1  A2 12                LDX     #18
000833  1  A0 05                LDY     #5
000835  1  20 D0 2B             JSR     locate
000838  1  A9 77 A0 0A          PRINTMSG ttl2
00083C  1  20 E2 2B     
00083F  1  A2 12                LDX     #18
000841  1  A0 06                LDY     #6
000843  1  20 D0 2B             JSR     locate
000846  1  A9 9A A0 0A          PRINTMSG ttl3
00084A  1  20 E2 2B     
00084D  1  A2 12                LDX     #18
00084F  1  A0 07                LDY     #7
000851  1  20 D0 2B             JSR     locate
000854  1  A9 BD A0 0A          PRINTMSG ttl4
000858  1  20 E2 2B     
00085B  1               
00085B  1  A2 18                LDX     #24
00085D  1  A0 0B                LDY     #11
00085F  1  20 D0 2B             JSR     locate
000862  1  A9 0F                LDA     #C_PANEL
000864  1  8D 4A 06             STA     CURCOLOR
000867  1  A9 E0 A0 0A          PRINTMSG ttl_by
00086B  1  20 E2 2B     
00086E  1               
00086E  1  A2 14                LDX     #20
000870  1  A0 0E                LDY     #14
000872  1  20 D0 2B             JSR     locate
000875  1  A9 0B                LDA     #COLOR(CO_BRYELLOW, CO_BLACK)
000877  1  8D 4A 06             STA     CURCOLOR
00087A  1  A9 04 A0 0B          PRINTMSG ttl_prompt
00087E  1  20 E2 2B     
000881  1               
000881  1  A2 0E                LDX     #14
000883  1  A0 12                LDY     #18
000885  1  20 D0 2B             JSR     locate
000888  1  A9 0F                LDA     #C_PANEL
00088A  1  8D 4A 06             STA     CURCOLOR
00088D  1  A9 25 A0 0B          PRINTMSG ttl_keys1
000891  1  20 E2 2B     
000894  1  A2 0E                LDX     #14
000896  1  A0 13                LDY     #19
000898  1  20 D0 2B             JSR     locate
00089B  1  A9 4E A0 0B          PRINTMSG ttl_keys2
00089F  1  20 E2 2B     
0008A2  1               
0008A2  1                       ; Settle period: for the first stretch of the title we PLAY the
0008A2  1                       ; music but ignore (and keep draining) any keys.  This swallows
0008A2  1                       ; the Enter typed to launch the program - on re-runs that key is
0008A2  1                       ; sometimes delivered just after we start, and without this it
0008A2  1                       ; would dismiss the title instantly (the "no intro on 2nd run"
0008A2  1                       ; bug).
0008A2  1  20 0F 0F             JSR     music_start
0008A5  1  A2 28                LDX     #40             ; settle ticks
0008A7  1               @settle:
0008A7  1  DA                   PHX
0008A8  1  20 63 0F             JSR     music_tick
0008AB  1  20 F9 2E             JSR     getkey          ; read & discard whatever shows up
0008AE  1  FA                   PLX
0008AF  1  CA                   DEX
0008B0  1  D0 F5                BNE     @settle
0008B2  1  20 07 2F             JSR     drainkeys       ; clear anything still buffered
0008B5  1               @spin:
0008B5  1  20 63 0F             JSR     music_tick
0008B8  1  20 F9 2E             JSR     getkey
0008BB  1  F0 F8                BEQ     @spin
0008BD  1  20 BE 0C             JSR     psg_silence
0008C0  1  60                   RTS
0008C1  1               
0008C1  1               ;==============================================================================
0008C1  1               ; new_game - initialise all game state and draw the initial screen.
0008C1  1               ;==============================================================================
0008C1  1               new_game:
0008C1  1  20 E1 31             JSR     player_init
0008C4  1  20 1F 13             JSR     decode_world
0008C7  1  A9 00                LDA     #LOC_WORLD
0008C9  1  8D DD 3A             STA     loc
0008CC  1  20 3C 30             JSR     spawn_overworld_monsters
0008CF  1  20 3A 2B             JSR     draw_frame
0008D2  1  20 9B 2D             JSR     msg_clear
0008D5  1  A9 76 A0 0B          PRINTMSG_MSG intro_msg
0008D9  1  20 3C 2D     
0008DC  1  20 E0 08             JSR     full_redraw
0008DF  1  60                   RTS
0008E0  1               
0008E0  1               ;==============================================================================
0008E0  1               ; full_redraw - viewport + panel.
0008E0  1               ;==============================================================================
0008E0  1               full_redraw:
0008E0  1  20 1D 2C             JSR     render_view
0008E3  1  20 AD 2D             JSR     draw_panel
0008E6  1  60                   RTS
0008E7  1               
0008E7  1               ;==============================================================================
0008E7  1               ; game_loop - the main turn loop.
0008E7  1               ;==============================================================================
0008E7  1               game_loop:
0008E7  1               @loop:
0008E7  1                       ; check end conditions first
0008E7  1  AD E2 3A             LDA     bosskilled
0008EA  1  F0 03                BEQ     @alive
0008EC  1  4C A3 09             JMP     victory
0008EF  1               @alive:
0008EF  1  AD D2 3A             LDA     phealth
0008F2  1  D0 03                BNE     @hasfood
0008F4  1  4C E1 09             JMP     game_over_hp
0008F7  1               @hasfood:
0008F7  1  AD D9 3A             LDA     pfood
0008FA  1  0D DA 3A             ORA     pfood+1
0008FD  1  D0 03                BNE     @input
0008FF  1  4C E8 09             JMP     game_over_food
000902  1               
000902  1               @input:
000902  1  20 F9 2E             JSR     getkey
000905  1  F0 E0                BEQ     @loop           ; no key - idle (no time passes)
000907  1  85 29                STA     keych
000909  1               
000909  1                       ; movement keys -> set dx,dy then try_move
000909  1  A9 00                LDA     #0
00090B  1  85 2A                STA     dx
00090D  1  85 2B                STA     dy
00090F  1               
00090F  1  A5 29                LDA     keych
000911  1  C9 77                CMP     #'w'
000913  1  F0 3F                BEQ     @up
000915  1  C9 57                CMP     #'W'
000917  1  F0 3B                BEQ     @up
000919  1  C9 6B                CMP     #'k'
00091B  1  F0 37                BEQ     @up
00091D  1  C9 73                CMP     #'s'
00091F  1  F0 3A                BEQ     @down
000921  1  C9 53                CMP     #'S'
000923  1  F0 36                BEQ     @down
000925  1  C9 6A                CMP     #'j'
000927  1  F0 32                BEQ     @down
000929  1  C9 61                CMP     #'a'
00092B  1  F0 35                BEQ     @left
00092D  1  C9 41                CMP     #'A'
00092F  1  F0 31                BEQ     @left
000931  1  C9 68                CMP     #'h'
000933  1  F0 2D                BEQ     @left
000935  1  C9 64                CMP     #'d'
000937  1  F0 30                BEQ     @right
000939  1  C9 44                CMP     #'D'
00093B  1  F0 2C                BEQ     @right
00093D  1  C9 6C                CMP     #'l'
00093F  1  F0 28                BEQ     @right
000941  1               
000941  1  C9 74                CMP     #'t'
000943  1  F0 39                BEQ     @use
000945  1  C9 54                CMP     #'T'
000947  1  F0 35                BEQ     @use
000949  1  C9 71                CMP     #'q'
00094B  1  F0 3A                BEQ     @quit
00094D  1  C9 51                CMP     #'Q'
00094F  1  F0 36                BEQ     @quit
000951  1  4C E7 08             JMP     @loop           ; unknown key
000954  1               
000954  1               @up:
000954  1  A9 FF                LDA     #$FF            ; dy = -1
000956  1  85 2B                STA     dy
000958  1  4C 6D 09             JMP     @domove
00095B  1               @down:
00095B  1  A9 01                LDA     #1
00095D  1  85 2B                STA     dy
00095F  1  4C 6D 09             JMP     @domove
000962  1               @left:
000962  1  A9 FF                LDA     #$FF
000964  1  85 2A                STA     dx
000966  1  4C 6D 09             JMP     @domove
000969  1               @right:
000969  1  A9 01                LDA     #1
00096B  1  85 2A                STA     dx
00096D  1               @domove:
00096D  1  20 29 32             JSR     try_move
000970  1                       ; if a turn was consumed and we're not in town, monsters act
000970  1  AD E3 3A             LDA     did_move
000973  1  F0 03                BEQ     @after
000975  1  20 2B 31             JSR     mon_act
000978  1               @after:
000978  1  20 E0 08             JSR     full_redraw
00097B  1  4C E7 08             JMP     @loop
00097E  1               
00097E  1               @use:
00097E  1  20 A5 36             JSR     use_action
000981  1  20 E0 08             JSR     full_redraw
000984  1  4C E7 08             JMP     @loop
000987  1               
000987  1               @quit:
000987  1  20 90 09             JSR     confirm_quit
00098A  1  F0 03                BEQ     @doquit         ; Z=1 means Yes
00098C  1  4C E7 08             JMP     @loop
00098F  1               @doquit:
00098F  1  60                   RTS
000990  1               
000990  1               ;==============================================================================
000990  1               ; confirm_quit - ask Y/N. Returns Z=1 if quitting.
000990  1               ;==============================================================================
000990  1               confirm_quit:
000990  1  20 9B 2D             JSR     msg_clear
000993  1  A9 A5 A0 0B          PRINTMSG_MSG q_quit
000997  1  20 3C 2D     
00099A  1  20 D1 2E             JSR     yorn            ; Z=1 if yes
00099D  1  08                   PHP
00099E  1  20 9B 2D             JSR     msg_clear
0009A1  1  28                   PLP
0009A2  1  60                   RTS
0009A3  1               
0009A3  1               ;==============================================================================
0009A3  1               ; End-game screens
0009A3  1               ;==============================================================================
0009A3  1               victory:
0009A3  1  20 FE 2A             JSR     cls_vram
0009A6  1  A2 14                LDX     #20
0009A8  1  A0 08                LDY     #8
0009AA  1  20 D0 2B             JSR     locate
0009AD  1  A9 0B                LDA     #C_TITLE
0009AF  1  8D 4A 06             STA     CURCOLOR
0009B2  1  A9 B8 A0 0B          PRINTMSG win1
0009B6  1  20 E2 2B     
0009B9  1  A2 10                LDX     #16
0009BB  1  A0 0A                LDY     #10
0009BD  1  20 D0 2B             JSR     locate
0009C0  1  A9 0F                LDA     #C_PANEL
0009C2  1  8D 4A 06             STA     CURCOLOR
0009C5  1  A9 C9 A0 0B          PRINTMSG win2
0009C9  1  20 E2 2B     
0009CC  1  A2 12                LDX     #18
0009CE  1  A0 0E                LDY     #14
0009D0  1  20 D0 2B             JSR     locate
0009D3  1  A9 45 A0 0C          PRINTMSG anykey
0009D7  1  20 E2 2B     
0009DA  1  20 C8 0E             JSR     sfx_win
0009DD  1  20 ED 2E             JSR     getkey_block
0009E0  1  60                   RTS
0009E1  1               
0009E1  1               game_over_hp:
0009E1  1  A9 0A                LDA     #<go_hp
0009E3  1  A0 0C                LDY     #>go_hp
0009E5  1  4C EC 09             JMP     game_over_common
0009E8  1               game_over_food:
0009E8  1  A9 25                LDA     #<go_food
0009EA  1  A0 0C                LDY     #>go_food
0009EC  1                       ; fall through
0009EC  1               game_over_common:
0009EC  1  85 1C                STA     strp
0009EE  1  84 1D                STY     strp+1
0009F0  1  20 FE 2A             JSR     cls_vram
0009F3  1  A2 16                LDX     #22
0009F5  1  A0 08                LDY     #8
0009F7  1  20 D0 2B             JSR     locate
0009FA  1  A9 09                LDA     #COLOR(CO_BRRED, CO_BLACK)
0009FC  1  8D 4A 06             STA     CURCOLOR
0009FF  1  A9 F1 A0 0B          PRINTMSG over1
000A03  1  20 E2 2B     
000A06  1  A2 10                LDX     #16
000A08  1  A0 0A                LDY     #10
000A0A  1  20 D0 2B             JSR     locate
000A0D  1  A9 0F                LDA     #C_PANEL
000A0F  1  8D 4A 06             STA     CURCOLOR
000A12  1  A5 1C                LDA     strp
000A14  1  A4 1D                LDY     strp+1
000A16  1  20 E2 2B             JSR     prmsg
000A19  1  A2 12                LDX     #18
000A1B  1  A0 0E                LDY     #14
000A1D  1  20 D0 2B             JSR     locate
000A20  1  A9 45 A0 0C          PRINTMSG anykey
000A24  1  20 E2 2B     
000A27  1  20 91 0E             JSR     sfx_lose
000A2A  1  20 ED 2E             JSR     getkey_block
000A2D  1  60                   RTS
000A2E  1               
000A2E  1               ;==============================================================================
000A2E  1               ; exit_to_dos
000A2E  1               ;==============================================================================
000A2E  1               exit_to_dos:
000A2E  1  20 BE 0C             JSR     psg_silence
000A31  1                       ; restore a normal console: 80-col, default colors, cursor on
000A31  1  A9 39                LDA     #FC_SETMODE
000A33  1  85 32                STA     farfunct
000A35  1  A9 01                LDA     #1
000A37  1  20 F0 FF             JSR     DO_FARCALL
000A3A  1  A2 07                LDX     #C_BLANK
000A3C  1  A0 E1                LDY     #CSRCOLOR_DEF
000A3E  1  A9 27 85 32          FARCALL FC_COLOR
000A42  1  20 F0 FF     
000A45  1  A9 26 85 32          FARCALL FC_SCNCLR
000A49  1  20 F0 FF     
000A4C  1  A9 01                LDA     #1
000A4E  1  8D 49 06             STA     SHOWCRSR
000A51  1  4C 00 01             JMP     BOOT            ; back to DOS/65
000A54  1               
000A54  1               CSRCOLOR_DEF    = $E1
000A54  1               
000A54  1               ;==============================================================================
000A54  1               ; Title / end strings
000A54  1               ;==============================================================================
000A54  1  2B 2D 2D 2D  ttl1:   .BYTE "+--------------------------------+",0
000A58  1  2D 2D 2D 2D  
000A5C  1  2D 2D 2D 2D  
000A77  1  7C 20 20 20  ttl2:   .BYTE "|       W Y R M H O L D          |",0
000A7B  1  20 20 20 20  
000A7F  1  57 20 59 20  
000A9A  1  7C 20 20 20  ttl3:   .BYTE "|     a quest for the 6502PC     |",0
000A9E  1  20 20 61 20  
000AA2  1  71 75 65 73  
000ABD  1  2B 2D 2D 2D  ttl4:   .BYTE "+--------------------------------+",0
000AC1  1  2D 2D 2D 2D  
000AC5  1  2D 2D 2D 2D  
000AE0  1  44 65 66 65  ttl_by: .BYTE "Defeat the Dragon to save the realm",0
000AE4  1  61 74 20 74  
000AE8  1  68 65 20 44  
000B04  1  50 72 65 73  ttl_prompt: .BYTE "Press any key to begin thy quest",0
000B08  1  73 20 61 6E  
000B0C  1  79 20 6B 65  
000B25  1  4D 6F 76 65  ttl_keys1:  .BYTE "Move: W A S D (or H J K L)   T: use/shop",0
000B29  1  3A 20 57 20  
000B2D  1  41 20 53 20  
000B4E  1  42 75 6D 70  ttl_keys2:  .BYTE "Bump monsters to fight.  Q: quit to DOS",0
000B52  1  20 6D 6F 6E  
000B56  1  73 74 65 72  
000B76  1               
000B76  1  57 65 6C 63  intro_msg:  .BYTE "Welcome to Wyrmhold. Seek and slay the dragon!",0
000B7A  1  6F 6D 65 20  
000B7E  1  74 6F 20 57  
000BA5  1  51 75 69 74  q_quit:     .BYTE "Quit to DOS? (Y/N)",0
000BA9  1  20 74 6F 20  
000BAD  1  44 4F 53 3F  
000BB8  1               
000BB8  1  2A 2A 2A 20  win1:   .BYTE "*** VICTORY! ***",0
000BBC  1  56 49 43 54  
000BC0  1  4F 52 59 21  
000BC9  1  54 68 65 20  win2:   .BYTE "The dragon is slain. The land is saved!",0
000BCD  1  64 72 61 67  
000BD1  1  6F 6E 20 69  
000BF1  1  2A 2A 2A 20  over1:  .BYTE "*** THOU HAST FALLEN ***",0
000BF5  1  54 48 4F 55  
000BF9  1  20 48 41 53  
000C0A  1  54 68 79 20  go_hp:    .BYTE "Thy wounds were too grave.",0
000C0E  1  77 6F 75 6E  
000C12  1  64 73 20 77  
000C25  1  54 68 6F 75  go_food:  .BYTE "Thou hast starved in the wilds.",0
000C29  1  20 68 61 73  
000C2D  1  74 20 73 74  
000C45  1  50 72 65 73  anykey:   .BYTE "Press any key...",0
000C49  1  73 20 61 6E  
000C4D  1  79 20 6B 65  
000C56  1               
000C56  1               ;==============================================================================
000C56  1               ; Include the rest of the engine
000C56  1               ;==============================================================================
000C56  1                       .INCLUDE "rng.asm"
000C56  2               ;______________________________________________________________________________
000C56  2               ;  rng.asm - 16-bit xorshift pseudo-random generator
000C56  2               ;______________________________________________________________________________
000C56  2               
000C56  2               ;----------------------------------------------------------------
000C56  2               ; rng_seed - initialise the generator (avoid all-zero state).
000C56  2               ;----------------------------------------------------------------
000C56  2               rng_seed:
000C56  2  A9 A3                LDA     #$A3
000C58  2  85 30                STA     seedlo
000C5A  2  A9 1C                LDA     #$1C
000C5C  2  85 31                STA     seedhi
000C5E  2  60                   RTS
000C5F  2               
000C5F  2               ;----------------------------------------------------------------
000C5F  2               ; rng_next - advance the 16-bit xorshift state, return low byte
000C5F  2               ;            in A.  (xorshift: x ^= x<<7; x ^= x>>9; x ^= x<<8)
000C5F  2               ;----------------------------------------------------------------
000C5F  2               rng_next:
000C5F  2                       ; x ^= x << 7
000C5F  2  A5 31                LDA     seedhi
000C61  2  4A                   LSR     A               ; carry = bit7 of hi after some shifts...
000C62  2                       ; Implement x<<7 via: shift left 7 = shift right 1 then swap?
000C62  2                       ; Simpler: do a byte-wise xorshift that is "good enough".
000C62  2                       ; x ^= x << 7
000C62  2  A5 30                LDA     seedlo
000C64  2  0A                   ASL     A
000C65  2  0A                   ASL     A
000C66  2  0A                   ASL     A
000C67  2  0A                   ASL     A
000C68  2  0A                   ASL     A
000C69  2  0A                   ASL     A
000C6A  2  0A                   ASL     A               ; lo << 7 (only bit0 survives into bit7)
000C6B  2  45 31                EOR     seedhi
000C6D  2  85 31                STA     seedhi
000C6F  2                       ; x ^= x >> 9  (>>9 of 16-bit = hi >> 1 into lo)
000C6F  2  A5 31                LDA     seedhi
000C71  2  4A                   LSR     A
000C72  2  45 30                EOR     seedlo
000C74  2  85 30                STA     seedlo
000C76  2                       ; x ^= x << 8  (swap bytes contribution: lo ^ into hi)
000C76  2  A5 30                LDA     seedlo
000C78  2  45 31                EOR     seedhi
000C7A  2  85 31                STA     seedhi
000C7C  2  A5 30                LDA     seedlo
000C7E  2  60                   RTS
000C7F  2               
000C7F  2               ;----------------------------------------------------------------
000C7F  2               ; rng_mod - return a value 0..A-1 in A.  IN: A = modulus (1..255)
000C7F  2               ;           (uses repeated subtraction mask via AND for powers of
000C7F  2               ;            two is faster, but generic mod via subtract loop here)
000C7F  2               ;----------------------------------------------------------------
000C7F  2               rng_mod:
000C7F  2  85 23                STA     tmp3            ; modulus
000C81  2  20 5F 0C             JSR     rng_next        ; A = random byte
000C84  2                       ; reduce A mod tmp3 by subtraction
000C84  2               @rm:
000C84  2  C5 23                CMP     tmp3
000C86  2  90 06                BCC     @done
000C88  2  38                   SEC
000C89  2  E5 23                SBC     tmp3
000C8B  2  4C 84 0C             JMP     @rm
000C8E  2               @done:
000C8E  2  60                   RTS
000C8F  2               
000C8F  2               ;----------------------------------------------------------------
000C8F  2               ; rng_d - roll a die: return 1..A in A.  IN: A = sides (1..255)
000C8F  2               ;----------------------------------------------------------------
000C8F  2               rng_d:
000C8F  2  20 7F 0C             JSR     rng_mod
000C92  2  18                   CLC
000C93  2  69 01                ADC     #1
000C95  2  60                   RTS
000C96  2               
000C96  1                       .INCLUDE "sound.asm"
000C96  2               ;______________________________________________________________________________
000C96  2               ;  sound.asm - AY-3-8910 PSG sound effects and cooperative music player
000C96  2               ;
000C96  2               ;  PSG access ported from software/dbasic/ay38910.asm (PPI at $E230).
000C96  2               ;  psgwr: A=register, Y=value        psgrd: A=register -> Y=value
000C96  2               ;
000C96  2               ;  AY register map:
000C96  2               ;    0/1  ch A tone period (lo / hi 4 bits)
000C96  2               ;    2/3  ch B tone period
000C96  2               ;    4/5  ch C tone period
000C96  2               ;    6    noise period (5 bits)
000C96  2               ;    7    mixer: bit clear = enabled. 0-2 tone A/B/C, 3-5 noise A/B/C
000C96  2               ;    8/9/10 ch A/B/C volume (0-15, bit4 = use envelope)
000C96  2               ;    11/12 envelope period
000C96  2               ;    13   envelope shape
000C96  2               ;______________________________________________________________________________
000C96  2               
000C96  2               PPI_BASE        = $E230
000C96  2               ppiPortA        = PPI_BASE+0
000C96  2               ppiPortB        = PPI_BASE+1
000C96  2               ppiPortC        = PPI_BASE+2
000C96  2               ppiControl      = PPI_BASE+3
000C96  2               
000C96  2               ;----------------------------------------------------------------
000C96  2               ; psg_init - put the PSG into a known, silent state
000C96  2               ;----------------------------------------------------------------
000C96  2               psg_init:
000C96  2  A9 80                LDA     #%10000000
000C98  2  8D 33 E2             STA     ppiControl
000C9B  2  A9 10                LDA     #%00010000
000C9D  2  8D 32 E2             STA     ppiPortC
000CA0  2  A9 00                LDA     #$00
000CA2  2  8D 31 E2             STA     ppiPortB
000CA5  2  20 A9 0C             JSR     clrpsg
000CA8  2  60                   RTS
000CA9  2               
000CA9  2               ;----------------------------------------------------------------
000CA9  2               ; clrpsg - zero all 16 registers, then disable all channels
000CA9  2               ;----------------------------------------------------------------
000CA9  2               clrpsg:
000CA9  2  A2 00                LDX     #00
000CAB  2  A0 00                LDY     #00
000CAD  2               @cp1:
000CAD  2  8A                   TXA
000CAE  2  20 DB 0C             JSR     psgwr
000CB1  2  E8                   INX
000CB2  2  E0 10                CPX     #16
000CB4  2  D0 F7                BNE     @cp1
000CB6  2  A9 07                LDA     #07
000CB8  2  A0 3F                LDY     #%00111111      ; all tone + noise disabled
000CBA  2  20 DB 0C             JSR     psgwr
000CBD  2  60                   RTS
000CBE  2               
000CBE  2               ;----------------------------------------------------------------
000CBE  2               ; psg_silence - silence all three channels (volumes -> 0)
000CBE  2               ;----------------------------------------------------------------
000CBE  2               psg_silence:
000CBE  2  A9 08                LDA     #8
000CC0  2  A0 00                LDY     #0
000CC2  2  20 DB 0C             JSR     psgwr
000CC5  2  A9 09                LDA     #9
000CC7  2  A0 00                LDY     #0
000CC9  2  20 DB 0C             JSR     psgwr
000CCC  2  A9 0A                LDA     #10
000CCE  2  A0 00                LDY     #0
000CD0  2  20 DB 0C             JSR     psgwr
000CD3  2  A9 07                LDA     #07
000CD5  2  A0 3F                LDY     #%00111111
000CD7  2  20 DB 0C             JSR     psgwr
000CDA  2  60                   RTS
000CDB  2               
000CDB  2               ;----------------------------------------------------------------
000CDB  2               ; psgwr - write Y into PSG register A     (trashes A)
000CDB  2               ;----------------------------------------------------------------
000CDB  2               psgwr:
000CDB  2  8D 31 E2             STA     ppiPortB        ; select register
000CDE  2  A9 1C                LDA     #%00011100      ; latch address
000CE0  2  8D 32 E2             STA     ppiPortC
000CE3  2  8D 32 E2             STA     ppiPortC
000CE6  2  8D 32 E2             STA     ppiPortC
000CE9  2  A9 10                LDA     #%00010000      ; inactive
000CEB  2  8D 32 E2             STA     ppiPortC
000CEE  2  8D 32 E2             STA     ppiPortC
000CF1  2  8D 32 E2             STA     ppiPortC
000CF4  2  98                   TYA
000CF5  2  8D 31 E2             STA     ppiPortB        ; store data
000CF8  2  8D 31 E2             STA     ppiPortB
000CFB  2  8D 31 E2             STA     ppiPortB
000CFE  2  A9 14                LDA     #%00010100      ; latch data
000D00  2  8D 32 E2             STA     ppiPortC
000D03  2  8D 32 E2             STA     ppiPortC
000D06  2  8D 32 E2             STA     ppiPortC
000D09  2  A9 10                LDA     #%00010000      ; inactive
000D0B  2  8D 32 E2             STA     ppiPortC
000D0E  2  60                   RTS
000D0F  2               
000D0F  2               ;----------------------------------------------------------------
000D0F  2               ; psgrd - read PSG register A into Y      (trashes A)
000D0F  2               ;----------------------------------------------------------------
000D0F  2               psgrd:
000D0F  2  8D 31 E2             STA     ppiPortB        ; select register
000D12  2  A9 1C                LDA     #%00011100      ; latch address
000D14  2  8D 32 E2             STA     ppiPortC
000D17  2  8D 32 E2             STA     ppiPortC
000D1A  2  8D 32 E2             STA     ppiPortC
000D1D  2  A9 10                LDA     #%00010000      ; inactive
000D1F  2  8D 32 E2             STA     ppiPortC
000D22  2  8D 32 E2             STA     ppiPortC
000D25  2  A9 82                LDA     #%10000010
000D27  2  8D 33 E2             STA     ppiControl
000D2A  2  A9 18                LDA     #%00011000      ; latch data
000D2C  2  8D 32 E2             STA     ppiPortC
000D2F  2  8D 32 E2             STA     ppiPortC
000D32  2  8D 32 E2             STA     ppiPortC
000D35  2  AD 31 E2             LDA     ppiPortB        ; read data
000D38  2  A8                   TAY
000D39  2  A9 80                LDA     #%10000000
000D3B  2  8D 33 E2             STA     ppiControl
000D3E  2  A9 10                LDA     #%00010000      ; inactive
000D40  2  8D 32 E2             STA     ppiPortC
000D43  2  60                   RTS
000D44  2               
000D44  2               ;----------------------------------------------------------------
000D44  2               ; tone_on - start a tone on channel A.
000D44  2               ;   ptr (16-bit) = 12-bit tone period (lo in ptr, hi in ptr+1)
000D44  2               ;   tmp0         = volume (0-15)
000D44  2               ;----------------------------------------------------------------
000D44  2               tone_on:
000D44  2  A9 00                LDA     #0              ; ch A period low
000D46  2  A4 10                LDY     ptr
000D48  2  20 DB 0C             JSR     psgwr
000D4B  2  A9 01                LDA     #1              ; ch A period high
000D4D  2  A4 11                LDY     ptr+1
000D4F  2  20 DB 0C             JSR     psgwr
000D52  2  A9 07                LDA     #07             ; mixer: enable tone A only
000D54  2  A0 3E                LDY     #%00111110
000D56  2  20 DB 0C             JSR     psgwr
000D59  2  A9 08                LDA     #8              ; ch A volume
000D5B  2  A4 20                LDY     tmp0
000D5D  2  20 DB 0C             JSR     psgwr
000D60  2  60                   RTS
000D61  2               
000D61  2               ;----------------------------------------------------------------
000D61  2               ; busywait - crude delay.  X = outer count.
000D61  2               ;----------------------------------------------------------------
000D61  2               busywait:
000D61  2               @bw0:
000D61  2  A0 00                LDY     #0
000D63  2               @bw1:
000D63  2  A9 00                LDA     #0
000D65  2               @bw2:
000D65  2  18                   CLC
000D66  2  69 01                ADC     #1
000D68  2  C9 28                CMP     #40
000D6A  2  D0 F9                BNE     @bw2
000D6C  2  C8                   INY
000D6D  2  D0 F4                BNE     @bw1
000D6F  2  CA                   DEX
000D70  2  D0 EF                BNE     @bw0
000D72  2  60                   RTS
000D73  2               
000D73  2               ;----------------------------------------------------------------
000D73  2               ; mus_finewait - a short, fine-grained delay for tempo trimming.
000D73  2               ; Spins MUS_FINEDELAY outer times, 256 inner each.  Much smaller
000D73  2               ; than one busywait pass, so it gives sub-step tempo control.
000D73  2               ;----------------------------------------------------------------
000D73  2               mus_finewait:
000D73  2  A2 46                LDX     #MUS_FINEDELAY
000D75  2  F0 08                BEQ     @done
000D77  2               @fw0:
000D77  2  A0 00                LDY     #0
000D79  2               @fw1:
000D79  2  C8                   INY
000D7A  2  D0 FD                BNE     @fw1
000D7C  2  CA                   DEX
000D7D  2  D0 F8                BNE     @fw0
000D7F  2               @done:
000D7F  2  60                   RTS
000D80  2               
000D80  2               ;----------------------------------------------------------------
000D80  2               ; SFX helpers.  Each plays a short, self-contained sound and
000D80  2               ; silences the PSG afterwards.  All preserve nothing - callers
000D80  2               ; must save anything they need.
000D80  2               ;----------------------------------------------------------------
000D80  2               
000D80  2               ; sfx_move - very short low blip
000D80  2               sfx_move:
000D80  2  A9 40 85 10          SETW16  ptr, $0240
000D84  2  A9 02 85 11  
000D88  2  A9 06                LDA     #6
000D8A  2  85 20                STA     tmp0
000D8C  2  20 44 0D             JSR     tone_on
000D8F  2  A2 02                LDX     #2
000D91  2  20 61 0D             JSR     busywait
000D94  2  4C BE 0C             JMP     psg_silence
000D97  2               
000D97  2               ; sfx_blocked - low buzz (use noise)
000D97  2               sfx_blocked:
000D97  2  A9 06                LDA     #6              ; noise period
000D99  2  A0 14                LDY     #20
000D9B  2  20 DB 0C             JSR     psgwr
000D9E  2  A9 07                LDA     #07             ; enable noise A
000DA0  2  A0 37                LDY     #%00110111
000DA2  2  20 DB 0C             JSR     psgwr
000DA5  2  A9 08                LDA     #8
000DA7  2  A0 0A                LDY     #10
000DA9  2  20 DB 0C             JSR     psgwr
000DAC  2  A2 03                LDX     #3
000DAE  2  20 61 0D             JSR     busywait
000DB1  2  4C BE 0C             JMP     psg_silence
000DB4  2               
000DB4  2               ; sfx_hit - quick high zap
000DB4  2               sfx_hit:
000DB4  2  A9 C0 85 10          SETW16  ptr, $00C0
000DB8  2  A9 00 85 11  
000DBC  2  A9 0C                LDA     #12
000DBE  2  85 20                STA     tmp0
000DC0  2  20 44 0D             JSR     tone_on
000DC3  2  A2 02                LDX     #2
000DC5  2  20 61 0D             JSR     busywait
000DC8  2  A9 40 85 10          SETW16  ptr, $0140
000DCC  2  A9 01 85 11  
000DD0  2  A9 0A                LDA     #10
000DD2  2  85 20                STA     tmp0
000DD4  2  20 44 0D             JSR     tone_on
000DD7  2  A2 02                LDX     #2
000DD9  2  20 61 0D             JSR     busywait
000DDC  2  4C BE 0C             JMP     psg_silence
000DDF  2               
000DDF  2               ; sfx_killed - falling tone + noise
000DDF  2               sfx_killed:
000DDF  2  A9 06                LDA     #6
000DE1  2  A0 10                LDY     #16
000DE3  2  20 DB 0C             JSR     psgwr
000DE6  2  A9 07                LDA     #07
000DE8  2  A0 37                LDY     #%00110111
000DEA  2  20 DB 0C             JSR     psgwr
000DED  2  A9 08                LDA     #8
000DEF  2  A0 0D                LDY     #13
000DF1  2  20 DB 0C             JSR     psgwr
000DF4  2  A2 05                LDX     #5
000DF6  2  20 61 0D             JSR     busywait
000DF9  2  4C BE 0C             JMP     psg_silence
000DFC  2               
000DFC  2               ; sfx_treasure - bright rising arpeggio
000DFC  2               sfx_treasure:
000DFC  2  A9 50 85 10          SETW16  ptr, $0150
000E00  2  A9 01 85 11  
000E04  2  A9 0D                LDA     #13
000E06  2  85 20                STA     tmp0
000E08  2  20 44 0D             JSR     tone_on
000E0B  2  A2 02                LDX     #2
000E0D  2  20 61 0D             JSR     busywait
000E10  2  A9 FC 85 10          SETW16  ptr, $00FC
000E14  2  A9 00 85 11  
000E18  2  20 44 0D             JSR     tone_on
000E1B  2  A2 02                LDX     #2
000E1D  2  20 61 0D             JSR     busywait
000E20  2  A9 A8 85 10          SETW16  ptr, $00A8
000E24  2  A9 00 85 11  
000E28  2  20 44 0D             JSR     tone_on
000E2B  2  A2 03                LDX     #3
000E2D  2  20 61 0D             JSR     busywait
000E30  2  4C BE 0C             JMP     psg_silence
000E33  2               
000E33  2               ; sfx_levelup - three ascending happy notes
000E33  2               sfx_levelup:
000E33  2  A9 FC 85 10          SETW16  ptr, $00FC
000E37  2  A9 00 85 11  
000E3B  2  A9 0E                LDA     #14
000E3D  2  85 20                STA     tmp0
000E3F  2  20 44 0D             JSR     tone_on
000E42  2  A2 03                LDX     #3
000E44  2  20 61 0D             JSR     busywait
000E47  2  A9 C8 85 10          SETW16  ptr, $00C8
000E4B  2  A9 00 85 11  
000E4F  2  20 44 0D             JSR     tone_on
000E52  2  A2 03                LDX     #3
000E54  2  20 61 0D             JSR     busywait
000E57  2  A9 A8 85 10          SETW16  ptr, $00A8
000E5B  2  A9 00 85 11  
000E5F  2  20 44 0D             JSR     tone_on
000E62  2  A2 04                LDX     #4
000E64  2  20 61 0D             JSR     busywait
000E67  2  4C BE 0C             JMP     psg_silence
000E6A  2               
000E6A  2               ; sfx_door - short two-tone chime
000E6A  2               sfx_door:
000E6A  2  A9 80 85 10          SETW16  ptr, $0180
000E6E  2  A9 01 85 11  
000E72  2  A9 0B                LDA     #11
000E74  2  85 20                STA     tmp0
000E76  2  20 44 0D             JSR     tone_on
000E79  2  A2 02                LDX     #2
000E7B  2  20 61 0D             JSR     busywait
000E7E  2  A9 20 85 10          SETW16  ptr, $0120
000E82  2  A9 01 85 11  
000E86  2  20 44 0D             JSR     tone_on
000E89  2  A2 03                LDX     #3
000E8B  2  20 61 0D             JSR     busywait
000E8E  2  4C BE 0C             JMP     psg_silence
000E91  2               
000E91  2               ; sfx_lose - long descending sad tone
000E91  2               sfx_lose:
000E91  2  A9 20 85 10          SETW16  ptr, $0120
000E95  2  A9 01 85 11  
000E99  2  A9 0D                LDA     #13
000E9B  2  85 20                STA     tmp0
000E9D  2  20 44 0D             JSR     tone_on
000EA0  2  A2 06                LDX     #6
000EA2  2  20 61 0D             JSR     busywait
000EA5  2  A9 C0 85 10          SETW16  ptr, $01C0
000EA9  2  A9 01 85 11  
000EAD  2  20 44 0D             JSR     tone_on
000EB0  2  A2 06                LDX     #6
000EB2  2  20 61 0D             JSR     busywait
000EB5  2  A9 80 85 10          SETW16  ptr, $0280
000EB9  2  A9 02 85 11  
000EBD  2  20 44 0D             JSR     tone_on
000EC0  2  A2 0A                LDX     #10
000EC2  2  20 61 0D             JSR     busywait
000EC5  2  4C BE 0C             JMP     psg_silence
000EC8  2               
000EC8  2               ; sfx_win - triumphant fanfare
000EC8  2               sfx_win:
000EC8  2  A9 FC 85 10          SETW16  ptr, $00FC
000ECC  2  A9 00 85 11  
000ED0  2  A9 0F                LDA     #15
000ED2  2  85 20                STA     tmp0
000ED4  2  20 44 0D             JSR     tone_on
000ED7  2  A2 04                LDX     #4
000ED9  2  20 61 0D             JSR     busywait
000EDC  2  A9 C8 85 10          SETW16  ptr, $00C8
000EE0  2  A9 00 85 11  
000EE4  2  20 44 0D             JSR     tone_on
000EE7  2  A2 04                LDX     #4
000EE9  2  20 61 0D             JSR     busywait
000EEC  2  A9 A8 85 10          SETW16  ptr, $00A8
000EF0  2  A9 00 85 11  
000EF4  2  20 44 0D             JSR     tone_on
000EF7  2  A2 04                LDX     #4
000EF9  2  20 61 0D             JSR     busywait
000EFC  2  A9 7E 85 10          SETW16  ptr, $007E
000F00  2  A9 00 85 11  
000F04  2  20 44 0D             JSR     tone_on
000F07  2  A2 0C                LDX     #12
000F09  2  20 61 0D             JSR     busywait
000F0C  2  4C BE 0C             JMP     psg_silence
000F0F  2               
000F0F  2               ;==============================================================================
000F0F  2               ;  Cooperative 3-channel title music player with hardware envelope.
000F0F  2               ;
000F0F  2               ;  Three independent voice tracks play simultaneously:
000F0F  2               ;     channel A = lead melody   (uses the AY envelope generator so each
000F0F  2               ;                                note has a soft attack/decay shape)
000F0F  2               ;     channel B = counter/harmony (fixed mid volume)
000F0F  2               ;     channel C = bass line       (fixed mid volume)
000F0F  2               ;
000F0F  2               ;  Each track is a list of events: (note, duration) byte pairs.
000F0F  2               ;     note 0      = rest (silence this channel for the duration)
000F0F  2               ;     note 1..47  = index into note_lo/note_hi period tables
000F0F  2               ;     note $FF    = end marker -> loop the track from its start
000F0F  2               ;     duration    = number of music ticks to hold (1..254)
000F0F  2               ;
000F0F  2               ;  music_tick is called once per title spin-loop iteration.  It paces
000F0F  2               ;  itself with a short delay, then advances all three voices.
000F0F  2               ;==============================================================================
000F0F  2               
000F0F  2               ; Tempo: each music tick waits busywait(1) plus an extra fine spin of
000F0F  2               ; MUS_FINEDELAY * 256 loops.  delay=1 alone (FINE=0) was a little fast;
000F0F  2               ; FINE=128 is about 1.5x slower.  Raise/lower MUS_FINEDELAY to taste.
000F0F  2               MUS_TICKDELAY   = 1             ; busywait outer count per music tick
000F0F  2               MUS_FINEDELAY   = 70            ; extra fine delay (0..255), tempo trim
000F0F  2               
000F0F  2               ; envelope shape values (reg 13)
000F0F  2               ENV_DECAY       = %00000000     ; \____  single decay then off (plucky)
000F0F  2               ENV_RAMP        = %00001000     ; \\\\   repeating saw (sustained pulse)
000F0F  2               ENV_PERIOD      = $1800         ; 16-bit envelope period (attack/decay len)
000F0F  2               MUS_VOL_B       = 8             ; harmony volume (gentle, under the lead)
000F0F  2               MUS_VOL_C       = 13            ; bass volume (strong, so it is audible)
000F0F  2               
000F0F  2               ;----------------------------------------------------------------
000F0F  2               ; music_start - reset all three voice cursors and program the AY
000F0F  2               ; for music: all three tone channels enabled, envelope set up for
000F0F  2               ; the lead.
000F0F  2               ;----------------------------------------------------------------
000F0F  2               music_start:
000F0F  2                       ; voice cursors -> track starts
000F0F  2  A9 D8 8D E4          SETW16  mvA_ptr, trackA
000F13  2  3A A9 10 8D  
000F17  2  E5 3A        
000F19  2  A9 15 8D E7          SETW16  mvB_ptr, trackB
000F1D  2  3A A9 11 8D  
000F21  2  E8 3A        
000F23  2  A9 28 8D EA          SETW16  mvC_ptr, trackC
000F27  2  3A A9 11 8D  
000F2B  2  EB 3A        
000F2D  2                       ; all hold-counters = 0 so every voice fetches on the first tick.
000F2D  2                       ; (must load #0 fresh each time - SETW16 above left A non-zero,
000F2D  2                       ;  which is why B/C previously got garbage counts and went silent)
000F2D  2  A9 00                LDA     #0
000F2F  2  8D E6 3A             STA     mvA_cnt
000F32  2  8D E9 3A             STA     mvB_cnt
000F35  2  8D EC 3A             STA     mvC_cnt
000F38  2               
000F38  2                       ; mixer: enable tone on A, B, C (noise off)  -> bits 0..2 clear
000F38  2  A9 07                LDA     #07
000F3A  2  A0 38                LDY     #%00111000
000F3C  2  20 DB 0C             JSR     psgwr
000F3F  2                       ; envelope period (regs 11/12) - sets attack/decay length.
000F3F  2                       ; longer = the plucked lead note rings out for more of its
000F3F  2                       ; duration before fading.  Tune ENV_PERIOD to taste.
000F3F  2  A9 0B                LDA     #11
000F41  2  A0 00                LDY     #<ENV_PERIOD
000F43  2  20 DB 0C             JSR     psgwr
000F46  2  A9 0C                LDA     #12
000F48  2  A0 18                LDY     #>ENV_PERIOD
000F4A  2  20 DB 0C             JSR     psgwr
000F4D  2                       ; channel A volume register = use envelope (bit4 set)
000F4D  2  A9 08                LDA     #8
000F4F  2  A0 10                LDY     #%00010000
000F51  2  20 DB 0C             JSR     psgwr
000F54  2                       ; channel B: gentle harmony pad ; channel C: strong bass
000F54  2  A9 09                LDA     #9
000F56  2  A0 08                LDY     #MUS_VOL_B
000F58  2  20 DB 0C             JSR     psgwr
000F5B  2  A9 0A                LDA     #10
000F5D  2  A0 0D                LDY     #MUS_VOL_C
000F5F  2  20 DB 0C             JSR     psgwr
000F62  2  60                   RTS
000F63  2               
000F63  2               ;----------------------------------------------------------------
000F63  2               ; music_tick - advance all three voices by one tick.
000F63  2               ;----------------------------------------------------------------
000F63  2               music_tick:
000F63  2  A2 01                LDX     #MUS_TICKDELAY
000F65  2  20 61 0D             JSR     busywait
000F68  2  20 73 0D             JSR     mus_finewait    ; fine tempo trim
000F6B  2               
000F6B  2                       ; --- voice A (lead, envelope) ---
000F6B  2  AD E6 3A             LDA     mvA_cnt
000F6E  2  F0 06                BEQ     @nextA
000F70  2  CE E6 3A             DEC     mvA_cnt
000F73  2  4C CB 0F             JMP     @doB
000F76  2               @nextA:
000F76  2  A9 D8 85 18          SETW16  srcp, trackA    ; (loop base, used if end marker hit)
000F7A  2  A9 10 85 19  
000F7E  2  AD E4 3A             LDA     mvA_ptr
000F81  2  85 12                STA     ptr2
000F83  2  AD E5 3A             LDA     mvA_ptr+1
000F86  2  85 13                STA     ptr2+1
000F88  2  20 74 10             JSR     mus_fetch       ; -> tmp0=note, tmp1=dur, ptr2 advanced
000F8B  2                       ; program channel A tone (regs 0/1) from the note
000F8B  2  A6 20                LDX     tmp0
000F8D  2  F0 1B                BEQ     @restA          ; rest
000F8F  2  20 A0 10             JSR     note_period     ; -> ptr = period for note X
000F92  2  A9 00                LDA     #0
000F94  2  A4 10                LDY     ptr
000F96  2  20 DB 0C             JSR     psgwr
000F99  2  A9 01                LDA     #1
000F9B  2  A4 11                LDY     ptr+1
000F9D  2  20 DB 0C             JSR     psgwr
000FA0  2                       ; (re)trigger the envelope by rewriting the shape register
000FA0  2  A9 0D                LDA     #13
000FA2  2  A0 00                LDY     #ENV_DECAY
000FA4  2  20 DB 0C             JSR     psgwr
000FA7  2  4C B1 0F             JMP     @setA
000FAA  2               @restA:
000FAA  2                       ; silence A for the rest: drop its volume to 0 (no envelope)
000FAA  2  A9 08                LDA     #8
000FAC  2  A0 00                LDY     #0
000FAE  2  20 DB 0C             JSR     psgwr
000FB1  2               @setA:
000FB1  2                       ; for a non-rest, make sure A uses the envelope again
000FB1  2  A5 20                LDA     tmp0
000FB3  2  F0 07                BEQ     @cntA
000FB5  2  A9 08                LDA     #8
000FB7  2  A0 10                LDY     #%00010000
000FB9  2  20 DB 0C             JSR     psgwr
000FBC  2               @cntA:
000FBC  2  A5 21                LDA     tmp1
000FBE  2  8D E6 3A             STA     mvA_cnt
000FC1  2  A5 12                LDA     ptr2
000FC3  2  8D E4 3A             STA     mvA_ptr
000FC6  2  A5 13                LDA     ptr2+1
000FC8  2  8D E5 3A             STA     mvA_ptr+1
000FCB  2               
000FCB  2               @doB:
000FCB  2                       ; --- voice B (harmony, fixed volume on channel B) ---
000FCB  2  AD E9 3A             LDA     mvB_cnt
000FCE  2  F0 06                BEQ     @nextB
000FD0  2  CE E9 3A             DEC     mvB_cnt
000FD3  2  4C 20 10             JMP     @doC
000FD6  2               @nextB:
000FD6  2  A9 15 85 18          SETW16  srcp, trackB
000FDA  2  A9 11 85 19  
000FDE  2  AD E7 3A             LDA     mvB_ptr
000FE1  2  85 12                STA     ptr2
000FE3  2  AD E8 3A             LDA     mvB_ptr+1
000FE6  2  85 13                STA     ptr2+1
000FE8  2  20 74 10             JSR     mus_fetch
000FEB  2  A6 20                LDX     tmp0
000FED  2  F0 1B                BEQ     @restB
000FEF  2  20 A0 10             JSR     note_period
000FF2  2  A9 02                LDA     #2
000FF4  2  A4 10                LDY     ptr
000FF6  2  20 DB 0C             JSR     psgwr
000FF9  2  A9 03                LDA     #3
000FFB  2  A4 11                LDY     ptr+1
000FFD  2  20 DB 0C             JSR     psgwr
001000  2  A9 09                LDA     #9              ; restore B volume
001002  2  A0 08                LDY     #MUS_VOL_B
001004  2  20 DB 0C             JSR     psgwr
001007  2  4C 11 10             JMP     @cntB
00100A  2               @restB:
00100A  2  A9 09                LDA     #9
00100C  2  A0 00                LDY     #0
00100E  2  20 DB 0C             JSR     psgwr
001011  2               @cntB:
001011  2  A5 21                LDA     tmp1
001013  2  8D E9 3A             STA     mvB_cnt
001016  2  A5 12                LDA     ptr2
001018  2  8D E7 3A             STA     mvB_ptr
00101B  2  A5 13                LDA     ptr2+1
00101D  2  8D E8 3A             STA     mvB_ptr+1
001020  2               
001020  2               @doC:
001020  2                       ; --- voice C (bass, fixed volume on channel C) ---
001020  2  AD EC 3A             LDA     mvC_cnt
001023  2  F0 04                BEQ     @nextC
001025  2  CE EC 3A             DEC     mvC_cnt
001028  2  60                   RTS
001029  2               @nextC:
001029  2  A9 28 85 18          SETW16  srcp, trackC
00102D  2  A9 11 85 19  
001031  2  AD EA 3A             LDA     mvC_ptr
001034  2  85 12                STA     ptr2
001036  2  AD EB 3A             LDA     mvC_ptr+1
001039  2  85 13                STA     ptr2+1
00103B  2  20 74 10             JSR     mus_fetch
00103E  2  A6 20                LDX     tmp0
001040  2  F0 1B                BEQ     @restC
001042  2  20 A0 10             JSR     note_period
001045  2  A9 04                LDA     #4
001047  2  A4 10                LDY     ptr
001049  2  20 DB 0C             JSR     psgwr
00104C  2  A9 05                LDA     #5
00104E  2  A4 11                LDY     ptr+1
001050  2  20 DB 0C             JSR     psgwr
001053  2  A9 0A                LDA     #10             ; restore C volume
001055  2  A0 0D                LDY     #MUS_VOL_C
001057  2  20 DB 0C             JSR     psgwr
00105A  2  4C 64 10             JMP     @cntC
00105D  2               @restC:
00105D  2  A9 0A                LDA     #10
00105F  2  A0 00                LDY     #0
001061  2  20 DB 0C             JSR     psgwr
001064  2               @cntC:
001064  2  A5 21                LDA     tmp1
001066  2  8D EC 3A             STA     mvC_cnt
001069  2  A5 12                LDA     ptr2
00106B  2  8D EA 3A             STA     mvC_ptr
00106E  2  A5 13                LDA     ptr2+1
001070  2  8D EB 3A             STA     mvC_ptr+1
001073  2  60                   RTS
001074  2               
001074  2               ;----------------------------------------------------------------
001074  2               ; mus_fetch - read one (note,dur) event from the track at ptr2.
001074  2               ;   IN : ptr2 -> current event ; srcp -> track loop base
001074  2               ;   OUT: tmp0 = note, tmp1 = duration, ptr2 advanced past the event.
001074  2               ;        On an $FF end marker, ptr2 is reset to srcp and the first
001074  2               ;        event of the track is returned.
001074  2               ;----------------------------------------------------------------
001074  2               mus_fetch:
001074  2  A0 00                LDY     #0
001076  2  B1 12                LDA     (ptr2),Y
001078  2  C9 FF                CMP     #$FF
00107A  2  D0 0C                BNE     @ok
00107C  2                       ; loop: reset ptr2 to track base (srcp)
00107C  2  A5 18                LDA     srcp
00107E  2  85 12                STA     ptr2
001080  2  A5 19                LDA     srcp+1
001082  2  85 13                STA     ptr2+1
001084  2  A0 00                LDY     #0
001086  2  B1 12                LDA     (ptr2),Y
001088  2               @ok:
001088  2  85 20                STA     tmp0            ; note
00108A  2  C8                   INY
00108B  2  B1 12                LDA     (ptr2),Y
00108D  2                       ; The voice loops "fetch when counter hits 0", and the fetch
00108D  2                       ; tick itself is the first tick of the note.  So a note must
00108D  2                       ; hold for (dur-1) MORE ticks after the fetch tick to last
00108D  2                       ; exactly dur ticks.  Subtract 1 here.  (All durations are >=2,
00108D  2                       ; so no underflow.)  This keeps voices with different note
00108D  2                       ; counts the same real length - otherwise B/C drift away from
00108D  2                       ; the lead because they have fewer/more notes per loop.
00108D  2  38                   SEC
00108E  2  E9 01                SBC     #1
001090  2  85 21                STA     tmp1            ; duration - 1
001092  2                       ; advance ptr2 by 2
001092  2  18                   CLC
001093  2  A5 12                LDA     ptr2
001095  2  69 02                ADC     #2
001097  2  85 12                STA     ptr2
001099  2  A5 13                LDA     ptr2+1
00109B  2  69 00                ADC     #0
00109D  2  85 13                STA     ptr2+1
00109F  2  60                   RTS
0010A0  2               
0010A0  2               ;----------------------------------------------------------------
0010A0  2               ; note_period - look up the 16-bit AY tone period for note X (1..N)
0010A0  2               ;   OUT: ptr = period (lo/hi).  Note index is 1-based.
0010A0  2               ;----------------------------------------------------------------
0010A0  2               note_period:
0010A0  2  CA                   DEX                     ; tables are 0-based
0010A1  2  BD AC 10             LDA     note_lo,X
0010A4  2  85 10                STA     ptr
0010A6  2  BD C2 10             LDA     note_hi,X
0010A9  2  85 11                STA     ptr+1
0010AB  2  60                   RTS
0010AC  2               
0010AC  2               ;----------------------------------------------------------------
0010AC  2               ; Note period tables (16-bit AY tone periods), two+ octaves.
0010AC  2               ; Note numbers (1-based) used by the tracks:
0010AC  2               ;   1=C3  2=D3 3=E3 4=F3 5=G3 6=A3 7=B3
0010AC  2               ;   8=C4  9=D4 10=E4 11=F4 12=G4 13=A4 14=B4
0010AC  2               ;  15=C5 16=D5 17=E5 18=F5 19=G5 20=A5 21=B5
0010AC  2               ;  22=C6
0010AC  2               ; (a diatonic C-major set is plenty for a heroic theme)
0010AC  2               ;----------------------------------------------------------------
0010AC  2               note_lo:
0010AC  2  F0 82 20 F4          .BYTE   <1008, <898, <800, <756, <672, <600, <534    ; C3..B3
0010B0  2  A0 58 16     
0010B3  2  F8 C2 90 7A          .BYTE   <504,  <450, <400, <378, <336, <300, <267    ; C4..B4
0010B7  2  50 2C 0B     
0010BA  2  FC E1 C8 BD          .BYTE   <252,  <225, <200, <189, <168, <150, <133    ; C5..B5
0010BE  2  A8 96 85     
0010C1  2  7E                   .BYTE   <126                                          ; C6
0010C2  2               note_hi:
0010C2  2  03 03 03 02          .BYTE   >1008, >898, >800, >756, >672, >600, >534
0010C6  2  02 02 02     
0010C9  2  01 01 01 01          .BYTE   >504,  >450, >400, >378, >336, >300, >267
0010CD  2  01 01 01     
0010D0  2  00 00 00 00          .BYTE   >252,  >225, >200, >189, >168, >150, >133
0010D4  2  00 00 00     
0010D7  2  00                   .BYTE   >126
0010D8  2               
0010D8  2               ; note name -> index defines for readable tracks
0010D8  2               N_REST  = 0
0010D8  2               C3 = 1
0010D8  2               D3 = 2
0010D8  2               E3 = 3
0010D8  2               F3 = 4
0010D8  2               G3 = 5
0010D8  2               A3 = 6
0010D8  2               B3 = 7
0010D8  2               C4 = 8
0010D8  2               D4 = 9
0010D8  2               E4 = 10
0010D8  2               F4 = 11
0010D8  2               G4 = 12
0010D8  2               A4 = 13
0010D8  2               B4 = 14
0010D8  2               C5 = 15
0010D8  2               D5 = 16
0010D8  2               E5 = 17
0010D8  2               F5 = 18
0010D8  2               G5 = 19
0010D8  2               A5 = 20
0010D8  2               B5 = 21
0010D8  2               C6 = 22
0010D8  2               
0010D8  2               ;----------------------------------------------------------------
0010D8  2               ; The theme: a stately heroic tune in C major, 3 voices.
0010D8  2               ; Durations are in ticks; the three tracks are written so their
0010D8  2               ; total lengths line up over each phrase.
0010D8  2               ;----------------------------------------------------------------
0010D8  2               
0010D8  2               ; --- Channel A : lead melody ---
0010D8  2               ; Every phrase line totals 16 ticks so the lead stays locked in step
0010D8  2               ; with the 16-tick harmony (B) and bass (C) lines.  (Line 1 was 20
0010D8  2               ; ticks before, which drifted B/C out of phase each loop.)
0010D8  2               trackA:
0010D8  2  0C 04 0F 04          .BYTE   G4,4,  C5,4,  E5,4,  G5,2,  E5,2   ; 16
0010DC  2  11 04 13 02  
0010E0  2  11 02        
0010E2  2  12 04 11 04          .BYTE   F5,4,  E5,4,  D5,8                 ; 16
0010E6  2  10 08        
0010E8  2  11 04 13 04          .BYTE   E5,4,  G5,4,  C6,6,  B5,2          ; 16
0010EC  2  16 06 15 02  
0010F0  2  14 04 13 04          .BYTE   A5,4,  G5,4,  E5,8                 ; 16
0010F4  2  11 08        
0010F6  2  12 04 14 04          .BYTE   F5,4,  A5,4,  G5,4,  E5,4          ; 16
0010FA  2  13 04 11 04  
0010FE  2  10 04 12 04          .BYTE   D5,4,  F5,4,  E5,8                 ; 16
001102  2  11 08        
001104  2  0F 04 11 04          .BYTE   C5,4,  E5,4,  G5,4,  C6,4          ; 16
001108  2  13 04 16 04  
00110C  2  13 04 11 04          .BYTE   G5,4,  E5,4,  C5,8                 ; 16
001110  2  0F 08        
001112  2  00 04                .BYTE   N_REST,4
001114  2  FF                   .BYTE   $FF
001115  2               
001115  2               ; --- Channel B : sustained harmony, one note per phrase line.
001115  2               ;     To stay consonant under a diatonic melody we use the FIFTH of
001115  2               ;     each chord (perfect fifths never clash), in octave 4.
001115  2               ;     Chords per line:  C  G  C  Am  F  G  C  C
001115  2               ;     Fifths:           G  D  G  E   C  D  G  G
001115  2               trackB:
001115  2  0C 10                .BYTE   G4,16           ; C chord  (5th = G)
001117  2  09 10                .BYTE   D4,16           ; G chord  (5th = D)
001119  2  0C 10                .BYTE   G4,16           ; C chord
00111B  2  0A 10                .BYTE   E4,16           ; Am chord (5th = E)
00111D  2  08 10                .BYTE   C4,16           ; F chord  (5th = C)
00111F  2  09 10                .BYTE   D4,16           ; G chord
001121  2  0C 10                .BYTE   G4,16           ; C chord
001123  2  0C 10                .BYTE   G4,16           ; C chord
001125  2  00 04                .BYTE   N_REST,4
001127  2  FF                   .BYTE   $FF
001128  2               
001128  2               ; --- Channel C : bass - the ROOT of each chord, re-struck halfway
001128  2               ;     for a gentle pulse.  Same progression: C G C Am F G C C
001128  2               trackC:
001128  2  01 08 01 08          .BYTE   C3,8,  C3,8     ; C
00112C  2  05 08 05 08          .BYTE   G3,8,  G3,8     ; G
001130  2  01 08 01 08          .BYTE   C3,8,  C3,8     ; C
001134  2  06 08 06 08          .BYTE   A3,8,  A3,8     ; Am
001138  2  04 08 04 08          .BYTE   F3,8,  F3,8     ; F
00113C  2  05 08 05 08          .BYTE   G3,8,  G3,8     ; G
001140  2  01 08 01 08          .BYTE   C3,8,  C3,8     ; C
001144  2  01 08 01 08          .BYTE   C3,8,  C3,8     ; C
001148  2  00 04                .BYTE   N_REST,4
00114A  2  FF                   .BYTE   $FF
00114B  2               
00114B  1                       .INCLUDE "tiles.asm"
00114B  2               ;______________________________________________________________________________
00114B  2               ;  tiles.asm - custom 8x8 character bitmaps for terrain, items, monsters
00114B  2               ;
00114B  2               ;  The memory-mapped video card has a writable character generator.
00114B  2               ;  To redefine character N (see V_PATTERN in dbasic/screencmds.asm):
00114B  2               ;     1. map video sub-page $F8 (VIDEOBANK) into CPU bank $A
00114B  2               ;     2. write N to VideoCharGenOffset ($A002)
00114B  2               ;     3. write 8 scanline bytes to VideoCharGenData ($A003)
00114B  2               ;        (the hardware auto-advances through the 8 rows of the glyph)
00114B  2               ;
00114B  2               ;  Each bitmap is 8 bytes, top row first; bit7 = leftmost pixel.
00114B  2               ;  We redefine codes 128.. (G_* constants) so the normal ASCII font
00114B  2               ;  used for UI text is left intact.
00114B  2               ;______________________________________________________________________________
00114B  2               
00114B  2               VideoCharGenOffset = $A002
00114B  2               VideoCharGenData   = $A003
00114B  2               
00114B  2               ;----------------------------------------------------------------
00114B  2               ; cg_enter / cg_exit - map the character-generator RAM (page $F8)
00114B  2               ; into bank $A and select task 1 (mirrors PAGE_ENTER/PAGE_EXIT).
00114B  2               ;----------------------------------------------------------------
00114B  2               cg_enter:
00114B  2  A9 01                LDA     #$01            ; task 01 (driver)
00114D  2  A2 0A                LDX     #$0A            ; CPU bank $A
00114F  2  A0 F8                LDY     #VIDEOBANK      ; physical page $F8 (char generator)
001151  2  20 F6 FF             JSR     SETPAGE
001154  2  A9 01                LDA     #$01
001156  2  8D E0 EF             STA     PC6502_ACT_TASK
001159  2  60                   RTS
00115A  2               cg_exit:
00115A  2  A9 00                LDA     #$00
00115C  2  8D E0 EF             STA     PC6502_ACT_TASK
00115F  2  60                   RTS
001160  2               
001160  2               ;----------------------------------------------------------------
001160  2               ; chargen_init - upload every custom glyph bitmap.
001160  2               ;
001160  2               ; Driven by a table of (charcode, 8 bytes) records.  The table ends
001160  2               ; with a $00 charcode marker (code 0 is never one of ours).
001160  2               ;----------------------------------------------------------------
001160  2               chargen_init:
001160  2  20 4B 11             JSR     cg_enter
001163  2  A9 93 85 18          SETW16  srcp, glyphtab
001167  2  A9 11 85 19  
00116B  2               @rec:
00116B  2  A0 00                LDY     #0
00116D  2  B1 18                LDA     (srcp),Y        ; char code
00116F  2  F0 1F                BEQ     @done           ; 0 = end of table
001171  2  8D 02 A0             STA     VideoCharGenOffset
001174  2                       ; write the 8 scanline bytes
001174  2  A0 01                LDY     #1
001176  2               @row:
001176  2  B1 18                LDA     (srcp),Y
001178  2  8D 03 A0             STA     VideoCharGenData
00117B  2  C8                   INY
00117C  2  C0 09                CPY     #9
00117E  2  D0 F6                BNE     @row
001180  2                       ; advance srcp by 9 (1 code + 8 data)
001180  2  18                   CLC
001181  2  A5 18                LDA     srcp
001183  2  69 09                ADC     #9
001185  2  85 18                STA     srcp
001187  2  A5 19                LDA     srcp+1
001189  2  69 00                ADC     #0
00118B  2  85 19                STA     srcp+1
00118D  2  4C 6B 11             JMP     @rec
001190  2               @done:
001190  2  4C 5A 11             JMP     cg_exit
001193  2               
001193  2               ;----------------------------------------------------------------
001193  2               ; Glyph bitmap table: each row is  code, b0..b7
001193  2               ;----------------------------------------------------------------
001193  2               glyphtab:
001193  2               
001193  2               ; --- terrain ---------------------------------------------------
001193  2               ; Terrain is kept very light so the player and monsters read clearly
001193  2               ; against it.  The cell's background color fills the empty pixels.
001193  2               
001193  2                       ; grass: blank (color plane gives it its green)
001193  2  01                   .BYTE   G_GRASS
001194  2  00                   .BYTE   %00000000
001195  2  00                   .BYTE   %00000000
001196  2  00                   .BYTE   %00000000
001197  2  00                   .BYTE   %00000000
001198  2  00                   .BYTE   %00000000
001199  2  00                   .BYTE   %00000000
00119A  2  00                   .BYTE   %00000000
00119B  2  00                   .BYTE   %00000000
00119C  2               
00119C  2                       ; forest: a single small tree, lots of empty space
00119C  2  02                   .BYTE   G_FOREST
00119D  2  00                   .BYTE   %00000000
00119E  2  18                   .BYTE   %00011000
00119F  2  3C                   .BYTE   %00111100
0011A0  2  3C                   .BYTE   %00111100
0011A1  2  18                   .BYTE   %00011000
0011A2  2  18                   .BYTE   %00011000
0011A3  2  00                   .BYTE   %00000000
0011A4  2  00                   .BYTE   %00000000
0011A5  2               
0011A5  2                       ; mountain: a simple peak
0011A5  2  03                   .BYTE   G_MOUNT
0011A6  2  00                   .BYTE   %00000000
0011A7  2  00                   .BYTE   %00000000
0011A8  2  18                   .BYTE   %00011000
0011A9  2  3C                   .BYTE   %00111100
0011AA  2  7E                   .BYTE   %01111110
0011AB  2  FF                   .BYTE   %11111111
0011AC  2  00                   .BYTE   %00000000
0011AD  2  00                   .BYTE   %00000000
0011AE  2               
0011AE  2                       ; water: a couple of gentle ripples
0011AE  2  04                   .BYTE   G_WATER
0011AF  2  00                   .BYTE   %00000000
0011B0  2  00                   .BYTE   %00000000
0011B1  2  66                   .BYTE   %01100110
0011B2  2  99                   .BYTE   %10011001
0011B3  2  00                   .BYTE   %00000000
0011B4  2  00                   .BYTE   %00000000
0011B5  2  00                   .BYTE   %00000000
0011B6  2  00                   .BYTE   %00000000
0011B7  2               
0011B7  2                       ; town: one tidy house
0011B7  2  05                   .BYTE   G_TOWN
0011B8  2  00                   .BYTE   %00000000
0011B9  2  18                   .BYTE   %00011000
0011BA  2  3C                   .BYTE   %00111100
0011BB  2  7E                   .BYTE   %01111110
0011BC  2  7E                   .BYTE   %01111110
0011BD  2  66                   .BYTE   %01100110
0011BE  2  66                   .BYTE   %01100110
0011BF  2  00                   .BYTE   %00000000
0011C0  2               
0011C0  2                       ; dungeon: an arched cave mouth (outline)
0011C0  2  06                   .BYTE   G_DUNG
0011C1  2  00                   .BYTE   %00000000
0011C2  2  3C                   .BYTE   %00111100
0011C3  2  42                   .BYTE   %01000010
0011C4  2  42                   .BYTE   %01000010
0011C5  2  42                   .BYTE   %01000010
0011C6  2  42                   .BYTE   %01000010
0011C7  2  7E                   .BYTE   %01111110
0011C8  2  00                   .BYTE   %00000000
0011C9  2               
0011C9  2                       ; castle: crenellated tower (outline)
0011C9  2  07                   .BYTE   G_CASTLE
0011CA  2  AA                   .BYTE   %10101010
0011CB  2  FE                   .BYTE   %11111110
0011CC  2  82                   .BYTE   %10000010
0011CD  2  92                   .BYTE   %10010010
0011CE  2  82                   .BYTE   %10000010
0011CF  2  82                   .BYTE   %10000010
0011D0  2  FE                   .BYTE   %11111110
0011D1  2  00                   .BYTE   %00000000
0011D2  2               
0011D2  2                       ; road: a faint dashed path
0011D2  2  08                   .BYTE   G_ROAD
0011D3  2  00                   .BYTE   %00000000
0011D4  2  00                   .BYTE   %00000000
0011D5  2  00                   .BYTE   %00000000
0011D6  2  66                   .BYTE   %01100110
0011D7  2  00                   .BYTE   %00000000
0011D8  2  00                   .BYTE   %00000000
0011D9  2  00                   .BYTE   %00000000
0011DA  2  00                   .BYTE   %00000000
0011DB  2               
0011DB  2                       ; bridge: two rails with planks between
0011DB  2  09                   .BYTE   G_BRIDGE
0011DC  2  FF                   .BYTE   %11111111
0011DD  2  00                   .BYTE   %00000000
0011DE  2  24                   .BYTE   %00100100
0011DF  2  24                   .BYTE   %00100100
0011E0  2  24                   .BYTE   %00100100
0011E1  2  00                   .BYTE   %00000000
0011E2  2  FF                   .BYTE   %11111111
0011E3  2  00                   .BYTE   %00000000
0011E4  2               
0011E4  2                       ; floor: blank (interior is just dark)
0011E4  2  0A                   .BYTE   G_FLOOR
0011E5  2  00                   .BYTE   %00000000
0011E6  2  00                   .BYTE   %00000000
0011E7  2  00                   .BYTE   %00000000
0011E8  2  00                   .BYTE   %00000000
0011E9  2  00                   .BYTE   %00000000
0011EA  2  00                   .BYTE   %00000000
0011EB  2  00                   .BYTE   %00000000
0011EC  2  00                   .BYTE   %00000000
0011ED  2               
0011ED  2                       ; wall: solid block (fills the whole cell)
0011ED  2  0B                   .BYTE   G_WALL
0011EE  2  FF                   .BYTE   %11111111
0011EF  2  FF                   .BYTE   %11111111
0011F0  2  FF                   .BYTE   %11111111
0011F1  2  FF                   .BYTE   %11111111
0011F2  2  FF                   .BYTE   %11111111
0011F3  2  FF                   .BYTE   %11111111
0011F4  2  FF                   .BYTE   %11111111
0011F5  2  FF                   .BYTE   %11111111
0011F6  2               
0011F6  2                       ; door: a clear doorway outline
0011F6  2  0C                   .BYTE   G_DOOR
0011F7  2  00                   .BYTE   %00000000
0011F8  2  3C                   .BYTE   %00111100
0011F9  2  24                   .BYTE   %00100100
0011FA  2  24                   .BYTE   %00100100
0011FB  2  24                   .BYTE   %00100100
0011FC  2  2C                   .BYTE   %00101100
0011FD  2  24                   .BYTE   %00100100
0011FE  2  00                   .BYTE   %00000000
0011FF  2               
0011FF  2                       ; treasure: a small chest
0011FF  2  0D                   .BYTE   G_TREAS
001200  2  00                   .BYTE   %00000000
001201  2  00                   .BYTE   %00000000
001202  2  3C                   .BYTE   %00111100
001203  2  7E                   .BYTE   %01111110
001204  2  5A                   .BYTE   %01011010
001205  2  7E                   .BYTE   %01111110
001206  2  00                   .BYTE   %00000000
001207  2  00                   .BYTE   %00000000
001208  2               
001208  2                       ; stairs up: clear diagonal steps
001208  2  0E                   .BYTE   G_UPSTAIR
001209  2  00                   .BYTE   %00000000
00120A  2  06                   .BYTE   %00000110
00120B  2  0C                   .BYTE   %00001100
00120C  2  18                   .BYTE   %00011000
00120D  2  30                   .BYTE   %00110000
00120E  2  60                   .BYTE   %01100000
00120F  2  00                   .BYTE   %00000000
001210  2  00                   .BYTE   %00000000
001211  2               
001211  2                       ; shop: a coin
001211  2  0F                   .BYTE   G_SHOP
001212  2  00                   .BYTE   %00000000
001213  2  3C                   .BYTE   %00111100
001214  2  42                   .BYTE   %01000010
001215  2  5A                   .BYTE   %01011010
001216  2  5A                   .BYTE   %01011010
001217  2  42                   .BYTE   %01000010
001218  2  3C                   .BYTE   %00111100
001219  2  00                   .BYTE   %00000000
00121A  2               
00121A  2               ; --- player ----------------------------------------------------
00121A  2                       ; player: a clear little figure
00121A  2  10                   .BYTE   G_PLAYER
00121B  2  18                   .BYTE   %00011000
00121C  2  18                   .BYTE   %00011000
00121D  2  3C                   .BYTE   %00111100
00121E  2  5A                   .BYTE   %01011010
00121F  2  18                   .BYTE   %00011000
001220  2  18                   .BYTE   %00011000
001221  2  24                   .BYTE   %00100100
001222  2  24                   .BYTE   %00100100
001223  2               
001223  2               ; --- monsters --------------------------------------------------
001223  2               ; Distinct silhouettes with empty margins so they stand out and are
001223  2               ; easy to tell apart.
001223  2               
001223  2                       ; orc: squat brute with two tusks at the bottom
001223  2  11                   .BYTE   G_ORC
001224  2  00                   .BYTE   %00000000
001225  2  3C                   .BYTE   %00111100
001226  2  5A                   .BYTE   %01011010
001227  2  7E                   .BYTE   %01111110
001228  2  7E                   .BYTE   %01111110
001229  2  5A                   .BYTE   %01011010
00122A  2  24                   .BYTE   %00100100
00122B  2  00                   .BYTE   %00000000
00122C  2               
00122C  2                       ; snake: slim S-curve
00122C  2  12                   .BYTE   G_SNAKE
00122D  2  00                   .BYTE   %00000000
00122E  2  38                   .BYTE   %00111000
00122F  2  20                   .BYTE   %00100000
001230  2  38                   .BYTE   %00111000
001231  2  08                   .BYTE   %00001000
001232  2  18                   .BYTE   %00011000
001233  2  00                   .BYTE   %00000000
001234  2  00                   .BYTE   %00000000
001235  2               
001235  2                       ; skeleton: skull on a thin body
001235  2  13                   .BYTE   G_SKELETON
001236  2  00                   .BYTE   %00000000
001237  2  3C                   .BYTE   %00111100
001238  2  5A                   .BYTE   %01011010
001239  2  3C                   .BYTE   %00111100
00123A  2  18                   .BYTE   %00011000
00123B  2  3C                   .BYTE   %00111100
00123C  2  24                   .BYTE   %00100100
00123D  2  00                   .BYTE   %00000000
00123E  2               
00123E  2                       ; thief: hooded, narrow shoulders
00123E  2  14                   .BYTE   G_THIEF
00123F  2  00                   .BYTE   %00000000
001240  2  18                   .BYTE   %00011000
001241  2  3C                   .BYTE   %00111100
001242  2  18                   .BYTE   %00011000
001243  2  3C                   .BYTE   %00111100
001244  2  18                   .BYTE   %00011000
001245  2  24                   .BYTE   %00100100
001246  2  00                   .BYTE   %00000000
001247  2               
001247  2                       ; troll: big broad ogre
001247  2  15                   .BYTE   G_TROLL
001248  2  00                   .BYTE   %00000000
001249  2  66                   .BYTE   %01100110
00124A  2  7E                   .BYTE   %01111110
00124B  2  FF                   .BYTE   %11111111
00124C  2  7E                   .BYTE   %01111110
00124D  2  7E                   .BYTE   %01111110
00124E  2  66                   .BYTE   %01100110
00124F  2  00                   .BYTE   %00000000
001250  2               
001250  2                       ; boss: a winged dragon (clear wings + body)
001250  2  16                   .BYTE   G_BOSS
001251  2  81                   .BYTE   %10000001
001252  2  C3                   .BYTE   %11000011
001253  2  66                   .BYTE   %01100110
001254  2  3C                   .BYTE   %00111100
001255  2  7E                   .BYTE   %01111110
001256  2  DB                   .BYTE   %11011011
001257  2  24                   .BYTE   %00100100
001258  2  00                   .BYTE   %00000000
001259  2               
001259  2  00                   .BYTE   0               ; end of table
00125A  2               
00125A  1                       .INCLUDE "world.asm"
00125A  2               ;______________________________________________________________________________
00125A  2               ;  world.asm - map data, tile property tables and lookup helpers
00125A  2               ;
00125A  2               ;  Maps are authored as ASCII rows for readability and converted to
00125A  2               ;  tile codes once at startup (map_decode).  The decoded tile grids
00125A  2               ;  live in RAM (owmap / locmap).  Authoring characters:
00125A  2               ;     . grass   & forest  ^ mountain  ~ water   T town    O dungeon
00125A  2               ;     # castle  : road     = bridge    space->grass
00125A  2               ;  For interiors (town/dungeon):
00125A  2               ;     . floor   # wall     + door(exit)  $ treasure  < stairs up
00125A  2               ;     S shop    ~ water
00125A  2               ;______________________________________________________________________________
00125A  2               
00125A  2               ;----------------------------------------------------------------
00125A  2               ; Tile glyph table  (tile code -> ASCII char)
00125A  2               ;----------------------------------------------------------------
00125A  2               tile_glyph:
00125A  2  01                   .BYTE   G_GRASS         ; 0  T_GRASS
00125B  2  02                   .BYTE   G_FOREST        ; 1  T_FOREST
00125C  2  03                   .BYTE   G_MOUNT         ; 2  T_MOUNT
00125D  2  04                   .BYTE   G_WATER         ; 3  T_WATER
00125E  2  05                   .BYTE   G_TOWN          ; 4  T_TOWN
00125F  2  06                   .BYTE   G_DUNG          ; 5  T_DUNG
001260  2  07                   .BYTE   G_CASTLE        ; 6  T_CASTLE
001261  2  08                   .BYTE   G_ROAD          ; 7  T_ROAD
001262  2  09                   .BYTE   G_BRIDGE        ; 8  T_BRIDGE
001263  2  0A                   .BYTE   G_FLOOR         ; 9  T_FLOOR
001264  2  0B                   .BYTE   G_WALL          ; 10 T_WALL
001265  2  0C                   .BYTE   G_DOOR          ; 11 T_DOOR
001266  2  0D                   .BYTE   G_TREAS         ; 12 T_TREAS
001267  2  0E                   .BYTE   G_UPSTAIR       ; 13 T_UPSTAIR
001268  2  0F                   .BYTE   G_SHOP          ; 14 T_SHOP
001269  2               
001269  2               ;----------------------------------------------------------------
001269  2               ; Tile color table  (tile code -> color byte)
001269  2               ;----------------------------------------------------------------
001269  2               tile_color:
001269  2  0A                   .BYTE   C_GRASS         ; 0
00126A  2  02                   .BYTE   C_FOREST        ; 1
00126B  2  08                   .BYTE   C_MOUNT         ; 2
00126C  2  4C                   .BYTE   C_WATER         ; 3
00126D  2  0B                   .BYTE   C_TOWN          ; 4
00126E  2  0D                   .BYTE   C_DUNG          ; 5
00126F  2  0F                   .BYTE   C_CASTLE        ; 6
001270  2  0B                   .BYTE   C_ROAD          ; 7
001271  2  03                   .BYTE   C_BRIDGE        ; 8
001272  2  08                   .BYTE   C_FLOOR         ; 9
001273  2  8F                   .BYTE   C_WALL          ; 10
001274  2  A0                   .BYTE   C_EXIT          ; 11 door (bright = exit)
001275  2  0B                   .BYTE   C_TREAS         ; 12
001276  2  A0                   .BYTE   C_EXIT          ; 13 stairs (bright = exit)
001277  2  0B                   .BYTE   C_TOWN          ; 14 shop
001278  2               
001278  2               ;----------------------------------------------------------------
001278  2               ; Tile property table  (tile code -> property bits)
001278  2               ;   bit0 PASS    passable on foot
001278  2               ;   bit1 WATER   water (impassable without ship)
001278  2               ;   bit2 TOWN    stepping here enters a town
001278  2               ;   bit3 DUNG    stepping here enters the dungeon
001278  2               ;   bit4 EXIT    stepping here leaves the interior (town/dungeon)
001278  2               ;   bit5 TREAS   treasure to collect
001278  2               ;   bit6 SHOP    shop counter (open shop when adjacent/entering)
001278  2               ;----------------------------------------------------------------
001278  2               P_PASS          = $01
001278  2               P_WATER         = $02
001278  2               P_TOWN          = $04
001278  2               P_DUNG          = $08
001278  2               P_EXIT          = $10
001278  2               P_TREAS         = $20
001278  2               P_SHOP          = $40
001278  2               
001278  2               tile_prop:
001278  2  01                   .BYTE   P_PASS                  ; 0 grass
001279  2  01                   .BYTE   P_PASS                  ; 1 forest (passable, slow flavor)
00127A  2  00                   .BYTE   $00                     ; 2 mountain (blocked)
00127B  2  02                   .BYTE   P_WATER                 ; 3 water (blocked on foot)
00127C  2  05                   .BYTE   P_PASS|P_TOWN           ; 4 town
00127D  2  09                   .BYTE   P_PASS|P_DUNG           ; 5 dungeon
00127E  2  00                   .BYTE   $00                     ; 6 castle (blocked, decorative)
00127F  2  01                   .BYTE   P_PASS                  ; 7 road
001280  2  01                   .BYTE   P_PASS                  ; 8 bridge
001281  2  01                   .BYTE   P_PASS                  ; 9 floor
001282  2  00                   .BYTE   $00                     ; 10 wall
001283  2  11                   .BYTE   P_PASS|P_EXIT           ; 11 door (exit interior)
001284  2  21                   .BYTE   P_PASS|P_TREAS          ; 12 treasure
001285  2  11                   .BYTE   P_PASS|P_EXIT           ; 13 stairs up (exit dungeon)
001286  2  41                   .BYTE   P_PASS|P_SHOP           ; 14 shop
001287  2               
001287  2               ;----------------------------------------------------------------
001287  2               ; Authoring char -> tile code translation (used by map_decode).
001287  2               ; Two parallel tables: chars[] and codes[], terminated by $00.
001287  2               ; (Distinct chars only; '#' = wall by default. The overworld uses
001287  2               ;  'C' for the decorative castle so it does not collide with walls.)
001287  2               ;----------------------------------------------------------------
001287  2               dec_chars:
001287  2  2E 26 5E 7E          .BYTE   ".&^~TOC:=#+$<S", $00
00128B  2  54 4F 43 3A  
00128F  2  3D 23 2B 24  
001296  2               dec_codes:
001296  2  00                   .BYTE   T_GRASS         ; .
001297  2  01                   .BYTE   T_FOREST        ; &
001298  2  02                   .BYTE   T_MOUNT         ; ^
001299  2  03                   .BYTE   T_WATER         ; ~
00129A  2  04                   .BYTE   T_TOWN          ; T
00129B  2  05                   .BYTE   T_DUNG          ; O
00129C  2  06                   .BYTE   T_CASTLE        ; C
00129D  2  07                   .BYTE   T_ROAD          ; :
00129E  2  08                   .BYTE   T_BRIDGE        ; =
00129F  2  0A                   .BYTE   T_WALL          ; #
0012A0  2  0B                   .BYTE   T_DOOR          ; +
0012A1  2  0C                   .BYTE   T_TREAS         ; $
0012A2  2  0D                   .BYTE   T_UPSTAIR       ; <
0012A3  2  0E                   .BYTE   T_SHOP          ; S
0012A4  2               
0012A4  2               ; map a single authoring char (A) to a tile code -> A
0012A4  2               xlate_char:
0012A4  2  85 20                STA     tmp0
0012A6  2  A2 00                LDX     #0
0012A8  2               @f:
0012A8  2  BD 87 12             LDA     dec_chars,X
0012AB  2  F0 07                BEQ     @nf
0012AD  2  C5 20                CMP     tmp0
0012AF  2  F0 06                BEQ     @ok
0012B1  2  E8                   INX
0012B2  2  D0 F4                BNE     @f
0012B4  2               @nf:
0012B4  2  A9 00                LDA     #T_GRASS
0012B6  2  60                   RTS
0012B7  2               @ok:
0012B7  2  BD 96 12             LDA     dec_codes,X
0012BA  2  60                   RTS
0012BB  2               
0012BB  2               ;----------------------------------------------------------------
0012BB  2               ; map_decode - translate an authored ASCII map into a tile grid,
0012BB  2               ; row by row.  Each source row is a NUL-terminated string.  Rows
0012BB  2               ; shorter than the map width are padded with grass; longer rows are
0012BB  2               ; truncated.  This makes exact source-row width unimportant.
0012BB  2               ;
0012BB  2               ;   IN : srcp -> first source row (rows packed back-to-back, each
0012BB  2               ;                NUL-terminated)
0012BB  2               ;        dstp -> destination tile-code buffer (width*height bytes)
0012BB  2               ;        tmp2 =  map width   (<=255)
0012BB  2               ;        tmp3 =  map height  (<=255)
0012BB  2               ;----------------------------------------------------------------
0012BB  2               ; NOTE: the column counter is kept in cnt0 (memory), NOT in X,
0012BB  2               ; because xlate_char clobbers X (it uses X as a search index).
0012BB  2               map_decode:
0012BB  2  A9 00                LDA     #0
0012BD  2  85 27                STA     rowidx          ; row counter
0012BF  2               @nextrow:
0012BF  2  A5 27                LDA     rowidx
0012C1  2  C5 23                CMP     tmp3
0012C3  2  B0 59                BCS     @done
0012C5  2  A9 00                LDA     #0
0012C7  2  85 24                STA     cnt0            ; column within row
0012C9  2               @col:
0012C9  2  A5 24                LDA     cnt0
0012CB  2  C5 22                CMP     tmp2
0012CD  2  B0 1E                BCS     @rowfull
0012CF  2                       ; cnt0 tracks column for width logic; srcp is the read head.
0012CF  2  A0 00                LDY     #0
0012D1  2  B1 18                LDA     (srcp),Y
0012D3  2  F0 27                BEQ     @padrow         ; early NUL -> pad rest with grass
0012D5  2  20 A4 12             JSR     xlate_char      ; A=tile code (clobbers X)
0012D8  2  A0 00                LDY     #0
0012DA  2  91 1A                STA     (dstp),Y
0012DC  2                       ; advance read head and dest
0012DC  2  E6 18                INC     srcp
0012DE  2  D0 02                BNE     :+
0012E0  2  E6 19                INC     srcp+1
0012E2  2               :
0012E2  2  E6 1A                INC     dstp
0012E4  2  D0 02                BNE     :+
0012E6  2  E6 1B                INC     dstp+1
0012E8  2               :
0012E8  2  E6 24                INC     cnt0
0012EA  2  4C C9 12             JMP     @col
0012ED  2               @rowfull:
0012ED  2                       ; consume any extra source chars up to the terminating NUL
0012ED  2               @skip:
0012ED  2  A0 00                LDY     #0
0012EF  2  B1 18                LDA     (srcp),Y
0012F1  2  F0 20                BEQ     @aftrow
0012F3  2  E6 18                INC     srcp
0012F5  2  D0 F6                BNE     @skip
0012F7  2  E6 19                INC     srcp+1
0012F9  2  4C ED 12             JMP     @skip
0012FC  2               @padrow:
0012FC  2                       ; fill remaining columns (cnt0..width-1) with grass in dest
0012FC  2               @pad:
0012FC  2  A5 24                LDA     cnt0
0012FE  2  C5 22                CMP     tmp2
001300  2  B0 11                BCS     @aftrow
001302  2  A9 00                LDA     #T_GRASS
001304  2  A0 00                LDY     #0
001306  2  91 1A                STA     (dstp),Y
001308  2  E6 1A                INC     dstp
00130A  2  D0 02                BNE     :+
00130C  2  E6 1B                INC     dstp+1
00130E  2               :
00130E  2  E6 24                INC     cnt0
001310  2  4C FC 12             JMP     @pad
001313  2               @aftrow:
001313  2                       ; step srcp past the row terminator NUL
001313  2  E6 18                INC     srcp
001315  2  D0 02                BNE     :+
001317  2  E6 19                INC     srcp+1
001319  2               :
001319  2  E6 27                INC     rowidx
00131B  2  4C BF 12             JMP     @nextrow
00131E  2               @done:
00131E  2  60                   RTS
00131F  2               
00131F  2               ;----------------------------------------------------------------
00131F  2               ; decode_world / decode_town / decode_dung - convenience wrappers
00131F  2               ;----------------------------------------------------------------
00131F  2               decode_world:
00131F  2  A9 9A 85 18          SETW16  srcp, ow_src
001323  2  A9 14 85 19  
001327  2  A9 20 85 1A          SETW16  dstp, owmap
00132B  2  A9 3C 85 1B  
00132F  2  A9 40                LDA     #OWW
001331  2  85 22                STA     tmp2
001333  2  A9 40                LDA     #OWH
001335  2  85 23                STA     tmp3
001337  2  4C BB 12             JMP     map_decode
00133A  2               
00133A  2               decode_town:
00133A  2  A9 5A 85 18          SETW16  srcp, town_src
00133E  2  A9 25 85 19  
001342  2  A9 20 85 1A          SETW16  dstp, locmap
001346  2  A9 4C 85 1B  
00134A  2  A9 20                LDA     #TOWNW
00134C  2  85 22                STA     tmp2
00134E  2  A9 14                LDA     #TOWNH
001350  2  85 23                STA     tmp3
001352  2  4C BB 12             JMP     map_decode
001355  2               
001355  2               decode_dung:
001355  2  A9 EE 85 18          SETW16  srcp, dung_src
001359  2  A9 27 85 19  
00135D  2  A9 20 85 1A          SETW16  dstp, locmap
001361  2  A9 4C 85 1B  
001365  2  A9 20                LDA     #DUNGW
001367  2  85 22                STA     tmp2
001369  2  A9 14                LDA     #DUNGH
00136B  2  85 23                STA     tmp3
00136D  2  4C BB 12             JMP     map_decode
001370  2               
001370  2               ;----------------------------------------------------------------
001370  2               ; tileat - read the tile code at (tgtx,tgty) from the ACTIVE map.
001370  2               ;   IN : tgtx, tgty ; loc (LOC_*) selects map + width
001370  2               ;   OUT: A = tile code, also stored in tgttile
001370  2               ;        if out of bounds -> returns T_WATER (overworld) / T_WALL (int)
001370  2               ;   Trashes ptr, tmp0, tmp1
001370  2               ;----------------------------------------------------------------
001370  2               tileat:
001370  2  AD DD 3A             LDA     loc
001373  2  D0 52                BNE     @interior
001375  2               ;--- overworld ---
001375  2                       ; bounds check 0..OWW-1 / 0..OWH-1
001375  2  A5 2C                LDA     tgtx
001377  2  C9 40                CMP     #OWW
001379  2  B0 47                BCS     @oob_world
00137B  2  A5 2D                LDA     tgty
00137D  2  C9 40                CMP     #OWH
00137F  2  B0 41                BCS     @oob_world
001381  2                       ; offset = tgty*OWW + tgtx  (OWW=64 -> *64)
001381  2  A5 2D                LDA     tgty
001383  2  85 10                STA     ptr
001385  2  A9 00                LDA     #0
001387  2  85 11                STA     ptr+1
001389  2  06 10                ASL     ptr
00138B  2  26 11                ROL     ptr+1           ; *2
00138D  2  06 10                ASL     ptr
00138F  2  26 11                ROL     ptr+1           ; *4
001391  2  06 10                ASL     ptr
001393  2  26 11                ROL     ptr+1           ; *8
001395  2  06 10                ASL     ptr
001397  2  26 11                ROL     ptr+1           ; *16
001399  2  06 10                ASL     ptr
00139B  2  26 11                ROL     ptr+1           ; *32
00139D  2  06 10                ASL     ptr
00139F  2  26 11                ROL     ptr+1           ; *64
0013A1  2  18                   CLC
0013A2  2  A5 10                LDA     ptr
0013A4  2  65 2C                ADC     tgtx
0013A6  2  85 10                STA     ptr
0013A8  2  A5 11                LDA     ptr+1
0013AA  2  69 00                ADC     #0
0013AC  2  85 11                STA     ptr+1
0013AE  2                       ; ptr += owmap base
0013AE  2  18                   CLC
0013AF  2  A5 10                LDA     ptr
0013B1  2  69 20                ADC     #<owmap
0013B3  2  85 10                STA     ptr
0013B5  2  A5 11                LDA     ptr+1
0013B7  2  69 3C                ADC     #>owmap
0013B9  2  85 11                STA     ptr+1
0013BB  2  A0 00                LDY     #0
0013BD  2  B1 10                LDA     (ptr),Y
0013BF  2  85 2E                STA     tgttile
0013C1  2  60                   RTS
0013C2  2               @oob_world:
0013C2  2  A9 03                LDA     #T_WATER
0013C4  2  85 2E                STA     tgttile
0013C6  2  60                   RTS
0013C7  2               ;--- interior (town/dungeon): width = locw, height = loch ---
0013C7  2               @interior:
0013C7  2  A5 2C                LDA     tgtx
0013C9  2  CD DE 3A             CMP     locw
0013CC  2  B0 44                BCS     @oob_int
0013CE  2  A5 2D                LDA     tgty
0013D0  2  CD DF 3A             CMP     loch
0013D3  2  B0 3D                BCS     @oob_int
0013D5  2                       ; offset = tgty*locw + tgtx  (locw is 32)
0013D5  2  A5 2D                LDA     tgty
0013D7  2  85 10                STA     ptr
0013D9  2  A9 00                LDA     #0
0013DB  2  85 11                STA     ptr+1
0013DD  2  06 10                ASL     ptr
0013DF  2  26 11                ROL     ptr+1           ; *2
0013E1  2  06 10                ASL     ptr
0013E3  2  26 11                ROL     ptr+1           ; *4
0013E5  2  06 10                ASL     ptr
0013E7  2  26 11                ROL     ptr+1           ; *8
0013E9  2  06 10                ASL     ptr
0013EB  2  26 11                ROL     ptr+1           ; *16
0013ED  2  06 10                ASL     ptr
0013EF  2  26 11                ROL     ptr+1           ; *32  (locw assumed 32)
0013F1  2  18                   CLC
0013F2  2  A5 10                LDA     ptr
0013F4  2  65 2C                ADC     tgtx
0013F6  2  85 10                STA     ptr
0013F8  2  A5 11                LDA     ptr+1
0013FA  2  69 00                ADC     #0
0013FC  2  85 11                STA     ptr+1
0013FE  2  18                   CLC
0013FF  2  A5 10                LDA     ptr
001401  2  69 20                ADC     #<locmap
001403  2  85 10                STA     ptr
001405  2  A5 11                LDA     ptr+1
001407  2  69 4C                ADC     #>locmap
001409  2  85 11                STA     ptr+1
00140B  2  A0 00                LDY     #0
00140D  2  B1 10                LDA     (ptr),Y
00140F  2  85 2E                STA     tgttile
001411  2  60                   RTS
001412  2               @oob_int:
001412  2  A9 0A                LDA     #T_WALL
001414  2  85 2E                STA     tgttile
001416  2  60                   RTS
001417  2               
001417  2               ;----------------------------------------------------------------
001417  2               ; settile - write tile code A at (tgtx,tgty) in the active map.
001417  2               ;   Used to clear treasure chests once collected, etc.
001417  2               ;   Recomputes the address exactly like tileat.
001417  2               ;----------------------------------------------------------------
001417  2               settile:
001417  2  85 21                STA     tmp1            ; new tile
001419  2  20 23 14             JSR     tile_addr       ; ptr -> cell
00141C  2  A0 00                LDY     #0
00141E  2  A5 21                LDA     tmp1
001420  2  91 10                STA     (ptr),Y
001422  2  60                   RTS
001423  2               
001423  2               ; tile_addr - compute ptr -> active-map cell for (tgtx,tgty).
001423  2               ; (assumes in-bounds; callers that might be OOB use tileat first)
001423  2               tile_addr:
001423  2  AD DD 3A             LDA     loc
001426  2  D0 3B                BNE     @int
001428  2  A5 2D                LDA     tgty
00142A  2  85 10                STA     ptr
00142C  2  A9 00                LDA     #0
00142E  2  85 11                STA     ptr+1
001430  2  06 10                ASL     ptr
001432  2  26 11                ROL     ptr+1
001434  2  06 10                ASL     ptr
001436  2  26 11                ROL     ptr+1
001438  2  06 10                ASL     ptr
00143A  2  26 11                ROL     ptr+1
00143C  2  06 10                ASL     ptr
00143E  2  26 11                ROL     ptr+1
001440  2  06 10                ASL     ptr
001442  2  26 11                ROL     ptr+1
001444  2  06 10                ASL     ptr
001446  2  26 11                ROL     ptr+1           ; *64
001448  2  18                   CLC
001449  2  A5 10                LDA     ptr
00144B  2  65 2C                ADC     tgtx
00144D  2  85 10                STA     ptr
00144F  2  A5 11                LDA     ptr+1
001451  2  69 00                ADC     #0
001453  2  85 11                STA     ptr+1
001455  2  18                   CLC
001456  2  A5 10                LDA     ptr
001458  2  69 20                ADC     #<owmap
00145A  2  85 10                STA     ptr
00145C  2  A5 11                LDA     ptr+1
00145E  2  69 3C                ADC     #>owmap
001460  2  85 11                STA     ptr+1
001462  2  60                   RTS
001463  2               @int:
001463  2  A5 2D                LDA     tgty
001465  2  85 10                STA     ptr
001467  2  A9 00                LDA     #0
001469  2  85 11                STA     ptr+1
00146B  2  06 10                ASL     ptr
00146D  2  26 11                ROL     ptr+1
00146F  2  06 10                ASL     ptr
001471  2  26 11                ROL     ptr+1
001473  2  06 10                ASL     ptr
001475  2  26 11                ROL     ptr+1
001477  2  06 10                ASL     ptr
001479  2  26 11                ROL     ptr+1
00147B  2  06 10                ASL     ptr
00147D  2  26 11                ROL     ptr+1           ; *32
00147F  2  18                   CLC
001480  2  A5 10                LDA     ptr
001482  2  65 2C                ADC     tgtx
001484  2  85 10                STA     ptr
001486  2  A5 11                LDA     ptr+1
001488  2  69 00                ADC     #0
00148A  2  85 11                STA     ptr+1
00148C  2  18                   CLC
00148D  2  A5 10                LDA     ptr
00148F  2  69 20                ADC     #<locmap
001491  2  85 10                STA     ptr
001493  2  A5 11                LDA     ptr+1
001495  2  69 4C                ADC     #>locmap
001497  2  85 11                STA     ptr+1
001499  2  60                   RTS
00149A  2               
00149A  2               ;----------------------------------------------------------------
00149A  2               ; Authored overworld map (64 x 64).
00149A  2               ; Surrounded by water; a central continent with two towns, a
00149A  2               ; castle, the dungeon entrance, forests, mountains and a river
00149A  2               ; crossed by a bridge.
00149A  2               ;----------------------------------------------------------------
00149A  2               ; Maps are stored as NUL-terminated rows.  The decoder pads short
00149A  2               ; rows with grass and truncates long ones, so the exact authored
00149A  2               ; width of each row is not critical (target widths shown in the
00149A  2               ; header rulers for readability).
00149A  2               ow_src:
00149A  2                       ;        0         1         2         3         4         5         6
00149A  2                       ;        0123456789012345678901234567890123456789012345678901234567890123
00149A  2  7E 7E 7E 7E          .BYTE   "~~~~~~~~~~~~~~~~~~~~~~~~~~~~~~~~~~~~~~~~~~~~~~~~~~~~~~~~~~~~~~~~~~~~",0
00149E  2  7E 7E 7E 7E  
0014A2  2  7E 7E 7E 7E  
0014DF  2  7E 2E 2E 2E          .BYTE   "~..............................................................~~",0
0014E3  2  2E 2E 2E 2E  
0014E7  2  2E 2E 2E 2E  
001521  2  7E 2E 2E 26          .BYTE   "~..&&&......^^^^.........&&&&&...........^^^...........&&&.....~~~",0
001525  2  26 26 2E 2E  
001529  2  2E 2E 2E 2E  
001564  2  7E 2E 26 26          .BYTE   "~.&&&&&....^^^^^^.......&&&&&&&.........^^^^^.........&&&&&....~~~~",0
001568  2  26 26 26 2E  
00156C  2  2E 2E 2E 5E  
0015A8  2  7E 2E 26 26          .BYTE   "~.&&&......^^^^^^^.....&&&...&&........^^^^^^........&&&&&&&...~~~~",0
0015AC  2  26 2E 2E 2E  
0015B0  2  2E 2E 2E 5E  
0015EC  2  7E 2E 2E 26          .BYTE   "~..&.......^^^^^^.....&&.......&&......^^^^^.........&&&&&....~~~~~",0
0015F0  2  2E 2E 2E 2E  
0015F4  2  2E 2E 2E 5E  
001630  2  7E 2E 2E 2E          .BYTE   "~.........^^^^.......&&.........&......^^^...........&&&......~~~~~",0
001634  2  2E 2E 2E 2E  
001638  2  2E 2E 5E 5E  
001674  2  7E 2E 2E 2E          .BYTE   "~....................................................T.......~~~~~",0
001678  2  2E 2E 2E 2E  
00167C  2  2E 2E 2E 2E  
0016B7  2  7E 2E 2E 2E          .BYTE   "~...............:::::::::::....................::::::::......~~~~~~",0
0016BB  2  2E 2E 2E 2E  
0016BF  2  2E 2E 2E 2E  
0016FB  2  7E 2E 2E 26          .BYTE   "~..&&......^^^..:..............:::::::::::::::::.......:.....~~~~~~",0
0016FF  2  26 2E 2E 2E  
001703  2  2E 2E 2E 5E  
00173F  2  7E 2E 26 26          .BYTE   "~.&&&&....^^^^^.:..............................:......:.....~~~~~~",0
001743  2  26 26 2E 2E  
001747  2  2E 2E 5E 5E  
001782  2  7E 2E 26 26          .BYTE   "~.&&&....^^^^^^.:.............#####............:......:....~~~~~~~",0
001786  2  26 2E 2E 2E  
00178A  2  2E 5E 5E 5E  
0017C5  2  7E 2E 2E 26          .BYTE   "~..&....^^^^^...:.............#####............:......:...~~~~~~~~",0
0017C9  2  2E 2E 2E 2E  
0017CD  2  5E 5E 5E 5E  
001808  2  7E 2E 2E 2E          .BYTE   "~......^^^^....::.............#####............:......:...~~~~~~~~",0
00180C  2  2E 2E 2E 5E  
001810  2  5E 5E 5E 2E  
00184B  2  7E 2E 2E 2E          .BYTE   "~.....^^^....::...............:::::............:......:..~~~~~~~~~",0
00184F  2  2E 2E 5E 5E  
001853  2  5E 2E 2E 2E  
00188E  2  7E 2E 2E 2E          .BYTE   "~..........::................:....:...........:......:..~~~~~~~~~~",0
001892  2  2E 2E 2E 2E  
001896  2  2E 2E 2E 3A  
0018D1  2  7E 2E 2E 2E          .BYTE   "~.........::...............:.......:..........:.....::..~~~~~~~~~~",0
0018D5  2  2E 2E 2E 2E  
0018D9  2  2E 2E 3A 3A  
001914  2  7E 2E 2E 2E          .BYTE   "~........::...............:.........:.........:.....:...~~~~~~~~~~",0
001918  2  2E 2E 2E 2E  
00191C  2  2E 3A 3A 2E  
001957  2  7E 7E 7E 7E          .BYTE   "~~~~~~~~==~~~~~~~~~~~~~~~~~:.........:~~~~~~~~~~:~~~~~:~~~~~~~~~~~~~",0
00195B  2  7E 7E 7E 7E  
00195F  2  3D 3D 7E 7E  
00199C  2  7E 2E 2E 2E          .BYTE   "~.......::...............:..........:.........:.....:.......~~~~~~",0
0019A0  2  2E 2E 2E 2E  
0019A4  2  3A 3A 2E 2E  
0019DF  2  7E 2E 2E 2E          .BYTE   "~......::...............:............:........:.....:.......~~~~~~",0
0019E3  2  2E 2E 2E 3A  
0019E7  2  3A 2E 2E 2E  
001A22  2  7E 2E 2E 2E          .BYTE   "~.....::.........&&&...:.............:........:.....:.......~~~~~~",0
001A26  2  2E 2E 3A 3A  
001A2A  2  2E 2E 2E 2E  
001A65  2  7E 2E 2E 2E          .BYTE   "~....::.........&&&&&.:..............:........:.....:.......~~~~~~",0
001A69  2  2E 3A 3A 2E  
001A6D  2  2E 2E 2E 2E  
001AA8  2  7E 2E 2E 2E          .BYTE   "~...::..........&&&&&:...............:........:.....:.......~~~~~~",0
001AAC  2  3A 3A 2E 2E  
001AB0  2  2E 2E 2E 2E  
001AEB  2  7E 2E 2E 3A          .BYTE   "~..::...........&&&&:................:........:.....:.......~~~~~~",0
001AEF  2  3A 2E 2E 2E  
001AF3  2  2E 2E 2E 2E  
001B2E  2  7E 2E 3A 3A          .BYTE   "~.::...........&&&:.................:.........:.....:......~~~~~~~",0
001B32  2  2E 2E 2E 2E  
001B36  2  2E 2E 2E 2E  
001B71  2  7E 3A 3A 2E          .BYTE   "~::...........&&:.........^^^^^....:..........:....::......~~~~~~~",0
001B75  2  2E 2E 2E 2E  
001B79  2  2E 2E 2E 2E  
001BB4  2  7E 3A 2E 2E          .BYTE   "~:...........&:..........^^...^^..:...........:....:.......~~~~~~~",0
001BB8  2  2E 2E 2E 2E  
001BBC  2  2E 2E 2E 2E  
001BF7  2  7E 2E 2E 2E          .BYTE   "~...........::..........^^..O..^^.:...........:....:.......~~~~~~~",0
001BFB  2  2E 2E 2E 2E  
001BFF  2  2E 2E 2E 2E  
001C3A  2  7E 2E 2E 2E          .BYTE   "~..........:...........^^^^...^^^:............:....:.......~~~~~~~",0
001C3E  2  2E 2E 2E 2E  
001C42  2  2E 2E 2E 3A  
001C7D  2  7E 2E 2E 2E          .BYTE   "~.........:...........^^^^^^..^^^^............:....:.......~~~~~~~",0
001C81  2  2E 2E 2E 2E  
001C85  2  2E 2E 3A 2E  
001CC0  2  7E 2E 2E 2E          .BYTE   "~........:...........^^^^^^^...^^^^...........:....:.......~~~~~~~",0
001CC4  2  2E 2E 2E 2E  
001CC8  2  2E 3A 2E 2E  
001D03  2  7E 2E 2E 2E          .BYTE   "~.......:...........................&&&.......:....:.......~~~~~~~",0
001D07  2  2E 2E 2E 2E  
001D0B  2  3A 2E 2E 2E  
001D46  2  7E 2E 2E 2E          .BYTE   "~......:...........&&&&............&&&&&......:....:........~~~~~~",0
001D4A  2  2E 2E 2E 3A  
001D4E  2  2E 2E 2E 2E  
001D89  2  7E 2E 2E 2E          .BYTE   "~.....:...........&&&&&&..........&&&&&&&.....:....:........~~~~~~",0
001D8D  2  2E 2E 3A 2E  
001D91  2  2E 2E 2E 2E  
001DCC  2  7E 2E 2E 2E          .BYTE   "~....:...........&&&&&&&.........&&&&&&&&.....:....:........~~~~~~",0
001DD0  2  2E 3A 2E 2E  
001DD4  2  2E 2E 2E 2E  
001E0F  2  7E 2E 2E 2E          .BYTE   "~...:...........&&&&&&&..........&&&&&&&......:....:........~~~~~~",0
001E13  2  3A 2E 2E 2E  
001E17  2  2E 2E 2E 2E  
001E52  2  7E 2E 2E 3A          .BYTE   "~..:............&&&&&&.............&&&&.......:....::.......~~~~~~",0
001E56  2  2E 2E 2E 2E  
001E5A  2  2E 2E 2E 2E  
001E95  2  7E 2E 2E 3A          .BYTE   "~..:...........&&&&&................&&........:.....:.......~~~~~~",0
001E99  2  2E 2E 2E 2E  
001E9D  2  2E 2E 2E 2E  
001ED8  2  7E 2E 2E 3A          .BYTE   "~..:........................T................:.....:.......~~~~~~",0
001EDC  2  2E 2E 2E 2E  
001EE0  2  2E 2E 2E 2E  
001F1A  2  7E 2E 2E 3A          .BYTE   "~..:......................:::::::............:.....:.......~~~~~~",0
001F1E  2  2E 2E 2E 2E  
001F22  2  2E 2E 2E 2E  
001F5C  2  7E 2E 2E 3A          .BYTE   "~..:.....................:.......:...........:.....:.......~~~~~~",0
001F60  2  2E 2E 2E 2E  
001F64  2  2E 2E 2E 2E  
001F9E  2  7E 2E 2E 3A          .BYTE   "~..::...................:.........:..........:.....:.......~~~~~~",0
001FA2  2  3A 2E 2E 2E  
001FA6  2  2E 2E 2E 2E  
001FE0  2  7E 2E 2E 2E          .BYTE   "~...:..................:..^^^^.....:.........:.....:.......~~~~~~",0
001FE4  2  3A 2E 2E 2E  
001FE8  2  2E 2E 2E 2E  
002022  2  7E 2E 2E 2E          .BYTE   "~...:.................:..^^^^^^.....:........:.....:.......~~~~~~",0
002026  2  3A 2E 2E 2E  
00202A  2  2E 2E 2E 2E  
002064  2  7E 2E 2E 2E          .BYTE   "~...:................:..^^^^^^^^.....:.......:.....:.......~~~~~~",0
002068  2  3A 2E 2E 2E  
00206C  2  2E 2E 2E 2E  
0020A6  2  7E 2E 2E 2E          .BYTE   "~...&&..............:..^^^^^^^^^^....:.......:.....:.......~~~~~~",0
0020AA  2  26 26 2E 2E  
0020AE  2  2E 2E 2E 2E  
0020E8  2  7E 2E 2E 26          .BYTE   "~..&&&&............:..^^^^^^^^^^^^....:......:.....:.......~~~~~~",0
0020EC  2  26 26 26 2E  
0020F0  2  2E 2E 2E 2E  
00212A  2  7E 2E 2E 26          .BYTE   "~..&&&&...........:..^^^^^^^^^^^^^^...:......:.....:.......~~~~~~",0
00212E  2  26 26 26 2E  
002132  2  2E 2E 2E 2E  
00216C  2  7E 2E 2E 2E          .BYTE   "~...&&...........:....^^^^^^^^^^^^...:.......:.....:.......~~~~~~",0
002170  2  26 26 2E 2E  
002174  2  2E 2E 2E 2E  
0021AE  2  7E 2E 2E 2E          .BYTE   "~...............:......^^^^^^^^^^...:........:.....:.......~~~~~~",0
0021B2  2  2E 2E 2E 2E  
0021B6  2  2E 2E 2E 2E  
0021F0  2  7E 2E 2E 2E          .BYTE   "~..............:........^^^^^^^...:.........::.....:.......~~~~~~",0
0021F4  2  2E 2E 2E 2E  
0021F8  2  2E 2E 2E 2E  
002232  2  7E 2E 2E 2E          .BYTE   "~.............:...........^^^...:..........:......::.......~~~~~~",0
002236  2  2E 2E 2E 2E  
00223A  2  2E 2E 2E 2E  
002274  2  7E 2E 2E 2E          .BYTE   "~............:..................:..........:.......:.......~~~~~~",0
002278  2  2E 2E 2E 2E  
00227C  2  2E 2E 2E 2E  
0022B6  2  7E 2E 2E 2E          .BYTE   "~...........:.................::...........:.......&&&......~~~~~~",0
0022BA  2  2E 2E 2E 2E  
0022BE  2  2E 2E 2E 2E  
0022F9  2  7E 2E 2E 2E          .BYTE   "~..........................................:......&&&&&.....~~~~~~",0
0022FD  2  2E 2E 2E 2E  
002301  2  2E 2E 2E 2E  
00233C  2  7E 2E 2E 2E          .BYTE   "~....&&&.................................&&&:......&&&&&.....~~~~~~",0
002340  2  2E 26 26 26  
002344  2  2E 2E 2E 2E  
002380  2  7E 2E 2E 2E          .BYTE   "~...&&&&&..............................&&&&&.......&&&&......~~~~~~",0
002384  2  26 26 26 26  
002388  2  26 2E 2E 2E  
0023C4  2  7E 2E 2E 2E          .BYTE   "~...&&&&&............................&&&&&&&................~~~~~~~",0
0023C8  2  26 26 26 26  
0023CC  2  26 2E 2E 2E  
002408  2  7E 2E 2E 2E          .BYTE   "~....&&&............................&&&&&&.................~~~~~~~~",0
00240C  2  2E 26 26 26  
002410  2  2E 2E 2E 2E  
00244C  2  7E 2E 2E 2E          .BYTE   "~................................&&&&...................~~~~~~~~~~",0
002450  2  2E 2E 2E 2E  
002454  2  2E 2E 2E 2E  
00248F  2  7E 2E 2E 2E          .BYTE   "~....................................................~~~~~~~~~~~~~",0
002493  2  2E 2E 2E 2E  
002497  2  2E 2E 2E 2E  
0024D2  2  7E 7E 2E 2E          .BYTE   "~~..............................................~~~~~~~~~~~~~~~~~~",0
0024D6  2  2E 2E 2E 2E  
0024DA  2  2E 2E 2E 2E  
002515  2  7E 7E 7E 7E          .BYTE   "~~~~~~~~~~~~~~~~~~~~~~~~~~~~~~~~~~~~~~~~~~~~~~~~~~~~~~~~~~~~~~~~~~~~",0
002519  2  7E 7E 7E 7E  
00251D  2  7E 7E 7E 7E  
00255A  2               
00255A  2               ;----------------------------------------------------------------
00255A  2               ; Authored town map (32 x 20).  '+' on the border is the exit.
00255A  2               ;----------------------------------------------------------------
00255A  2               town_src:
00255A  2                       ;                 1         2         3
00255A  2                       ;        12345678901234567890123456789012
00255A  2  23 23 23 23          .BYTE   "################################",0
00255E  2  23 23 23 23  
002562  2  23 23 23 23  
00257B  2  23 2E 2E 2E          .BYTE   "#..............................#",0
00257F  2  2E 2E 2E 2E  
002583  2  2E 2E 2E 2E  
00259C  2  23 2E 2E 23          .BYTE   "#..####....####....####....###.#",0
0025A0  2  23 23 23 2E  
0025A4  2  2E 2E 2E 23  
0025BD  2  23 2E 2E 23          .BYTE   "#..#..#....#..#....#SS#....#.#.#",0
0025C1  2  2E 2E 23 2E  
0025C5  2  2E 2E 2E 23  
0025DE  2  23 2E 2E 23          .BYTE   "#..#..#....#..#....#..#....#.#.#",0
0025E2  2  2E 2E 23 2E  
0025E6  2  2E 2E 2E 23  
0025FF  2  23 2E 2E 23          .BYTE   "#..####....####....#..#....###.#",0
002603  2  23 23 23 2E  
002607  2  2E 2E 2E 23  
002620  2  23 2E 2E 2E          .BYTE   "#..............................#",0
002624  2  2E 2E 2E 2E  
002628  2  2E 2E 2E 2E  
002641  2  23 2E 2E 2E          .BYTE   "#...........::::::::...........#",0
002645  2  2E 2E 2E 2E  
002649  2  2E 2E 2E 2E  
002662  2  23 2E 2E 23          .BYTE   "#..####.....:......:....####...#",0
002666  2  23 23 23 2E  
00266A  2  2E 2E 2E 2E  
002683  2  23 2E 2E 23          .BYTE   "#..#..#.....:......:....#..#...#",0
002687  2  2E 2E 23 2E  
00268B  2  2E 2E 2E 2E  
0026A4  2  23 2E 2E 23          .BYTE   "#..#..#.....:......:....#..#...#",0
0026A8  2  2E 2E 23 2E  
0026AC  2  2E 2E 2E 2E  
0026C5  2  23 2E 2E 23          .BYTE   "#..####.....:......:....####...#",0
0026C9  2  23 23 23 2E  
0026CD  2  2E 2E 2E 2E  
0026E6  2  23 2E 2E 2E          .BYTE   "#...........::::::::...........#",0
0026EA  2  2E 2E 2E 2E  
0026EE  2  2E 2E 2E 2E  
002707  2  23 2E 2E 2E          .BYTE   "#..............................#",0
00270B  2  2E 2E 2E 2E  
00270F  2  2E 2E 2E 2E  
002728  2  23 2E 2E 7E          .BYTE   "#..~~~~....####....####...~~~..#",0
00272C  2  7E 7E 7E 2E  
002730  2  2E 2E 2E 23  
002749  2  23 2E 2E 7E          .BYTE   "#..~~~~....#..#....#..#...~~~..#",0
00274D  2  7E 7E 7E 2E  
002751  2  2E 2E 2E 23  
00276A  2  23 2E 2E 2E          .BYTE   "#..........#..#....#..#........#",0
00276E  2  2E 2E 2E 2E  
002772  2  2E 2E 2E 23  
00278B  2  23 2E 2E 2E          .BYTE   "#..........####....####........#",0
00278F  2  2E 2E 2E 2E  
002793  2  2E 2E 2E 23  
0027AC  2  23 23 23 23          .BYTE   "##############++################",0
0027B0  2  23 23 23 23  
0027B4  2  23 23 23 23  
0027CD  2  23 23 23 23          .BYTE   "################################",0
0027D1  2  23 23 23 23  
0027D5  2  23 23 23 23  
0027EE  2               
0027EE  2               ;----------------------------------------------------------------
0027EE  2               ; Authored dungeon map (32 x 20).  '<' is stairs up (exit),
0027EE  2               ; '$' are treasure chests, the boss is placed by entity spawn.
0027EE  2               ;----------------------------------------------------------------
0027EE  2               dung_src:
0027EE  2  23 23 23 23          .BYTE   "################################",0
0027F2  2  23 23 23 23  
0027F6  2  23 23 23 23  
00280F  2  23 3C 2E 2E          .BYTE   "#<.....#......#........#.......#",0
002813  2  2E 2E 2E 23  
002817  2  2E 2E 2E 2E  
002830  2  23 2E 23 23          .BYTE   "#.####.#.####.#.######.#.#####.#",0
002834  2  23 23 2E 23  
002838  2  2E 23 23 23  
002851  2  23 2E 23 2E          .BYTE   "#.#..#.#.#..#.#.#....#.#.#...#.#",0
002855  2  2E 23 2E 23  
002859  2  2E 23 2E 2E  
002872  2  23 2E 23 24          .BYTE   "#.#$.#...#..#...#.$..#...#.$.#.#",0
002876  2  2E 23 2E 2E  
00287A  2  2E 23 2E 2E  
002893  2  23 2E 23 2E          .BYTE   "#.#..####..#.####.####.###...#.#",0
002897  2  2E 23 23 23  
00289B  2  23 2E 2E 23  
0028B4  2  23 2E 23 2E          .BYTE   "#.#.......#....#....#......#.#.#",0
0028B8  2  2E 2E 2E 2E  
0028BC  2  2E 2E 23 2E  
0028D5  2  23 2E 23 2E          .BYTE   "#.#.#####.####.#.##.#.####.#.#.#",0
0028D9  2  23 23 23 23  
0028DD  2  23 2E 23 23  
0028F6  2  23 2E 2E 2E          .BYTE   "#...#...#....#.#..#.#..$.#.#.#.#",0
0028FA  2  23 2E 2E 2E  
0028FE  2  23 2E 2E 2E  
002917  2  23 23 23 2E          .BYTE   "###.#.#.####.#.##.#.####.#.#.#.#",0
00291B  2  23 2E 23 2E  
00291F  2  23 23 23 23  
002938  2  23 2E 2E 2E          .BYTE   "#...#.#....#.#..#.#....#.#.#.#.#",0
00293C  2  23 2E 23 2E  
002940  2  2E 2E 2E 23  
002959  2  23 2E 23 23          .BYTE   "#.###.####.#.#.##.####.#.#.#.#.#",0
00295D  2  23 2E 23 23  
002961  2  23 23 2E 23  
00297A  2  23 2E 23 2E          .BYTE   "#.#......#.#.#..#....#.#...#...#",0
00297E  2  2E 2E 2E 2E  
002982  2  2E 23 2E 23  
00299B  2  23 2E 23 2E          .BYTE   "#.#.####.#.#.##.####.#.#####.#.#",0
00299F  2  23 23 23 23  
0029A3  2  2E 23 2E 23  
0029BC  2  23 2E 23 2E          .BYTE   "#.#.#..#...#..#....#.......#.#.#",0
0029C0  2  23 2E 2E 23  
0029C4  2  2E 2E 2E 23  
0029DD  2  23 2E 23 2E          .BYTE   "#.#.#.############.#######.#.#.#",0
0029E1  2  23 2E 23 23  
0029E5  2  23 23 23 23  
0029FE  2  23 2E 2E 2E          .BYTE   "#...#...........$........#...#.#",0
002A02  2  23 2E 2E 2E  
002A06  2  2E 2E 2E 2E  
002A1F  2  23 2E 23 23          .BYTE   "#.#############.########.#.###.#",0
002A23  2  23 23 23 23  
002A27  2  23 23 23 23  
002A40  2  23 2E 2E 2E          .BYTE   "#.............................$#",0
002A44  2  2E 2E 2E 2E  
002A48  2  2E 2E 2E 2E  
002A61  2  23 23 23 23          .BYTE   "################################",0
002A65  2  23 23 23 23  
002A69  2  23 23 23 23  
002A82  2               
002A82  1                       .INCLUDE "video.asm"
002A82  2               ;______________________________________________________________________________
002A82  2               ;  video.asm - memory-mapped video: paging, framing, viewport, UI text
002A82  2               ;
002A82  2               ;  Direct VRAM access (the fast path used by SpeedScript): map video
002A82  2               ;  sub-page $F9 into CPU bank $A.  Then:
002A82  2               ;     text  char at  $A000 + row*80 + col
002A82  2               ;     color cell at  $A800 + row*80 + col
002A82  2               ;  Color byte = (bg<<4)|fg.
002A82  2               ;
002A82  2               ;  All direct-write routines must be bracketed by vid_enter / vid_exit.
002A82  2               ;  UI text via the firmware (prmsg / putxy) does NOT page; it uses
002A82  2               ;  FARCALL chrout/locate and must be used while in task 0.
002A82  2               ;______________________________________________________________________________
002A82  2               
002A82  2               ;----------------------------------------------------------------
002A82  2               ; vid_enter - map video text/color page into $A000-$AFFF (task 1)
002A82  2               ;             trashes A,X ; preserves Y
002A82  2               ;----------------------------------------------------------------
002A82  2               vid_enter:
002A82  2  A9 01                LDA     #$01            ; configure task 01
002A84  2  A2 0A                LDX     #$0A            ; CPU bank $A ($A000-$AFFF)
002A86  2  A0 F9                LDY     #VIDTEXT_PAGE   ; physical video page $F9
002A88  2  20 F6 FF             JSR     SETPAGE
002A8B  2  A9 01                LDA     #$01
002A8D  2  8D E0 EF             STA     PC6502_ACT_TASK ; activate task 01
002A90  2  60                   RTS
002A91  2               
002A91  2               ;----------------------------------------------------------------
002A91  2               ; vid_exit - restore normal memory at $A000 (task 0)
002A91  2               ;----------------------------------------------------------------
002A91  2               vid_exit:
002A91  2  A9 00                LDA     #$00
002A93  2  8D E0 EF             STA     PC6502_ACT_TASK
002A96  2  60                   RTS
002A97  2               
002A97  2               ;----------------------------------------------------------------
002A97  2               ; rowbase - compute VRAM pointers for the start of a screen row.
002A97  2               ;   IN : A = row (0..23)
002A97  2               ;   OUT: vptr -> $A000 + row*80   (text)
002A97  2               ;        cptr -> $A800 + row*80   (color)
002A97  2               ;   row*80 = row*64 + row*16 = (row<<6)+(row<<4)
002A97  2               ;----------------------------------------------------------------
002A97  2               rowbase:
002A97  2  85 20                STA     tmp0            ; row
002A99  2                       ; row*16 -> ptr2
002A99  2  A9 00                LDA     #0
002A9B  2  85 13                STA     ptr2+1
002A9D  2  A5 20                LDA     tmp0
002A9F  2  0A                   ASL     A               ; *2
002AA0  2  0A                   ASL     A               ; *4
002AA1  2  0A                   ASL     A               ; *8
002AA2  2  0A                   ASL     A               ; *16 (row<=23 so <=368, may set carry)
002AA3  2  85 12                STA     ptr2
002AA5  2  A9 00                LDA     #0
002AA7  2  2A                   ROL     A
002AA8  2  85 13                STA     ptr2+1          ; high bits of row*16
002AAA  2                       ; row*64 -> ptr
002AAA  2  A5 20                LDA     tmp0
002AAC  2  85 10                STA     ptr
002AAE  2  A9 00                LDA     #0
002AB0  2  85 11                STA     ptr+1
002AB2  2  06 10                ASL     ptr
002AB4  2  26 11                ROL     ptr+1           ; *2
002AB6  2  06 10                ASL     ptr
002AB8  2  26 11                ROL     ptr+1           ; *4
002ABA  2  06 10                ASL     ptr
002ABC  2  26 11                ROL     ptr+1           ; *8
002ABE  2  06 10                ASL     ptr
002AC0  2  26 11                ROL     ptr+1           ; *16
002AC2  2  06 10                ASL     ptr
002AC4  2  26 11                ROL     ptr+1           ; *32
002AC6  2  06 10                ASL     ptr
002AC8  2  26 11                ROL     ptr+1           ; *64
002ACA  2                       ; ptr = ptr + ptr2 = row*80
002ACA  2  18                   CLC
002ACB  2  A5 10                LDA     ptr
002ACD  2  65 12                ADC     ptr2
002ACF  2  85 10                STA     ptr
002AD1  2  A5 11                LDA     ptr+1
002AD3  2  65 13                ADC     ptr2+1
002AD5  2  85 11                STA     ptr+1
002AD7  2                       ; vptr = $A000 + ptr
002AD7  2  18                   CLC
002AD8  2  A5 10                LDA     ptr
002ADA  2  85 14                STA     vptr
002ADC  2  A5 11                LDA     ptr+1
002ADE  2  69 A0                ADC     #>VRAM_TEXT
002AE0  2  85 15                STA     vptr+1
002AE2  2                       ; cptr = $A800 + ptr
002AE2  2  18                   CLC
002AE3  2  A5 10                LDA     ptr
002AE5  2  85 16                STA     cptr
002AE7  2  A5 11                LDA     ptr+1
002AE9  2  69 A8                ADC     #>VRAM_COLOR
002AEB  2  85 17                STA     cptr+1
002AED  2  60                   RTS
002AEE  2               
002AEE  2               ;----------------------------------------------------------------
002AEE  2               ; putcell - write one char+color cell directly to VRAM.
002AEE  2               ;   MUST be called between vid_enter / vid_exit.
002AEE  2               ;   IN : tmp1 = row, tmp2 = col, tmp3 = char, colidx = color
002AEE  2               ;   trashes A,Y
002AEE  2               ;----------------------------------------------------------------
002AEE  2               putcell:
002AEE  2  A5 21                LDA     tmp1
002AF0  2  20 97 2A             JSR     rowbase
002AF3  2  A4 22                LDY     tmp2
002AF5  2  A5 23                LDA     tmp3
002AF7  2  91 14                STA     (vptr),Y
002AF9  2  A5 26                LDA     colidx
002AFB  2  91 16                STA     (cptr),Y
002AFD  2  60                   RTS
002AFE  2               
002AFE  2               ;----------------------------------------------------------------
002AFE  2               ; cls_vram - fill the whole screen with spaces in C_BLANK.
002AFE  2               ;----------------------------------------------------------------
002AFE  2               cls_vram:
002AFE  2  20 82 2A             JSR     vid_enter
002B01  2  A9 00                LDA     #0
002B03  2  85 27                STA     rowidx
002B05  2               @row:
002B05  2  A5 27                LDA     rowidx
002B07  2  20 97 2A             JSR     rowbase
002B0A  2  A0 00                LDY     #0
002B0C  2               @col:
002B0C  2  A9 20                LDA     #space
002B0E  2  91 14                STA     (vptr),Y
002B10  2  A9 07                LDA     #C_BLANK
002B12  2  91 16                STA     (cptr),Y
002B14  2  C8                   INY
002B15  2  C0 50                CPY     #SCRW
002B17  2  D0 F3                BNE     @col
002B19  2  E6 27                INC     rowidx
002B1B  2  A5 27                LDA     rowidx
002B1D  2  C9 18                CMP     #SCRH
002B1F  2  D0 E4                BNE     @row
002B21  2  4C 91 2A             JMP     vid_exit
002B24  2               
002B24  2               ;----------------------------------------------------------------
002B24  2               ; fillrow_vram - fill one row [colA..colB) with char/color.
002B24  2               ;   IN: tmp1=row, tmp2=start col, tmp3=char, colidx=color, cnt0=count
002B24  2               ;   MUST be inside vid_enter/vid_exit.
002B24  2               ;----------------------------------------------------------------
002B24  2               fillrow_vram:
002B24  2  A5 21                LDA     tmp1
002B26  2  20 97 2A             JSR     rowbase
002B29  2  A4 22                LDY     tmp2
002B2B  2  A6 24                LDX     cnt0
002B2D  2               @fl:
002B2D  2  A5 23                LDA     tmp3
002B2F  2  91 14                STA     (vptr),Y
002B31  2  A5 26                LDA     colidx
002B33  2  91 16                STA     (cptr),Y
002B35  2  C8                   INY
002B36  2  CA                   DEX
002B37  2  D0 F4                BNE     @fl
002B39  2  60                   RTS
002B3A  2               
002B3A  2               ;----------------------------------------------------------------
002B3A  2               ; draw_frame - draw the static game UI: title bar, viewport frame,
002B3A  2               ;              stat panel frame, and message area divider.
002B3A  2               ;              Done once at game start (and after returning from
002B3A  2               ;              full-screen menus).
002B3A  2               ;----------------------------------------------------------------
002B3A  2               draw_frame:
002B3A  2  20 FE 2A             JSR     cls_vram
002B3D  2  20 82 2A             JSR     vid_enter
002B40  2               
002B40  2                       ; --- top title bar (row 0) ---
002B40  2  A9 00                LDA     #0
002B42  2  85 21                STA     tmp1
002B44  2  A9 00                LDA     #0
002B46  2  85 22                STA     tmp2
002B48  2  A9 20                LDA     #space
002B4A  2  85 23                STA     tmp3
002B4C  2  A9 0B                LDA     #C_TITLE
002B4E  2  85 26                STA     colidx
002B50  2  A9 50                LDA     #SCRW
002B52  2  85 24                STA     cnt0
002B54  2  20 24 2B             JSR     fillrow_vram
002B57  2                       ; centered title text written below via vid_exit path
002B57  2               
002B57  2                       ; --- viewport top/bottom horizontal borders ---
002B57  2                       ; top border at row 0 already part of title; we frame the
002B57  2                       ; viewport with vertical bars and a bottom rule at VPY0+VPH.
002B57  2                       ; vertical left/right bars for viewport rows
002B57  2  A2 01                LDX     #VPY0
002B59  2               @vbar:
002B59  2  8A                   TXA
002B5A  2  85 21                STA     tmp1
002B5C  2  20 97 2A             JSR     rowbase
002B5F  2  A0 00                LDY     #0              ; left edge col 0
002B61  2  A9 7C                LDA     #'|'
002B63  2  91 14                STA     (vptr),Y
002B65  2  A9 0E                LDA     #C_BORDER
002B67  2  91 16                STA     (cptr),Y
002B69  2  A0 2E                LDY     #(VPW+1)        ; right edge of viewport
002B6B  2  A9 7C                LDA     #'|'
002B6D  2  91 14                STA     (vptr),Y
002B6F  2  A9 0E                LDA     #C_BORDER
002B71  2  91 16                STA     (cptr),Y
002B73  2  E8                   INX
002B74  2  E0 15                CPX     #(VPY0+VPH)
002B76  2  D0 E1                BNE     @vbar
002B78  2               
002B78  2                       ; viewport bottom rule + message divider share row VPY0+VPH
002B78  2                       ; (= MSGY0-1).  Draw it full-width.
002B78  2  A9 15                LDA     #(VPY0+VPH)
002B7A  2  85 21                STA     tmp1
002B7C  2  A9 00                LDA     #0
002B7E  2  85 22                STA     tmp2
002B80  2  A9 3D                LDA     #'='
002B82  2  85 23                STA     tmp3
002B84  2  A9 0E                LDA     #C_BORDER
002B86  2  85 26                STA     colidx
002B88  2  A9 50                LDA     #SCRW
002B8A  2  85 24                STA     cnt0
002B8C  2  20 24 2B             JSR     fillrow_vram
002B8F  2               
002B8F  2                       ; panel header row (row 1) background highlight
002B8F  2  A9 01                LDA     #1
002B91  2  85 21                STA     tmp1
002B93  2  A9 2F                LDA     #(VPW+2)
002B95  2  85 22                STA     tmp2
002B97  2  A9 20                LDA     #space
002B99  2  85 23                STA     tmp3
002B9B  2  A9 4B                LDA     #C_PANELHDR
002B9D  2  85 26                STA     colidx
002B9F  2  A9 21                LDA     #(SCRW-(VPW+2))
002BA1  2  85 24                STA     cnt0
002BA3  2  20 24 2B             JSR     fillrow_vram
002BA6  2               
002BA6  2  20 91 2A             JSR     vid_exit
002BA9  2               
002BA9  2                       ; write the title bar + panel header text via firmware
002BA9  2  A2 1E                LDX     #30
002BAB  2  A0 00                LDY     #0
002BAD  2  20 D0 2B             JSR     locate
002BB0  2  A9 0B                LDA     #C_TITLE
002BB2  2  8D 4A 06             STA     CURCOLOR
002BB5  2  A9 C1 A0 2C          PRINTMSG titlebar
002BB9  2  20 E2 2B     
002BBC  2               
002BBC  2  A2 31                LDX     #(VPW+4)
002BBE  2  A0 01                LDY     #1
002BC0  2  20 D0 2B             JSR     locate
002BC3  2  A9 4B                LDA     #C_PANELHDR
002BC5  2  8D 4A 06             STA     CURCOLOR
002BC8  2  A9 D5 A0 2C          PRINTMSG panelhdr
002BCC  2  20 E2 2B     
002BCF  2  60                   RTS
002BD0  2               
002BD0  2               ;----------------------------------------------------------------
002BD0  2               ; locate - position the firmware text cursor.  X=col, Y=row.
002BD0  2               ;----------------------------------------------------------------
002BD0  2               locate:
002BD0  2  A9 25 85 32          FARCALL FC_LOCATE
002BD4  2  20 F0 FF     
002BD7  2  60                   RTS
002BD8  2               
002BD8  2               ;----------------------------------------------------------------
002BD8  2               ; putc - output one char via firmware (A=char), honoring CURCOLOR.
002BD8  2               ;        (Cannot use the FARCALL macro - it would clobber the char
002BD8  2               ;         in A.  Set farfunct, then restore A before the call.)
002BD8  2               ;----------------------------------------------------------------
002BD8  2               putc:
002BD8  2  48                   PHA
002BD9  2  A9 13                LDA     #FC_CHROUT
002BDB  2  85 32                STA     farfunct
002BDD  2  68                   PLA
002BDE  2  20 F0 FF             JSR     DO_FARCALL
002BE1  2  60                   RTS
002BE2  2               
002BE2  2               ;----------------------------------------------------------------
002BE2  2               ; prmsg - print a 0-terminated string via firmware chrout.
002BE2  2               ;   IN: A=lo, Y=hi of string address.  Uses CURCOLOR for color.
002BE2  2               ;----------------------------------------------------------------
002BE2  2               prmsg:
002BE2  2  85 1C                STA     strp
002BE4  2  84 1D                STY     strp+1
002BE6  2  A0 00                LDY     #0
002BE8  2               @pl:
002BE8  2  B1 1C                LDA     (strp),Y
002BEA  2  F0 08                BEQ     @done
002BEC  2  5A                   PHY
002BED  2  20 D8 2B             JSR     putc
002BF0  2  7A                   PLY
002BF1  2  C8                   INY
002BF2  2  D0 F4                BNE     @pl
002BF4  2               @done:
002BF4  2  60                   RTS
002BF5  2               
002BF5  2               ;----------------------------------------------------------------
002BF5  2               ; putxy - position cursor (X=col,Y=row), set color (A=color),
002BF5  2               ;         then print string at strp.  Helper for panel fields.
002BF5  2               ;   IN: tmp2=col, tmp1=row, colidx=color, strp=string ptr
002BF5  2               ;----------------------------------------------------------------
002BF5  2               putxy:
002BF5  2  A6 22                LDX     tmp2
002BF7  2  A4 21                LDY     tmp1
002BF9  2  20 D0 2B             JSR     locate
002BFC  2  A5 26                LDA     colidx
002BFE  2  8D 4A 06             STA     CURCOLOR
002C01  2  A5 1C                LDA     strp
002C03  2  A4 1D                LDY     strp+1
002C05  2  20 E2 2B             JSR     prmsg
002C08  2  60                   RTS
002C09  2               
002C09  2               ;----------------------------------------------------------------
002C09  2               ; clear_panel_value - blank a panel field area before redraw.
002C09  2               ;   IN: X=col, Y=row, A=width
002C09  2               ;----------------------------------------------------------------
002C09  2               clear_panel_value:
002C09  2  85 25                STA     cnt1            ; width
002C0B  2  20 D0 2B             JSR     locate
002C0E  2  A9 0F                LDA     #C_PANEL
002C10  2  8D 4A 06             STA     CURCOLOR
002C13  2               @cpv:
002C13  2  A9 20                LDA     #space
002C15  2  20 D8 2B             JSR     putc
002C18  2  C6 25                DEC     cnt1
002C1A  2  D0 F7                BNE     @cpv
002C1C  2  60                   RTS
002C1D  2               
002C1D  2               ;----------------------------------------------------------------
002C1D  2               ; render_view - draw the scrolling map viewport centered on the
002C1D  2               ; player.  Reads tiles from the active map via tileat, looks up
002C1D  2               ; glyph + color, writes directly to VRAM, then overlays visible
002C1D  2               ; monsters and the player glyph at the center.
002C1D  2               ;
002C1D  2               ;   uses: px,py (player world coords), loc (active map)
002C1D  2               ;   The top-left WORLD cell shown is (px-VPCX, py-VPCY).
002C1D  2               ;----------------------------------------------------------------
002C1D  2               render_view:
002C1D  2  20 82 2A             JSR     vid_enter
002C20  2                       ; vrow = 0..VPH-1
002C20  2  A9 00                LDA     #0
002C22  2  85 27                STA     rowidx          ; viewport row
002C24  2               @vrow:
002C24  2                       ; screen row = VPY0 + rowidx ; compute vptr/cptr base for it
002C24  2  18                   CLC
002C25  2  A5 27                LDA     rowidx
002C27  2  69 01                ADC     #VPY0
002C29  2  20 97 2A             JSR     rowbase         ; vptr/cptr -> start of that screen row
002C2C  2                       ; world y for this row = py - VPCY + rowidx
002C2C  2  38                   SEC
002C2D  2  AD D1 3A             LDA     py
002C30  2  E9 0A                SBC     #VPCY
002C32  2  18                   CLC
002C33  2  65 27                ADC     rowidx
002C35  2  85 2D                STA     tgty
002C37  2                       ; column loop
002C37  2  A9 00                LDA     #0
002C39  2  85 26                STA     colidx          ; viewport column
002C3B  2               @vcol:
002C3B  2                       ; world x = px - VPCX + colidx
002C3B  2  38                   SEC
002C3C  2  AD D0 3A             LDA     px
002C3F  2  E9 16                SBC     #VPCX
002C41  2  18                   CLC
002C42  2  65 26                ADC     colidx
002C44  2  85 2C                STA     tgtx
002C46  2                       ; fetch tile (returns tgttile)
002C46  2  20 70 13             JSR     tileat
002C49  2                       ; look up glyph and color
002C49  2  A6 2E                LDX     tgttile
002C4B  2  BD 5A 12             LDA     tile_glyph,X
002C4E  2  85 20                STA     tmp0            ; glyph
002C50  2  BD 69 12             LDA     tile_color,X
002C53  2  85 21                STA     tmp1            ; color
002C55  2                       ; write to VRAM at column VPX0+colidx
002C55  2  18                   CLC
002C56  2  A5 26                LDA     colidx
002C58  2  69 01                ADC     #VPX0
002C5A  2  A8                   TAY
002C5B  2  A5 20                LDA     tmp0
002C5D  2  91 14                STA     (vptr),Y
002C5F  2  A5 21                LDA     tmp1
002C61  2  91 16                STA     (cptr),Y
002C63  2                       ; next column
002C63  2  E6 26                INC     colidx
002C65  2  A5 26                LDA     colidx
002C67  2  C9 2D                CMP     #VPW
002C69  2  D0 D0                BNE     @vcol
002C6B  2                       ; next row
002C6B  2  E6 27                INC     rowidx
002C6D  2  A5 27                LDA     rowidx
002C6F  2  C9 14                CMP     #VPH
002C71  2  D0 B1                BNE     @vrow
002C73  2               
002C73  2                       ; --- overlay monsters that fall within the viewport ---
002C73  2  20 FB 30             JSR     draw_monsters_vram
002C76  2               
002C76  2                       ; --- overlay the player at the fixed center cell ---
002C76  2  A9 0B                LDA     #(VPY0+VPCY)
002C78  2  20 97 2A             JSR     rowbase
002C7B  2  A0 17                LDY     #(VPX0+VPCX)
002C7D  2  A9 10                LDA     #G_PLAYER
002C7F  2  91 14                STA     (vptr),Y
002C81  2  A9 0F                LDA     #C_PLAYER
002C83  2  91 16                STA     (cptr),Y
002C85  2               
002C85  2  4C 91 2A             JMP     vid_exit
002C88  2               
002C88  2               ;----------------------------------------------------------------
002C88  2               ; plot_view_cell - write a glyph+color to the viewport at WORLD
002C88  2               ; coords (tgtx,tgty) IF that cell is currently visible.  Used to
002C88  2               ; overlay monsters.  MUST be called inside vid_enter/vid_exit.
002C88  2               ;   IN: tgtx,tgty = world coords ; cnt0 = glyph ; cnt1 = color
002C88  2               ;       px,py = player world coords
002C88  2               ;   NOTE: glyph/color are passed in cnt0/cnt1, NOT tmp0/tmp1,
002C88  2               ;   because rowbase (called below) clobbers tmp0.
002C88  2               ;----------------------------------------------------------------
002C88  2               plot_view_cell:
002C88  2                       ; vc = tgtx - (px - VPCX) = tgtx - px + VPCX
002C88  2  38                   SEC
002C89  2  A5 2C                LDA     tgtx
002C8B  2  ED D0 3A             SBC     px
002C8E  2  18                   CLC
002C8F  2  69 16                ADC     #VPCX
002C91  2                       ; must be 0..VPW-1
002C91  2  30 2D                BMI     @no             ; (signed underflow check via N flag)
002C93  2  C9 2D                CMP     #VPW
002C95  2  B0 29                BCS     @no
002C97  2  85 22                STA     tmp2            ; viewport column
002C99  2                       ; vr = tgty - py + VPCY
002C99  2  38                   SEC
002C9A  2  A5 2D                LDA     tgty
002C9C  2  ED D1 3A             SBC     py
002C9F  2  18                   CLC
002CA0  2  69 0A                ADC     #VPCY
002CA2  2  30 1C                BMI     @no
002CA4  2  C9 14                CMP     #VPH
002CA6  2  B0 18                BCS     @no
002CA8  2  85 23                STA     tmp3            ; viewport row
002CAA  2                       ; screen row = VPY0 + tmp3
002CAA  2  18                   CLC
002CAB  2  A5 23                LDA     tmp3
002CAD  2  69 01                ADC     #VPY0
002CAF  2  20 97 2A             JSR     rowbase         ; (clobbers tmp0/ptr/ptr2; tmp2/3,cnt0/1 safe)
002CB2  2  18                   CLC
002CB3  2  A5 22                LDA     tmp2
002CB5  2  69 01                ADC     #VPX0
002CB7  2  A8                   TAY
002CB8  2  A5 24                LDA     cnt0            ; glyph
002CBA  2  91 14                STA     (vptr),Y
002CBC  2  A5 25                LDA     cnt1            ; color
002CBE  2  91 16                STA     (cptr),Y
002CC0  2               @no:
002CC0  2  60                   RTS
002CC1  2               
002CC1  2               ;----------------------------------------------------------------
002CC1  2               ; Static UI strings
002CC1  2               ;----------------------------------------------------------------
002CC1  2               titlebar:
002CC1  2  3D 20 57 20          .BYTE   "= W Y R M H O L D =",0
002CC5  2  59 20 52 20  
002CC9  2  4D 20 48 20  
002CD5  2               panelhdr:
002CD5  2  41 44 56 45          .BYTE   "ADVENTURER",0
002CD9  2  4E 54 55 52  
002CDD  2  45 52 00     
002CE0  2               
002CE0  1                       .INCLUDE "ui.asm"
002CE0  2               ;______________________________________________________________________________
002CE0  2               ;  ui.asm - message log, stat panel, prompts, decimal output
002CE0  2               ;______________________________________________________________________________
002CE0  2               
002CE0  2               ;----------------------------------------------------------------
002CE0  2               ; displaynum - print the 16-bit value in numarg as decimal using
002CE0  2               ;              the firmware (honours CURCOLOR).  No leading spaces.
002CE0  2               ;              (adapted from speedscript displaynum)
002CE0  2               ;----------------------------------------------------------------
002CE0  2               displaynum:
002CE0  2  A0 08                LDY     #8              ; index into nums (5 entries x2 bytes)
002CE2  2               @find:
002CE2  2  A5 1F                LDA     numarg+1
002CE4  2  D9 2A 2D             CMP     nums+1,Y
002CE7  2  90 09                BCC     @next
002CE9  2  D0 0B                BNE     @start
002CEB  2  A5 1E                LDA     numarg
002CED  2  D9 29 2D             CMP     nums,Y
002CF0  2  B0 04                BCS     @start
002CF2  2               @next:
002CF2  2  88                   DEY
002CF3  2  88                   DEY
002CF4  2  D0 EC                BNE     @find
002CF6  2               @start:
002CF6  2  A9 30                LDA     #'0'
002CF8  2  85 28                STA     numspace
002CFA  2               @dig:
002CFA  2  A5 1F                LDA     numarg+1
002CFC  2  D9 2A 2D             CMP     nums+1,Y
002CFF  2  90 1E                BCC     @out
002D01  2  D0 09                BNE     @nocmp
002D03  2  A5 1E                LDA     numarg
002D05  2  F9 29 2D             SBC     nums,Y          ; carry set
002D08  2  90 15                BCC     @out
002D0A  2  B0 05                BCS     @sub
002D0C  2               @nocmp:
002D0C  2  A5 1E                LDA     numarg
002D0E  2  F9 29 2D             SBC     nums,Y          ; carry set
002D11  2               @sub:
002D11  2  E6 28                INC     numspace
002D13  2  85 1E                STA     numarg
002D15  2  A5 1F                LDA     numarg+1
002D17  2  F9 2A 2D             SBC     nums+1,Y
002D1A  2  85 1F                STA     numarg+1
002D1C  2  4C FA 2C             JMP     @dig
002D1F  2               @out:
002D1F  2  A5 28                LDA     numspace
002D21  2  20 D8 2B             JSR     putc
002D24  2  88                   DEY
002D25  2  88                   DEY
002D26  2  10 CE                BPL     @start
002D28  2  60                   RTS
002D29  2               
002D29  2               ; place value table (1,10,100,1000,10000) as 16-bit LE words
002D29  2               nums:
002D29  2  01 00                .WORD   1
002D2B  2  0A 00                .WORD   10
002D2D  2  64 00                .WORD   100
002D2F  2  E8 03                .WORD   1000
002D31  2  10 27                .WORD   10000
002D33  2               
002D33  2               ;----------------------------------------------------------------
002D33  2               ; print a single 8-bit value (in A) as decimal.
002D33  2               ;----------------------------------------------------------------
002D33  2               print_byte:
002D33  2  85 1E                STA     numarg
002D35  2  A9 00                LDA     #0
002D37  2  85 1F                STA     numarg+1
002D39  2  4C E0 2C             JMP     displaynum
002D3C  2               
002D3C  2               ;----------------------------------------------------------------
002D3C  2               ; Message log: two lines at rows MSGY0 and MSGY0+1.
002D3C  2               ; msg_print scrolls the bottom line up and prints a new line.
002D3C  2               ;
002D3C  2               ;   msg_print:  IN A=lo,Y=hi of 0-terminated string
002D3C  2               ;----------------------------------------------------------------
002D3C  2               msg_print:
002D3C  2  85 1C                STA     strp
002D3E  2  84 1D                STY     strp+1
002D40  2                       ; copy current bottom line (msgbuf1) up to (msgbuf0)
002D40  2  A2 00                LDX     #0
002D42  2               @up:
002D42  2  BD 3F 3B             LDA     msgbuf1,X
002D45  2  9D EF 3A             STA     msgbuf0,X
002D48  2  E8                   INX
002D49  2  E0 50                CPX     #SCRW
002D4B  2  D0 F5                BNE     @up
002D4D  2                       ; copy new string into msgbuf1 (truncate/pad to SCRW)
002D4D  2  A0 00                LDY     #0
002D4F  2               @cp:
002D4F  2  B1 1C                LDA     (strp),Y
002D51  2  F0 0B                BEQ     @padb
002D53  2  99 3F 3B             STA     msgbuf1,Y
002D56  2  C8                   INY
002D57  2  C0 50                CPY     #SCRW
002D59  2  D0 F4                BNE     @cp
002D5B  2  4C 68 2D             JMP     @draw
002D5E  2               @padb:
002D5E  2  A9 20                LDA     #space
002D60  2               @pad:
002D60  2  99 3F 3B             STA     msgbuf1,Y
002D63  2  C8                   INY
002D64  2  C0 50                CPY     #SCRW
002D66  2  D0 F8                BNE     @pad
002D68  2               @draw:
002D68  2  4C 6B 2D             JMP     msg_redraw
002D6B  2               
002D6B  2               ;----------------------------------------------------------------
002D6B  2               ; msg_redraw - blit both message buffers to the message rows via
002D6B  2               ;              direct VRAM (so it does not disturb the text cursor).
002D6B  2               ;----------------------------------------------------------------
002D6B  2               msg_redraw:
002D6B  2  20 82 2A             JSR     vid_enter
002D6E  2                       ; row MSGY0 <- msgbuf0
002D6E  2  A9 16                LDA     #MSGY0
002D70  2  20 97 2A             JSR     rowbase
002D73  2  A0 00                LDY     #0
002D75  2               @r0:
002D75  2  B9 EF 3A             LDA     msgbuf0,Y
002D78  2  91 14                STA     (vptr),Y
002D7A  2  A9 0F                LDA     #C_MSG
002D7C  2  91 16                STA     (cptr),Y
002D7E  2  C8                   INY
002D7F  2  C0 50                CPY     #SCRW
002D81  2  D0 F2                BNE     @r0
002D83  2                       ; row MSGY0+1 <- msgbuf1
002D83  2  A9 17                LDA     #MSGY0+1
002D85  2  20 97 2A             JSR     rowbase
002D88  2  A0 00                LDY     #0
002D8A  2               @r1:
002D8A  2  B9 3F 3B             LDA     msgbuf1,Y
002D8D  2  91 14                STA     (vptr),Y
002D8F  2  A9 0F                LDA     #C_MSG
002D91  2  91 16                STA     (cptr),Y
002D93  2  C8                   INY
002D94  2  C0 50                CPY     #SCRW
002D96  2  D0 F2                BNE     @r1
002D98  2  4C 91 2A             JMP     vid_exit
002D9B  2               
002D9B  2               ;----------------------------------------------------------------
002D9B  2               ; msg_clear - blank both message buffers and redraw.
002D9B  2               ;----------------------------------------------------------------
002D9B  2               msg_clear:
002D9B  2  A2 00                LDX     #0
002D9D  2  A9 20                LDA     #space
002D9F  2               @mc:
002D9F  2  9D EF 3A             STA     msgbuf0,X
002DA2  2  9D 3F 3B             STA     msgbuf1,X
002DA5  2  E8                   INX
002DA6  2  E0 50                CPX     #SCRW
002DA8  2  D0 F5                BNE     @mc
002DAA  2  4C 6B 2D             JMP     msg_redraw
002DAD  2               
002DAD  2               ;----------------------------------------------------------------
002DAD  2               ; Stat panel.  Drawn on the right side using firmware text output.
002DAD  2               ; Labels are static; values are redrawn each turn.
002DAD  2               ;----------------------------------------------------------------
002DAD  2               draw_panel:
002DAD  2                       ; HP line:  "HP   : nn/nn"
002DAD  2  A2 30                LDX     #PANX
002DAF  2  A0 03                LDY     #3
002DB1  2  20 D0 2B             JSR     locate
002DB4  2  A9 0F                LDA     #C_PANEL
002DB6  2  8D 4A 06             STA     CURCOLOR
002DB9  2  A9 13 A0 2F          PRINTMSG lbl_hp
002DBD  2  20 E2 2B     
002DC0  2  AD D2 3A             LDA     phealth
002DC3  2  20 33 2D             JSR     print_byte
002DC6  2  A9 2F                LDA     #'/'
002DC8  2  20 D8 2B             JSR     putc
002DCB  2  AD D3 3A             LDA     pmaxhp
002DCE  2  20 33 2D             JSR     print_byte
002DD1  2  20 9A 2E             JSR     pad_clear       ; clear trailing junk
002DD4  2               
002DD4  2                       ; Level / XP
002DD4  2  A2 30                LDX     #PANX
002DD6  2  A0 05                LDY     #5
002DD8  2  20 D0 2B             JSR     locate
002DDB  2  A9 1B A0 2F          PRINTMSG lbl_lvl
002DDF  2  20 E2 2B     
002DE2  2  AD D4 3A             LDA     plevel
002DE5  2  20 33 2D             JSR     print_byte
002DE8  2  A2 3C                LDX     #PANX+12
002DEA  2  A0 05                LDY     #5
002DEC  2  20 D0 2B             JSR     locate
002DEF  2  A9 21 A0 2F          PRINTMSG lbl_xp
002DF3  2  20 E2 2B     
002DF6  2  AD D5 3A 85          COPY16  pxp, numarg
002DFA  2  1E AD D6 3A  
002DFE  2  85 1F        
002E00  2  20 E0 2C             JSR     displaynum
002E03  2  20 9A 2E             JSR     pad_clear
002E06  2               
002E06  2                       ; Gold / Food
002E06  2  A2 30                LDX     #PANX
002E08  2  A0 07                LDY     #7
002E0A  2  20 D0 2B             JSR     locate
002E0D  2  A9 26 A0 2F          PRINTMSG lbl_gold
002E11  2  20 E2 2B     
002E14  2  AD D7 3A 85          COPY16  pgold, numarg
002E18  2  1E AD D8 3A  
002E1C  2  85 1F        
002E1E  2  20 E0 2C             JSR     displaynum
002E21  2  A2 3C                LDX     #PANX+12
002E23  2  A0 07                LDY     #7
002E25  2  20 D0 2B             JSR     locate
002E28  2  A9 2D A0 2F          PRINTMSG lbl_food
002E2C  2  20 E2 2B     
002E2F  2  AD D9 3A 85          COPY16  pfood, numarg
002E33  2  1E AD DA 3A  
002E37  2  85 1F        
002E39  2  20 E0 2C             JSR     displaynum
002E3C  2  20 9A 2E             JSR     pad_clear
002E3F  2               
002E3F  2                       ; Weapon
002E3F  2  A2 30                LDX     #PANX
002E41  2  A0 09                LDY     #9
002E43  2  20 D0 2B             JSR     locate
002E46  2  A9 34 A0 2F          PRINTMSG lbl_wpn
002E4A  2  20 E2 2B     
002E4D  2  AD DB 3A             LDA     pweapon
002E50  2  20 AA 2E             JSR     name_weapon     ; strp -> name
002E53  2  A5 1C                LDA     strp
002E55  2  A4 1D                LDY     strp+1
002E57  2  20 E2 2B             JSR     prmsg
002E5A  2  20 9A 2E             JSR     pad_clear
002E5D  2               
002E5D  2                       ; Armor
002E5D  2  A2 30                LDX     #PANX
002E5F  2  A0 0A                LDY     #10
002E61  2  20 D0 2B             JSR     locate
002E64  2  A9 3D A0 2F          PRINTMSG lbl_arm
002E68  2  20 E2 2B     
002E6B  2  AD DC 3A             LDA     parmor
002E6E  2  20 B7 2E             JSR     name_armor
002E71  2  A5 1C                LDA     strp
002E73  2  A4 1D                LDY     strp+1
002E75  2  20 E2 2B             JSR     prmsg
002E78  2  20 9A 2E             JSR     pad_clear
002E7B  2               
002E7B  2                       ; Location
002E7B  2  A2 30                LDX     #PANX
002E7D  2  A0 0C                LDY     #12
002E7F  2  20 D0 2B             JSR     locate
002E82  2  A9 46 A0 2F          PRINTMSG lbl_loc
002E86  2  20 E2 2B     
002E89  2  AD DD 3A             LDA     loc
002E8C  2  20 C4 2E             JSR     name_loc
002E8F  2  A5 1C                LDA     strp
002E91  2  A4 1D                LDY     strp+1
002E93  2  20 E2 2B             JSR     prmsg
002E96  2  20 9A 2E             JSR     pad_clear
002E99  2  60                   RTS
002E9A  2               
002E9A  2               ; pad_clear - print spaces out to the right screen edge to erase
002E9A  2               ;             any leftover characters from a previous longer value.
002E9A  2               ;             Stops at the last column to avoid auto-scroll.
002E9A  2               pad_clear:
002E9A  2               @pc:
002E9A  2  AD 47 06             LDA     CURX
002E9D  2  C9 4F                CMP     #SCRW-1
002E9F  2  B0 08                BCS     @done
002EA1  2  A9 20                LDA     #space
002EA3  2  20 D8 2B             JSR     putc
002EA6  2  4C 9A 2E             JMP     @pc
002EA9  2               @done:
002EA9  2  60                   RTS
002EAA  2               
002EAA  2               ;----------------------------------------------------------------
002EAA  2               ; name_weapon / name_armor / name_loc - set strp to a name string
002EAA  2               ;   IN: A = index
002EAA  2               ;----------------------------------------------------------------
002EAA  2               name_weapon:
002EAA  2  0A                   ASL     A
002EAB  2  AA                   TAX
002EAC  2  BD 4F 2F             LDA     wpn_names,X
002EAF  2  85 1C                STA     strp
002EB1  2  BD 50 2F             LDA     wpn_names+1,X
002EB4  2  85 1D                STA     strp+1
002EB6  2  60                   RTS
002EB7  2               name_armor:
002EB7  2  0A                   ASL     A
002EB8  2  AA                   TAX
002EB9  2  BD 6E 2F             LDA     arm_names,X
002EBC  2  85 1C                STA     strp
002EBE  2  BD 6F 2F             LDA     arm_names+1,X
002EC1  2  85 1D                STA     strp+1
002EC3  2  60                   RTS
002EC4  2               name_loc:
002EC4  2  0A                   ASL     A
002EC5  2  AA                   TAX
002EC6  2  BD 92 2F             LDA     loc_names,X
002EC9  2  85 1C                STA     strp
002ECB  2  BD 93 2F             LDA     loc_names+1,X
002ECE  2  85 1D                STA     strp+1
002ED0  2  60                   RTS
002ED1  2               
002ED1  2               ;----------------------------------------------------------------
002ED1  2               ; yorn - wait for a Y/N keypress.  Returns Z=1 if Yes (A='Y').
002ED1  2               ;----------------------------------------------------------------
002ED1  2               yorn:
002ED1  2               @wait:
002ED1  2  20 ED 2E             JSR     getkey_block
002ED4  2  C9 59                CMP     #'Y'
002ED6  2  F0 0F                BEQ     @yes
002ED8  2  C9 79                CMP     #'y'
002EDA  2  F0 0B                BEQ     @yes
002EDC  2  C9 4E                CMP     #'N'
002EDE  2  F0 0A                BEQ     @no
002EE0  2  C9 6E                CMP     #'n'
002EE2  2  F0 06                BEQ     @no
002EE4  2  4C D1 2E             JMP     @wait
002EE7  2               @yes:
002EE7  2  A9 00                LDA     #0              ; Z=1
002EE9  2  60                   RTS
002EEA  2               @no:
002EEA  2  A9 01                LDA     #1              ; Z=0
002EEC  2  60                   RTS
002EED  2               
002EED  2               ;----------------------------------------------------------------
002EED  2               ; getkey_block - block until a key is pressed; return it in A.
002EED  2               ;----------------------------------------------------------------
002EED  2               getkey_block:
002EED  2               @gk:
002EED  2  A9 14 85 32          FARCALL FC_CHRIN
002EF1  2  20 F0 FF     
002EF4  2  C9 FF                CMP     #$FF
002EF6  2  F0 F5                BEQ     @gk
002EF8  2  60                   RTS
002EF9  2               
002EF9  2               ;----------------------------------------------------------------
002EF9  2               ; getkey - non-blocking read; A=key or 0 if none.
002EF9  2               ;----------------------------------------------------------------
002EF9  2               getkey:
002EF9  2  A9 14 85 32          FARCALL FC_CHRIN
002EFD  2  20 F0 FF     
002F00  2  C9 FF                CMP     #$FF
002F02  2  D0 02                BNE     @got
002F04  2  A9 00                LDA     #0
002F06  2               @got:
002F06  2  60                   RTS
002F07  2               
002F07  2               ;----------------------------------------------------------------
002F07  2               ; drainkeys - consume and discard all buffered keystrokes.
002F07  2               ;----------------------------------------------------------------
002F07  2               drainkeys:
002F07  2               @dk:
002F07  2  A9 14 85 32          FARCALL FC_CHRIN
002F0B  2  20 F0 FF     
002F0E  2  C9 FF                CMP     #$FF
002F10  2  D0 F5                BNE     @dk             ; got a key - keep draining
002F12  2  60                   RTS
002F13  2               
002F13  2               ;----------------------------------------------------------------
002F13  2               ; Panel labels and name tables
002F13  2               ;----------------------------------------------------------------
002F13  2  48 50 20 20  lbl_hp:   .BYTE "HP   : ",0
002F17  2  20 3A 20 00  
002F1B  2  4C 76 6C 3A  lbl_lvl:  .BYTE "Lvl: ",0
002F1F  2  20 00        
002F21  2  58 50 3A 20  lbl_xp:   .BYTE "XP: ",0
002F25  2  00           
002F26  2  47 6F 6C 64  lbl_gold: .BYTE "Gold: ",0
002F2A  2  3A 20 00     
002F2D  2  46 6F 6F 64  lbl_food: .BYTE "Food: ",0
002F31  2  3A 20 00     
002F34  2  57 65 61 70  lbl_wpn:  .BYTE "Weapon: ",0
002F38  2  6F 6E 3A 20  
002F3C  2  00           
002F3D  2  41 72 6D 6F  lbl_arm:  .BYTE "Armor : ",0
002F41  2  72 20 3A 20  
002F45  2  00           
002F46  2  57 68 65 72  lbl_loc:  .BYTE "Where : ",0
002F4A  2  65 20 3A 20  
002F4E  2  00           
002F4F  2               
002F4F  2               wpn_names:
002F4F  2  57 2F 5D 2F          .WORD   wn0, wn1, wn2, wn3
002F53  2  64 2F 6A 2F  
002F57  2  46 69 73 74  wn0:    .BYTE   "Fists",0
002F5B  2  73 00        
002F5D  2  44 61 67 67  wn1:    .BYTE   "Dagger",0
002F61  2  65 72 00     
002F64  2  53 77 6F 72  wn2:    .BYTE   "Sword",0
002F68  2  64 00        
002F6A  2  41 78 65 00  wn3:    .BYTE   "Axe",0
002F6E  2               
002F6E  2               arm_names:
002F6E  2  76 2F 7E 2F          .WORD   an0, an1, an2, an3
002F72  2  86 2F 8C 2F  
002F76  2  43 6C 6F 74  an0:    .BYTE   "Clothes",0
002F7A  2  68 65 73 00  
002F7E  2  4C 65 61 74  an1:    .BYTE   "Leather",0
002F82  2  68 65 72 00  
002F86  2  43 68 61 69  an2:    .BYTE   "Chain",0
002F8A  2  6E 00        
002F8C  2  50 6C 61 74  an3:    .BYTE   "Plate",0
002F90  2  65 00        
002F92  2               
002F92  2               loc_names:
002F92  2  98 2F A1 2F          .WORD   ln0, ln1, ln2
002F96  2  A6 2F        
002F98  2  57 79 72 6D  ln0:    .BYTE   "Wyrmhold",0
002F9C  2  68 6F 6C 64  
002FA0  2  00           
002FA1  2  54 6F 77 6E  ln1:    .BYTE   "Town",0
002FA5  2  00           
002FA6  2  44 75 6E 67  ln2:    .BYTE   "Dungeon",0
002FAA  2  65 6F 6E 00  
002FAE  2               
002FAE  1                       .INCLUDE "entity.asm"
002FAE  2               ;______________________________________________________________________________
002FAE  2               ;  entity.asm - monsters: table, spawning, simple AI, rendering
002FAE  2               ;
002FAE  2               ;  Parallel arrays of MAXMON slots.  A slot with mon_type == M_NONE
002FAE  2               ;  is empty.  Monsters live on the currently active map (overworld
002FAE  2               ;  or dungeon).  Towns have no monsters.
002FAE  2               ;______________________________________________________________________________
002FAE  2               
002FAE  2               ;----------------------------------------------------------------
002FAE  2               ; Per-monster-type stat tables (indexed by M_* id)
002FAE  2               ;   mtype_glyph : ASCII glyph
002FAE  2               ;   mtype_color : color cell
002FAE  2               ;   mtype_hp    : starting HP
002FAE  2               ;   mtype_atk   : attack dice sides (damage 1..atk)
002FAE  2               ;   mtype_xp    : XP awarded on kill
002FAE  2               ;   mtype_gold  : gold dropped (max; rolled 0..gold)
002FAE  2               ;----------------------------------------------------------------
002FAE  2               mtype_glyph:
002FAE  2  20                   .BYTE   ' '             ; 0 none
002FAF  2  11                   .BYTE   G_ORC           ; 1 orc
002FB0  2  12                   .BYTE   G_SNAKE         ; 2 snake
002FB1  2  13                   .BYTE   G_SKELETON      ; 3 skeleton
002FB2  2  14                   .BYTE   G_THIEF         ; 4 thief
002FB3  2  15                   .BYTE   G_TROLL         ; 5 troll
002FB4  2  16                   .BYTE   G_BOSS          ; 6 boss (dragon)
002FB5  2               mtype_color:
002FB5  2  09                   .BYTE   C_MONST         ; 0
002FB6  2  0A                   .BYTE   COLOR(CO_BRGREEN,CO_BLACK)  ; orc
002FB7  2  02                   .BYTE   COLOR(CO_GREEN, CO_BLACK)   ; snake
002FB8  2  0F                   .BYTE   COLOR(CO_BRWHITE,CO_BLACK)  ; skeleton
002FB9  2  0B                   .BYTE   COLOR(CO_BRYELLOW,CO_BLACK) ; thief
002FBA  2  0E                   .BYTE   COLOR(CO_BRCYAN,CO_BLACK)   ; troll
002FBB  2  19                   .BYTE   C_BOSS                      ; boss
002FBC  2               mtype_hp:
002FBC  2  00 06 04 08          .BYTE   0, 6, 4, 8, 5, 14, 40
002FC0  2  05 0E 28     
002FC3  2               mtype_atk:
002FC3  2  00 04 03 05          .BYTE   0, 4, 3, 5, 3, 7, 12
002FC7  2  03 07 0C     
002FCA  2               mtype_xp:
002FCA  2  00 03 02 05          .BYTE   0, 3, 2, 5, 4, 10, 50
002FCE  2  04 0A 32     
002FD1  2               mtype_gold:
002FD1  2  00 04 01 03          .BYTE   0, 4, 1, 3, 12, 8, 40
002FD5  2  0C 08 28     
002FD8  2               
002FD8  2               ;----------------------------------------------------------------
002FD8  2               ; mon_clear_all - empty every monster slot.
002FD8  2               ;----------------------------------------------------------------
002FD8  2               mon_clear_all:
002FD8  2  A2 00                LDX     #0
002FDA  2  A9 00                LDA     #M_NONE
002FDC  2               @c:
002FDC  2  9D F0 3B             STA     mon_type,X
002FDF  2  E8                   INX
002FE0  2  E0 0C                CPX     #MAXMON
002FE2  2  D0 F8                BNE     @c
002FE4  2  60                   RTS
002FE5  2               
002FE5  2               ;----------------------------------------------------------------
002FE5  2               ; mon_find_free - find an empty slot.  Returns X = slot, C=1 ok,
002FE5  2               ;                 C=0 if table full.
002FE5  2               ;----------------------------------------------------------------
002FE5  2               mon_find_free:
002FE5  2  A2 00                LDX     #0
002FE7  2               @f:
002FE7  2  BD F0 3B             LDA     mon_type,X
002FEA  2  C9 00                CMP     #M_NONE
002FEC  2  F0 07                BEQ     @found
002FEE  2  E8                   INX
002FEF  2  E0 0C                CPX     #MAXMON
002FF1  2  D0 F4                BNE     @f
002FF3  2  18                   CLC
002FF4  2  60                   RTS
002FF5  2               @found:
002FF5  2  38                   SEC
002FF6  2  60                   RTS
002FF7  2               
002FF7  2               ;----------------------------------------------------------------
002FF7  2               ; mon_spawn - create a monster.
002FF7  2               ;   IN: A=type, tgtx=x, tgty=y
002FF7  2               ;   Sets hp from the type table.  No-op if table full.
002FF7  2               ;----------------------------------------------------------------
002FF7  2               mon_spawn:
002FF7  2  85 20                STA     tmp0            ; type
002FF9  2  20 E5 2F             JSR     mon_find_free
002FFC  2  90 17                BCC     @full
002FFE  2  A5 20                LDA     tmp0
003000  2  9D F0 3B             STA     mon_type,X
003003  2  A5 2C                LDA     tgtx
003005  2  9D FC 3B             STA     mon_x,X
003008  2  A5 2D                LDA     tgty
00300A  2  9D 08 3C             STA     mon_y,X
00300D  2  A4 20                LDY     tmp0
00300F  2  B9 BC 2F             LDA     mtype_hp,Y
003012  2  9D 14 3C             STA     mon_hp,X
003015  2               @full:
003015  2  60                   RTS
003016  2               
003016  2               ;----------------------------------------------------------------
003016  2               ; mon_at - is there a live monster at (tgtx,tgty)?
003016  2               ;          Returns X = slot and C=1 if found, else C=0.
003016  2               ;----------------------------------------------------------------
003016  2               mon_at:
003016  2  A2 00                LDX     #0
003018  2               @a:
003018  2  BD F0 3B             LDA     mon_type,X
00301B  2  C9 00                CMP     #M_NONE
00301D  2  F0 10                BEQ     @nextslot
00301F  2  BD FC 3B             LDA     mon_x,X
003022  2  C5 2C                CMP     tgtx
003024  2  D0 09                BNE     @nextslot
003026  2  BD 08 3C             LDA     mon_y,X
003029  2  C5 2D                CMP     tgty
00302B  2  D0 02                BNE     @nextslot
00302D  2  38                   SEC
00302E  2  60                   RTS
00302F  2               @nextslot:
00302F  2  E8                   INX
003030  2  E0 0C                CPX     #MAXMON
003032  2  D0 E4                BNE     @a
003034  2  18                   CLC
003035  2  60                   RTS
003036  2               
003036  2               ;----------------------------------------------------------------
003036  2               ; mon_kill - remove monster in slot X.
003036  2               ;----------------------------------------------------------------
003036  2               mon_kill:
003036  2  A9 00                LDA     #M_NONE
003038  2  9D F0 3B             STA     mon_type,X
00303B  2  60                   RTS
00303C  2               
00303C  2               ;----------------------------------------------------------------
00303C  2               ; spawn_overworld_monsters - scatter a handful of monsters on the
00303C  2               ; overworld at random passable land tiles near the centre.
00303C  2               ;----------------------------------------------------------------
00303C  2               spawn_overworld_monsters:
00303C  2  20 D8 2F             JSR     mon_clear_all
00303F  2  A9 04                LDA     #4              ; only a few roaming monsters at a time
003041  2  85 24                STA     cnt0
003043  2               @loop:
003043  2                       ; place in a ring roughly 6..21 tiles from the player: far
003043  2                       ; enough not to crowd you, near enough to be encountered.
003043  2                       ; offset = (rand(0..15) + 6), sign random per axis.
003043  2  A9 10                LDA     #16
003045  2  20 7F 0C             JSR     rng_mod
003048  2  18                   CLC
003049  2  69 06                ADC     #6              ; 6..21
00304B  2  85 21                STA     tmp1            ; magnitude
00304D  2  20 5F 0C             JSR     rng_next        ; random sign bit
003050  2  29 01                AND     #1
003052  2  F0 09                BEQ     @xplus
003054  2  AD D0 3A             LDA     px
003057  2  38                   SEC
003058  2  E5 21                SBC     tmp1
00305A  2  4C 63 30             JMP     @setx
00305D  2               @xplus:
00305D  2  AD D0 3A             LDA     px
003060  2  18                   CLC
003061  2  65 21                ADC     tmp1
003063  2               @setx:
003063  2  85 2C                STA     tgtx
003065  2  A9 10                LDA     #16
003067  2  20 7F 0C             JSR     rng_mod
00306A  2  18                   CLC
00306B  2  69 06                ADC     #6
00306D  2  85 21                STA     tmp1
00306F  2  20 5F 0C             JSR     rng_next
003072  2  29 01                AND     #1
003074  2  F0 09                BEQ     @yplus
003076  2  AD D1 3A             LDA     py
003079  2  38                   SEC
00307A  2  E5 21                SBC     tmp1
00307C  2  4C 85 30             JMP     @sety
00307F  2               @yplus:
00307F  2  AD D1 3A             LDA     py
003082  2  18                   CLC
003083  2  65 21                ADC     tmp1
003085  2               @sety:
003085  2  85 2D                STA     tgty
003087  2                       ; reject the player's own tile (don't spawn on top of you)
003087  2  A5 2C                LDA     tgtx
003089  2  CD D0 3A             CMP     px
00308C  2  D0 07                BNE     @okpos
00308E  2  A5 2D                LDA     tgty
003090  2  CD D1 3A             CMP     py
003093  2  F0 20                BEQ     @skip
003095  2               @okpos:
003095  2                       ; must be passable grass/forest (not water/mountain/town...)
003095  2  20 70 13             JSR     tileat
003098  2  A6 2E                LDX     tgttile
00309A  2  BD 78 12             LDA     tile_prop,X
00309D  2  29 01                AND     #P_PASS
00309F  2  F0 14                BEQ     @skip
0030A1  2  BD 78 12             LDA     tile_prop,X
0030A4  2  29 0C                AND     #(P_TOWN|P_DUNG)
0030A6  2  D0 0D                BNE     @skip           ; don't sit on a town/dungeon tile
0030A8  2                       ; not already occupied by a monster?
0030A8  2  20 16 30             JSR     mon_at
0030AB  2  B0 08                BCS     @skip
0030AD  2                       ; pick a random monster type 1..5
0030AD  2  A9 05                LDA     #5
0030AF  2  20 8F 0C             JSR     rng_d           ; 1..5
0030B2  2  20 F7 2F             JSR     mon_spawn
0030B5  2               @skip:
0030B5  2  C6 24                DEC     cnt0
0030B7  2  D0 8A                BNE     @loop
0030B9  2  60                   RTS
0030BA  2               
0030BA  2               ;----------------------------------------------------------------
0030BA  2               ; spawn_dungeon_monsters - place a few monsters and the boss.
0030BA  2               ;----------------------------------------------------------------
0030BA  2               spawn_dungeon_monsters:
0030BA  2  20 D8 2F             JSR     mon_clear_all
0030BD  2                       ; the boss waits at the far corner treasure room (bottom-right)
0030BD  2  A9 1D                LDA     #29
0030BF  2  85 2C                STA     tgtx
0030C1  2  A9 12                LDA     #18
0030C3  2  85 2D                STA     tgty
0030C5  2  A9 06                LDA     #M_BOSS
0030C7  2  20 F7 2F             JSR     mon_spawn
0030CA  2                       ; a couple of guards on floor tiles
0030CA  2  A9 04                LDA     #4
0030CC  2  85 24                STA     cnt0
0030CE  2               @loop:
0030CE  2  A9 1C                LDA     #28
0030D0  2  20 7F 0C             JSR     rng_mod
0030D3  2  18                   CLC
0030D4  2  69 02                ADC     #2
0030D6  2  85 2C                STA     tgtx
0030D8  2  A9 10                LDA     #16
0030DA  2  20 7F 0C             JSR     rng_mod
0030DD  2  18                   CLC
0030DE  2  69 02                ADC     #2
0030E0  2  85 2D                STA     tgty
0030E2  2  20 70 13             JSR     tileat
0030E5  2  A6 2E                LDX     tgttile
0030E7  2  E0 09                CPX     #T_FLOOR
0030E9  2  D0 0B                BNE     @skip
0030EB  2  A9 02                LDA     #2              ; orc or skeleton
0030ED  2  20 8F 0C             JSR     rng_d
0030F0  2  18                   CLC
0030F1  2  69 02                ADC     #2              ; 3..4 -> skeleton/thief mix
0030F3  2  20 F7 2F             JSR     mon_spawn
0030F6  2               @skip:
0030F6  2  C6 24                DEC     cnt0
0030F8  2  D0 D4                BNE     @loop
0030FA  2  60                   RTS
0030FB  2               
0030FB  2               ;----------------------------------------------------------------
0030FB  2               ; draw_monsters_vram - overlay all visible monsters in the viewport.
0030FB  2               ; Called by render_view while video is paged in.
0030FB  2               ;----------------------------------------------------------------
0030FB  2               draw_monsters_vram:
0030FB  2  A2 00                LDX     #0
0030FD  2  86 2F                STX     monidx
0030FF  2               @dm:
0030FF  2  A6 2F                LDX     monidx
003101  2  BD F0 3B             LDA     mon_type,X
003104  2  C9 00                CMP     #M_NONE
003106  2  F0 1A                BEQ     @next
003108  2                       ; set world coords + glyph/color, then plot if visible
003108  2  BD FC 3B             LDA     mon_x,X
00310B  2  85 2C                STA     tgtx
00310D  2  BD 08 3C             LDA     mon_y,X
003110  2  85 2D                STA     tgty
003112  2  BC F0 3B             LDY     mon_type,X
003115  2  B9 AE 2F             LDA     mtype_glyph,Y
003118  2  85 24                STA     cnt0            ; glyph (cnt0/cnt1 survive rowbase)
00311A  2  B9 B5 2F             LDA     mtype_color,Y
00311D  2  85 25                STA     cnt1            ; color
00311F  2  20 88 2C             JSR     plot_view_cell
003122  2               @next:
003122  2  E6 2F                INC     monidx
003124  2  A5 2F                LDA     monidx
003126  2  C9 0C                CMP     #MAXMON
003128  2  D0 D5                BNE     @dm
00312A  2  60                   RTS
00312B  2               
00312B  2               ;----------------------------------------------------------------
00312B  2               ; mon_act - move/attack for every monster (called once per turn).
00312B  2               ; Monsters in LOC_TOWN never act (towns are safe).
00312B  2               ;   A monster adjacent to the player attacks; otherwise it steps
00312B  2               ;   one tile toward the player if the destination is passable and
00312B  2               ;   unoccupied.
00312B  2               ;----------------------------------------------------------------
00312B  2               mon_act:
00312B  2  AD DD 3A             LDA     loc
00312E  2  C9 01                CMP     #LOC_TOWN
003130  2  F0 18                BEQ     @ret            ; safe in town
003132  2  A2 00                LDX     #0
003134  2  86 2F                STX     monidx
003136  2               @ma:
003136  2  A6 2F                LDX     monidx
003138  2  BD F0 3B             LDA     mon_type,X
00313B  2  C9 00                CMP     #M_NONE
00313D  2  F0 03                BEQ     @next
00313F  2                       ; distance to player: dxv = px - mon_x ; dyv = py - mon_y
00313F  2                       ; adjacency test (|dx|<=1 && |dy|<=1 && not both 0)
00313F  2  20 4B 31             JSR     mon_step_or_attack
003142  2               @next:
003142  2  E6 2F                INC     monidx
003144  2  A5 2F                LDA     monidx
003146  2  C9 0C                CMP     #MAXMON
003148  2  D0 EC                BNE     @ma
00314A  2               @ret:
00314A  2  60                   RTS
00314B  2               
00314B  2               ; mon_step_or_attack - for monster in slot monidx (X on entry).
00314B  2               mon_step_or_attack:
00314B  2                       ; compute signed dx = px - mon_x  -> tmp0 ; dy -> tmp1
00314B  2  A6 2F                LDX     monidx
00314D  2  38                   SEC
00314E  2  AD D0 3A             LDA     px
003151  2  FD FC 3B             SBC     mon_x,X
003154  2  85 20                STA     tmp0            ; dx (signed)
003156  2  38                   SEC
003157  2  AD D1 3A             LDA     py
00315A  2  FD 08 3C             SBC     mon_y,X
00315D  2  85 21                STA     tmp1            ; dy (signed)
00315F  2                       ; |dx| <= 1 ?
00315F  2  A5 20                LDA     tmp0
003161  2  20 D7 31             JSR     abs_a
003164  2  85 22                STA     tmp2            ; |dx|
003166  2  A5 21                LDA     tmp1
003168  2  20 D7 31             JSR     abs_a
00316B  2  85 23                STA     tmp3            ; |dy|
00316D  2                       ; adjacency: |dx|<=1 and |dy|<=1
00316D  2  A5 22                LDA     tmp2
00316F  2  C9 02                CMP     #2
003171  2  B0 09                BCS     @move
003173  2  A5 23                LDA     tmp3
003175  2  C9 02                CMP     #2
003177  2  B0 03                BCS     @move
003179  2                       ; adjacent (and since one of them is the player, not same cell)
003179  2                       ; -> attack the player
003179  2  4C 0A 35             JMP     monster_attacks_player          ; in combat.asm
00317C  2               @move:
00317C  2                       ; step one tile toward player along the larger axis
00317C  2                       ; choose step in x: sign of dx
00317C  2  A6 2F                LDX     monidx
00317E  2  BD FC 3B             LDA     mon_x,X
003181  2  85 2C                STA     tgtx
003183  2  BD 08 3C             LDA     mon_y,X
003186  2  85 2D                STA     tgty
003188  2                       ; prefer horizontal if |dx|>=|dy|
003188  2  A5 22                LDA     tmp2
00318A  2  C5 23                CMP     tmp3
00318C  2  90 10                BCC     @vert
00318E  2                       ; horizontal step
00318E  2  A5 20                LDA     tmp0
003190  2  F0 0C                BEQ     @vert           ; dx==0 -> try vertical
003192  2  30 05                BMI     @left
003194  2  E6 2C                INC     tgtx
003196  2  4C AB 31             JMP     @trymove
003199  2               @left:
003199  2  C6 2C                DEC     tgtx
00319B  2  4C AB 31             JMP     @trymove
00319E  2               @vert:
00319E  2  A5 21                LDA     tmp1
0031A0  2  F0 34                BEQ     @done           ; dy==0 too -> no move
0031A2  2  30 05                BMI     @up
0031A4  2  E6 2D                INC     tgty
0031A6  2  4C AB 31             JMP     @trymove
0031A9  2               @up:
0031A9  2  C6 2D                DEC     tgty
0031AB  2               @trymove:
0031AB  2                       ; passable terrain?
0031AB  2  20 70 13             JSR     tileat
0031AE  2  A6 2E                LDX     tgttile
0031B0  2  BD 78 12             LDA     tile_prop,X
0031B3  2  29 01                AND     #P_PASS
0031B5  2  F0 1F                BEQ     @done           ; blocked terrain
0031B7  2                       ; not onto the player?
0031B7  2  A5 2C                LDA     tgtx
0031B9  2  CD D0 3A             CMP     px
0031BC  2  D0 07                BNE     @okcell
0031BE  2  A5 2D                LDA     tgty
0031C0  2  CD D1 3A             CMP     py
0031C3  2  F0 11                BEQ     @done           ; would land on player (shouldn't: adjacency handled)
0031C5  2               @okcell:
0031C5  2                       ; not onto another monster?
0031C5  2  20 16 30             JSR     mon_at
0031C8  2  B0 0C                BCS     @done           ; occupied
0031CA  2                       ; commit move
0031CA  2  A6 2F                LDX     monidx
0031CC  2  A5 2C                LDA     tgtx
0031CE  2  9D FC 3B             STA     mon_x,X
0031D1  2  A5 2D                LDA     tgty
0031D3  2  9D 08 3C             STA     mon_y,X
0031D6  2               @done:
0031D6  2  60                   RTS
0031D7  2               
0031D7  2               ;----------------------------------------------------------------
0031D7  2               ; abs_a - A = |A| treating A as signed 8-bit.
0031D7  2               ;----------------------------------------------------------------
0031D7  2               abs_a:
0031D7  2  C9 80                CMP     #$80
0031D9  2  90 05                BCC     @pos
0031DB  2  49 FF                EOR     #$FF
0031DD  2  18                   CLC
0031DE  2  69 01                ADC     #1
0031E0  2               @pos:
0031E0  2  60                   RTS
0031E1  2               
0031E1  1                       .INCLUDE "player.asm"
0031E1  2               ;______________________________________________________________________________
0031E1  2               ;  player.asm - player movement, map transitions, treasure
0031E1  2               ;______________________________________________________________________________
0031E1  2               
0031E1  2               ;----------------------------------------------------------------
0031E1  2               ; Player starting state on the overworld.
0031E1  2               ;----------------------------------------------------------------
0031E1  2               PLAYER_START_X  = 20
0031E1  2               PLAYER_START_Y  = 9
0031E1  2               
0031E1  2               player_init:
0031E1  2  A9 14                LDA     #PLAYER_START_X
0031E3  2  8D D0 3A             STA     px
0031E6  2  A9 09                LDA     #PLAYER_START_Y
0031E8  2  8D D1 3A             STA     py
0031EB  2  A9 1E                LDA     #30
0031ED  2  8D D2 3A             STA     phealth
0031F0  2  8D D3 3A             STA     pmaxhp
0031F3  2  A9 01                LDA     #1
0031F5  2  8D D4 3A             STA     plevel
0031F8  2  A9 00                LDA     #0
0031FA  2  8D D5 3A             STA     pxp
0031FD  2  8D D6 3A             STA     pxp+1
003200  2  A9 32                LDA     #50
003202  2  8D D7 3A             STA     pgold
003205  2  A9 00                LDA     #0
003207  2  8D D8 3A             STA     pgold+1
00320A  2  A9 FA 8D D9          SETW16  pfood, 250
00320E  2  3A A9 00 8D  
003212  2  DA 3A        
003214  2  A9 01                LDA     #1
003216  2  8D DB 3A             STA     pweapon         ; dagger
003219  2  A9 00                LDA     #0
00321B  2  8D DC 3A             STA     parmor          ; clothes
00321E  2  A9 00                LDA     #LOC_WORLD
003220  2  8D DD 3A             STA     loc
003223  2  A9 00                LDA     #0
003225  2  8D E2 3A             STA     bosskilled
003228  2  60                   RTS
003229  2               
003229  2               ;----------------------------------------------------------------
003229  2               ; try_move - attempt to move the player by (dx,dy).
003229  2               ;   IN: dx, dy = signed -1/0/+1 deltas
003229  2               ;   Effects: combat on bump, terrain block, town/dungeon entry,
003229  2               ;   treasure pickup, exit interiors, food cost.  Monsters act after
003229  2               ;   a successful step (handled by caller via did_move flag).
003229  2               ;   OUT: did_move (game var) = 1 if a turn was consumed.
003229  2               ;----------------------------------------------------------------
003229  2               try_move:
003229  2  A9 00                LDA     #0
00322B  2  8D E3 3A             STA     did_move
00322E  2                       ; target = (px+dx, py+dy)
00322E  2  18                   CLC
00322F  2  AD D0 3A             LDA     px
003232  2  65 2A                ADC     dx
003234  2  85 2C                STA     tgtx
003236  2  18                   CLC
003237  2  AD D1 3A             LDA     py
00323A  2  65 2B                ADC     dy
00323C  2  85 2D                STA     tgty
00323E  2               
00323E  2                       ; monster there? -> attack (consumes the turn)
00323E  2  20 16 30             JSR     mon_at
003241  2  90 09                BCC     @noenemy
003243  2                       ; X = monster slot ; resolve combat
003243  2  20 02 34             JSR     player_attacks_monster
003246  2  A9 01                LDA     #1
003248  2  8D E3 3A             STA     did_move
00324B  2  60                   RTS
00324C  2               @noenemy:
00324C  2                       ; look at the terrain
00324C  2  20 70 13             JSR     tileat          ; -> tgttile
00324F  2  A6 2E                LDX     tgttile
003251  2  BD 78 12             LDA     tile_prop,X
003254  2  85 20                STA     tmp0            ; property bits
003256  2  29 01                AND     #P_PASS
003258  2  D0 0B                BNE     @passable
00325A  2                       ; blocked
00325A  2  20 97 0D             JSR     sfx_blocked
00325D  2  A9 EB A0 35          PRINTMSG_MSG m_blocked
003261  2  20 3C 2D     
003264  2  60                   RTS                     ; no turn consumed on a wall bump
003265  2               @passable:
003265  2                       ; check special tiles
003265  2  A5 20                LDA     tmp0
003267  2  29 04                AND     #P_TOWN
003269  2  F0 03                BEQ     @ck_dung
00326B  2  4C D9 32             JMP     enter_town
00326E  2               @ck_dung:
00326E  2  A5 20                LDA     tmp0
003270  2  29 08                AND     #P_DUNG
003272  2  F0 03                BEQ     @ck_exit
003274  2  4C 14 33             JMP     enter_dungeon
003277  2               @ck_exit:
003277  2  A5 20                LDA     tmp0
003279  2  29 10                AND     #P_EXIT
00327B  2  F0 03                BEQ     @ck_treas
00327D  2  4C 4F 33             JMP     leave_interior
003280  2               @ck_treas:
003280  2                       ; commit the move first
003280  2  A5 2C                LDA     tgtx
003282  2  8D D0 3A             STA     px
003285  2  A5 2D                LDA     tgty
003287  2  8D D1 3A             STA     py
00328A  2  A9 01                LDA     #1
00328C  2  8D E3 3A             STA     did_move
00328F  2                       ; treasure?
00328F  2  A5 20                LDA     tmp0
003291  2  29 20                AND     #P_TREAS
003293  2  F0 03                BEQ     @food
003295  2  20 B2 32             JSR     collect_treasure
003298  2               @food:
003298  2                       ; consume a unit of food per step
003298  2  AD D9 3A             LDA     pfood
00329B  2  0D DA 3A             ORA     pfood+1
00329E  2  F0 11                BEQ     @nofood
0032A0  2  38                   SEC
0032A1  2  AD D9 3A             LDA     pfood
0032A4  2  E9 01                SBC     #1
0032A6  2  8D D9 3A             STA     pfood
0032A9  2  AD DA 3A             LDA     pfood+1
0032AC  2  E9 00                SBC     #0
0032AE  2  8D DA 3A             STA     pfood+1
0032B1  2               @nofood:
0032B1  2  60                   RTS
0032B2  2               
0032B2  2               ;----------------------------------------------------------------
0032B2  2               ; collect_treasure - pick up a chest at (tgtx,tgty): gold + maybe
0032B2  2               ; XP, then clear the tile to floor.
0032B2  2               ;----------------------------------------------------------------
0032B2  2               collect_treasure:
0032B2  2                       ; gold 5..20
0032B2  2  A9 10                LDA     #16
0032B4  2  20 8F 0C             JSR     rng_d
0032B7  2  18                   CLC
0032B8  2  69 04                ADC     #4
0032BA  2                       ; add to gold (16-bit)
0032BA  2  18                   CLC
0032BB  2  6D D7 3A             ADC     pgold
0032BE  2  8D D7 3A             STA     pgold
0032C1  2  AD D8 3A             LDA     pgold+1
0032C4  2  69 00                ADC     #0
0032C6  2  8D D8 3A             STA     pgold+1
0032C9  2                       ; clear the chest tile -> floor
0032C9  2  A9 09                LDA     #T_FLOOR
0032CB  2  20 17 14             JSR     settile
0032CE  2  20 FC 0D             JSR     sfx_treasure
0032D1  2  A9 F4 A0 35          PRINTMSG_MSG m_treasure
0032D5  2  20 3C 2D     
0032D8  2  60                   RTS
0032D9  2               
0032D9  2               ;----------------------------------------------------------------
0032D9  2               ; enter_town - switch to the town interior map.
0032D9  2               ;----------------------------------------------------------------
0032D9  2               enter_town:
0032D9  2  20 6A 0E             JSR     sfx_door
0032DC  2  20 3A 13             JSR     decode_town
0032DF  2  A9 01                LDA     #LOC_TOWN
0032E1  2  8D DD 3A             STA     loc
0032E4  2  A9 20                LDA     #TOWNW
0032E6  2  8D DE 3A             STA     locw
0032E9  2  A9 14                LDA     #TOWNH
0032EB  2  8D DF 3A             STA     loch
0032EE  2                       ; remember overworld position to restore on exit
0032EE  2  AD D0 3A             LDA     px
0032F1  2  8D E0 3A             STA     owretx
0032F4  2  AD D1 3A             LDA     py
0032F7  2  8D E1 3A             STA     owrety
0032FA  2                       ; place player just inside, one tile NORTH of the door so the
0032FA  2                       ; exit '+' is visible directly south of the player on entry.
0032FA  2  A9 0E                LDA     #14
0032FC  2  8D D0 3A             STA     px
0032FF  2  A9 11                LDA     #TOWNH-3
003301  2  8D D1 3A             STA     py
003304  2                       ; towns have no monsters
003304  2  20 D8 2F             JSR     mon_clear_all
003307  2  A9 01                LDA     #1
003309  2  8D E3 3A             STA     did_move
00330C  2  A9 0F A0 36          PRINTMSG_MSG m_town
003310  2  20 3C 2D     
003313  2  60                   RTS
003314  2               
003314  2               ;----------------------------------------------------------------
003314  2               ; enter_dungeon - switch to the dungeon map and spawn its monsters.
003314  2               ;----------------------------------------------------------------
003314  2               enter_dungeon:
003314  2  20 6A 0E             JSR     sfx_door
003317  2  20 55 13             JSR     decode_dung
00331A  2  A9 02                LDA     #LOC_DUNG
00331C  2  8D DD 3A             STA     loc
00331F  2  A9 20                LDA     #DUNGW
003321  2  8D DE 3A             STA     locw
003324  2  A9 14                LDA     #DUNGH
003326  2  8D DF 3A             STA     loch
003329  2  AD D0 3A             LDA     px
00332C  2  8D E0 3A             STA     owretx
00332F  2  AD D1 3A             LDA     py
003332  2  8D E1 3A             STA     owrety
003335  2                       ; start just east of the stairs-up '<' (at 1,1) so the exit
003335  2                       ; is visible immediately to the west of the player.
003335  2  A9 02                LDA     #2
003337  2  8D D0 3A             STA     px
00333A  2  A9 01                LDA     #1
00333C  2  8D D1 3A             STA     py
00333F  2  20 BA 30             JSR     spawn_dungeon_monsters
003342  2  A9 01                LDA     #1
003344  2  8D E3 3A             STA     did_move
003347  2  A9 4E A0 36          PRINTMSG_MSG m_dungeon
00334B  2  20 3C 2D     
00334E  2  60                   RTS
00334F  2               
00334F  2               ;----------------------------------------------------------------
00334F  2               ; leave_interior - return to the overworld at the saved position.
00334F  2               ;----------------------------------------------------------------
00334F  2               leave_interior:
00334F  2  20 6A 0E             JSR     sfx_door
003352  2  20 1F 13             JSR     decode_world
003355  2  A9 00                LDA     #LOC_WORLD
003357  2  8D DD 3A             STA     loc
00335A  2  AD E0 3A             LDA     owretx
00335D  2  8D D0 3A             STA     px
003360  2  AD E1 3A             LDA     owrety
003363  2  8D D1 3A             STA     py
003366  2  20 3C 30             JSR     spawn_overworld_monsters
003369  2  A9 01                LDA     #1
00336B  2  8D E3 3A             STA     did_move
00336E  2  A9 81 A0 36          PRINTMSG_MSG m_world
003372  2  20 3C 2D     
003375  2  60                   RTS
003376  2               
003376  1                       .INCLUDE "combat.asm"
003376  2               ;______________________________________________________________________________
003376  2               ;  combat.asm - bump combat resolution, leveling, message builder
003376  2               ;______________________________________________________________________________
003376  2               
003376  2               ;----------------------------------------------------------------
003376  2               ; Message builder.  Compose a line in mbuf then push to the log.
003376  2               ;   mb_reset            - start a new line
003376  2               ;   mb_str  (A=lo,Y=hi) - append a 0-terminated string
003376  2               ;   mb_num  (A=byte)    - append a 0..255 value in decimal
003376  2               ;   mb_mname(A=type)    - append a monster type name
003376  2               ;   mb_flush            - push mbuf into the scrolling log
003376  2               ;----------------------------------------------------------------
003376  2               mb_reset:
003376  2  A9 00                LDA     #0
003378  2  8D EF 3B             STA     mblen
00337B  2  60                   RTS
00337C  2               
00337C  2               mb_str:
00337C  2  85 1C                STA     strp
00337E  2  84 1D                STY     strp+1
003380  2  A0 00                LDY     #0
003382  2               @s:
003382  2  B1 1C                LDA     (strp),Y
003384  2  F0 0C                BEQ     @done
003386  2  AE EF 3B             LDX     mblen
003389  2  9D 8F 3B             STA     mbuf,X
00338C  2  EE EF 3B             INC     mblen
00338F  2  C8                   INY
003390  2  D0 F0                BNE     @s
003392  2               @done:
003392  2  60                   RTS
003393  2               
003393  2               ; append A (0..255) as decimal
003393  2               mb_num:
003393  2  85 1E                STA     numarg
003395  2  A9 00                LDA     #0
003397  2  85 1F                STA     numarg+1
003399  2               mb_num16:
003399  2                       ; find highest place
003399  2  A0 08                LDY     #8
00339B  2               @find:
00339B  2  A5 1F                LDA     numarg+1
00339D  2  D9 2A 2D             CMP     nums+1,Y
0033A0  2  90 09                BCC     @nx
0033A2  2  D0 0B                BNE     @start
0033A4  2  A5 1E                LDA     numarg
0033A6  2  D9 29 2D             CMP     nums,Y
0033A9  2  B0 04                BCS     @start
0033AB  2               @nx:
0033AB  2  88                   DEY
0033AC  2  88                   DEY
0033AD  2  D0 EC                BNE     @find
0033AF  2               @start:
0033AF  2  A9 30                LDA     #'0'
0033B1  2  85 28                STA     numspace
0033B3  2               @dig:
0033B3  2  A5 1F                LDA     numarg+1
0033B5  2  D9 2A 2D             CMP     nums+1,Y
0033B8  2  90 1E                BCC     @out
0033BA  2  D0 09                BNE     @noc
0033BC  2  A5 1E                LDA     numarg
0033BE  2  F9 29 2D             SBC     nums,Y
0033C1  2  90 15                BCC     @out
0033C3  2  B0 05                BCS     @sub
0033C5  2               @noc:
0033C5  2  A5 1E                LDA     numarg
0033C7  2  F9 29 2D             SBC     nums,Y
0033CA  2               @sub:
0033CA  2  E6 28                INC     numspace
0033CC  2  85 1E                STA     numarg
0033CE  2  A5 1F                LDA     numarg+1
0033D0  2  F9 2A 2D             SBC     nums+1,Y
0033D3  2  85 1F                STA     numarg+1
0033D5  2  4C B3 33             JMP     @dig
0033D8  2               @out:
0033D8  2  A5 28                LDA     numspace
0033DA  2  AE EF 3B             LDX     mblen
0033DD  2  9D 8F 3B             STA     mbuf,X
0033E0  2  EE EF 3B             INC     mblen
0033E3  2  88                   DEY
0033E4  2  88                   DEY
0033E5  2  10 C8                BPL     @start
0033E7  2  60                   RTS
0033E8  2               
0033E8  2               ; append a monster type name (A = type id)
0033E8  2               mb_mname:
0033E8  2  0A                   ASL     A
0033E9  2  AA                   TAX
0033EA  2  BD 6F 35             LDA     mon_names,X
0033ED  2  BC 70 35             LDY     mon_names+1,X
0033F0  2  4C 7C 33             JMP     mb_str
0033F3  2               
0033F3  2               mb_flush:
0033F3  2  AE EF 3B             LDX     mblen
0033F6  2  A9 00                LDA     #0
0033F8  2  9D 8F 3B             STA     mbuf,X          ; NUL terminate
0033FB  2  A9 8F                LDA     #<mbuf
0033FD  2  A0 3B                LDY     #>mbuf
0033FF  2  4C 3C 2D             JMP     msg_print
003402  2               
003402  2               ;----------------------------------------------------------------
003402  2               ; player_attacks_monster - X = monster slot.
003402  2               ;   Damage = 1..(weapon_power) + small bonus.  Apply, possibly kill.
003402  2               ;----------------------------------------------------------------
003402  2               player_attacks_monster:
003402  2  86 2F                STX     monidx
003404  2                       ; damage roll: base from weapon
003404  2  AE DB 3A             LDX     pweapon
003407  2  BD 67 35             LDA     wpn_power,X
00340A  2  20 8F 0C             JSR     rng_d           ; 1..power
00340D  2  85 20                STA     tmp0            ; damage
00340F  2                       ; subtract from monster hp
00340F  2  A6 2F                LDX     monidx
003411  2  38                   SEC
003412  2  BD 14 3C             LDA     mon_hp,X
003415  2  E5 20                SBC     tmp0
003417  2  9D 14 3C             STA     mon_hp,X
00341A  2                       ; build "You hit the Orc for N!"
00341A  2  20 76 33             JSR     mb_reset
00341D  2  A9 A9                LDA     #<c_youhit
00341F  2  A0 35                LDY     #>c_youhit
003421  2  20 7C 33             JSR     mb_str
003424  2  A6 2F                LDX     monidx
003426  2  BD F0 3B             LDA     mon_type,X
003429  2  20 E8 33             JSR     mb_mname
00342C  2  A9 B6                LDA     #<c_for
00342E  2  A0 35                LDY     #>c_for
003430  2  20 7C 33             JSR     mb_str
003433  2  A5 20                LDA     tmp0
003435  2  20 93 33             JSR     mb_num
003438  2  A9 BC                LDA     #<c_bang
00343A  2  A0 35                LDY     #>c_bang
00343C  2  20 7C 33             JSR     mb_str
00343F  2  20 F3 33             JSR     mb_flush
003442  2  20 B4 0D             JSR     sfx_hit
003445  2                       ; dead?  (hp <= 0 i.e. hp was <= damage -> result negative/zero)
003445  2  A6 2F                LDX     monidx
003447  2  BD 14 3C             LDA     mon_hp,X
00344A  2  F0 03                BEQ     @dead
00344C  2  30 01                BMI     @dead
00344E  2  60                   RTS
00344F  2               @dead:
00344F  2  4C 52 34             JMP     monster_dies
003452  2               
003452  2               ;----------------------------------------------------------------
003452  2               ; monster_dies - award XP/gold, drop the slot, maybe win, maybe
003452  2               ; level up.  Slot in monidx.
003452  2               ;----------------------------------------------------------------
003452  2               monster_dies:
003452  2  A6 2F                LDX     monidx
003454  2  BD F0 3B             LDA     mon_type,X
003457  2  85 21                STA     tmp1            ; type
003459  2                       ; XP
003459  2  A8                   TAY
00345A  2  B9 CA 2F             LDA     mtype_xp,Y
00345D  2  18                   CLC
00345E  2  6D D5 3A             ADC     pxp
003461  2  8D D5 3A             STA     pxp
003464  2  AD D6 3A             LDA     pxp+1
003467  2  69 00                ADC     #0
003469  2  8D D6 3A             STA     pxp+1
00346C  2                       ; gold drop 0..mtype_gold
00346C  2  A4 21                LDY     tmp1
00346E  2  B9 D1 2F             LDA     mtype_gold,Y
003471  2  F0 12                BEQ     @nogold
003473  2  20 7F 0C             JSR     rng_mod         ; 0..gold-1
003476  2  18                   CLC
003477  2  6D D7 3A             ADC     pgold
00347A  2  8D D7 3A             STA     pgold
00347D  2  AD D8 3A             LDA     pgold+1
003480  2  69 00                ADC     #0
003482  2  8D D8 3A             STA     pgold+1
003485  2               @nogold:
003485  2                       ; message "The Orc dies!"
003485  2  20 76 33             JSR     mb_reset
003488  2  A9 BE                LDA     #<c_the
00348A  2  A0 35                LDY     #>c_the
00348C  2  20 7C 33             JSR     mb_str
00348F  2  A5 21                LDA     tmp1
003491  2  20 E8 33             JSR     mb_mname
003494  2  A9 C3                LDA     #<c_dies
003496  2  A0 35                LDY     #>c_dies
003498  2  20 7C 33             JSR     mb_str
00349B  2  20 F3 33             JSR     mb_flush
00349E  2  20 DF 0D             JSR     sfx_killed
0034A1  2                       ; remove monster
0034A1  2  A6 2F                LDX     monidx
0034A3  2  20 36 30             JSR     mon_kill
0034A6  2                       ; boss?
0034A6  2  A5 21                LDA     tmp1
0034A8  2  C9 06                CMP     #M_BOSS
0034AA  2  D0 05                BNE     @lvl
0034AC  2  A9 01                LDA     #1
0034AE  2  8D E2 3A             STA     bosskilled
0034B1  2               @lvl:
0034B1  2  20 B5 34             JSR     check_levelup
0034B4  2  60                   RTS
0034B5  2               
0034B5  2               ;----------------------------------------------------------------
0034B5  2               ; check_levelup - if xp >= level*20, level up (raise maxhp, heal).
0034B5  2               ;----------------------------------------------------------------
0034B5  2               check_levelup:
0034B5  2                       ; threshold = plevel * 20  (8-bit is enough up to lvl 12)
0034B5  2  AD D4 3A             LDA     plevel
0034B8  2  85 20                STA     tmp0
0034BA  2  A9 00                LDA     #0
0034BC  2  85 21                STA     tmp1
0034BE  2                       ; tmp = level*20 = level*16 + level*4
0034BE  2  AD D4 3A             LDA     plevel
0034C1  2  0A                   ASL     A
0034C2  2  0A                   ASL     A               ; *4
0034C3  2  85 22                STA     tmp2
0034C5  2  AD D4 3A             LDA     plevel
0034C8  2  0A                   ASL     A
0034C9  2  0A                   ASL     A
0034CA  2  0A                   ASL     A
0034CB  2  0A                   ASL     A               ; *16
0034CC  2  18                   CLC
0034CD  2  65 22                ADC     tmp2
0034CF  2  85 22                STA     tmp2            ; level*20 (low); ignore >255 (caps fine)
0034D1  2                       ; compare xp (16-bit) >= tmp2
0034D1  2  AD D6 3A             LDA     pxp+1
0034D4  2  D0 07                BNE     @levelup        ; xp >= 256 definitely past early thresholds
0034D6  2  AD D5 3A             LDA     pxp
0034D9  2  C5 22                CMP     tmp2
0034DB  2  90 2C                BCC     @done
0034DD  2               @levelup:
0034DD  2  EE D4 3A             INC     plevel
0034E0  2                       ; maxhp += 8, full heal
0034E0  2  AD D3 3A             LDA     pmaxhp
0034E3  2  18                   CLC
0034E4  2  69 08                ADC     #8
0034E6  2  8D D3 3A             STA     pmaxhp
0034E9  2  8D D2 3A             STA     phealth
0034EC  2  20 33 0E             JSR     sfx_levelup
0034EF  2  20 76 33             JSR     mb_reset
0034F2  2  A9 D9                LDA     #<c_levelup
0034F4  2  A0 35                LDY     #>c_levelup
0034F6  2  20 7C 33             JSR     mb_str
0034F9  2  AD D4 3A             LDA     plevel
0034FC  2  20 93 33             JSR     mb_num
0034FF  2  A9 BC                LDA     #<c_bang
003501  2  A0 35                LDY     #>c_bang
003503  2  20 7C 33             JSR     mb_str
003506  2  20 F3 33             JSR     mb_flush
003509  2               @done:
003509  2  60                   RTS
00350A  2               
00350A  2               ;----------------------------------------------------------------
00350A  2               ; monster_attacks_player - monster in slot monidx strikes.
00350A  2               ;   Damage = 1..mtype_atk, reduced by armor.  Apply to phealth.
00350A  2               ;----------------------------------------------------------------
00350A  2               monster_attacks_player:
00350A  2  A6 2F                LDX     monidx
00350C  2  BD F0 3B             LDA     mon_type,X
00350F  2  85 21                STA     tmp1            ; type
003511  2  A8                   TAY
003512  2  B9 C3 2F             LDA     mtype_atk,Y
003515  2  20 8F 0C             JSR     rng_d           ; 1..atk
003518  2  85 20                STA     tmp0            ; raw damage
00351A  2                       ; armor reduces by armor index (0..3)
00351A  2  AE DC 3A             LDX     parmor
00351D  2  BD 6B 35             LDA     arm_def,X
003520  2  85 22                STA     tmp2
003522  2  38                   SEC
003523  2  A5 20                LDA     tmp0
003525  2  E5 22                SBC     tmp2
003527  2  10 02                BPL     @ok
003529  2  A9 01                LDA     #1              ; minimum 1 damage
00352B  2               @ok:
00352B  2  D0 02                BNE     @apply
00352D  2  A9 01                LDA     #1
00352F  2               @apply:
00352F  2  85 20                STA     tmp0
003531  2                       ; subtract from phealth (floor at 0)
003531  2  38                   SEC
003532  2  AD D2 3A             LDA     phealth
003535  2  E5 20                SBC     tmp0
003537  2  B0 02                BCS     @sethp
003539  2  A9 00                LDA     #0
00353B  2               @sethp:
00353B  2  8D D2 3A             STA     phealth
00353E  2                       ; message "Orc hits you for N!"
00353E  2  20 76 33             JSR     mb_reset
003541  2  A9 BE                LDA     #<c_the
003543  2  A0 35                LDY     #>c_the
003545  2  20 7C 33             JSR     mb_str
003548  2  A5 21                LDA     tmp1
00354A  2  20 E8 33             JSR     mb_mname
00354D  2  A9 CA                LDA     #<c_hitsyou
00354F  2  A0 35                LDY     #>c_hitsyou
003551  2  20 7C 33             JSR     mb_str
003554  2  A5 20                LDA     tmp0
003556  2  20 93 33             JSR     mb_num
003559  2  A9 BC                LDA     #<c_bang
00355B  2  A0 35                LDY     #>c_bang
00355D  2  20 7C 33             JSR     mb_str
003560  2  20 F3 33             JSR     mb_flush
003563  2  20 B4 0D             JSR     sfx_hit
003566  2  60                   RTS
003567  2               
003567  2               ;----------------------------------------------------------------
003567  2               ; Weapon power (damage sides) and armor defense tables
003567  2               ;----------------------------------------------------------------
003567  2               wpn_power:
003567  2  02                   .BYTE   2               ; 0 fists
003568  2  04                   .BYTE   4               ; 1 dagger
003569  2  07                   .BYTE   7               ; 2 sword
00356A  2  0A                   .BYTE   10              ; 3 axe
00356B  2               arm_def:
00356B  2  00                   .BYTE   0               ; 0 clothes
00356C  2  01                   .BYTE   1               ; 1 leather
00356D  2  02                   .BYTE   2               ; 2 chain
00356E  2  04                   .BYTE   4               ; 3 plate
00356F  2               
00356F  2               ;----------------------------------------------------------------
00356F  2               ; Monster name table (for messages), indexed by type id
00356F  2               ;----------------------------------------------------------------
00356F  2               mon_names:
00356F  2  7D 35 83 35          .WORD   mn_none, mn_orc, mn_snake, mn_skel, mn_thief, mn_troll, mn_boss
003573  2  87 35 8D 35  
003577  2  96 35 9C 35  
00357D  2  74 68 69 6E  mn_none:  .BYTE "thing",0
003581  2  67 00        
003583  2  4F 72 63 00  mn_orc:   .BYTE "Orc",0
003587  2  53 6E 61 6B  mn_snake: .BYTE "Snake",0
00358B  2  65 00        
00358D  2  53 6B 65 6C  mn_skel:  .BYTE "Skeleton",0
003591  2  65 74 6F 6E  
003595  2  00           
003596  2  54 68 69 65  mn_thief: .BYTE "Thief",0
00359A  2  66 00        
00359C  2  54 72 6F 6C  mn_troll: .BYTE "Troll",0
0035A0  2  6C 00        
0035A2  2  44 72 61 67  mn_boss:  .BYTE "Dragon",0
0035A6  2  6F 6E 00     
0035A9  2               
0035A9  2               ;----------------------------------------------------------------
0035A9  2               ; Combat / event message fragments
0035A9  2               ;----------------------------------------------------------------
0035A9  2  59 6F 75 20  c_youhit:   .BYTE "You hit the ",0
0035AD  2  68 69 74 20  
0035B1  2  74 68 65 20  
0035B6  2  20 66 6F 72  c_for:      .BYTE " for ",0
0035BA  2  20 00        
0035BC  2  21 00        c_bang:     .BYTE "!",0
0035BE  2  54 68 65 20  c_the:      .BYTE "The ",0
0035C2  2  00           
0035C3  2  20 64 69 65  c_dies:     .BYTE " dies!",0
0035C7  2  73 21 00     
0035CA  2  20 68 69 74  c_hitsyou:  .BYTE " hits you for ",0
0035CE  2  73 20 79 6F  
0035D2  2  75 20 66 6F  
0035D9  2  57 65 6C 63  c_levelup:  .BYTE "Welcome to level ",0
0035DD  2  6F 6D 65 20  
0035E1  2  74 6F 20 6C  
0035EB  2               
0035EB  2               ;----------------------------------------------------------------
0035EB  2               ; Map / event messages (shared with player.asm)
0035EB  2               ;----------------------------------------------------------------
0035EB  2  42 6C 6F 63  m_blocked:  .BYTE "Blocked!",0
0035EF  2  6B 65 64 21  
0035F3  2  00           
0035F4  2  59 6F 75 20  m_treasure: .BYTE "You found gold in a chest!",0
0035F8  2  66 6F 75 6E  
0035FC  2  64 20 67 6F  
00360F  2  54 6F 77 6E  m_town:     .BYTE "Town. Step on the door '+' (south) to leave. T at 'S' to shop.",0
003613  2  2E 20 53 74  
003617  2  65 70 20 6F  
00364E  2  44 75 6E 67  m_dungeon:  .BYTE "Dungeon! Step on the stairs '<' to climb back out.",0
003652  2  65 6F 6E 21  
003656  2  20 53 74 65  
003681  2  59 6F 75 20  m_world:    .BYTE "You return to the land of Wyrmhold.",0
003685  2  72 65 74 75  
003689  2  72 6E 20 74  
0036A5  2               
0036A5  1                       .INCLUDE "town.asm"
0036A5  2               ;______________________________________________________________________________
0036A5  2               ;  town.asm - shop interaction inside towns
0036A5  2               ;
0036A5  2               ;  When the player presses USE ('T') in a town while adjacent to a
0036A5  2               ;  shop counter ('S' tile), the shop menu opens.  The menu is drawn
0036A5  2               ;  over the message rows; the player picks an option, gold is spent,
0036A5  2               ;  and the menu returns to the map.
0036A5  2               ;______________________________________________________________________________
0036A5  2               
0036A5  2               PRICE_HEAL      = 10            ; gold per visit (full heal)
0036A5  2               PRICE_FOOD      = 20            ; gold for +100 food
0036A5  2               PRICE_WEAPON    = 60            ; gold to upgrade weapon one tier
0036A5  2               PRICE_ARMOR     = 50            ; gold to upgrade armor one tier
0036A5  2               
0036A5  2               ;----------------------------------------------------------------
0036A5  2               ; use_action - bound to the USE key ('T').  Only meaningful in a
0036A5  2               ; town next to a shop counter.
0036A5  2               ;----------------------------------------------------------------
0036A5  2               use_action:
0036A5  2  AD DD 3A             LDA     loc
0036A8  2  C9 01                CMP     #LOC_TOWN
0036AA  2  F0 08                BEQ     @intown
0036AC  2  A9 C0 A0 39          PRINTMSG_MSG t_nothing
0036B0  2  20 3C 2D     
0036B3  2  60                   RTS
0036B4  2               @intown:
0036B4  2                       ; is a shop tile adjacent (4-neighbour) or under us?
0036B4  2  20 C4 36             JSR     shop_adjacent
0036B7  2  B0 08                BCS     @open
0036B9  2  A9 D1 A0 39          PRINTMSG_MSG t_noshop
0036BD  2  20 3C 2D     
0036C0  2  60                   RTS
0036C1  2               @open:
0036C1  2  4C 2E 37             JMP     shop_menu
0036C4  2               
0036C4  2               ;----------------------------------------------------------------
0036C4  2               ; shop_adjacent - C=1 if a T_SHOP tile is at or next to the player.
0036C4  2               ;----------------------------------------------------------------
0036C4  2               shop_adjacent:
0036C4  2                       ; center
0036C4  2  AD D0 3A             LDA     px
0036C7  2  85 2C                STA     tgtx
0036C9  2  AD D1 3A             LDA     py
0036CC  2  85 2D                STA     tgty
0036CE  2  20 70 13             JSR     tileat
0036D1  2  A5 2E                LDA     tgttile
0036D3  2  C9 0E                CMP     #T_SHOP
0036D5  2  F0 55                BEQ     @yes
0036D7  2                       ; up
0036D7  2  AD D0 3A             LDA     px
0036DA  2  85 2C                STA     tgtx
0036DC  2  AD D1 3A             LDA     py
0036DF  2  38                   SEC
0036E0  2  E9 01                SBC     #1
0036E2  2  85 2D                STA     tgty
0036E4  2  20 70 13             JSR     tileat
0036E7  2  A5 2E                LDA     tgttile
0036E9  2  C9 0E                CMP     #T_SHOP
0036EB  2  F0 3F                BEQ     @yes
0036ED  2                       ; down
0036ED  2  AD D1 3A             LDA     py
0036F0  2  18                   CLC
0036F1  2  69 01                ADC     #1
0036F3  2  85 2D                STA     tgty
0036F5  2  AD D0 3A             LDA     px
0036F8  2  85 2C                STA     tgtx
0036FA  2  20 70 13             JSR     tileat
0036FD  2  A5 2E                LDA     tgttile
0036FF  2  C9 0E                CMP     #T_SHOP
003701  2  F0 29                BEQ     @yes
003703  2                       ; left
003703  2  AD D1 3A             LDA     py
003706  2  85 2D                STA     tgty
003708  2  AD D0 3A             LDA     px
00370B  2  38                   SEC
00370C  2  E9 01                SBC     #1
00370E  2  85 2C                STA     tgtx
003710  2  20 70 13             JSR     tileat
003713  2  A5 2E                LDA     tgttile
003715  2  C9 0E                CMP     #T_SHOP
003717  2  F0 13                BEQ     @yes
003719  2                       ; right
003719  2  AD D0 3A             LDA     px
00371C  2  18                   CLC
00371D  2  69 01                ADC     #1
00371F  2  85 2C                STA     tgtx
003721  2  20 70 13             JSR     tileat
003724  2  A5 2E                LDA     tgttile
003726  2  C9 0E                CMP     #T_SHOP
003728  2  F0 02                BEQ     @yes
00372A  2  18                   CLC
00372B  2  60                   RTS
00372C  2               @yes:
00372C  2  38                   SEC
00372D  2  60                   RTS
00372E  2               
00372E  2               ;----------------------------------------------------------------
00372E  2               ; shop_menu - draw the shop menu over the message area and loop
00372E  2               ; processing purchases until the player presses X.
00372E  2               ;----------------------------------------------------------------
00372E  2               shop_menu:
00372E  2  20 6A 0E             JSR     sfx_door
003731  2                       ; start with the greeting as the status line
003731  2  A9 A2                LDA     #<t_greet
003733  2  8D ED 3A             STA     shopstat
003736  2  A9 39                LDA     #>t_greet
003738  2  8D EE 3A             STA     shopstat+1
00373B  2               @redraw:
00373B  2  20 35 38             JSR     shop_draw
00373E  2               @key:
00373E  2  20 ED 2E             JSR     getkey_block
003741  2  C9 31                CMP     #'1'
003743  2  F0 1A                BEQ     @heal
003745  2  C9 32                CMP     #'2'
003747  2  F0 33                BEQ     @food
003749  2  C9 33                CMP     #'3'
00374B  2  F0 54                BEQ     @weapon
00374D  2  C9 34                CMP     #'4'
00374F  2  F0 7B                BEQ     @armor
003751  2  C9 58                CMP     #'X'
003753  2  F0 07                BEQ     @goleave
003755  2  C9 78                CMP     #'x'
003757  2  F0 03                BEQ     @goleave
003759  2  4C 3E 37             JMP     @key
00375C  2               @goleave:
00375C  2  4C 04 38             JMP     @leave
00375F  2               @heal:
00375F  2  A9 0A                LDA     #PRICE_HEAL
003761  2  20 12 38             JSR     spend_gold
003764  2  B0 03                BCS     :+
003766  2  4C F7 37             JMP     @poor
003769  2               :
003769  2  AD D3 3A             LDA     pmaxhp
00376C  2  8D D2 3A             STA     phealth
00376F  2  A9 FE 8D ED          SETSTAT t_healed
003773  2  3A A9 39 8D  
003777  2  EE 3A        
003779  2  4C 3B 37             JMP     @redraw
00377C  2               @food:
00377C  2  A9 14                LDA     #PRICE_FOOD
00377E  2  20 12 38             JSR     spend_gold
003781  2  90 74                BCC     @poor
003783  2  18                   CLC
003784  2  AD D9 3A             LDA     pfood
003787  2  69 64                ADC     #100
003789  2  8D D9 3A             STA     pfood
00378C  2  AD DA 3A             LDA     pfood+1
00378F  2  69 00                ADC     #0
003791  2  8D DA 3A             STA     pfood+1
003794  2  A9 1D 8D ED          SETSTAT t_fed
003798  2  3A A9 3A 8D  
00379C  2  EE 3A        
00379E  2  4C 3B 37             JMP     @redraw
0037A1  2               @weapon:
0037A1  2  AD DB 3A             LDA     pweapon
0037A4  2  C9 03                CMP     #3
0037A6  2  B0 17                BCS     @maxwpn
0037A8  2  A9 3C                LDA     #PRICE_WEAPON
0037AA  2  20 12 38             JSR     spend_gold
0037AD  2  90 48                BCC     @poor
0037AF  2  EE DB 3A             INC     pweapon
0037B2  2  A9 3C 8D ED          SETSTAT t_boughtw
0037B6  2  3A A9 3A 8D  
0037BA  2  EE 3A        
0037BC  2  4C 3B 37             JMP     @redraw
0037BF  2               @maxwpn:
0037BF  2  A9 7A 8D ED          SETSTAT t_maxed
0037C3  2  3A A9 3A 8D  
0037C7  2  EE 3A        
0037C9  2  4C 3B 37             JMP     @redraw
0037CC  2               @armor:
0037CC  2  AD DC 3A             LDA     parmor
0037CF  2  C9 03                CMP     #3
0037D1  2  B0 17                BCS     @maxarm
0037D3  2  A9 32                LDA     #PRICE_ARMOR
0037D5  2  20 12 38             JSR     spend_gold
0037D8  2  90 1D                BCC     @poor
0037DA  2  EE DC 3A             INC     parmor
0037DD  2  A9 5B 8D ED          SETSTAT t_boughta
0037E1  2  3A A9 3A 8D  
0037E5  2  EE 3A        
0037E7  2  4C 3B 37             JMP     @redraw
0037EA  2               @maxarm:
0037EA  2  A9 7A 8D ED          SETSTAT t_maxed
0037EE  2  3A A9 3A 8D  
0037F2  2  EE 3A        
0037F4  2  4C 3B 37             JMP     @redraw
0037F7  2               @poor:
0037F7  2  A9 99 8D ED          SETSTAT t_poor
0037FB  2  3A A9 3A 8D  
0037FF  2  EE 3A        
003801  2  4C 3B 37             JMP     @redraw
003804  2               @leave:
003804  2                       ; fully restore the game screen, then report leaving
003804  2  20 E0 08             JSR     full_redraw
003807  2  20 6B 2D             JSR     msg_redraw
00380A  2  A9 B8 A0 3A          PRINTMSG_MSG t_bye
00380E  2  20 3C 2D     
003811  2  60                   RTS
003812  2               
003812  2               ;----------------------------------------------------------------
003812  2               ; spend_gold - try to spend A gold.  C=1 success (gold deducted),
003812  2               ;              C=0 if not enough.
003812  2               ;----------------------------------------------------------------
003812  2               spend_gold:
003812  2  85 20                STA     tmp0
003814  2                       ; gold >= tmp0 ?  (16-bit gold, 8-bit cost)
003814  2  AD D8 3A             LDA     pgold+1
003817  2  D0 07                BNE     @ok             ; high byte nonzero -> plenty
003819  2  AD D7 3A             LDA     pgold
00381C  2  C5 20                CMP     tmp0
00381E  2  90 13                BCC     @no
003820  2               @ok:
003820  2  38                   SEC
003821  2  AD D7 3A             LDA     pgold
003824  2  E5 20                SBC     tmp0
003826  2  8D D7 3A             STA     pgold
003829  2  AD D8 3A             LDA     pgold+1
00382C  2  E9 00                SBC     #0
00382E  2  8D D8 3A             STA     pgold+1
003831  2  38                   SEC
003832  2  60                   RTS
003833  2               @no:
003833  2  18                   CLC
003834  2  60                   RTS
003835  2               
003835  2               ;----------------------------------------------------------------
003835  2               ; Shop box geometry - a clean panel drawn inside the viewport,
003835  2               ; well clear of the bottom-right auto-scroll cell.
003835  2               ;----------------------------------------------------------------
003835  2               SHOP_X0         = 3             ; left column of box
003835  2               SHOP_X1         = 42            ; right column of box
003835  2               SHOP_Y0         = 4             ; top row of box
003835  2               SHOP_Y1         = 15            ; bottom row of box
003835  2               SHOP_W          = SHOP_X1-SHOP_X0+1
003835  2               
003835  2               ;----------------------------------------------------------------
003835  2               ; shop_draw - render the shop as a self-contained bordered panel.
003835  2               ; The whole box is repainted each call (background + border via
003835  2               ; direct VRAM, then text via firmware) so it is always clean.
003835  2               ;----------------------------------------------------------------
003835  2               shop_draw:
003835  2                       ; --- paint box background + border directly to VRAM ---
003835  2  20 82 2A             JSR     vid_enter
003838  2  A9 04                LDA     #SHOP_Y0
00383A  2  85 27                STA     rowidx
00383C  2               @bgrow:
00383C  2  A5 27                LDA     rowidx
00383E  2  20 97 2A             JSR     rowbase
003841  2  A0 03                LDY     #SHOP_X0
003843  2               @bgcol:
003843  2                       ; border on edges, blank interior
003843  2  C0 03                CPY     #SHOP_X0
003845  2  F0 19                BEQ     @edge
003847  2  C0 2A                CPY     #SHOP_X1
003849  2  F0 15                BEQ     @edge
00384B  2  A5 27                LDA     rowidx
00384D  2  C9 04                CMP     #SHOP_Y0
00384F  2  F0 0F                BEQ     @edge
003851  2  C9 0F                CMP     #SHOP_Y1
003853  2  F0 0B                BEQ     @edge
003855  2                       ; interior cell
003855  2  A9 20                LDA     #space
003857  2  91 14                STA     (vptr),Y
003859  2  A9 4F                LDA     #C_SHOPBG
00385B  2  91 16                STA     (cptr),Y
00385D  2  4C 68 38             JMP     @bgnext
003860  2               @edge:
003860  2  A9 20                LDA     #' '
003862  2  91 14                STA     (vptr),Y
003864  2  A9 4E                LDA     #C_SHOPBRD
003866  2  91 16                STA     (cptr),Y
003868  2               @bgnext:
003868  2  C8                   INY
003869  2  C0 2B                CPY     #SHOP_X1+1
00386B  2  D0 D6                BNE     @bgcol
00386D  2  E6 27                INC     rowidx
00386F  2  A5 27                LDA     rowidx
003871  2  C9 10                CMP     #SHOP_Y1+1
003873  2  D0 C7                BNE     @bgrow
003875  2  20 91 2A             JSR     vid_exit
003878  2               
003878  2                       ; --- text lines via firmware (interior color C_SHOPBG) ---
003878  2  A9 4B                LDA     #C_SHOPTTL
00387A  2  8D 4A 06             STA     CURCOLOR
00387D  2  A2 0B                LDX     #SHOP_X0+8
00387F  2  A0 04                LDY     #SHOP_Y0
003881  2  20 D0 2B             JSR     locate
003884  2  A9 0C A0 39          PRINTMSG t_header
003888  2  20 E2 2B     
00388B  2               
00388B  2  A9 4F                LDA     #C_SHOPTXT
00388D  2  8D 4A 06             STA     CURCOLOR
003890  2  A2 06                LDX     #SHOP_X0+3
003892  2  A0 06                LDY     #SHOP_Y0+2
003894  2  20 D0 2B             JSR     locate
003897  2  A9 15 A0 39          PRINTMSG t_opt1
00389B  2  20 E2 2B     
00389E  2  A2 06                LDX     #SHOP_X0+3
0038A0  2  A0 07                LDY     #SHOP_Y0+3
0038A2  2  20 D0 2B             JSR     locate
0038A5  2  A9 31 A0 39          PRINTMSG t_opt2
0038A9  2  20 E2 2B     
0038AC  2  A2 06                LDX     #SHOP_X0+3
0038AE  2  A0 08                LDY     #SHOP_Y0+4
0038B0  2  20 D0 2B             JSR     locate
0038B3  2  A9 4D A0 39          PRINTMSG t_opt3
0038B7  2  20 E2 2B     
0038BA  2  A2 06                LDX     #SHOP_X0+3
0038BC  2  A0 09                LDY     #SHOP_Y0+5
0038BE  2  20 D0 2B             JSR     locate
0038C1  2  A9 69 A0 39          PRINTMSG t_opt4
0038C5  2  20 E2 2B     
0038C8  2  A2 06                LDX     #SHOP_X0+3
0038CA  2  A0 0A                LDY     #SHOP_Y0+6
0038CC  2  20 D0 2B             JSR     locate
0038CF  2  A9 85 A0 39          PRINTMSG t_optx
0038D3  2  20 E2 2B     
0038D6  2               
0038D6  2                       ; gold line
0038D6  2  A2 06                LDX     #SHOP_X0+3
0038D8  2  A0 0C                LDY     #SHOP_Y0+8
0038DA  2  20 D0 2B             JSR     locate
0038DD  2  A9 4F                LDA     #C_SHOPTXT
0038DF  2  8D 4A 06             STA     CURCOLOR
0038E2  2  A9 97 A0 39          PRINTMSG t_gold
0038E6  2  20 E2 2B     
0038E9  2  AD D7 3A 85          COPY16  pgold, numarg
0038ED  2  1E AD D8 3A  
0038F1  2  85 1F        
0038F3  2  20 E0 2C             JSR     displaynum
0038F6  2               
0038F6  2                       ; status line (last action / greeting)
0038F6  2  A2 06                LDX     #SHOP_X0+3
0038F8  2  A0 0E                LDY     #SHOP_Y1-1
0038FA  2  20 D0 2B             JSR     locate
0038FD  2  A9 4A                LDA     #C_SHOPST
0038FF  2  8D 4A 06             STA     CURCOLOR
003902  2  AD ED 3A             LDA     shopstat
003905  2  AC EE 3A             LDY     shopstat+1
003908  2  20 E2 2B             JSR     prmsg
00390B  2  60                   RTS
00390C  2               
00390C  2               ;----------------------------------------------------------------
00390C  2               ; Shop strings
00390C  2               ;----------------------------------------------------------------
00390C  2  2D 20 53 48  t_header: .BYTE "- SHOP -",0
003910  2  4F 50 20 2D  
003914  2  00           
003915  2  31 29 20 48  t_opt1:   .BYTE "1) Heal to full     10 gold",0
003919  2  65 61 6C 20  
00391D  2  74 6F 20 66  
003931  2  32 29 20 50  t_opt2:   .BYTE "2) Provisions +100  20 gold",0
003935  2  72 6F 76 69  
003939  2  73 69 6F 6E  
00394D  2  33 29 20 42  t_opt3:   .BYTE "3) Better weapon    60 gold",0
003951  2  65 74 74 65  
003955  2  72 20 77 65  
003969  2  34 29 20 42  t_opt4:   .BYTE "4) Better armor     50 gold",0
00396D  2  65 74 74 65  
003971  2  72 20 61 72  
003985  2  58 29 20 4C  t_optx:   .BYTE "X) Leave the shop",0
003989  2  65 61 76 65  
00398D  2  20 74 68 65  
003997  2  54 68 79 20  t_gold:   .BYTE "Thy gold: ",0
00399B  2  67 6F 6C 64  
00399F  2  3A 20 00     
0039A2  2               
0039A2  2  57 65 6C 63  t_greet:   .BYTE "Welcome! What dost thou need?",0
0039A6  2  6F 6D 65 21  
0039AA  2  20 57 68 61  
0039C0  2  4E 6F 74 68  t_nothing: .BYTE "Nothing happens.",0
0039C4  2  69 6E 67 20  
0039C8  2  68 61 70 70  
0039D1  2  54 68 65 72  t_noshop:  .BYTE "There is no shop here. Find the 'S' counter.",0
0039D5  2  65 20 69 73  
0039D9  2  20 6E 6F 20  
0039FE  2  54 68 6F 75  t_healed:  .BYTE "Thou art fully healed.        ",0
003A02  2  20 61 72 74  
003A06  2  20 66 75 6C  
003A1D  2  50 72 6F 76  t_fed:     .BYTE "Provisions purchased.         ",0
003A21  2  69 73 69 6F  
003A25  2  6E 73 20 70  
003A3C  2  41 20 66 69  t_boughtw: .BYTE "A finer weapon is thine!      ",0
003A40  2  6E 65 72 20  
003A44  2  77 65 61 70  
003A5B  2  53 74 75 72  t_boughta: .BYTE "Sturdier armor is thine!      ",0
003A5F  2  64 69 65 72  
003A63  2  20 61 72 6D  
003A7A  2  54 68 6F 75  t_maxed:   .BYTE "Thou hast the finest already. ",0
003A7E  2  20 68 61 73  
003A82  2  74 20 74 68  
003A99  2  54 68 6F 75  t_poor:    .BYTE "Thou canst not afford that.   ",0
003A9D  2  20 63 61 6E  
003AA1  2  73 74 20 6E  
003AB8  2  43 6F 6D 65  t_bye:     .BYTE "Come again, adventurer.",0
003ABC  2  20 61 67 61  
003AC0  2  69 6E 2C 20  
003AD0  2               
003AD0  1               
003AD0  1               ;==============================================================================
003AD0  1               ; Uninitialised game state (RAM).  Placed after all code/data.  The
003AD0  1               ; map buffers are the largest consumers.  Everything lives well below
003AD0  1               ; the $A000 video window.
003AD0  1               ;==============================================================================
003AD0  1               gamevars:
003AD0  1               ; player
003AD0  1  00           px:         .BYTE 0
003AD1  1  00           py:         .BYTE 0
003AD2  1  00           phealth:        .BYTE 0
003AD3  1  00           pmaxhp:     .BYTE 0
003AD4  1  00           plevel:     .BYTE 0
003AD5  1  00 00        pxp:        .WORD 0
003AD7  1  00 00        pgold:      .WORD 0
003AD9  1  00 00        pfood:      .WORD 0
003ADB  1  00           pweapon:    .BYTE 0
003ADC  1  00           parmor:     .BYTE 0
003ADD  1  00           loc:        .BYTE 0
003ADE  1  00           locw:       .BYTE 0
003ADF  1  00           loch:       .BYTE 0
003AE0  1  00           owretx:     .BYTE 0
003AE1  1  00           owrety:     .BYTE 0
003AE2  1  00           bosskilled: .BYTE 0
003AE3  1  00           did_move:   .BYTE 0
003AE4  1               
003AE4  1               ; music player state - three voice cursors (ptr) + hold counters
003AE4  1  00 00        mvA_ptr:    .WORD 0
003AE6  1  00           mvA_cnt:    .BYTE 0
003AE7  1  00 00        mvB_ptr:    .WORD 0
003AE9  1  00           mvB_cnt:    .BYTE 0
003AEA  1  00 00        mvC_ptr:    .WORD 0
003AEC  1  00           mvC_cnt:    .BYTE 0
003AED  1               
003AED  1               ; shop status-line pointer (last action / greeting)
003AED  1  00 00        shopstat:   .WORD 0
003AEF  1               
003AEF  1               ; message log buffers (one screen row each)
003AEF  1  xx xx xx xx  msgbuf0:    .RES SCRW
003AF3  1  xx xx xx xx  
003AF7  1  xx xx xx xx  
003B3F  1  xx xx xx xx  msgbuf1:    .RES SCRW
003B43  1  xx xx xx xx  
003B47  1  xx xx xx xx  
003B8F  1               ; message builder scratch
003B8F  1  xx xx xx xx  mbuf:       .RES 96
003B93  1  xx xx xx xx  
003B97  1  xx xx xx xx  
003BEF  1  00           mblen:      .BYTE 0
003BF0  1               
003BF0  1               ; monster table (parallel arrays)
003BF0  1  xx xx xx xx  mon_type:   .RES MAXMON
003BF4  1  xx xx xx xx  
003BF8  1  xx xx xx xx  
003BFC  1  xx xx xx xx  mon_x:      .RES MAXMON
003C00  1  xx xx xx xx  
003C04  1  xx xx xx xx  
003C08  1  xx xx xx xx  mon_y:      .RES MAXMON
003C0C  1  xx xx xx xx  
003C10  1  xx xx xx xx  
003C14  1  xx xx xx xx  mon_hp:     .RES MAXMON
003C18  1  xx xx xx xx  
003C1C  1  xx xx xx xx  
003C20  1               
003C20  1               ; map tile buffers
003C20  1  xx xx xx xx  owmap:      .RES OWW*OWH
003C24  1  xx xx xx xx  
003C28  1  xx xx xx xx  
004C20  1  xx xx xx xx  locmap:     .RES TOWNW*TOWNH         ; town and dungeon share this (same size)
004C24  1  xx xx xx xx  
004C28  1  xx xx xx xx  
004EA0  1               
004EA0  1                       .END
