ca65 V2.18 - Ubuntu 2.19-1
Main file   : dos65drv.asm
Current file: dos65drv.asm

000000r 1               ;________________________________________________________________________________________________________________________________
000000r 1               ;
000000r 1               ;	6502PC dos/65 banked driver code
000000r 1               ;
000000r 1               ;
000000r 1               ;  DWERNER 12/20/2025 	Initial
000000r 1               ;________________________________________________________________________________________________________________________________
000000r 1               
000000r 1               PC6502_IOSPACE  = $EF00
000000r 1                       .INCLUDE "../dos65_os/dosdefn.asm"
000000r 2               ;________________________________________________________________________________________________________________________________
000000r 2               ;
000000r 2               ;	DOS/65 base addresses and definitions
000000r 2               ;
000000r 2               ;  DWERNER 04/24/2022 	Initial
000000r 2               ;________________________________________________________________________________________________________________________________
000000r 2               
000000r 2               ;base addresses and definitions
000000r 2               btejmp          = $0100         ; warm boot jump
000000r 2               pemjmp          = $0103         ; jump to pem
000000r 2               iostat          = $0106         ; i/o status
000000r 2               dflfcb          = $0107         ; default fcb
000000r 2               dflbuf          = $0128         ; default buffer
000000r 2               memmovr         = $0200         ; 0200-02ff subr to move data from ram/rom disks
000000r 2               MD_PAGERA       = $0200         ; PAGE DRIVER ADDRESS
000000r 2               IO              = $0300         ; 0300-03FF Memory mapped IO
000000r 2               MPCL_ROM        = $037C         ; ROM MAPPER
000000r 2               MPCL_RAM        = $0378         ; RAM MAPPER
000000r 2               hstbuf          = $0400         ; 0400-05ff host buffer
000000r 2               ;
000000r 2               ; DRIVER WORKING STORAGE
000000r 2               ;
000000r 2               
000000r 2               
000000r 2               DSKY_BUF        = $0600         ; Eight Bytes DSKY display buffer
000000r 2               DSKY_BUFLEN     = 8             ;
000000r 2               DSKY_HEXBUF     = $0608         ; Four Bytes DSKY hex buffer
000000r 2               DSKY_HEXBUFLEN  = 4             ;
000000r 2               sektrk          = $060C         ; seek track number
000000r 2               seksec          = $060E         ; seek sector number
000000r 2               debcyll         = $0610         ; DEBLOCKED CYLINDER LSB
000000r 2               debcylm         = $0611         ; DEBLOCKED CYLINDER MSB
000000r 2               debsehd         = $0612         ; DEBLOCKED SECTOR AND HEAD (HS)
000000r 2               sekdsk          = $0616         ; seek disk number
000000r 2               dskcfg          = $0617         ; 16 bytes disk configuration table
000000r 2               DSKUNIT         = $0628         ; seek disk number
000000r 2               slicetmp        = $0631         ; (word)
000000r 2               STACKA          = $0635
000000r 2               nmsstr          = $0636
000000r 2               FLRETRY         = $0637         ;
000000r 2               FLRETRY1        = $0638         ;
000000r 2               ST0             = $0639         ;
000000r 2               FLERR           = $063A         ;
000000r 2               FCMD            = $063B         ;
000000r 2               PPIDEINDEX      = $063C
000000r 2               currentDrive    = $063D
000000r 2               DSKY_X_STORAGE  = $063E
000000r 2               DSKY_Y_STORAGE  = $063F
000000r 2               DSKY_TEMP_VAL   = $0640
000000r 2               DSKY_PPIX_VAL   = $0641
000000r 2               FLOPPY_DETCT    = $0642
000000r 2               DSKY_PRESENT    = $0643
000000r 2               Cdebcyll        = $0644         ; DEBLOCKED CYLINDER LSB (IN CACHE)
000000r 2               Cdebcylm        = $0645         ; DEBLOCKED CYLINDER MSB (IN CACHE)
000000r 2               Cdebsehd        = $0646         ; DEBLOCKED SECTOR AND HEAD (HS)  (IN CACHE)
000000r 2               
000000r 2               tea             = $800          ;tea start
000000r 2               
000000r 2               ;zero page for setup
000000r 2               addinp          = $02           ;initialized to a,y
000000r 2               bufadd          = $04           ;buffer address
000000r 2               alcpnt          = $06           ;allocation map pointer
000000r 2               chkpnt          = $08           ;checksum map pointer
000000r 2               numvar          = 8             ;eight bytes
000000r 2               
000000r 2               
000000r 2               msgptr          = chkpnt+2      ;message pointer
000000r 2               movptr          = msgptr        ;and move pointer
000000r 2               dcbloc          = msgptr+2      ;pointer to dcb
000000r 2               
000000r 2               dcbpc           = $2C           ;pointer to DCB table
000000r 2               dskcfpc         = $2E           ;pointer to disk configuration table
000000r 2               cmdlnp          = $30           ;pointer to command line buffer
000000r 2               farfunct        = $32           ; function to call in driver area
000000r 2               farpointer      = $33           ;
000000r 2               IRQVECTOR       = $35           ; VECTOR FOR USER IRQ RTN
000000r 2               NMIVECTOR       = $37           ; VECTOR FOR USER NMI RTN
000000r 2               CONSOLE         = $3A
000000r 2               TEMPWORD        = $3B           ;
000000r 2               TEMPWORD1       = $3D           ;
000000r 2               TEMPWORD2       = $3F           ;
000000r 2               STRPTR          = $41           ;
000000r 2               DSKYMODE        = $43           ; DSKY MODE (0=NONE, 1=DSKY, 2=DSKY NG
000000r 2               
000000r 2               
000000r 2               DO_FARCALL      = $FFF0
000000r 2               
000000r 2               ;page zero and system ram assignments
000000r 2               DEST            = $EC           ;pointer for OutMsg
000000r 2               SRC             = $EE           ;pointer for OutMsg
000000r 2               OUTMSG_W        = $F0           ;pointer for OutMsg
000000r 2               dmaadr          = $f4           ;pointer for r/w
000000r 2               
000000r 2               
000000r 2               ;pem constants on entry to write
000000r 2               wrall           = 0             ;write to allocated
000000r 2               wrdir           = 1             ;write to directory
000000r 2               wrual           = 2             ;write to unallocated
000000r 2               
000000r 2               ;fixed parameters
000000r 2               lf              = $a            ;linefeeed
000000r 2               cr              = $d            ;return
000000r 2               eof             = $1a           ;end of file
000000r 2               null            = 0             ;null
000000r 2               ctlc            = 3             ;abort
000000r 2               ctle            = 5             ;physical cr lf
000000r 2               ctli            = 9             ;tab character
000000r 2               ctlp            = $10           ;toggle printer
000000r 2               ctlr            = $12           ;repeat line
000000r 2               ctls            = $13           ;freeze
000000r 2               ctlx            = $18           ;cancel
000000r 2               semico          = $3b           ;semicolon
000000r 2               delete          = $08           ;delete character
000000r 2               numcmd          = 36            ;number commands
000000r 2               DEFDRV          = 0             ; SET TO DEFAULT DRIVE LETTER
000000r 2               
000000r 2               
000000r 2                       .IFDEF  RBC6X0X
000000r 2                       .DEFINE COMSUFFIX "COM"
000000r 2                       .ENDIF
000000r 2               
000000r 2                       .IFDEF  PC6502
000000r 2                       .DEFINE COMSUFFIX "COM"
000000r 2                       .ENDIF
000000r 2               
000000r 2                       .IFDEF  NHYODYNE
000000r 2                       .DEFINE COMSUFFIX "CO6"
000000r 2                       .ENDIF
000000r 2               
000000r 2               DEBUG           = 0
000000r 2               BANKED_DRIVER_DISPATCHER=$8800
000000r 2               
000000r 1               
000000r 1                       .SEGMENT "DRIVERS"
000000r 1                       .ORG    $C000
00C000  1               
00C000  1               ;__DISPATCHER________________________________________________________________________________________
00C000  1               ;
00C000  1               ;  Function dispatcher
00C000  1               ;  function to call is located in "farfunct"
00C000  1               ;____________________________________________________________________________________________________
00C000  1               ;
00C000  1               FUNCTION_DISPATCHER1:
00C000  1  48                   PHA
00C001  1  8A                   TXA
00C002  1  48                   PHA
00C003  1  A5 32                LDA     farfunct
00C005  1  0A                   ASL     A               ; DOUBLE NUMBER FOR TABLE LOOKUP
00C006  1  AA                   TAX
00C007  1  BD 1B C0             LDA     DISPATCHTABLE,X
00C00A  1  85 33                STA     farpointer
00C00C  1  BD 1C C0             LDA     DISPATCHTABLE+1,X
00C00F  1  85 34                STA     farpointer+1
00C011  1  68                   PLA
00C012  1  AA                   TAX
00C013  1  68                   PLA
00C014  1  20 18 C0             JSR     jsrindirect
00C017  1  60                   RTS
00C018  1               
00C018  1               jsrindirect:
00C018  1  6C 33 00             JMP     (farpointer)
00C01B  1               
00C01B  1               DISPATCHTABLE:
00C01B  1  6C D1                .WORD   DFT_CONSOLE     ; FUNCTION 00 - WRITE CONSOLE
00C01D  1  6C D1                .WORD   DFT_CONSOLE     ; FUNCTION 01 - READ CONSOLE
00C01F  1  6C D1                .WORD   DFT_CONSOLE     ; FUNCTION 02 - READ CONSOLE (BLOCKING)
00C021  1  6C D1                .WORD   DFT_CONSOLE     ; FUNCTION 03 - GET CONSOLE STATUS
00C023  1               
00C023  1  B5 C0                .WORD   WRSER1          ; FUNCTION 04 - WRITE SERIAL PORT
00C025  1  C2 C0                .WORD   RDSER1          ; FUNCTION 05 - READ SERIAL PORT
00C027  1  D0 C0                .WORD   RDSER1W         ; FUNCTION 06 - READ SERIAL PORT (BLOCKING)
00C029  1  DA C0                .WORD   SERIALSTATUS    ; FUNCTION 07 - GET SERIAL STATUS
00C02B  1  A5 C0                .WORD   SERIALINIT      ; FUNCTION 08 - SERIAL PORT INIT
00C02D  1               
00C02D  1  3D C9                .WORD   ESPVIDEOOUT     ; FUNCTION 09 - WRITE VIDEO
00C02F  1  48 C9                .WORD   ESPPS2IN        ; FUNCTION 10 - READ KEYBOARD
00C031  1  5C C9                .WORD   ESPPS2INW       ; FUNCTION 11 - READ KEYBOARD (BLOCKING)
00C033  1  08 C9                .WORD   ESPPS2BUFL      ; FUNCTION 12 - GET KEYBOARD STATUS
00C035  1  96 C7                .WORD   ESPINIT         ; FUNCTION 13 - INIT INTERFACE
00C037  1               
00C037  1  7F D1                .WORD   drv_noop        ; FUNCTION 14
00C039  1  7F D1                .WORD   drv_noop        ; FUNCTION 15
00C03B  1  7F D1                .WORD   drv_noop        ; FUNCTION 16
00C03D  1  7F D1                .WORD   drv_noop        ; FUNCTION 17
00C03F  1  7F D1                .WORD   drv_noop        ; FUNCTION 18
00C041  1               
00C041  1  7F D1                .WORD   drv_noop        ; FUNCTION 19
00C043  1  7F D1                .WORD   drv_noop        ; FUNCTION 20
00C045  1  7F D1                .WORD   drv_noop        ; FUNCTION 21
00C047  1  7F D1                .WORD   drv_noop        ; FUNCTION 22
00C049  1  7F D1                .WORD   drv_noop        ; FUNCTION 23
00C04B  1               
00C04B  1  7F D1                .WORD   drv_noop        ; FUNCTION 24
00C04D  1  7F D1                .WORD   drv_noop        ; FUNCTION 25
00C04F  1  7F D1                .WORD   drv_noop        ; FUNCTION 26
00C051  1  7F D1                .WORD   drv_noop        ; FUNCTION 27
00C053  1  7F D1                .WORD   drv_noop        ; FUNCTION 28
00C055  1               
00C055  1  7F D1                .WORD   drv_noop        ; FUNCTION 29
00C057  1  7F D1                .WORD   drv_noop        ; FUNCTION 30
00C059  1  7F D1                .WORD   drv_noop        ; FUNCTION 31
00C05B  1  7F D1                .WORD   drv_noop        ; FUNCTION 32
00C05D  1  7F D1                .WORD   drv_noop        ; FUNCTION 33
00C05F  1               
00C05F  1  23 D0                .WORD   LPT_OUT         ; SEND BYTE TO LPT PORT ; FUNCTION 34
00C061  1  22 CC                .WORD   KBD_GETKEY      ; GET a character from the MULTI IO ps/2 keyboard ; FUNCTION 35
00C063  1  75 CA                .WORD   MULTIOINIT      ; INIT MULTI IO CARD   ; FUNCTION 36
00C065  1  7F D1                .WORD   drv_noop        ; FUNCTION 37
00C067  1  7F D1                .WORD   drv_noop        ; FUNCTION 38
00C069  1  7F D1                .WORD   drv_noop        ; FUNCTION 39
00C06B  1               
00C06B  1  7F D1                .WORD   drv_noop        ; DSKY_INIT       ; FUNCTION 40 -
00C06D  1  7F D1                .WORD   drv_noop        ; DSKY_SHOW       ; FUNCTION 41 -
00C06F  1  7F D1                .WORD   drv_noop        ; DSKY_BIN2SEG    ; FUNCTION 42 -
00C071  1  7F D1                .WORD   drv_noop        ; DSKY_RESET      ; FUNCTION 43 -
00C073  1  7F D1                .WORD   drv_noop        ; DSKY_STAT       ; FUNCTION 44 -
00C075  1  7F D1                .WORD   drv_noop        ; DSKY_GETKEY     ; FUNCTION 45 -
00C077  1  7F D1                .WORD   drv_noop        ; DSKY_BEEP       ; FUNCTION 46 -
00C079  1  7F D1                .WORD   drv_noop        ; DSKY_DSPL       ; FUNCTION 47 -
00C07B  1  7F D1                .WORD   drv_noop        ; DSKY_PUTLED     ; FUNCTION 48 -
00C07D  1  7F D1                .WORD   drv_noop        ; DSKY_BLANK      ; FUNCTION 49 -
00C07F  1               ;
00C07F  1  56 D0                .WORD   RTC_WRITE       ; FUNCTION 50 - WRITE RTC REGISTER
00C081  1  A0 D0                .WORD   RTC_READ        ; FUNCTION 51 - READ RTC REGISTER
00C083  1  C9 D0                .WORD   RTC_INIT        ; FUNCTION 52 - INIT RTC
00C085  1  C8 D0                .WORD   RTC_LED         ; FUNCTION 53 - CONTROL LEDS
00C087  1  C5 D0                .WORD   RTC_BUTTON      ; FUNCTION 54 - READ BUTTON
00C089  1  C4 D0                .WORD   RTC_BEEP        ; FUNCTION 55 - MAKE SOME NOISE
00C08B  1               ;
00C08B  1  7F D1                .WORD   drv_noop        ; FUNCTION 56
00C08D  1  7F D1                .WORD   drv_noop        ; FUNCTION 57
00C08F  1  7F D1                .WORD   drv_noop        ; FUNCTION 58
00C091  1  7F D1                .WORD   drv_noop        ; FUNCTION 59
00C093  1               
00C093  1  E9 C0                .WORD   XTIDE_INIT      ; FUNCTION 60 - called during OS init
00C095  1  20 C2                .WORD   IDE_READ_SECTOR ; FUNCTION 61 - read a sector from drive
00C097  1  F2 C2                .WORD   IDE_WRITE_SECTOR; FUNCTION 62 - write a sector to drive
00C099  1               ;
00C099  1  5A C4                .WORD   CH375INIT       ; FUNCTION 63 - init the mem device
00C09B  1  4D C6                .WORD   CH_READSEC      ; FUNCTION 64 - read a sector from the memory device
00C09D  1  9C C6                .WORD   CH_WRITESEC     ; FUNCTION 65 - write a sector to the memory device
00C09F  1               ;
00C09F  1  7F D1                .WORD   drv_noop        ; FL_SETUP        ; FUNCTION 66 - init floppy device
00C0A1  1  7F D1                .WORD   drv_noop        ; FL_READ_SECTOR  ; FUNCTION 67 - read a sector from floppy device
00C0A3  1  7F D1                .WORD   drv_noop        ; FL_WRITE_SECTOR ; FUNCTION 68 - write a sector to floppy device
00C0A5  1               
00C0A5  1               ;______________________________________________________________________________
00C0A5  1               
00C0A5  1               
00C0A5  1               
00C0A5  1               ;__DRIVERS___________________________________________________________________________________________
00C0A5  1               ;
00C0A5  1                       .INCLUDE "bios_serial.asm"
00C0A5  2               ;__SERIAL DRIVERS________________________________________________________________________________________________________________
00C0A5  2               ;
00C0A5  2               ; 	serial drivers
00C0A5  2               ;
00C0A5  2               ;	Entry points:
00C0A5  2               ;		SERIALINIT  - called during OS init
00C0A5  2               ;		RDSER1	    - read a byte from serial port ('A' POINTS TO BYTE)
00C0A5  2               ;		WRSER1	    - write a byte from serial port  ('A' POINTS TO BYTE)
00C0A5  2               ;		RDSER1W	    - read a byte from serial port ('A' POINTS TO BYTE, WAIT FOR INPUT)
00C0A5  2               ;		SERIALSTATUS- GET UART STATUS
00C0A5  2               ;________________________________________________________________________________________________________________________________
00C0A5  2               ;
00C0A5  2               
00C0A5  2               
00C0A5  2               ;*
00C0A5  2               ;* HARDWARE I/O ADDRESSES
00C0A5  2               ;*
00C0A5  2               
00C0A5  2               UART1DATA       = PC6502_IOSPACE+$84; SERIAL PORT 1 (I/O Card)
00C0A5  2               UART1STATUS     = PC6502_IOSPACE+$85; SERIAL PORT 1 (I/O Card)
00C0A5  2               UART1COMMAND    = PC6502_IOSPACE+$86; SERIAL PORT 1 (I/O Card)
00C0A5  2               UART1CONTROL    = PC6502_IOSPACE+$87; SERIAL PORT 1 (I/O Card)
00C0A5  2               
00C0A5  2               
00C0A5  2               ;Command Register
00C0A5  2               ;No bit is affected by a software reset, however, all bits are set to zero on a hardware reset.
00C0A5  2               ;Bit 7 6 5  configuration
00C0A5  2               ;    x x 0  no parity bit
00C0A5  2               ;    0 0 1  send and receive with odd parity
00C0A5  2               ;    0 1 1  send and receive with even parity
00C0A5  2               ;    1 0 1  send: parity=1; receive: parity not evaluated
00C0A5  2               ;    1 1 1  send: parity=0; receive: parity not evaluated
00C0A5  2               ;
00C0A5  2               ;Bit 4  0: no echo
00C0A5  2               ;       1: echo (received characters are being sent again,
00C0A5  2               ;                bits 2 and 3 must be 0 for that)
00C0A5  2               ;
00C0A5  2               ;Bit 3 2  sender interr.   RTS level   sender
00C0A5  2               ;    0 0  no               high        off
00C0A5  2               ;    0 1  yes              low         on
00C0A5  2               ;    1 0  no               low         on
00C0A5  2               ;    1 1  no               low         send BRK
00C0A5  2               ;
00C0A5  2               ;Bit 1  0: interrupt gets triggered by bit 3 in status register
00C0A5  2               ;       1: no interrupt
00C0A5  2               ;
00C0A5  2               ;Bit 0  0: disable transceiver and interrupts, /DTR high
00C0A5  2               ;       1: enable transceiver and interrupts, /DTR low
00C0A5  2               ;
00C0A5  2               ;Control Register
00C0A5  2               ;Bits 0 to 3 are set to zero on a software reset, and all bits are set to zero on a hardware reset.
00C0A5  2               ;Bit 7  0: 1 stop bit
00C0A5  2               ;       1: a) with 8 data bits and 1 parity bit: 1 stop bit
00C0A5  2               ;          b) with 5 data bits and no parity bit: 1.5 stop bits
00C0A5  2               ;          c) otherwise 2 stop bits
00C0A5  2               ;
00C0A5  2               ;Bit 6 5  data bits
00C0A5  2               ;    0 0  8
00C0A5  2               ;    0 1  7
00C0A5  2               ;    1 0  6
00C0A5  2               ;    1 1  5
00C0A5  2               ;
00C0A5  2               ;Bit 4  0: external receive clock
00C0A5  2               ;       1: builtin clock as receive clock
00C0A5  2               ;
00C0A5  2               ;Bit 3 2 1 0  baud rate
00C0A5  2               ;    0 0 0 0  1/16 times external clock
00C0A5  2               ;    0 0 0 1  50 bps
00C0A5  2               ;    0 0 1 0  75 bps
00C0A5  2               ;    0 0 1 1  109.92 bps
00C0A5  2               ;    0 1 0 0  134.58 bps
00C0A5  2               ;    0 1 0 1  150 bps
00C0A5  2               ;    0 1 1 0  300 bps
00C0A5  2               ;    0 1 1 1  600 bps
00C0A5  2               ;    1 0 0 0  1200 bps
00C0A5  2               ;    1 0 0 1  1800 bps
00C0A5  2               ;    1 0 1 0  2400 bps
00C0A5  2               ;    1 0 1 1  3600 bps
00C0A5  2               ;    1 1 0 0  4800 bps
00C0A5  2               ;    1 1 0 1  7200 bps
00C0A5  2               ;    1 1 1 0  9600 bps
00C0A5  2               ;    1 1 1 1  19200 bps
00C0A5  2               
00C0A5  2               
00C0A5  2               
00C0A5  2               ;__SERIALINIT____________________________________________________________________________________________________________________
00C0A5  2               ;
00C0A5  2               ;	INITIALIZE SERIAL PORTS
00C0A5  2               ;________________________________________________________________________________________________________________________________
00C0A5  2               ;
00C0A5  2               SERIALINIT:
00C0A5  2  A9 00                LDA     #$00            ; RESET UART
00C0A7  2  8D 85 EF             STA     UART1STATUS     ;
00C0AA  2  A9 0B                LDA     #$0B            ;
00C0AC  2  8D 86 EF             STA     UART1COMMAND    ;
00C0AF  2  A9 1E                LDA     #$1E            ; 9600, 8 BITS, NO PARITY, 1 STOP BIT
00C0B1  2  8D 87 EF             STA     UART1CONTROL    ;
00C0B4  2  60                   RTS
00C0B5  2               
00C0B5  2               
00C0B5  2               
00C0B5  2               ;__WRSER1________________________________________________________________________________________________________________________
00C0B5  2               ;
00C0B5  2               ;	WRITE CHARACTER(A) TO UART
00C0B5  2               ;________________________________________________________________________________________________________________________________
00C0B5  2               ;
00C0B5  2               WRSER1:
00C0B5  2  48                   PHA
00C0B6  2               WRSER1a:
00C0B6  2  AD 85 EF             LDA     UART1STATUS     ; GET STATUS
00C0B9  2  29 10                AND     #%00010000      ; IS TX READY
00C0BB  2  F0 F9                BEQ     WRSER1a         ; NO, WAIT FOR IT
00C0BD  2  68                   PLA
00C0BE  2  8D 84 EF             STA     UART1DATA       ; WRITE DATA
00C0C1  2  60                   RTS
00C0C2  2               
00C0C2  2               ;__RDSER1________________________________________________________________________________________________________________________
00C0C2  2               ;
00C0C2  2               ;	READ CHARACTER FROM UART TO (A)
00C0C2  2               ;________________________________________________________________________________________________________________________________
00C0C2  2               ;
00C0C2  2               RDSER1:
00C0C2  2  AD 85 EF             LDA     UART1STATUS     ; GET STATUS REGISTER
00C0C5  2  29 08                AND     #%00001000      ; IS RX READY
00C0C7  2  F0 04                BEQ     RDSER1N         ; NO, INDICATE NO CHAR
00C0C9  2  AD 84 EF             LDA     UART1DATA       ; GET DATA CHAR
00C0CC  2  60                   RTS
00C0CD  2               RDSER1N:
00C0CD  2  A9 00                LDA     #$00            ;
00C0CF  2  60                   RTS                     ;
00C0D0  2               
00C0D0  2               ;__RDSER1W_______________________________________________________________________________________________________________________
00C0D0  2               ;
00C0D0  2               ;	READ CHARACTER FROM UART TO (A) - WAIT FOR CHAR
00C0D0  2               ;________________________________________________________________________________________________________________________________
00C0D0  2               ;
00C0D0  2               RDSER1W:
00C0D0  2  20 C2 C0             JSR     RDSER1
00C0D3  2  C9 00                CMP     #$00
00C0D5  2  F0 F9                BEQ     RDSER1W
00C0D7  2  29 7F                AND     #$7F
00C0D9  2  60                   RTS
00C0DA  2               
00C0DA  2               ;__SERIALSTATUS__________________________________________________________________________________________________________________
00C0DA  2               ;
00C0DA  2               ;	READ UARD STATUS
00C0DA  2               ;________________________________________________________________________________________________________________________________
00C0DA  2               ;
00C0DA  2               SERIALSTATUS:
00C0DA  2  AD 85 EF             LDA     UART1STATUS     ; GET STATUS REGISTER
00C0DD  2  29 08                AND     #%00001000      ; IS RX READY
00C0DF  2  D0 03                BNE     RDSTAT1         ; INDICATE CHAR
00C0E1  2  A9 00                LDA     #$00            ; NO CHAR
00C0E3  2  60                   RTS
00C0E4  2               RDSTAT1:
00C0E4  2  A9 FF                LDA     #$FF            ; DATA CHAR
00C0E6  2  60                   RTS
00C0E7  2               
00C0E7  1                       .INCLUDE "bios_ide.asm"
00C0E7  2               ;__IDE DRIVERS___________________________________________________________________________________________________________________
00C0E7  2               ;
00C0E7  2               ; 	DOS/65 IDE disk drivers 6502PC - XT IDE ISA CARD
00C0E7  2               ;
00C0E7  2               ;	Entry points:
00C0E7  2               ;		XTIDE_INIT   	- CALLED DURING OS INIT
00C0E7  2               ;		IDE_READ_SECTOR  - read a sector from drive
00C0E7  2               ;		IDE_WRITE_SECTOR - write a sector to drive
00C0E7  2               ;________________________________________________________________________________________________________________________________
00C0E7  2               ;
00C0E7  2               PC6502_IO       = $E000
00C0E7  2               
00C0E7  2               XTIDE_DATA_LO   = PC6502_IO+$300
00C0E7  2               XTIDE_DATA_HI   = PC6502_IO+$301
00C0E7  2               XTIDE_ERR       = PC6502_IO+$302
00C0E7  2               XTIDE_FECODE    = PC6502_IO+$302
00C0E7  2               XTIDE_SEC_CNT   = PC6502_IO+$304
00C0E7  2               XTIDE_LBALOW    = PC6502_IO+$306
00C0E7  2               XTIDE_LBAMID    = PC6502_IO+$308
00C0E7  2               XTIDE_LBAHI     = PC6502_IO+$30A
00C0E7  2               XTIDE_DEVICE    = PC6502_IO+$30C
00C0E7  2               XTIDE_COMMAND   = PC6502_IO+$30E
00C0E7  2               XTIDE_STATUS    = PC6502_IO+$30E
00C0E7  2               
00C0E7  2               
00C0E7  2               
00C0E7  2               
00C0E7  2               ;IDE COMMAND CONSTANTS.  THESE SHOULD NEVER CHANGE.
00C0E7  2               XTIDE_CMD_RECAL = $10
00C0E7  2               XTIDE_CMD_READ  = $20
00C0E7  2               XTIDE_CMD_WRITE = $30
00C0E7  2               XTIDE_CMD_INIT  = $91
00C0E7  2               XTIDE_CMD_ID    = $EC
00C0E7  2               XTIDE_CMD_FEAT  = $EF
00C0E7  2               XTIDE_CMD_SPINDOWN = $E0
00C0E7  2               XTIDE_CMD_SPINUP = $E1
00C0E7  2               
00C0E7  2               
00C0E7  2               
00C0E7  2                       .IFDEF  PC6502BIOS
00C0E7  2               XTIDE_INIT:
00C0E7  2               ; RESET PORTS
00C0E7  2                       LDX     #$00
00C0E7  2                       LDA     #$FF
00C0E7  2               :
00C0E7  2                       STA     XTIDE_DATA_LO,X
00C0E7  2                       INX
00C0E7  2                       CPX     #$31
00C0E7  2                       BNE     :-
00C0E7  2               
00C0E7  2                       LDX     #$00
00C0E7  2                       LDA     #$00
00C0E7  2               :
00C0E7  2                       STA     XTIDE_DATA_LO,X
00C0E7  2                       INX
00C0E7  2                       CPX     #$31
00C0E7  2                       BNE     :-
00C0E7  2                       JSR     XTIDE_PROBE
00C0E7  2                       LDA     #$E0            ; E0=MST  F0=SLV
00C0E7  2                       STA     XTIDE_DEVICE
00C0E7  2               
00C0E7  2                       JSR     IDE_WAIT_NOT_BUSY;MAKE SURE DRIVE IS READY
00C0E7  2                       CMP     #$00
00C0E7  2                       BNE     :+
00C0E7  2               
00C0E7  2                       LDA     #$01            ; ENABLE 8-BIT MODE (XT-CF-LITE)
00C0E7  2                       STA     XTIDE_FECODE
00C0E7  2                       LDA     #XTIDE_CMD_FEAT
00C0E7  2                       STA     XTIDE_COMMAND
00C0E7  2               :
00C0E7  2                       RTS
00C0E7  2                       .ENDIF
00C0E7  2               
00C0E7  2               
00C0E7  2                       .IFNDEF PC6502BIOS
00C0E7  2               XTIDETIMEOUT:
00C0E7  2  00 00                .BYTE   $00,$00
00C0E9  2               
00C0E9  2               
00C0E9  2               
00C0E9  2               ;__XTIDE_INIT________________________________________________________________________________________
00C0E9  2               ;
00C0E9  2               ;  INIT AND DISPLAY IDE INFO
00C0E9  2               ;____________________________________________________________________________________________________
00C0E9  2               ;
00C0E9  2               XTIDE_INIT:
00C0E9  2  20 89 D1             JSR     LFCR            ; AND CRLF
00C0EC  2  A9 4D                LDA     #<MESSAGE1      ;
00C0EE  2  85 41                STA     STRPTR          ;
00C0F0  2  A9 C3                LDA     #>MESSAGE1      ;
00C0F2  2  85 42                STA     STRPTR+1        ;
00C0F4  2  20 94 D1             JSR     WRSTR
00C0F7  2  20 89 D1             JSR     LFCR            ; AND CRLF
00C0FA  2               ;
00C0FA  2  A9 55                LDA     #<MESSAGE2      ;
00C0FC  2  85 41                STA     STRPTR          ;
00C0FE  2  A9 C3                LDA     #>MESSAGE2      ;
00C100  2  85 42                STA     STRPTR+1        ;
00C102  2  20 94 D1             JSR     WRSTR           ; DO PROMPT
00C105  2               
00C105  2  A9 E3                LDA     #>XTIDE_DATA_LO ; GET BASE PORT
00C107  2  20 A9 D1             JSR     PRINT_BYTE      ; PRINT BASE PORT
00C10A  2  A9 00                LDA     #<XTIDE_DATA_LO ; GET BASE PORT
00C10C  2  20 A9 D1             JSR     PRINT_BYTE      ; PRINT BASE PORT
00C10F  2               ;
00C10F  2  20 4B C1             JSR     XTIDE_PROBE     ; DETECT AN ATA DEVICE, ABORT IF NOT FOUND
00C112  2  C9 00                CMP     #$00
00C114  2  D0 03                BNE     IDE_ABORT
00C116  2  4C 27 C1             JMP     IDE_PRINT_INFO
00C119  2               IDE_ABORT:
00C119  2  A9 5C                LDA     #<MESSAGE3      ;
00C11B  2  85 41                STA     STRPTR          ;
00C11D  2  A9 C3                LDA     #>MESSAGE3      ;
00C11F  2  85 42                STA     STRPTR+1        ;
00C121  2  20 94 D1             JSR     WRSTR           ; DO PROMPT
00C124  2  4C 4A C1             JMP     IDE_INITA
00C127  2               IDE_PRINT_INFO:
00C127  2  20 89 D1             JSR     LFCR            ; AND CRLF
00C12A  2  A9 69                LDA     #<MESSAGE4      ;
00C12C  2  85 41                STA     STRPTR          ;
00C12E  2  A9 C3                LDA     #>MESSAGE4      ;
00C130  2  85 42                STA     STRPTR+1        ;
00C132  2  20 94 D1             JSR     WRSTR           ; DO PROMPT
00C135  2  A9 00                LDA     #$00
00C137  2  20 AD C1             JSR     IDE_READ_INFO   ; GET DRIVE INFO, ABORT IF ERROR
00C13A  2  A9 7B                LDA     #<MESSAGE5      ;
00C13C  2  85 41                STA     STRPTR          ;
00C13E  2  A9 C3                LDA     #>MESSAGE5      ;
00C140  2  85 42                STA     STRPTR+1        ;
00C142  2  20 94 D1             JSR     WRSTR           ; DO PROMPT
00C145  2  A9 01                LDA     #$01
00C147  2  20 AD C1             JSR     IDE_READ_INFO   ; GET DRIVE INFO, ABORT IF ERROR
00C14A  2               IDE_INITA:
00C14A  2  60                   RTS                     ; DONE
00C14B  2                       .ENDIF
00C14B  2               ;
00C14B  2               ;__XTIDE_PROBE_______________________________________________________________________________________
00C14B  2               ;
00C14B  2               ;  XTPROBE FOR IDE HARDWARE
00C14B  2               ;____________________________________________________________________________________________________
00C14B  2               ;
00C14B  2               XTIDE_PROBE:
00C14B  2               ;
00C14B  2               ; RESET PORTS
00C14B  2  A2 00                LDX     #$00
00C14D  2  A9 FF                LDA     #$FF
00C14F  2               :
00C14F  2  9D 00 E3             STA     XTIDE_DATA_LO,X
00C152  2  E8                   INX
00C153  2  E0 31                CPX     #$31
00C155  2  D0 F8                BNE     :-
00C157  2               
00C157  2  A2 00                LDX     #$00
00C159  2  A9 00                LDA     #$00
00C15B  2               :
00C15B  2  9D 00 E3             STA     XTIDE_DATA_LO,X
00C15E  2  E8                   INX
00C15F  2  E0 31                CPX     #$31
00C161  2  D0 F8                BNE     :-
00C163  2               ; CHECK SIGNATURE
00C163  2  A0 00                LDY     #$00
00C165  2  A2 00                LDX     #$00
00C167  2               ;       SOMETIMES THE CF-XTIDE WILL ONLY READ 80, THIS CAN BE RESET BY WRITING ZEROS UNTIL VALUES ARE PROPERLY READ
00C167  2               :
00C167  2  AD 00 E3             LDA     XTIDE_DATA_LO
00C16A  2  C9 80                CMP     #$80
00C16C  2  D0 2F                BNE     :+
00C16E  2  A9 00                LDA     #$00
00C170  2  8D 00 E3             STA     XTIDE_DATA_LO
00C173  2  EA                   NOP
00C174  2  8D 01 E3             STA     XTIDE_DATA_HI
00C177  2  EA                   NOP
00C178  2  8D 06 E3             STA     XTIDE_LBALOW
00C17B  2  EA                   NOP
00C17C  2  8D 08 E3             STA     XTIDE_LBAMID
00C17F  2  EA                   NOP
00C180  2  8D 0A E3             STA     XTIDE_LBAHI
00C183  2  EA                   NOP
00C184  2  8D 0C E3             STA     XTIDE_DEVICE
00C187  2  EA                   NOP
00C188  2  8D 0E E3             STA     XTIDE_COMMAND
00C18B  2  EA                   NOP
00C18C  2  8D 0E E3             STA     XTIDE_STATUS
00C18F  2  EA                   NOP
00C190  2  E8                   INX
00C191  2  E0 00                CPX     #$00
00C193  2  D0 D2                BNE     :-
00C195  2  C8                   INY
00C196  2  C0 03                CPY     #$03
00C198  2  D0 CD                BNE     :-
00C19A  2  4C A7 C1             JMP     XTIDE_PROBE_FAIL; TIMED OUT
00C19D  2               :
00C19D  2  20 77 C2             JSR     IDE_WAIT_NOT_BUSY;MAKE SURE DRIVE IS READY
00C1A0  2  C9 00                CMP     #$00
00C1A2  2  D0 03                BNE     XTIDE_PROBE_FAIL
00C1A4  2  4C AA C1             JMP     XTIDE_PROBE_SUCCESS
00C1A7  2               XTIDE_PROBE_FAIL:
00C1A7  2  A9 FF                LDA     #$FF
00C1A9  2  60                   RTS
00C1AA  2               XTIDE_PROBE_SUCCESS:
00C1AA  2  A9 00                LDA     #$00
00C1AC  2  60                   RTS                     ; DONE, NOTE THAT A=0 AND Z IS SET
00C1AD  2               
00C1AD  2                       .IFNDEF PC6502BIOS
00C1AD  2               ;*__IDE_READ_INFO___________________________________________________________________________________
00C1AD  2               ;*
00C1AD  2               ;*  READ IDE INFORMATION
00C1AD  2               ;*	CARRY SET ON ERROR
00C1AD  2               ;* 	A=MST/SLV
00C1AD  2               ;*____________________________________________________________________________________________________
00C1AD  2               IDE_READ_INFO:
00C1AD  2               ; SET DRIVE BIT
00C1AD  2  29 01                AND     #$01            ; ONLY WANT THE 1 BIT (MST/SLV)
00C1AF  2  0A                   ASL     A               ; SHIFT 4
00C1B0  2  0A                   ASL     A               ;
00C1B1  2  0A                   ASL     A               ;
00C1B2  2  0A                   ASL     A               ;
00C1B3  2  09 E0                ORA     #$E0            ; E0=MST  F0=SLV
00C1B5  2  8D 0C E3             STA     XTIDE_DEVICE
00C1B8  2               
00C1B8  2  20 77 C2             JSR     IDE_WAIT_NOT_BUSY;MAKE SURE DRIVE IS READY
00C1BB  2  C9 00                CMP     #$00
00C1BD  2  D0 4A                BNE     IDE_READ_INFO_ABORT
00C1BF  2               
00C1BF  2  A9 01                LDA     #$01            ; ENABLE 8-BIT MODE (XT-CF-LITE)
00C1C1  2  8D 02 E3             STA     XTIDE_FECODE
00C1C4  2  A9 EF                LDA     #XTIDE_CMD_FEAT
00C1C6  2  8D 0E E3             STA     XTIDE_COMMAND
00C1C9  2               
00C1C9  2  EA                   NOP                     ; TINY DELAY, JUST IN CASE
00C1CA  2  EA                   NOP
00C1CB  2  EA                   NOP
00C1CC  2  EA                   NOP
00C1CD  2  EA                   NOP
00C1CE  2  EA                   NOP
00C1CF  2  EA                   NOP
00C1D0  2  EA                   NOP
00C1D1  2  EA                   NOP
00C1D2  2  EA                   NOP
00C1D3  2  EA                   NOP
00C1D4  2               
00C1D4  2               
00C1D4  2  A9 EC                LDA     #XTIDE_CMD_ID   ; ID COMMAND
00C1D6  2  8D 0E E3             STA     XTIDE_COMMAND
00C1D9  2               
00C1D9  2  20 A4 C2             JSR     IDE_WAIT_DRQ    ;WAIT UNTIL IT'S GOT THE DATA
00C1DC  2  C9 00                CMP     #$00
00C1DE  2  D0 29                BNE     IDE_READ_INFO_ABORT
00C1E0  2               
00C1E0  2  20 CB C2             JSR     IDE_READ_BUFFER ; GRAB THE 256 WORDS FROM THE BUFFER
00C1E3  2               
00C1E3  2  A9 8D                LDA     #<MESSAGE6      ;
00C1E5  2  85 41                STA     STRPTR          ;
00C1E7  2  A9 C3                LDA     #>MESSAGE6      ;
00C1E9  2  85 42                STA     STRPTR+1        ;
00C1EB  2  20 94 D1             JSR     WRSTR
00C1EE  2  AD 7B 04             LDA     hstbuf+123
00C1F1  2  20 A9 D1             JSR     PRINT_BYTE
00C1F4  2  AD 7A 04             LDA     hstbuf+122
00C1F7  2  20 A9 D1             JSR     PRINT_BYTE
00C1FA  2  AD 79 04             LDA     hstbuf+121
00C1FD  2  20 A9 D1             JSR     PRINT_BYTE
00C200  2  AD 78 04             LDA     hstbuf+120
00C203  2  20 A9 D1             JSR     PRINT_BYTE
00C206  2  4C 1A C2             JMP     IDE_READ_INFO_OK
00C209  2               IDE_READ_INFO_ABORT:
00C209  2  A9 5C                LDA     #<MESSAGE3      ;
00C20B  2  85 41                STA     STRPTR          ;
00C20D  2  A9 C3                LDA     #>MESSAGE3      ;
00C20F  2  85 42                STA     STRPTR+1        ;
00C211  2  20 94 D1             JSR     WRSTR           ;DO PROMPT
00C214  2  20 89 D1             JSR     LFCR            ;AND CRLF
00C217  2  A9 FF                LDA     #$FF
00C219  2  60                   RTS                     ;
00C21A  2               IDE_READ_INFO_OK:
00C21A  2  20 89 D1             JSR     LFCR            ; AND CRLF
00C21D  2  A9 00                LDA     #$00
00C21F  2  60                   RTS
00C220  2                       .ENDIF
00C220  2               
00C220  2               
00C220  2               ;*__IDE_READ_SECTOR___________________________________________________________________________________
00C220  2               ;*
00C220  2               ;*  READ IDE SECTOR (IN LBA) INTO BUFFER
00C220  2               ;*
00C220  2               ;*____________________________________________________________________________________________________
00C220  2               IDE_READ_SECTOR:
00C220  2                       .IFNDEF PC6502BIOS
00C220  2  20 90 C3             JSR     IDE_CONVERT_SECTOR_LBA
00C223  2  AD 12 06             LDA     debsehd         ; STORE CURRENT PARMS
00C226  2  CD 46 06             CMP     Cdebsehd        ;
00C229  2  D0 1B                BNE     IDE_READ_SECTOR_DIRTY
00C22B  2  AD 11 06             LDA     debcylm         ;
00C22E  2  CD 45 06             CMP     Cdebcylm        ;
00C231  2  D0 13                BNE     IDE_READ_SECTOR_DIRTY
00C233  2  AD 10 06             LDA     debcyll         ;
00C236  2  CD 44 06             CMP     Cdebcyll        ;
00C239  2  D0 0B                BNE     IDE_READ_SECTOR_DIRTY
00C23B  2  AD 16 06             LDA     sekdsk          ;
00C23E  2  CD 3D 06             CMP     currentDrive
00C241  2  D0 03                BNE     IDE_READ_SECTOR_DIRTY
00C243  2  A9 00                LDA     #$00            ; ZERO = 1 ON RETURN = OPERATION OK
00C245  2  60                   RTS
00C246  2                       .ENDIF
00C246  2               IDE_READ_SECTOR_DIRTY:
00C246  2  20 77 C2             JSR     IDE_WAIT_NOT_BUSY;MAKE SURE DRIVE IS READY
00C249  2  C9 00                CMP     #$00
00C24B  2  D0 27                BNE     IDE_READ_SECTOR_ERROR; IF TIMEOUT, REPORT NO IDE PRESENT
00C24D  2               IDE_READ_SECTOR_1:
00C24D  2  20 34 C4             JSR     IDE_SETUP_LBA   ;TELL IT WHICH SECTOR WE WANT
00C250  2  A9 20                LDA     #XTIDE_CMD_READ
00C252  2  8D 0E E3             STA     XTIDE_COMMAND
00C255  2               
00C255  2  20 A4 C2             JSR     IDE_WAIT_DRQ    ; WAIT UNTIL IT'S GOT THE DATA
00C258  2  C9 00                CMP     #$00
00C25A  2  D0 18                BNE     IDE_READ_SECTOR_ERROR; IF TIMEOUT, REPORT NO IDE PRESENT
00C25C  2  20 CB C2             JSR     IDE_READ_BUFFER ; GRAB THE 256 WORDS FROM THE BUFFER
00C25F  2                       .IFNDEF PC6502BIOS
00C25F  2  AD 12 06             LDA     debsehd         ; STORE CURRENT PARMS
00C262  2  8D 46 06             STA     Cdebsehd        ;
00C265  2  AD 10 06             LDA     debcyll         ;
00C268  2  8D 44 06             STA     Cdebcyll        ;
00C26B  2  AD 11 06             LDA     debcylm         ;
00C26E  2  8D 45 06             STA     Cdebcylm        ;
00C271  2                       .ENDIF
00C271  2               
00C271  2  A9 00                LDA     #$00            ; ZERO = 1 ON RETURN = OPERATION OK
00C273  2  60                   RTS
00C274  2               IDE_READ_SECTOR_ERROR:
00C274  2  A9 FF                LDA     #$FF            ; ZERO = 1 ON RETURN = OPERATION OK
00C276  2  60                   RTS
00C277  2               
00C277  2               
00C277  2               ;*__IDE_WAIT_NOT_BUSY_______________________________________________________________________________
00C277  2               ;*
00C277  2               ;*  WAIT FOR IDE CHANNEL TO BECOME READY
00C277  2               ;*
00C277  2               ;*____________________________________________________________________________________________________
00C277  2               IDE_WAIT_NOT_BUSY:
00C277  2  8A                   TXA
00C278  2  48                   PHA
00C279  2  98                   TYA
00C27A  2  48                   PHA
00C27B  2  A9 00                LDA     #$00
00C27D  2  8D E7 C0             STA     XTIDETIMEOUT
00C280  2  8D E8 C0             STA     XTIDETIMEOUT+1
00C283  2               IDE_WAIT_NOT_BUSY1:
00C283  2  AD 0E E3             LDA     XTIDE_STATUS    ;WAIT FOR RDY BIT TO BE SET
00C286  2  29 80                AND     #$80
00C288  2  C9 00                CMP     #$00
00C28A  2  F0 11                BEQ     IDE_WAIT_NOT_BUSY2
00C28C  2  EE E7 C0             INC     XTIDETIMEOUT
00C28F  2  D0 F2                BNE     IDE_WAIT_NOT_BUSY1
00C291  2  EE E8 C0             INC     XTIDETIMEOUT+1
00C294  2  D0 ED                BNE     IDE_WAIT_NOT_BUSY1
00C296  2  68                   PLA
00C297  2  A8                   TAY
00C298  2  68                   PLA
00C299  2  AA                   TAX
00C29A  2  A9 FF                LDA     #$FF
00C29C  2  60                   RTS
00C29D  2               IDE_WAIT_NOT_BUSY2:
00C29D  2  68                   PLA
00C29E  2  A8                   TAY
00C29F  2  68                   PLA
00C2A0  2  AA                   TAX
00C2A1  2  A9 00                LDA     #$00
00C2A3  2  60                   RTS
00C2A4  2               
00C2A4  2               ;*__IDE_WAIT_DRQ______________________________________________________________________________________
00C2A4  2               ;*
00C2A4  2               ;*	WAIT FOR THE DRIVE TO BE READY TO TRANSFER DATA.
00C2A4  2               ;*
00C2A4  2               ;*____________________________________________________________________________________________________
00C2A4  2               IDE_WAIT_DRQ:
00C2A4  2  A9 00                LDA     #$00
00C2A6  2  8D E7 C0             STA     XTIDETIMEOUT
00C2A9  2  8D E8 C0             STA     XTIDETIMEOUT+1
00C2AC  2               IDE_WAIT_DRQ1:
00C2AC  2  AD 0E E3             LDA     XTIDE_STATUS    ;WAIT FOR DRQ BIT TO BE SET
00C2AF  2  29 88                AND     #%10001000      ; MASK OFF BUSY(7) AND DRQ(3)
00C2B1  2  C9 08                CMP     #%00001000      ; WE WANT BUSY(7) TO BE 0 AND DRQ (3) TO BE 1
00C2B3  2  F0 13                BEQ     IDE_WAIT_DRQ2
00C2B5  2  29 01                AND     #%00000001      ; IS ERROR?
00C2B7  2  C9 01                CMP     #%00000001      ;
00C2B9  2  F0 0A                BEQ     IDE_WAIT_DRQE
00C2BB  2  EE E7 C0             INC     XTIDETIMEOUT
00C2BE  2  D0 EC                BNE     IDE_WAIT_DRQ1
00C2C0  2  EE E8 C0             INC     XTIDETIMEOUT+1
00C2C3  2  D0 E7                BNE     IDE_WAIT_DRQ1
00C2C5  2               IDE_WAIT_DRQE:
00C2C5  2  A9 FF                LDA     #$FF
00C2C7  2  60                   RTS
00C2C8  2               IDE_WAIT_DRQ2:
00C2C8  2  A9 00                LDA     #$00
00C2CA  2  60                   RTS
00C2CB  2               
00C2CB  2               
00C2CB  2               ;*__IDE_READ_BUFFER___________________________________________________________________________________
00C2CB  2               ;*
00C2CB  2               ;*  READ IDE BUFFER LITTLE ENDIAN
00C2CB  2               ;*
00C2CB  2               ;*____________________________________________________________________________________________________
00C2CB  2               IDE_READ_BUFFER:
00C2CB  2  A0 00                LDY     #$00            ; INDEX
00C2CD  2               :
00C2CD  2  AD 00 E3             LDA     XTIDE_DATA_LO
00C2D0  2  99 00 04             STA     hstbuf,Y        ;
00C2D3  2  C8                   INY
00C2D4  2  AD 01 E3             LDA     XTIDE_DATA_HI
00C2D7  2  99 00 04             STA     hstbuf,Y        ;
00C2DA  2  C8                   INY
00C2DB  2  C0 00                CPY     #$00            ;
00C2DD  2  D0 EE                BNE     :-
00C2DF  2               :
00C2DF  2               ;
00C2DF  2  AD 00 E3             LDA     XTIDE_DATA_LO
00C2E2  2  99 00 05             STA     hstbuf+$100,Y   ;
00C2E5  2  C8                   INY
00C2E6  2  AD 01 E3             LDA     XTIDE_DATA_HI
00C2E9  2  99 00 05             STA     hstbuf+$100,Y   ;
00C2EC  2  C8                   INY
00C2ED  2  C0 00                CPY     #$00            ;
00C2EF  2  D0 EE                BNE     :-              ;
00C2F1  2  60                   RTS                     ;
00C2F2  2               
00C2F2  2               ;*__IDE_WRITE_SECTOR__________________________________________________________________________________
00C2F2  2               ;*
00C2F2  2               ;*  WRITE IDE SECTOR (IN LBA) FROM BUFFER
00C2F2  2               ;*
00C2F2  2               ;*____________________________________________________________________________________________________
00C2F2  2               IDE_WRITE_SECTOR:
00C2F2  2                       .IFNDEF PC6502BIOS
00C2F2  2  20 90 C3             JSR     IDE_CONVERT_SECTOR_LBA
00C2F5  2                       .ENDIF
00C2F5  2  20 77 C2             JSR     IDE_WAIT_NOT_BUSY;MAKE SURE DRIVE IS READY
00C2F8  2  C9 00                CMP     #$00
00C2FA  2  D0 27                BNE     IDE_WRITE_SECTOR_ERROR; IF TIMEOUT, REPORT NO IDE PRESENT
00C2FC  2  20 34 C4             JSR     IDE_SETUP_LBA   ;TELL IT WHICH SECTOR WE WANT
00C2FF  2  A9 30                LDA     #XTIDE_CMD_WRITE
00C301  2  8D 0E E3             STA     XTIDE_COMMAND
00C304  2  20 A4 C2             JSR     IDE_WAIT_DRQ    ;WAIT UNIT IT WANTS THE DATA
00C307  2  C9 00                CMP     #$00
00C309  2  D0 18                BNE     IDE_WRITE_SECTOR_ERROR; IF TIMEOUT, REPORT NO IDE PRESENT
00C30B  2  20 26 C3             JSR     IDE_WRITE_BUFFER;GIVE THE DATA TO THE DRIVE
00C30E  2  20 77 C2             JSR     IDE_WAIT_NOT_BUSY;WAIT UNTIL THE WRITE IS COMPLETE
00C311  2  C9 00                CMP     #$00
00C313  2  D0 0E                BNE     IDE_WRITE_SECTOR_ERROR; IF TIMEOUT, REPORT NO IDE PRESENT
00C315  2                       .IFNDEF PC6502BIOS
00C315  2  A9 FF                LDA     #$FF            ; INVALIDATE CACHE
00C317  2  8D 46 06             STA     Cdebsehd        ;
00C31A  2  8D 44 06             STA     Cdebcyll        ;
00C31D  2  8D 45 06             STA     Cdebcylm        ;
00C320  2                       .ENDIF
00C320  2  A9 00                LDA     #$00            ; ZERO = 1 ON RETURN = OPERATION OK
00C322  2  60                   RTS
00C323  2               IDE_WRITE_SECTOR_ERROR:
00C323  2  A9 FF                LDA     #$FF
00C325  2  60                   RTS
00C326  2               
00C326  2               ;*__IDE_WRITE_BUFFER___________________________________________________________________________________
00C326  2               ;*
00C326  2               ;*  WRITE IDE BUFFER LITTLE ENDIAN
00C326  2               ;*
00C326  2               ;*____________________________________________________________________________________________________
00C326  2               IDE_WRITE_BUFFER:
00C326  2  A0 00                LDY     #$00            ; INDEX
00C328  2               :
00C328  2  B9 00 04             LDA     hstbuf,Y        ;
00C32B  2  8D 00 E3             STA     XTIDE_DATA_LO
00C32E  2  C8                   INY
00C32F  2  B9 00 04             LDA     hstbuf,Y        ;
00C332  2  8D 01 E3             STA     XTIDE_DATA_HI
00C335  2  C8                   INY
00C336  2  C0 00                CPY     #$00            ;
00C338  2  D0 EE                BNE     :-              ;
00C33A  2               :
00C33A  2  B9 00 05             LDA     hstbuf+$100,Y   ;
00C33D  2  8D 00 E3             STA     XTIDE_DATA_LO
00C340  2  C8                   INY
00C341  2  B9 00 05             LDA     hstbuf+$100,Y   ;
00C344  2  8D 01 E3             STA     XTIDE_DATA_HI
00C347  2  C8                   INY
00C348  2  C0 00                CPY     #$00            ;
00C34A  2  D0 EE                BNE     :-              ;
00C34C  2  60                   RTS                     ;
00C34D  2               
00C34D  2                       .IFNDEF PC6502BIOS
00C34D  2               MESSAGE1:
00C34D  2  58 54 2D 49          .BYTE   "XT-IDE:"
00C351  2  44 45 3A     
00C354  2  00                   .BYTE   00
00C355  2               MESSAGE2:
00C355  2  20 49 4F 3D          .BYTE   " IO=0x"
00C359  2  30 78        
00C35B  2  00                   .BYTE   00
00C35C  2               MESSAGE3:
00C35C  2  20 4E 4F 54          .BYTE   " NOT PRESENT"
00C360  2  20 50 52 45  
00C364  2  53 45 4E 54  
00C368  2  00                   .BYTE   00
00C369  2               MESSAGE4:
00C369  2  20 58 54 2D          .BYTE   " XT-IDE0: BLOCKS="
00C36D  2  49 44 45 30  
00C371  2  3A 20 42 4C  
00C37A  2  00                   .BYTE   00
00C37B  2               MESSAGE5:
00C37B  2  20 58 54 2D          .BYTE   " XT-IDE1: BLOCKS="
00C37F  2  49 44 45 31  
00C383  2  3A 20 42 4C  
00C38C  2  00                   .BYTE   00
00C38D  2               MESSAGE6:
00C38D  2  30 78                .BYTE   "0x"
00C38F  2  00                   .BYTE   00
00C390  2               
00C390  2               ;___IDE_CONVERT_SECTOR_LBA_______________________________________________________________________________
00C390  2               ;
00C390  2               ; 	TRANSLATE LBA SECTORS
00C390  2               ;________________________________________________________________________________________________________
00C390  2               IDE_CONVERT_SECTOR_LBA:
00C390  2  AD 0C 06             LDA     sektrk          ; LOAD TRACK # (LOW BYTE)
00C393  2  29 0F                AND     #$0F            ; ISOLATE HEAD IN LOW 4 BITS
00C395  2  0A                   ASL     a               ; MOVE TO HIGH BYTE
00C396  2  0A                   ASL     a
00C397  2  0A                   ASL     a
00C398  2  0A                   ASL     a
00C399  2  AA                   TAX                     ; PARK IN X
00C39A  2  AD 0E 06             LDA     seksec          ; LOAD SECTOR # (LOW BYTE)
00C39D  2  4A                   LSR     A               ;
00C39E  2  4A                   LSR     A               ; DIVIDE BY 4 (FOR BLOCKING)
00C39F  2  29 0F                AND     #$0F            ; CLEAR UPPER 4 BITS (JUST 'CAUSE)
00C3A1  2  8D 12 06             STA     debsehd         ; STORE IN SECTOR/HEAD
00C3A4  2  8A                   TXA                     ; GET HEAD BACK
00C3A5  2  0D 12 06             ORA     debsehd
00C3A8  2  8D 12 06             STA     debsehd         ; STORE IN SECTOR/HEAD
00C3AB  2               
00C3AB  2  AD 0C 06             LDA     sektrk
00C3AE  2  8D 10 06             STA     debcyll         ; STORE IN TRACK (lsb)
00C3B1  2  AD 0D 06             LDA     sektrk+1
00C3B4  2  8D 11 06             STA     debcylm         ; STORE IN TRACK (msb)
00C3B7  2               ; REMOVE HEAD FROM TRACK VALUE (DIV/4)
00C3B7  2  AD 11 06             LDA     debcylm
00C3BA  2  4A                   LSR     A
00C3BB  2  8D 11 06             STA     debcylm
00C3BE  2  AD 10 06             LDA     debcyll
00C3C1  2  6A                   ROR     A
00C3C2  2  8D 10 06             STA     debcyll
00C3C5  2               
00C3C5  2  AD 11 06             LDA     debcylm
00C3C8  2  4A                   LSR     A
00C3C9  2  8D 11 06             STA     debcylm
00C3CC  2  AD 10 06             LDA     debcyll
00C3CF  2  6A                   ROR     A
00C3D0  2  8D 10 06             STA     debcyll
00C3D3  2               
00C3D3  2  AD 11 06             LDA     debcylm
00C3D6  2  4A                   LSR     A
00C3D7  2  8D 11 06             STA     debcylm
00C3DA  2  AD 10 06             LDA     debcyll
00C3DD  2  6A                   ROR     A
00C3DE  2  8D 10 06             STA     debcyll
00C3E1  2               
00C3E1  2  AD 11 06             LDA     debcylm
00C3E4  2  4A                   LSR     A
00C3E5  2  8D 11 06             STA     debcylm
00C3E8  2  AD 10 06             LDA     debcyll
00C3EB  2  6A                   ROR     A
00C3EC  2  8D 10 06             STA     debcyll
00C3EF  2               ;	ADD SLICE OFFSET
00C3EF  2  AD 16 06             LDA     sekdsk          ; GET DRIVE#
00C3F2  2  29 07                AND     #7              ; ONLY FIRST 8 DEVICES SUPPORTED
00C3F4  2  0A                   ASL     a               ; DOUBLE NUMBER FOR TABLE LOOKUP
00C3F5  2  AA                   TAX                     ; MOVE TO X REGISTER
00C3F6  2  E8                   INX                     ; WANT SECOND BYTE OF ENTRY
00C3F7  2  BD 17 06             LDA     dskcfg,X        ; GET SLICE#
00C3FA  2  8D 32 06             STA     slicetmp+1      ; SLICE OFFSET MSB
00C3FD  2  A9 00                LDA     #0              ; GET SLICE#
00C3FF  2  8D 31 06             STA     slicetmp        ; SLICE OFFSET LSB
00C402  2  18                   CLC                     ; VOODOO MATH TO TAKE SLICE*$4000
00C403  2  6E 32 06             ROR     slicetmp+1
00C406  2  6E 31 06             ROR     slicetmp
00C409  2  6E 32 06             ROR     slicetmp+1
00C40C  2  6E 31 06             ROR     slicetmp
00C40F  2               
00C40F  2  BD 17 06             LDA     dskcfg,X        ; GET SLICE#
00C412  2  18                   CLC
00C413  2  6D 31 06             ADC     slicetmp
00C416  2  8D 31 06             STA     slicetmp
00C419  2  A9 00                LDA     #$00            ; LOGIC ERROR FOR SLICES THAT CARRY?
00C41B  2  6D 32 06             ADC     slicetmp+1      ;
00C41E  2  8D 32 06             STA     slicetmp+1      ;
00C421  2               
00C421  2               ; ADD SLICE OFFSET TO TRACK #
00C421  2  AD 31 06             LDA     slicetmp
00C424  2  6D 10 06             ADC     debcyll
00C427  2  8D 10 06             STA     debcyll         ; store sum of LSBs
00C42A  2  AD 32 06             LDA     slicetmp+1
00C42D  2  6D 11 06             ADC     debcylm         ; add the MSBs using carry from
00C430  2  8D 11 06             STA     debcylm         ; the previous calculation
00C433  2  60                   RTS
00C434  2               
00C434  2                       .ENDIF
00C434  2               
00C434  2               ;*__IDE_SETUP_LBA_____________________________________________________________________________________
00C434  2               ;*
00C434  2               ;*  SETUP LBA DATA
00C434  2               ;*  A= DRIVE DEVICE
00C434  2               ;*____________________________________________________________________________________________________
00C434  2               IDE_SETUP_LBA:
00C434  2  AD 3D 06             LDA     currentDrive
00C437  2  29 01                AND     #$01            ; only want drive cfg
00C439  2  0A                   ASL     a               ; SHIFT 4
00C43A  2  0A                   ASL     a               ;
00C43B  2  0A                   ASL     a               ;
00C43C  2  0A                   ASL     a               ;
00C43D  2  09 E0                ORA     #$E0            ; E0=MST  F0=SLV
00C43F  2  8D 0C E3             STA     XTIDE_DEVICE
00C442  2               
00C442  2  AD 11 06             LDA     debcylm
00C445  2  8D 0A E3             STA     XTIDE_LBAHI
00C448  2               
00C448  2  AD 10 06             LDA     debcyll
00C44B  2  8D 08 E3             STA     XTIDE_LBAMID
00C44E  2               
00C44E  2  AD 12 06             LDA     debsehd
00C451  2  8D 06 E3             STA     XTIDE_LBALOW
00C454  2               
00C454  2  A9 01                LDA     #$01
00C456  2  8D 04 E3             STA     XTIDE_SEC_CNT
00C459  2  60                   RTS
00C45A  2               
00C45A  2                       .IFDEF  PC6502BIOS
00C45A  2               ; Boot System [B]
00C45A  2               BOOT:
00C45A  2                       JSR     XTIDE_INIT      ; INIT IDE
00C45A  2                                               ; SETUP LOCATION
00C45A  2                       LDA     #$00
00C45A  2                       STA     debcyll         ;
00C45A  2                       STA     debcylm         ;
00C45A  2                       STA     debsehd         ;
00C45A  2                       STA     currentDrive    ;
00C45A  2                       STA     SRC             ; SETUP SOURCE AND DEST POINTERS
00C45A  2                       STA     DEST
00C45A  2                       LDA     #$04
00C45A  2                       STA     SRC+1
00C45A  2                       LDA     #$08
00C45A  2                       STA     DEST+1
00C45A  2               
00C45A  2               BOOT1:
00C45A  2                       JSR     IDE_READ_SECTOR ; READ THE SECTOR
00C45A  2                       CMP     #$00
00C45A  2                       BNE     BOOTX
00C45A  2                       LDY     #$00
00C45A  2               :
00C45A  2                       LDA     (SRC),Y
00C45A  2                       STA     (DEST),Y
00C45A  2                       INY
00C45A  2                       CPY     #$00
00C45A  2                       BNE     :-
00C45A  2                       INC     SRC+1
00C45A  2                       INC     DEST+1
00C45A  2               :
00C45A  2                       LDA     (SRC),Y
00C45A  2                       STA     (DEST),Y
00C45A  2                       INY
00C45A  2                       CPY     #$00
00C45A  2                       BNE     :-
00C45A  2                       INC     DEST+1
00C45A  2                       LDA     #$04
00C45A  2                       STA     SRC+1
00C45A  2                       INC     debsehd
00C45A  2                       LDA     DEST+1
00C45A  2                       CMP     #$80
00C45A  2                       BNE     BOOT1
00C45A  2                       JMP     $0800
00C45A  2               BOOTX:
00C45A  2                       JMP     ERROR           ; back to main loop
00C45A  2               
00C45A  2               WBOOT:
00C45A  2                       LDA     #<MESSAGE7      ;
00C45A  2                       STA     STRPTR          ;
00C45A  2                       LDA     #>MESSAGE7      ;
00C45A  2                       STA     STRPTR+1        ;
00C45A  2                       JSR     OUTSTR
00C45A  2                       JSR     IOF_CONINW
00C45A  2                       CMP     #'Y'
00C45A  2                       BEQ     :+
00C45A  2               
00C45A  2                       LDA     #<MESSAGE8      ;
00C45A  2                       STA     STRPTR          ;
00C45A  2                       LDA     #>MESSAGE8      ;
00C45A  2                       STA     STRPTR+1        ;
00C45A  2                       JSR     OUTSTR
00C45A  2                       BRK
00C45A  2               
00C45A  2               
00C45A  2               :
00C45A  2                       JSR     XTIDE_INIT      ; INIT IDE
00C45A  2                                               ; SETUP LOCATION
00C45A  2                       LDA     #$00
00C45A  2                       STA     debcyll         ;
00C45A  2                       STA     debcylm         ;
00C45A  2                       STA     debsehd         ;
00C45A  2                       STA     currentDrive    ;
00C45A  2                       STA     SRC             ; SETUP SOURCE AND DEST POINTERS
00C45A  2                       STA     DEST
00C45A  2                       LDA     #$08
00C45A  2                       STA     SRC+1
00C45A  2                       LDA     #$04
00C45A  2                       STA     DEST+1
00C45A  2               
00C45A  2               BOOTW1:
00C45A  2                       LDY     #$00
00C45A  2               :
00C45A  2                       LDA     (SRC),Y
00C45A  2                       STA     (DEST),Y
00C45A  2                       INY
00C45A  2                       CPY     #$00
00C45A  2                       BNE     :-
00C45A  2                       INC     SRC+1
00C45A  2                       INC     DEST+1
00C45A  2               :
00C45A  2                       LDA     (SRC),Y
00C45A  2                       STA     (DEST),Y
00C45A  2                       INY
00C45A  2                       CPY     #$00
00C45A  2                       BNE     :-
00C45A  2               
00C45A  2                       JSR     IDE_WRITE_SECTOR; READ THE SECTOR
00C45A  2                       CMP     #$00
00C45A  2                       BNE     BOOTX
00C45A  2               
00C45A  2                       INC     SRC+1
00C45A  2                       LDA     #$04
00C45A  2                       STA     DEST+1
00C45A  2                       INC     debsehd
00C45A  2                       LDA     SRC+1
00C45A  2                       CMP     #$80
00C45A  2                       BNE     BOOTW1
00C45A  2               
00C45A  2                       LDA     #<MESSAGE9      ;
00C45A  2                       STA     STRPTR          ;
00C45A  2                       LDA     #>MESSAGE9      ;
00C45A  2                       STA     STRPTR+1        ;
00C45A  2                       JSR     OUTSTR
00C45A  2                       BRK
00C45A  2               
00C45A  2               MESSAGE7:
00C45A  2                       .BYTE   13,10," ARE YOU SURE YOU WANT TO REPLACE BOOT IMAGE?",13,10
00C45A  2                       .BYTE   " PRESS 'Y' TO CONTINUE",13,10
00C45A  2                       .BYTE   00
00C45A  2               MESSAGE8:
00C45A  2                       .BYTE   " BOOT IMAGE WRITE ABORTED.",13,10
00C45A  2                       .BYTE   00
00C45A  2               MESSAGE9:
00C45A  2                       .BYTE   " BOOT IMAGE WRITTEN.",13,10
00C45A  2                       .BYTE   00
00C45A  2               
00C45A  2                       .ENDIF
00C45A  2               
00C45A  1                       .INCLUDE "bios_ch375.asm"
00C45A  2               ;__USB DRIVERS___________________________________________________________________________________________________________________
00C45A  2               ;
00C45A  2               ; 	DOS/65 USB disk drivers 6502PC - CH375 USB STORAGE
00C45A  2               ;
00C45A  2               ;	Entry points:
00C45A  2               ;		CH375INIT      	 - CALLED DURING OS INIT
00C45A  2               ;		CH_READSEC       - read a sector from drive
00C45A  2               ;		CH_WRITESEC      - write a sector to drive
00C45A  2               ;________________________________________________________________________________________________________________________________
00C45A  2               ;
00C45A  2               ; CH375 HARDWARE ADDRESS
00C45A  2               CH0BASE         = $E260
00C45A  2               CH0DATA         = CH0BASE
00C45A  2               CH0COMMAND      = CH0BASE+1
00C45A  2               ;
00C45A  2               ; CH375/376 COMMANDS
00C45A  2               ;
00C45A  2               CH_CMD_VER      = $01           ; GET IC VER
00C45A  2               CH_CMD_RESET    = $05           ; FULL CH37X RESET
00C45A  2               CH_CMD_EXIST    = $06           ; CHECK EXISTS
00C45A  2               CH_CMD_MAXLUN   = $0A           ; GET MAX LUN NUMBER
00C45A  2               CH_CMD_PKTSEC   = $0B           ; SET PACKETS PER SECTOR
00C45A  2               CH_CMD_SETRETRY = $0B           ; SET RETRIES
00C45A  2               CH_CMD_MODE     = $15           ; SET USB MODE
00C45A  2               CH_CMD_TSTCON   = $16           ; TEST CONNECT
00C45A  2               CH_CMD_ABRTNAK  = $17           ; ABORT DEVICE NAK RETRIES
00C45A  2               CH_CMD_STAT     = $22           ; GET STATUS
00C45A  2               CH_CMD_RD5      = $28           ; READ USB DATA (375)
00C45A  2               CH_CMD_WR5      = $2B           ; WRITE USB DATA (375)
00C45A  2               CH_CMD_DSKMNT   = $31           ; DISK MOUNT
00C45A  2               CH_CMD_BYTE_LOC = $39           ; BYTE LOCATE
00C45A  2               CH_CMD_BYTERD   = $3A           ; BYTE READ
00C45A  2               CH_CMD_BYTERDGO = $3B           ; BYTE READ GO
00C45A  2               CH_CMD_BYTEWR   = $3C           ; BYTE WRITE
00C45A  2               CH_CMD_BYTEWRGO = $3D           ; BYTE WRITE GO
00C45A  2               CH_CMD_DSKCAP   = $3E           ; DISK CAPACITY
00C45A  2               CH_CMD_AUTOSET  = $4D           ; USB AUTO SETUP
00C45A  2               CH_CMD_DSKINIT  = $51           ; DISK INIT
00C45A  2               CH_CMD_DSKRES   = $52           ; DISK RESET
00C45A  2               CH_CMD_DSKSIZ   = $53           ; DISK SIZE
00C45A  2               CH_CMD_DSKRD    = $54           ; DISK READ
00C45A  2               CH_CMD_DSKRDGO  = $55           ; CONTINUE DISK READ
00C45A  2               CH_CMD_DSKWR    = $56           ; DISK WRITE
00C45A  2               CH_CMD_DSKWRGO  = $57           ; CONTINUE DISK WRITE
00C45A  2               CH_CMD_DSKINQ   = $58           ; DISK INQUIRY
00C45A  2               CH_CMD_DSKRDY   = $59           ; DISK READY
00C45A  2               
00C45A  2               
00C45A  2               CH375INIT:
00C45A  2  20 89 D1             JSR     LFCR
00C45D  2  20 C0 C4             JSR     CH_DETECT
00C460  2  D0 4D                BNE     NOTDETECTED
00C462  2               
00C462  2  A9 1D                LDA     #<CHMESSAGE2    ;
00C464  2  85 41                STA     STRPTR          ;
00C466  2  A9 C7                LDA     #>CHMESSAGE2    ;
00C468  2  85 42                STA     STRPTR+1        ;
00C46A  2  20 94 D1             JSR     WRSTR           ; DO PROMPT
00C46D  2  20 89 D1             JSR     LFCR            ; AND CRLF
00C470  2               
00C470  2  20 5C C5             JSR     CH_DISKINIT
00C473  2  B0 29                BCS     :+
00C475  2               
00C475  2  A9 2F                LDA     #<CHMESSAGE3    ;
00C477  2  85 41                STA     STRPTR          ;
00C479  2  A9 C7                LDA     #>CHMESSAGE3    ;
00C47B  2  85 42                STA     STRPTR+1        ;
00C47D  2  20 94 D1             JSR     WRSTR           ; DO PROMPT
00C480  2               
00C480  2  AD 00 04             LDA     hstbuf
00C483  2  20 A9 D1             JSR     PRINT_BYTE
00C486  2  AD 01 04             LDA     hstbuf+1
00C489  2  20 A9 D1             JSR     PRINT_BYTE
00C48C  2  AD 02 04             LDA     hstbuf+2
00C48F  2  20 A9 D1             JSR     PRINT_BYTE
00C492  2  AD 03 04             LDA     hstbuf+3
00C495  2  20 A9 D1             JSR     PRINT_BYTE
00C498  2               
00C498  2               
00C498  2  20 89 D1             JSR     LFCR            ; AND CRLF
00C49B  2  A9 00                LDA     #$00
00C49D  2  60                   RTS
00C49E  2               :
00C49E  2  A9 42                LDA     #<CHMESSAGE5    ;
00C4A0  2  85 41                STA     STRPTR          ;
00C4A2  2  A9 C7                LDA     #>CHMESSAGE5    ;
00C4A4  2  85 42                STA     STRPTR+1        ;
00C4A6  2  20 94 D1             JSR     WRSTR           ; DO PROMPT
00C4A9  2  20 89 D1             JSR     LFCR            ; AND CRLF
00C4AC  2  A9 FF                LDA     #$FF
00C4AE  2  60                   RTS
00C4AF  2               NOTDETECTED:
00C4AF  2  A9 57                LDA     #<CHMESSAGE6    ;
00C4B1  2  85 41                STA     STRPTR          ;
00C4B3  2  A9 C7                LDA     #>CHMESSAGE6    ;
00C4B5  2  85 42                STA     STRPTR+1        ;
00C4B7  2  20 94 D1             JSR     WRSTR           ; DO PROMPT
00C4BA  2  20 89 D1             JSR     LFCR            ; AND CRLF
00C4BD  2  A9 FF                LDA     #$FF
00C4BF  2  60                   RTS
00C4C0  2               
00C4C0  2               CH_DETECT:
00C4C0  2  A9 12                LDA     #<CHMESSAGE1    ;
00C4C2  2  85 41                STA     STRPTR          ;
00C4C4  2  A9 C7                LDA     #>CHMESSAGE1    ;
00C4C6  2  85 42                STA     STRPTR+1        ;
00C4C8  2  20 94 D1             JSR     WRSTR           ; DO PROMPT
00C4CB  2  20 89 D1             JSR     LFCR            ; AND CRLF
00C4CE  2               
00C4CE  2  A9 55                LDA     #<MESSAGE2      ;
00C4D0  2  85 41                STA     STRPTR          ;
00C4D2  2  A9 C3                LDA     #>MESSAGE2      ;
00C4D4  2  85 42                STA     STRPTR+1        ;
00C4D6  2  20 94 D1             JSR     WRSTR           ; DO PROMPT
00C4D9  2  A9 E2                LDA     #>CH0BASE       ; GET BASE PORT
00C4DB  2  20 A9 D1             JSR     PRINT_BYTE
00C4DE  2  A9 60                LDA     #<CH0BASE       ; GET BASE PORT
00C4E0  2  20 A9 D1             JSR     PRINT_BYTE
00C4E3  2               
00C4E3  2  20 1B C5             JSR     CH_RESET
00C4E6  2               
00C4E6  2               CH_DETECT1:
00C4E6  2  A9 06                LDA     #CH_CMD_EXIST   ; LOAD COMMAND
00C4E8  2  20 F9 C4             JSR     CH_CMD          ; SEND COMMAND
00C4EB  2  A9 AA                LDA     #$AA            ; LOAD CHECK PATTERN
00C4ED  2  20 08 C5             JSR     CH_WR           ; SEND IT
00C4F0  2  20 0C C5             JSR     CH_NAP          ; SMALL DELAY
00C4F3  2  20 04 C5             JSR     CH_RD           ; GET ECHO
00C4F6  2  C9 55                CMP     #$55            ; SHOULD BE INVERTED
00C4F8  2  60                   RTS                     ; RETURN
00C4F9  2               
00C4F9  2               CH_CMD:
00C4F9  2  8D 61 E2             STA     CH0COMMAND      ; SEND COMMAND
00C4FC  2  20 0C C5             JSR     CH_NAP          ;
00C4FF  2  60                   RTS
00C500  2               ;
00C500  2               ; GET STATUS
00C500  2               ;
00C500  2               CH_STAT:
00C500  2  AD 61 E2             LDA     CH0COMMAND      ; READ STATUS
00C503  2  60                   RTS
00C504  2               ;
00C504  2               ; READ A BYTE FROM DATA PORT
00C504  2               ;
00C504  2               CH_RD:
00C504  2  AD 60 E2             LDA     CH0DATA         ; READ BYTE
00C507  2  60                   RTS
00C508  2               ;
00C508  2               ; WRITE A BYTE TO DATA PORT
00C508  2               ;
00C508  2               CH_WR:
00C508  2  8D 60 E2             STA     CH0DATA         ; WRITE BYTE
00C50B  2  60                   RTS
00C50C  2               
00C50C  2               CH_NAP:
00C50C  2  48                   PHA
00C50D  2  68                   PLA
00C50E  2  48                   PHA
00C50F  2  68                   PLA
00C510  2  48                   PHA
00C511  2  68                   PLA
00C512  2  48                   PHA
00C513  2  68                   PLA
00C514  2  48                   PHA
00C515  2  68                   PLA
00C516  2  48                   PHA
00C517  2  68                   PLA
00C518  2  48                   PHA
00C519  2  68                   PLA
00C51A  2  60                   RTS
00C51B  2               
00C51B  2               
00C51B  2               CH_RESET:
00C51B  2  A9 05                LDA     #CH_CMD_RESET
00C51D  2  20 F9 C4             JSR     CH_CMD          ; SEND COMMAND
00C520  2  A0 FF                LDY     #$FF
00C522  2               CH_RES1:
00C522  2  A2 FF                LDX     #$FF
00C524  2               :
00C524  2  CA                   DEX
00C525  2  D0 FD                BNE     :-
00C527  2  88                   DEY
00C528  2  D0 F8                BNE     CH_RES1
00C52A  2  60                   RTS
00C52B  2               
00C52B  2               
00C52B  2               
00C52B  2               ;
00C52B  2               ; POLL WAITING FOR INTERRUPT
00C52B  2               ;
00C52B  2               CH_POLL:
00C52B  2  8A                   TXA
00C52C  2  48                   PHA
00C52D  2  98                   TYA
00C52E  2  48                   PHA
00C52F  2  A0 FF                LDY     #$FF
00C531  2               CH_POLL0:
00C531  2  A2 FF                LDX     #$FF            ; PRIMARY LOOP COUNTER
00C533  2               CH_POLL1:
00C533  2  20 00 C5             JSR     CH_STAT         ; GET INT STATUS
00C536  2  29 80                AND     #%10000000
00C538  2  F0 0B                BEQ     CH_POLL2        ; CHECK BIT
00C53A  2  CA                   DEX
00C53B  2  D0 F6                BNE     CH_POLL1        ; INNER LOOP AS NEEDED
00C53D  2  88                   DEY
00C53E  2  D0 F1                BNE     CH_POLL0        ; OUTER LOOP AS NEEDED
00C540  2  A8                   TAY
00C541  2  68                   PLA
00C542  2  AA                   TAX
00C543  2  68                   PLA
00C544  2  60                   RTS                     ; AND RETURN
00C545  2               CH_POLL2:
00C545  2  A9 22                LDA     #CH_CMD_STAT    ; GET STATUS
00C547  2  20 F9 C4             JSR     CH_CMD          ; SEND IT
00C54A  2  20 0C C5             JSR     CH_NAP          ; SMALL DELAY
00C54D  2  20 04 C5             JSR     CH_RD           ; GET RESULT
00C550  2  8D 5B C5             STA     CHRESULT
00C553  2  68                   PLA
00C554  2  A8                   TAY
00C555  2  68                   PLA
00C556  2  AA                   TAX
00C557  2  AD 5B C5             LDA     CHRESULT
00C55A  2  60                   RTS                     ; AND RETURN
00C55B  2               
00C55B  2               CHRESULT:
00C55B  2  00                   .BYTE   00
00C55C  2               
00C55C  2               CH_DISKINIT:
00C55C  2  48                   PHA
00C55D  2  8A                   TXA
00C55E  2  48                   PHA
00C55F  2  98                   TYA
00C560  2  48                   PHA
00C561  2               ; RESET THE BUS
00C561  2  A9 15                LDA     #CH_CMD_MODE    ; SET MODE COMMAND
00C563  2  20 F9 C4             JSR     CH_CMD          ; SEND IT
00C566  2  A9 07                LDA     #7              ; RESET BUS
00C568  2  20 08 C5             JSR     CH_WR           ; SEND IT
00C56B  2  20 0C C5             JSR     CH_NAP          ; SMALL WAIT
00C56E  2  20 04 C5             JSR     CH_RD           ; GET RESULT
00C571  2  20 0C C5             JSR     CH_NAP          ; SMALL WAIT
00C574  2               ;
00C574  2               ; ACTIVATE USB MODE
00C574  2  A9 15                LDA     #CH_CMD_MODE    ; SET MODE COMMAND
00C576  2  20 F9 C4             JSR     CH_CMD          ; SEND IT
00C579  2  A9 06                LDA     #6              ; USB ENABLED, SEND SOF
00C57B  2  20 08 C5             JSR     CH_WR           ; SEND IT
00C57E  2  20 0C C5             JSR     CH_NAP          ; SMALL WAIT
00C581  2  20 04 C5             JSR     CH_RD           ; GET RESULT
00C584  2  20 0C C5             JSR     CH_NAP          ; SMALL WAIT
00C587  2               
00C587  2               ;
00C587  2  A0 FF                LDY     #$FF
00C589  2               CH_DISKINIT1:
00C589  2  A9 51                LDA     #CH_CMD_DSKINIT
00C58B  2  20 F9 C4             JSR     CH_CMD          ; SEND COMMAND
00C58E  2  A9 FF                LDA     #$FF
00C590  2  A2 FF                LDX     #$FF
00C592  2               :
00C592  2  CA                   DEX
00C593  2  D0 FD                BNE     :-
00C595  2  AA                   TAX
00C596  2  CA                   DEX
00C597  2  8A                   TXA
00C598  2  A2 FF                LDX     #$FF
00C59A  2  C9 00                CMP     #$00
00C59C  2  D0 F4                BNE     :-
00C59E  2               
00C59E  2  20 2B C5             JSR     CH_POLL
00C5A1  2               
00C5A1  2  C9 14                CMP     #$14            ; SUCCESS?
00C5A3  2  F0 0D                BEQ     CHUSB_RESET1A   ; IF SO, CHECK READY
00C5A5  2  C9 16                CMP     #$16            ; NO MEDIA
00C5A7  2  F0 32                BEQ     CHUSB_NOMEDIA   ; HANDLE IT
00C5A9  2  20 0C C5             JSR     CH_NAP          ; SMALL DELAY
00C5AC  2  88                   DEY
00C5AD  2  D0 DA                BNE     CH_DISKINIT1    ; LOOP AS NEEDED
00C5AF  2  4C D4 C5             JMP     CH_DISKINIT_TO  ; HANDLE TIMEOUT
00C5B2  2               
00C5B2  2               CHUSB_RESET1A:
00C5B2  2  20 F0 C5             JSR     CH_DSKSIZ       ; GET AND RECORD DISK SIZE
00C5B5  2  90 16                BCC     CHUSB_RESET1B
00C5B7  2  48                   PHA
00C5B8  2  A9 7F                LDA     #<CHMESSAGE8    ;
00C5BA  2  85 41                STA     STRPTR          ;
00C5BC  2  A9 C7                LDA     #>CHMESSAGE8    ;
00C5BE  2  85 42                STA     STRPTR+1        ;
00C5C0  2  20 94 D1             JSR     WRSTR           ; DO PROMPT
00C5C3  2  68                   PLA
00C5C4  2  20 A9 D1             JSR     PRINT_BYTE
00C5C7  2  20 89 D1             JSR     LFCR
00C5CA  2  4C D4 C5             JMP     CH_DISKINIT_TO
00C5CD  2               
00C5CD  2               CHUSB_RESET1B:
00C5CD  2  68                   PLA
00C5CE  2  A8                   TAY
00C5CF  2  68                   PLA
00C5D0  2  AA                   TAX
00C5D1  2  68                   PLA
00C5D2  2  18                   CLC
00C5D3  2  60                   RTS
00C5D4  2               
00C5D4  2               CH_DISKINIT_TO:
00C5D4  2  68                   PLA
00C5D5  2  A8                   TAY
00C5D6  2  68                   PLA
00C5D7  2  AA                   TAX
00C5D8  2  68                   PLA
00C5D9  2  38                   SEC
00C5DA  2  60                   RTS
00C5DB  2               
00C5DB  2               
00C5DB  2               CHUSB_NOMEDIA:
00C5DB  2  A9 6D                LDA     #<CHMESSAGE7    ;
00C5DD  2  85 41                STA     STRPTR          ;
00C5DF  2  A9 C7                LDA     #>CHMESSAGE7    ;
00C5E1  2  85 42                STA     STRPTR+1        ;
00C5E3  2  20 94 D1             JSR     WRSTR           ; DO PROMPT
00C5E6  2  20 89 D1             JSR     LFCR            ; AND CRLF
00C5E9  2  68                   PLA
00C5EA  2  A8                   TAY
00C5EB  2  68                   PLA
00C5EC  2  AA                   TAX
00C5ED  2  68                   PLA
00C5EE  2  38                   SEC
00C5EF  2  60                   RTS
00C5F0  2               
00C5F0  2               CH_DSKSIZ:
00C5F0  2  A9 53                LDA     #CH_CMD_DSKSIZ  ; DISK SIZE COMMAND
00C5F2  2  20 F9 C4             JSR     CH_CMD          ; SEND IT
00C5F5  2  20 2B C5             JSR     CH_POLL         ; WAIT FOR RESULT
00C5F8  2               
00C5F8  2  C9 14                CMP     #$14            ; SUCCESS?
00C5FA  2  D0 30                BNE     CHUSB_CMDERR    ; HANDLE CMD ERROR
00C5FC  2  20 32 C6             JSR     CH_CMD_RD       ; SEND READ USB DATA CMD
00C5FF  2  20 04 C5             JSR     CH_RD           ; GET RD DATA LEN
00C602  2               
00C602  2  C9 08                CMP     #$08            ; MAKE SURE IT IS 8
00C604  2  D0 26                BNE     CHUSB_CMDERR    ; HANDLE CMD ERROR
00C606  2               
00C606  2  20 04 C5             JSR     CH_RD
00C609  2  8D 00 04             STA     hstbuf
00C60C  2  20 04 C5             JSR     CH_RD
00C60F  2  8D 01 04             STA     hstbuf+1
00C612  2  20 04 C5             JSR     CH_RD
00C615  2  8D 02 04             STA     hstbuf+2
00C618  2  20 04 C5             JSR     CH_RD
00C61B  2  8D 03 04             STA     hstbuf+3
00C61E  2  20 04 C5             JSR     CH_RD
00C621  2  20 04 C5             JSR     CH_RD
00C624  2  20 04 C5             JSR     CH_RD
00C627  2  20 04 C5             JSR     CH_RD
00C62A  2  18                   CLC
00C62B  2  60                   RTS                     ; AND DONE
00C62C  2               CHUSB_CMDERR:
00C62C  2  38                   SEC
00C62D  2  60                   RTS                     ; AND DONE
00C62E  2               
00C62E  2               CHUSB_IOERR:
00C62E  2  A9 FF                LDA     #$FF            ; SET ERROR CONDITION
00C630  2  38                   SEC
00C631  2  60                   RTS                     ; AND DONE
00C632  2               
00C632  2               
00C632  2               ; SEND READ USB DATA COMMAND
00C632  2               ; USING BEST OPCODE FOR DEVICE
00C632  2               ;
00C632  2               CH_CMD_RD:
00C632  2  A9 28                LDA     #CH_CMD_RD5
00C634  2  4C F9 C4             JMP     CH_CMD
00C637  2               ;
00C637  2               ; SEND WRITE USB DATA COMMAND
00C637  2               ; USING BEST OPCODE FOR DEVICE
00C637  2               ;
00C637  2               CH_CMD_WR:
00C637  2  A9 2B                LDA     #CH_CMD_WR5
00C639  2  4C F9 C4             JMP     CH_CMD
00C63C  2               
00C63C  2               DSKBUFTMP:
00C63C  2  00 04                .WORD   hstbuf
00C63E  2  40 04                .WORD   hstbuf+64
00C640  2  80 04                .WORD   hstbuf+128
00C642  2  C0 04                .WORD   hstbuf+192
00C644  2  00 05                .WORD   hstbuf+256
00C646  2  40 05                .WORD   hstbuf+320
00C648  2  80 05                .WORD   hstbuf+384
00C64A  2  C0 05                .WORD   hstbuf+448
00C64C  2               DSKBUFCNT:
00C64C  2  00                   .BYTE   00
00C64D  2               
00C64D  2               
00C64D  2               CH_READSEC:
00C64D  2  A9 54                LDA     #CH_CMD_DSKRD   ; DISK READ COMMAND
00C64F  2  20 ED C6             JSR     CHUSB_RWSTART   ; SEND CMD AND LBA
00C652  2               ;
00C652  2               ; READ THE SECTOR IN 64 BYTE CHUNKS
00C652  2  A9 00                LDA     #00
00C654  2  8D 4C C6             STA     DSKBUFCNT
00C657  2               CHUSB_READ1:
00C657  2  AE 4C C6             LDX     DSKBUFCNT
00C65A  2  BD 3C C6             LDA     DSKBUFTMP,X
00C65D  2  85 3F                STA     TEMPWORD2
00C65F  2  E8                   INX
00C660  2  BD 3C C6             LDA     DSKBUFTMP,X
00C663  2  85 40                STA     TEMPWORD2+1
00C665  2  E8                   INX
00C666  2  8E 4C C6             STX     DSKBUFCNT
00C669  2  20 2B C5             JSR     CH_POLL         ; WAIT FOR DATA READY
00C66C  2  C9 1D                CMP     #$1D            ; DATA READY TO READ?
00C66E  2  D0 BE                BNE     CHUSB_IOERR     ; HANDLE IO ERROR
00C670  2  20 32 C6             JSR     CH_CMD_RD       ; SEND READ USB DATA CMD
00C673  2  20 04 C5             JSR     CH_RD           ; READ DATA BLOCK LENGTH
00C676  2  C9 40                CMP     #64             ; AS EXPECTED?
00C678  2  D0 B4                BNE     CHUSB_IOERR     ; IF NOT, HANDLE ERROR
00C67A  2  A0 00                LDY     #0              ; 8 CHUNKS OF 64 FOR 512 BYTE SECTOR
00C67C  2               ; BYTE READ LOOP
00C67C  2               
00C67C  2               CHUSB_READ2:
00C67C  2  20 04 C5             JSR     CH_RD           ; GET NEXT BYTE
00C67F  2  91 3F                STA     (TEMPWORD2),Y   ; SAVE IT
00C681  2  C8                   INY
00C682  2  C0 40                CPY     #64
00C684  2  D0 F6                BNE     CHUSB_READ2     ; LOOP AS NEEDED
00C686  2               ;
00C686  2               ; PREPARE FOR NEXT CHUNK
00C686  2  A9 55                LDA     #CH_CMD_DSKRDGO ; CONTINUE DISK READ
00C688  2  20 F9 C4             JSR     CH_CMD          ; SEND IT
00C68B  2  AE 4C C6             LDX     DSKBUFCNT
00C68E  2  E0 10                CPX     #16
00C690  2  D0 C5                BNE     CHUSB_READ1     ; LOOP TILL DONE
00C692  2               ;
00C692  2               ; FINAL CHECK FOR COMPLETION & SUCCESS
00C692  2  20 2B C5             JSR     CH_POLL         ; WAIT FOR COMPLETION
00C695  2  C9 14                CMP     #$14            ; SUCCESS?
00C697  2  D0 95                BNE     CHUSB_IOERR     ; IF NOT, HANDLE ERROR
00C699  2               ;
00C699  2  A9 00                LDA     #$00
00C69B  2  60                   RTS
00C69C  2               ;
00C69C  2               ;
00C69C  2               ;
00C69C  2               CH_WRITESEC:
00C69C  2  A9 56                LDA     #CH_CMD_DSKWR   ; DISK WRITE COMMAND
00C69E  2  20 ED C6             JSR     CHUSB_RWSTART   ; SEND CMD AND LBA
00C6A1  2               ;
00C6A1  2               ; WRITE THE SECTOR IN 64 BYTE CHUNKS
00C6A1  2  A9 00                LDA     #00
00C6A3  2  8D 4C C6             STA     DSKBUFCNT
00C6A6  2               CHUSB_WRITE1:
00C6A6  2  AE 4C C6             LDX     DSKBUFCNT
00C6A9  2  BD 3C C6             LDA     DSKBUFTMP,X
00C6AC  2  85 3F                STA     TEMPWORD2
00C6AE  2  E8                   INX
00C6AF  2  BD 3C C6             LDA     DSKBUFTMP,X
00C6B2  2  85 40                STA     TEMPWORD2+1
00C6B4  2  E8                   INX
00C6B5  2  8E 4C C6             STX     DSKBUFCNT
00C6B8  2  20 2B C5             JSR     CH_POLL         ; WAIT FOR DATA READY
00C6BB  2  C9 1E                CMP     #$1E            ; DATA READY TO WRITE
00C6BD  2  D0 2B                BNE     CHUSB_IOERR1    ; HANDLE IO ERROR
00C6BF  2  20 37 C6             JSR     CH_CMD_WR       ; SEND WRITE USB DATA CMD
00C6C2  2  A9 40                LDA     #64             ; 64 BYTE CHUNK
00C6C4  2  20 08 C5             JSR     CH_WR           ; SEND DATA BLOCK LENGTH
00C6C7  2  A0 00                LDY     #0              ; 8 CHUNKS OF 64 FOR 512 BYTE SECTOR
00C6C9  2               ;
00C6C9  2               ; BYTE WRITE LOOP
00C6C9  2               CHUSB_WRITE2:
00C6C9  2  B1 3F                LDA     (TEMPWORD2),Y   ; GET NEXT BYTE
00C6CB  2  20 08 C5             JSR     CH_WR           ; WRITE NEXT BYTE
00C6CE  2  C8                   INY
00C6CF  2  C0 40                CPY     #64
00C6D1  2  D0 F6                BNE     CHUSB_WRITE2    ; LOOP AS NEEDED
00C6D3  2               ;
00C6D3  2               ; PREPARE FOR NEXT CHUNK
00C6D3  2  A9 57                LDA     #CH_CMD_DSKWRGO ; CONTINUE DISK READ
00C6D5  2  20 F9 C4             JSR     CH_CMD          ; SEND IT
00C6D8  2  AE 4C C6             LDX     DSKBUFCNT
00C6DB  2  E0 10                CPX     #16
00C6DD  2  D0 C7                BNE     CHUSB_WRITE1    ; LOOP TILL DONE
00C6DF  2               ;
00C6DF  2               ; FINAL CHECK FOR COMPLETION & SUCCESS
00C6DF  2  20 2B C5             JSR     CH_POLL         ; WAIT FOR COMPLETION
00C6E2  2  C9 14                CMP     #$14            ; SUCCESS?
00C6E4  2  D0 04                BNE     CHUSB_IOERR1    ; IF NOT, HANDLE ERROR
00C6E6  2               ;
00C6E6  2  A9 00                LDA     #$00
00C6E8  2  18                   CLC                     ; SIGNAL SUCCESS
00C6E9  2  60                   RTS
00C6EA  2               CHUSB_IOERR1:
00C6EA  2  4C 2E C6             JMP     CHUSB_IOERR
00C6ED  2               ;
00C6ED  2               ; INITIATE A DISK SECTOR READ/WRITE OPERATION
00C6ED  2               ; A: READ OR WRITE OPCODE
00C6ED  2               ;
00C6ED  2               CHUSB_RWSTART:
00C6ED  2  48                   PHA
00C6EE  2  20 90 C3             JSR     IDE_CONVERT_SECTOR_LBA
00C6F1  2  68                   PLA
00C6F2  2  20 F9 C4             JSR     CH_CMD          ; SEND R/W COMMAND
00C6F5  2               ;
00C6F5  2               ; SEND LBA, 4 BYTES, LITTLE ENDIAN
00C6F5  2  AD 12 06             LDA     debsehd
00C6F8  2  20 08 C5             JSR     CH_WR           ; SEND BYTE
00C6FB  2  AD 10 06             LDA     debcyll
00C6FE  2  20 08 C5             JSR     CH_WR           ; SEND BYTE
00C701  2  AD 11 06             LDA     debcylm         ;
00C704  2  20 08 C5             JSR     CH_WR           ; SEND BYTE
00C707  2  A9 00                LDA     #0              ;
00C709  2  20 08 C5             JSR     CH_WR           ; SEND BYTE
00C70C  2               ; REQUEST 1 SECTOR
00C70C  2  A9 01                LDA     #1              ;
00C70E  2  20 08 C5             JSR     CH_WR           ; SEND BYTE
00C711  2  60                   RTS
00C712  2               ;
00C712  2               CHMESSAGE1:
00C712  2  43 48 33 37          .BYTE   "CH375 USB:",00
00C716  2  35 20 55 53  
00C71A  2  42 3A 00     
00C71D  2               CHMESSAGE2:
00C71D  2  20 20 43 48          .BYTE   "  CH375 DETECTED.",00
00C721  2  33 37 35 20  
00C725  2  44 45 54 45  
00C72F  2               CHMESSAGE3:
00C72F  2  20 20 43 48          .BYTE   "  CH375: BLOCKS=0x",00
00C733  2  33 37 35 3A  
00C737  2  20 42 4C 4F  
00C742  2               CHMESSAGE5:
00C742  2  20 20 43 48          .BYTE   "  CH375 MEDIA ERROR.",00
00C746  2  33 37 35 20  
00C74A  2  4D 45 44 49  
00C757  2               CHMESSAGE6:
00C757  2  20 20 43 48          .BYTE   "  CH375 NOT DETECTED.",00
00C75B  2  33 37 35 20  
00C75F  2  4E 4F 54 20  
00C76D  2               CHMESSAGE7:
00C76D  2  20 20 43 48          .BYTE   "  CH375 NO MEDIA.",00
00C771  2  33 37 35 20  
00C775  2  4E 4F 20 4D  
00C77F  2               CHMESSAGE8:
00C77F  2  20 20 43 48          .BYTE   "  CH375 INIT ERROR=0x",00
00C783  2  33 37 35 20  
00C787  2  49 4E 49 54  
00C795  2               
00C795  1                       .INCLUDE "bios_esp.asm"
00C795  2               ;__ESP DRIVERS______________________________________________________________________________________________________________
00C795  2               ;
00C795  2               ; 	CUBIX ISA DUAL ESP IO drivers for 6809PC
00C795  2               ;
00C795  2               ;	Entry points:
00C795  2               ;		ESPINIT     - INIT HARDWARE
00C795  2               ;		ESPVIDEOOUT - OUTPUT A CHARACTER TO VIDEO (ANSI)
00C795  2               ;               ESPPS2IN    - read a character from the ps/2 keyboard ('A' POINTS TO BYTE)
00C795  2               ;               ESPPS2BUFL  - return number of characters in the keyboard buffer in 'A'
00C795  2               ;               ESPCURSORV  - Set Cursor Visibility (A=0 cursor off, A=1 cursor on)
00C795  2               ;		ESPSER0OUT  - OUTPUT A CHARACTER TO Serial 0 ('A' POINTS TO BYTE)
00C795  2               ;               ESPSER0IN   - read a character from Serial 0 ('A' POINTS TO BYTE)
00C795  2               ;               ESPSER0BUFL - return number of characters in the Serial 0 buffer in 'A'
00C795  2               ;		ESPSER1OUT  - OUTPUT A CHARACTER TO Serial 1 ('A' POINTS TO BYTE)
00C795  2               ;               ESPSER1IN   - read a character from Serial 1 ('A' POINTS TO BYTE)
00C795  2               ;               ESPSER1BUFL - return number of characters in the Serial 1 buffer in 'A'
00C795  2               ;		ESPNETCOUT  - OUTPUT A CHARACTER TO Network Console Connection ('A' POINTS TO BYTE)
00C795  2               ;               ESPNETCIN   - read a character from Network Console Connection ('A' POINTS TO BYTE)
00C795  2               ;               ESPNETCBUFL - return number of characters in the Network Connection buffer in 'A'
00C795  2               ;               PUTESP0     - put opcode/data to ESP0
00C795  2               ;               PUTESP1     - put opcode/data to ESP1
00C795  2               ;               GETESP0     - get opcode/data from ESP0
00C795  2               ;               GETESP1     - get opcode/data from ESP1
00C795  2               ;________________________________________________________________________________________________________________________________
00C795  2               ;
00C795  2               ;*
00C795  2               ;*        HARDWARE I/O ADDRESSES
00C795  2               ;*
00C795  2               ;
00C795  2               ESP_BASE        = PC6502_IO+$100
00C795  2               ESP0_DAT        = ESP_BASE      ;
00C795  2               ESP1_DAT        = ESP_BASE+1    ;
00C795  2               ESP_STAT        = ESP_BASE+2    ;
00C795  2               
00C795  2               
00C795  2               
00C795  2               ;__________________________________________________________________________________________________
00C795  2               ;
00C795  2               ; STATUS BITS (FOR KBD_STATUS)
00C795  2               ;
00C795  2               ESP0_RDY        = $01           ; BIT 0, ESP0 READY
00C795  2               ESP0_BUSY       = $02           ; BIT 1, ESP0 BUSY
00C795  2               ESP1_RDY        = $08           ; BIT 3, ESP1 READY
00C795  2               ESP1_BUSY       = $10           ; BIT 4, ESP1 BUSY
00C795  2               ;
00C795  2                       .IFNDEF PC6502BIOS
00C795  2               ;
00C795  2               ;__________________________________________________________________________________________________
00C795  2               ; DATA
00C795  2               ;__________________________________________________________________________________________________
00C795  2               ;
00C795  2               consoleConnect:
00C795  2  00                   .BYTE   00
00C796  2               ;
00C796  2               ;__________________________________________________________________________________________________
00C796  2               ; ESP IO INITIALIZATION
00C796  2               ;__________________________________________________________________________________________________
00C796  2               ;
00C796  2               ESPINIT:
00C796  2               ;
00C796  2  20 89 D1             JSR     LFCR            ; AND CRLF
00C799  2  A9 40                LDA     #<ESPMESSAGE1   ;
00C79B  2  85 41                STA     STRPTR          ;
00C79D  2  A9 CA                LDA     #>ESPMESSAGE1   ;
00C79F  2  85 42                STA     STRPTR+1        ;
00C7A1  2  20 94 D1             JSR     WRSTR
00C7A4  2  20 89 D1             JSR     LFCR            ; AND CRLF
00C7A7  2               ; KEYBOARD INITIALIZATION
00C7A7  2  A9 55                LDA     #<MESSAGE2      ;
00C7A9  2  85 41                STA     STRPTR          ;
00C7AB  2  A9 C3                LDA     #>MESSAGE2      ;
00C7AD  2  85 42                STA     STRPTR+1        ;
00C7AF  2  20 94 D1             JSR     WRSTR           ; DO PROMPT
00C7B2  2  A9 E1                LDA     #>ESP_BASE      ; GET BASE PORT
00C7B4  2  20 A9 D1             JSR     PRINT_BYTE      ; PRINT BASE PORT
00C7B7  2  A9 00                LDA     #<ESP_BASE      ; GET BASE PORT
00C7B9  2  20 A9 D1             JSR     PRINT_BYTE      ; PRINT BASE PORT
00C7BC  2  20 89 D1             JSR     LFCR            ; AND CRLF
00C7BF  2  20 2E C8             JSR     ESP_RESET0      ;
00C7C2  2  20 A4 C8             JSR     ESP_RESET1      ;
00C7C5  2               ;
00C7C5  2  20 D2 C7             JSR     ESP0_PROBE      ; DETECT ESP0
00C7C8  2  20 89 D1             JSR     LFCR            ; AND CRLF
00C7CB  2  20 48 C8             JSR     ESP1_PROBE      ; DETECT ESP1
00C7CE  2  20 89 D1             JSR     LFCR            ; AND CRLF
00C7D1  2  60                   RTS                     ; DONE
00C7D2  2               
00C7D2  2               
00C7D2  2               ESP0_PROBE:
00C7D2  2               ;
00C7D2  2  A9 4D                LDA     #<ESPMESSAGE2   ;
00C7D4  2  85 41                STA     STRPTR          ;
00C7D6  2  A9 CA                LDA     #>ESPMESSAGE2   ;
00C7D8  2  85 42                STA     STRPTR+1        ;
00C7DA  2  20 94 D1             JSR     WRSTR
00C7DD  2               
00C7DD  2  A9 FF                LDA     #$FF            ; ESP IDENTITY PROBE
00C7DF  2  20 64 C9             JSR     PUTESP0         ; SEND IT
00C7E2  2  B0 58                BCS     ESP_ERROR
00C7E4  2               
00C7E4  2  20 8F C9             JSR     GETESP0
00C7E7  2  B0 53                BCS     ESP_ERROR
00C7E9  2  C9 45                CMP     #'E'
00C7EB  2  D0 4F                BNE     ESP_ERROR
00C7ED  2  20 8F C9             JSR     GETESP0
00C7F0  2  B0 4A                BCS     ESP_ERROR
00C7F2  2  C9 53                CMP     #'S'
00C7F4  2  D0 46                BNE     ESP_ERROR
00C7F6  2  20 8F C9             JSR     GETESP0
00C7F9  2  B0 41                BCS     ESP_ERROR
00C7FB  2  C9 50                CMP     #'P'
00C7FD  2  D0 3D                BNE     ESP_ERROR
00C7FF  2  20 8F C9             JSR     GETESP0
00C802  2  B0 38                BCS     ESP_ERROR
00C804  2  C9 33                CMP     #'3'
00C806  2  D0 34                BNE     ESP_ERROR
00C808  2  20 8F C9             JSR     GETESP0
00C80B  2  B0 2F                BCS     ESP_ERROR
00C80D  2  C9 32                CMP     #'2'
00C80F  2  D0 2B                BNE     ESP_ERROR
00C811  2  20 8F C9             JSR     GETESP0
00C814  2  B0 26                BCS     ESP_ERROR
00C816  2  C9 56                CMP     #'V'
00C818  2  D0 22                BNE     ESP_ERROR
00C81A  2  20 8F C9             JSR     GETESP0
00C81D  2  B0 1D                BCS     ESP_ERROR
00C81F  2  C9 31                CMP     #'1'
00C821  2  D0 19                BNE     ESP_ERROR
00C823  2  A9 63                LDA     #<ESPMESSAGE5   ;
00C825  2  85 41                STA     STRPTR          ;
00C827  2  A9 CA                LDA     #>ESPMESSAGE5   ;
00C829  2  85 42                STA     STRPTR+1        ;
00C82B  2  20 94 D1             JSR     WRSTR
00C82E  2               
00C82E  2               ESP_RESET0:
00C82E  2  A2 20                LDX     #$20
00C830  2               :
00C830  2  A9 00                LDA     #00
00C832  2  20 64 C9             JSR     PUTESP0
00C835  2  CA                   DEX
00C836  2  E0 00                CPX     #$00
00C838  2  D0 F6                BNE     :-
00C83A  2  18                   CLC
00C83B  2  60                   RTS
00C83C  2               ;
00C83C  2               ;
00C83C  2               ESP_ERROR:
00C83C  2  A9 5F                LDA     #<ESPMESSAGE4   ;
00C83E  2  85 41                STA     STRPTR          ;
00C840  2  A9 CA                LDA     #>ESPMESSAGE4   ;
00C842  2  85 42                STA     STRPTR+1        ;
00C844  2  20 94 D1             JSR     WRSTR
00C847  2  60                   RTS
00C848  2               
00C848  2               ;
00C848  2               ESP1_PROBE:
00C848  2               ;
00C848  2  A9 56                LDA     #<ESPMESSAGE3   ;
00C84A  2  85 41                STA     STRPTR          ;
00C84C  2  A9 CA                LDA     #>ESPMESSAGE3   ;
00C84E  2  85 42                STA     STRPTR+1        ;
00C850  2  20 94 D1             JSR     WRSTR
00C853  2               
00C853  2  A9 FF                LDA     #$FF            ; ESP IDENTITY PROBE
00C855  2  20 D2 C9             JSR     PUTESP1         ; SEND IT
00C858  2  B0 E2                BCS     ESP_ERROR
00C85A  2               
00C85A  2  20 FD C9             JSR     GETESP1
00C85D  2  B0 DD                BCS     ESP_ERROR
00C85F  2  C9 45                CMP     #'E'
00C861  2  D0 D9                BNE     ESP_ERROR
00C863  2  20 FD C9             JSR     GETESP1
00C866  2  B0 D4                BCS     ESP_ERROR
00C868  2  C9 53                CMP     #'S'
00C86A  2  D0 D0                BNE     ESP_ERROR
00C86C  2  20 FD C9             JSR     GETESP1
00C86F  2  B0 CB                BCS     ESP_ERROR
00C871  2  C9 50                CMP     #'P'
00C873  2  D0 C7                BNE     ESP_ERROR
00C875  2  20 FD C9             JSR     GETESP1
00C878  2  B0 C2                BCS     ESP_ERROR
00C87A  2  C9 33                CMP     #'3'
00C87C  2  D0 BE                BNE     ESP_ERROR
00C87E  2  20 FD C9             JSR     GETESP1
00C881  2  B0 B9                BCS     ESP_ERROR
00C883  2  C9 32                CMP     #'2'
00C885  2  D0 B5                BNE     ESP_ERROR
00C887  2  20 FD C9             JSR     GETESP1
00C88A  2  B0 B0                BCS     ESP_ERROR
00C88C  2  C9 56                CMP     #'V'
00C88E  2  D0 AC                BNE     ESP_ERROR
00C890  2  20 FD C9             JSR     GETESP1
00C893  2  B0 A7                BCS     ESP_ERROR
00C895  2  C9 31                CMP     #'1'
00C897  2  D0 A3                BNE     ESP_ERROR
00C899  2  A9 63                LDA     #<ESPMESSAGE5   ;
00C89B  2  85 41                STA     STRPTR          ;
00C89D  2  A9 CA                LDA     #>ESPMESSAGE5   ;
00C89F  2  85 42                STA     STRPTR+1        ;
00C8A1  2  20 94 D1             JSR     WRSTR
00C8A4  2               ESP_RESET1:
00C8A4  2  A2 20                LDX     #$20
00C8A6  2               :
00C8A6  2  A9 00                LDA     #00
00C8A8  2  20 D2 C9             JSR     PUTESP1
00C8AB  2  CA                   DEX
00C8AC  2  E0 00                CPX     #$00
00C8AE  2  D0 F6                BNE     :-
00C8B0  2  18                   CLC
00C8B1  2  60                   RTS
00C8B2  2               
00C8B2  2               ;__________________________________________________________________________________________________
00C8B2  2               ; ESPCURSORV  - Set Cursor Visibility (A=0 cursor off, A=1 cursor on)
00C8B2  2               ;__________________________________________________________________________________________________
00C8B2  2               ;
00C8B2  2               ESPCURSORV:
00C8B2  2  48                   PHA
00C8B3  2  A9 05                LDA     #05             ; ESP OPCODE
00C8B5  2  20 64 C9             JSR     PUTESP0         ; SEND IT
00C8B8  2  68                   PLA
00C8B9  2  20 64 C9             JSR     PUTESP0         ; SEND IT
00C8BC  2  60                   RTS
00C8BD  2               ;__________________________________________________________________________________________________
00C8BD  2               ; ESPSER0OUT  - OUTPUT A CHARACTER TO Serial 0 ('A' POINTS TO BYTE)
00C8BD  2               ;__________________________________________________________________________________________________
00C8BD  2               ;
00C8BD  2               ESPSER0OUT:
00C8BD  2  48                   PHA
00C8BE  2  A9 08                LDA     #08             ; ESP OPCODE
00C8C0  2  20 64 C9             JSR     PUTESP0         ; SEND IT
00C8C3  2  68                   PLA
00C8C4  2  20 64 C9             JSR     PUTESP0         ; SEND IT
00C8C7  2  60                   RTS
00C8C8  2               ;__________________________________________________________________________________________________
00C8C8  2               ; ESPSER0IN   - read a character from Serial 0 ('A' POINTS TO BYTE)
00C8C8  2               ;__________________________________________________________________________________________________
00C8C8  2               ;
00C8C8  2               ESPSER0IN:
00C8C8  2  A9 0A                LDA     #10             ; ESP IN FROM Serial 0
00C8CA  2  4C 4A C9             JMP     ESPCHIN
00C8CD  2               ;__________________________________________________________________________________________________
00C8CD  2               ; ESPSER1OUT  - OUTPUT A CHARACTER TO Serial 1 ('A' POINTS TO BYTE)
00C8CD  2               ;__________________________________________________________________________________________________
00C8CD  2               ;
00C8CD  2               ESPSER1OUT:
00C8CD  2  48                   PHA
00C8CE  2  A9 08                LDA     #08             ; ESP OPCODE
00C8D0  2  20 D2 C9             JSR     PUTESP1         ; SEND IT
00C8D3  2  68                   PLA
00C8D4  2  20 D2 C9             JSR     PUTESP1         ; SEND IT
00C8D7  2  60                   RTS
00C8D8  2               ;__________________________________________________________________________________________________
00C8D8  2               ; ESPSER1IN   - read a character from Serial 1 ('A' POINTS TO BYTE)
00C8D8  2               ;__________________________________________________________________________________________________
00C8D8  2               ;
00C8D8  2               ESPSER1IN:
00C8D8  2  A9 0A                LDA     #10             ; ESP IN FROM Serial 1
00C8DA  2               ESPCH1IN:
00C8DA  2  20 D2 C9             JSR     PUTESP1         ; SEND IT
00C8DD  2  B0 0A                BCS     :+
00C8DF  2  20 FD C9             JSR     GETESP1         ; GET IT
00C8E2  2  B0 05                BCS     :+
00C8E4  2  C9 00                CMP     #$00
00C8E6  2  F0 01                BEQ     :+
00C8E8  2  60                   RTS
00C8E9  2               :
00C8E9  2  A9 FF                LDA     #$FF
00C8EB  2  60                   RTS
00C8EC  2               
00C8EC  2               ;__________________________________________________________________________________________________
00C8EC  2               ; ESPNETCOUT  - OUTPUT A CHARACTER TO Network Console Connection ('A' POINTS TO BYTE)
00C8EC  2               ;               Connection Stored in 'consoleConnect' value
00C8EC  2               ;__________________________________________________________________________________________________
00C8EC  2               ;
00C8EC  2               ESPNETCOUT:
00C8EC  2  48                   PHA
00C8ED  2  A9 19                LDA     #25             ; ESP OPCODE
00C8EF  2  20 64 C9             JSR     PUTESP0         ; SEND IT
00C8F2  2  AD 95 C7             LDA     consoleConnect
00C8F5  2  20 64 C9             JSR     PUTESP0         ; SEND IT
00C8F8  2  68                   PLA
00C8F9  2  20 64 C9             JSR     PUTESP0         ; SEND IT
00C8FC  2  60                   RTS
00C8FD  2               ;__________________________________________________________________________________________________
00C8FD  2               ; ESPNETCIN   - read a character from Network Console Connection ('A' POINTS TO BYTE)
00C8FD  2               ;__________________________________________________________________________________________________
00C8FD  2               ;
00C8FD  2               ESPNETCIN:
00C8FD  2  A9 1A                LDA     #26             ; ESP OPCODE
00C8FF  2  20 64 C9             JSR     PUTESP0         ; SEND IT
00C902  2  AD 95 C7             LDA     consoleConnect
00C905  2  4C DA C8             JMP     ESPCH1IN
00C908  2               
00C908  2               ;__________________________________________________________________________________________________
00C908  2               ; ESPPS2BUFL - Return number of characters in keyboard buffer
00C908  2               ;__________________________________________________________________________________________________
00C908  2               ;
00C908  2               ESPPS2BUFL:
00C908  2  A9 04                LDA     #04             ; opcode to get buffer length
00C90A  2  20 64 C9             JSR     PUTESP0         ; SEND IT
00C90D  2  B0 06                BCS     :+
00C90F  2  20 8F C9             JSR     GETESP0         ; GET IT
00C912  2  B0 01                BCS     :+
00C914  2  60                   RTS
00C915  2               :
00C915  2  A9 00                LDA     #$00
00C917  2  60                   RTS
00C918  2               
00C918  2               
00C918  2               ;__________________________________________________________________________________________________
00C918  2               ; ESPSER0BUFL - return number of characters in the Serial 0 buffer in 'A'
00C918  2               ;__________________________________________________________________________________________________
00C918  2               ;
00C918  2               ESPSER0BUFL:
00C918  2  A9 0B                LDA     #11             ; opcode to get buffer length
00C91A  2  20 64 C9             JSR     PUTESP0         ; SEND IT
00C91D  2  B0 06                BCS     :+
00C91F  2  20 8F C9             JSR     GETESP0         ; GET IT
00C922  2  B0 01                BCS     :+
00C924  2  60                   RTS
00C925  2               :
00C925  2  A9 00                LDA     #$00
00C927  2  60                   RTS
00C928  2               
00C928  2               ;__________________________________________________________________________________________________
00C928  2               ; ESPSER1BUFL - return number of characters in the Serial 1 buffer in 'A'
00C928  2               ;__________________________________________________________________________________________________
00C928  2               ;
00C928  2               ESPSER1BUFL:
00C928  2  A9 0B                LDA     #11             ; opcode to get buffer length
00C92A  2               ESP1BUFL:
00C92A  2  20 D2 C9             JSR     PUTESP1         ; SEND IT
00C92D  2  B0 06                BCS     :+
00C92F  2  20 FD C9             JSR     GETESP1         ; GET IT
00C932  2  B0 01                BCS     :+
00C934  2  60                   RTS
00C935  2               :
00C935  2  A9 00                LDA     #$00
00C937  2  60                   RTS
00C938  2               ;__________________________________________________________________________________________________
00C938  2               ; ESPNETCBUFL - return number of characters in the Network Connection buffer in 'A'
00C938  2               ;__________________________________________________________________________________________________
00C938  2               ;
00C938  2               ESPNETCBUFL:
00C938  2  A9 1C                LDA     #28             ; opcode to get buffer length
00C93A  2  4C 2A C9             JMP     ESP1BUFL
00C93D  2               
00C93D  2                       .ENDIF
00C93D  2               ;__________________________________________________________________________________________________
00C93D  2               ; ESPVIDEOOUT - output character in 'A' to CRT (ANSI terminal emulation)
00C93D  2               ;__________________________________________________________________________________________________
00C93D  2               ;
00C93D  2               ESPVIDEOOUT:
00C93D  2  48                   PHA
00C93E  2  A9 01                LDA     #01             ; ESP OUT TO SCREEN
00C940  2  20 64 C9             JSR     PUTESP0         ; SEND IT
00C943  2  68                   PLA
00C944  2  20 64 C9             JSR     PUTESP0         ; SEND IT
00C947  2  60                   RTS
00C948  2               ;__________________________________________________________________________________________________
00C948  2               ; ESPPS2IN - Fetch character out of Keyboard Buffer into 'A'  ($FF is no characters waiting)
00C948  2               ;__________________________________________________________________________________________________
00C948  2               ;
00C948  2               ESPPS2IN:
00C948  2  A9 03                LDA     #03             ; ESP IN FROM PS2
00C94A  2               ESPCHIN:
00C94A  2  20 64 C9             JSR     PUTESP0         ; SEND IT
00C94D  2  B0 0A                BCS     :+
00C94F  2  20 8F C9             JSR     GETESP0         ; GET IT
00C952  2  B0 05                BCS     :+
00C954  2  C9 00                CMP     #$00
00C956  2  F0 01                BEQ     :+
00C958  2  60                   RTS
00C959  2               :
00C959  2  A9 FF                LDA     #$FF
00C95B  2  60                   RTS
00C95C  2               
00C95C  2               ESPPS2INW:
00C95C  2  20 48 C9             JSR     ESPPS2IN
00C95F  2  C9 FF                CMP     #$FF
00C961  2  F0 F9                BEQ     ESPPS2INW
00C963  2  60                   RTS
00C964  2               ;
00C964  2               ;__________________________________________________________________________________________________
00C964  2               ; HARDWARE INTERFACE
00C964  2               ;__________________________________________________________________________________________________
00C964  2               ;
00C964  2               ; a=VALUE AND RETURN
00C964  2               ; Carry set on timeout
00C964  2               ;
00C964  2               ;__________________________________________________________________________________________________
00C964  2               PUTESP0:
00C964  2  48                   PHA
00C965  2  8A                   TXA
00C966  2  48                   PHA
00C967  2  98                   TYA
00C968  2  48                   PHA
00C969  2  A2 00                LDX     #$00
00C96B  2  A0 00                LDY     #$00
00C96D  2               :
00C96D  2  AD 02 E1             LDA     ESP_STAT
00C970  2  29 02                AND     #ESP0_BUSY
00C972  2  F0 11                BEQ     :+
00C974  2  CA                   DEX
00C975  2  E0 00                CPX     #$00
00C977  2  D0 F4                BNE     :-
00C979  2  88                   DEY
00C97A  2  C0 00                CPY     #$00
00C97C  2  D0 EF                BNE     :-
00C97E  2  68                   PLA
00C97F  2  A8                   TAY
00C980  2  68                   PLA
00C981  2  AA                   TAX
00C982  2  68                   PLA
00C983  2  38                   SEC
00C984  2  60                   RTS
00C985  2               :
00C985  2  68                   PLA
00C986  2  A8                   TAY
00C987  2  68                   PLA
00C988  2  AA                   TAX
00C989  2  68                   PLA
00C98A  2  8D 00 E1             STA     ESP0_DAT
00C98D  2  18                   CLC
00C98E  2  60                   RTS
00C98F  2               
00C98F  2               GETESP0:
00C98F  2  8A                   TXA
00C990  2  48                   PHA
00C991  2  98                   TYA
00C992  2  48                   PHA
00C993  2  A2 00                LDX     #$00
00C995  2  A0 00                LDY     #$00
00C997  2               :
00C997  2  AD 02 E1             LDA     ESP_STAT
00C99A  2  29 02                AND     #ESP0_BUSY
00C99C  2  F0 10                BEQ     :+
00C99E  2  CA                   DEX
00C99F  2  E0 00                CPX     #$00
00C9A1  2  D0 F4                BNE     :-
00C9A3  2  88                   DEY
00C9A4  2  C0 00                CPY     #$00
00C9A6  2  D0 EF                BNE     :-
00C9A8  2  68                   PLA
00C9A9  2  A8                   TAY
00C9AA  2  68                   PLA
00C9AB  2  AA                   TAX
00C9AC  2  38                   SEC
00C9AD  2  60                   RTS
00C9AE  2               :
00C9AE  2  A2 00                LDX     #$00
00C9B0  2  A0 00                LDY     #$00
00C9B2  2               :
00C9B2  2  AD 02 E1             LDA     ESP_STAT
00C9B5  2  29 01                AND     #ESP0_RDY
00C9B7  2  D0 10                BNE     :+
00C9B9  2  CA                   DEX
00C9BA  2  E0 00                CPX     #$00
00C9BC  2  D0 F4                BNE     :-
00C9BE  2  88                   DEY
00C9BF  2  C0 00                CPY     #$00
00C9C1  2  D0 EF                BNE     :-
00C9C3  2  68                   PLA
00C9C4  2  A8                   TAY
00C9C5  2  68                   PLA
00C9C6  2  AA                   TAX
00C9C7  2  38                   SEC
00C9C8  2  60                   RTS
00C9C9  2               :
00C9C9  2  68                   PLA
00C9CA  2  A8                   TAY
00C9CB  2  68                   PLA
00C9CC  2  AA                   TAX
00C9CD  2  AD 00 E1             LDA     ESP0_DAT
00C9D0  2  18                   CLC
00C9D1  2  60                   RTS
00C9D2  2               
00C9D2  2               PUTESP1:
00C9D2  2  48                   PHA
00C9D3  2  8A                   TXA
00C9D4  2  48                   PHA
00C9D5  2  98                   TYA
00C9D6  2  48                   PHA
00C9D7  2  A2 00                LDX     #$00
00C9D9  2  A0 00                LDY     #$00
00C9DB  2               :
00C9DB  2  AD 02 E1             LDA     ESP_STAT
00C9DE  2  29 10                AND     #ESP1_BUSY
00C9E0  2  F0 11                BEQ     :+
00C9E2  2  CA                   DEX
00C9E3  2  E0 00                CPX     #$00
00C9E5  2  D0 F4                BNE     :-
00C9E7  2  88                   DEY
00C9E8  2  C0 00                CPY     #$00
00C9EA  2  D0 EF                BNE     :-
00C9EC  2  68                   PLA
00C9ED  2  A8                   TAY
00C9EE  2  68                   PLA
00C9EF  2  AA                   TAX
00C9F0  2  68                   PLA
00C9F1  2  38                   SEC
00C9F2  2  60                   RTS
00C9F3  2               :
00C9F3  2  68                   PLA
00C9F4  2  A8                   TAY
00C9F5  2  68                   PLA
00C9F6  2  AA                   TAX
00C9F7  2  68                   PLA
00C9F8  2  8D 01 E1             STA     ESP1_DAT
00C9FB  2  18                   CLC
00C9FC  2  60                   RTS
00C9FD  2               
00C9FD  2               GETESP1:
00C9FD  2  8A                   TXA
00C9FE  2  48                   PHA
00C9FF  2  98                   TYA
00CA00  2  48                   PHA
00CA01  2  A2 00                LDX     #$00
00CA03  2  A0 00                LDY     #$00
00CA05  2               :
00CA05  2  AD 02 E1             LDA     ESP_STAT
00CA08  2  29 10                AND     #ESP1_BUSY
00CA0A  2  F0 10                BEQ     :+
00CA0C  2  CA                   DEX
00CA0D  2  E0 00                CPX     #$00
00CA0F  2  D0 F4                BNE     :-
00CA11  2  88                   DEY
00CA12  2  C0 00                CPY     #$00
00CA14  2  D0 EF                BNE     :-
00CA16  2  68                   PLA
00CA17  2  A8                   TAY
00CA18  2  68                   PLA
00CA19  2  AA                   TAX
00CA1A  2  38                   SEC
00CA1B  2  60                   RTS
00CA1C  2               :
00CA1C  2  A2 00                LDX     #$00
00CA1E  2  A0 00                LDY     #$00
00CA20  2               :
00CA20  2  AD 02 E1             LDA     ESP_STAT
00CA23  2  29 08                AND     #ESP1_RDY
00CA25  2  D0 10                BNE     :+
00CA27  2  CA                   DEX
00CA28  2  E0 00                CPX     #$00
00CA2A  2  D0 F4                BNE     :-
00CA2C  2  88                   DEY
00CA2D  2  C0 00                CPY     #$00
00CA2F  2  D0 EF                BNE     :-
00CA31  2  68                   PLA
00CA32  2  A8                   TAY
00CA33  2  68                   PLA
00CA34  2  AA                   TAX
00CA35  2  38                   SEC
00CA36  2  60                   RTS
00CA37  2               :
00CA37  2  68                   PLA
00CA38  2  A8                   TAY
00CA39  2  68                   PLA
00CA3A  2  AA                   TAX
00CA3B  2  AD 01 E1             LDA     ESP1_DAT
00CA3E  2  18                   CLC
00CA3F  2  60                   RTS
00CA40  2               
00CA40  2               
00CA40  2                       .IFNDEF PC6502BIOS
00CA40  2               ;
00CA40  2               ; DRIVER DATA
00CA40  2               ;__________________________________________________________________________________________________
00CA40  2               ; MESSAGES
00CA40  2               ;__________________________________________________________________________________________________
00CA40  2               ESPMESSAGE1:
00CA40  2  44 55 41 4C          .BYTE   "DUAL ESP IO:"
00CA44  2  20 45 53 50  
00CA48  2  20 49 4F 3A  
00CA4C  2  00                   .BYTE   00
00CA4D  2               ESPMESSAGE2:
00CA4D  2  20 20 45 53          .BYTE   "  ESP0: "
00CA51  2  50 30 3A 20  
00CA55  2  00                   .BYTE   00
00CA56  2               ESPMESSAGE3:
00CA56  2  20 20 45 53          .BYTE   "  ESP1: "
00CA5A  2  50 31 3A 20  
00CA5E  2  00                   .BYTE   00
00CA5F  2               ESPMESSAGE4:
00CA5F  2  4E 4F 54 20          .BYTE   "NOT "
00CA63  2               ESPMESSAGE5:
00CA63  2  46 4F 55 4E          .BYTE   "FOUND."
00CA67  2  44 2E        
00CA69  2  00                   .BYTE   00
00CA6A  2                       .ENDIF
00CA6A  2               
00CA6A  1                       .INCLUDE "bios_multi.asm"
00CA6A  2               ;__MULTI IO DRIVERS______________________________________________________________________________________________________________
00CA6A  2               ;
00CA6A  2               ; 	DOS/65 ISA MULTI IO drivers for 6502PC
00CA6A  2               ;
00CA6A  2               ;	Entry points:
00CA6A  2               ;		MULTIOINIT  - CALLED during OS init
00CA6A  2               ;		KBD_GETKEY  - read a character from the ps/2 keyboard ('A' POINTS TO BYTE)
00CA6A  2               ;		LPT_OUT	    - send a character to the printer
00CA6A  2               ;________________________________________________________________________________________________________________________________
00CA6A  2               ;
00CA6A  2               ;*
00CA6A  2               ;*        HARDWARE I/O ADDRESSES
00CA6A  2               ;*
00CA6A  2               ;
00CA6A  2               MULTIO_BASE     = PC6502_IO+$3E0
00CA6A  2               KBD_DAT         = MULTIO_BASE+$1E
00CA6A  2               KBD_ST          = MULTIO_BASE+$1F
00CA6A  2               KBD_CMD         = MULTIO_BASE+$1F
00CA6A  2               
00CA6A  2               LPT_0           = MULTIO_BASE+$10
00CA6A  2               LPT_1           = MULTIO_BASE+$11
00CA6A  2               LPT_2           = MULTIO_BASE+$12
00CA6A  2               
00CA6A  2               
00CA6A  2               ;__________________________________________________________________________________________________
00CA6A  2               ;
00CA6A  2               ; STATUS BITS (FOR KBD_STATUS)
00CA6A  2               ;
00CA6A  2               KBD_EXT         = $01           ; BIT 0, EXTENDED SCANCODE ACTIVE
00CA6A  2               KBD_BREAK       = $02           ; BIT 1, THIS IS A KEY UP (BREAK) EVENT
00CA6A  2               KBD_KEYRDY      = $80           ; BIT 7, INDICATES A DECODED KEYCODE IS READY
00CA6A  2               ;
00CA6A  2               ; STATE BITS (FOR KBD_STATE, KBD_LSTATE, KBD_RSTATE)
00CA6A  2               ;
00CA6A  2               KBD_SHIFT       = $01           ; BIT 0, SHIFT ACTIVE (PRESSED)
00CA6A  2               KBD_CTRL        = $02           ; BIT 1, CONTROL ACTIVE (PRESSED)
00CA6A  2               KBD_ALT         = $04           ; BIT 2, ALT ACTIVE (PRESSED)
00CA6A  2               KBD_WIN         = $08           ; BIT 3, WIN ACTIVE (PRESSED)
00CA6A  2               KBD_SCRLCK      = $10           ; BIT 4, CAPS LOCK ACTIVE (TOGGLED ON)
00CA6A  2               KBD_NUMLCK      = $20           ; BIT 5, NUM LOCK ACTIVE (TOGGLED ON)
00CA6A  2               KBD_CAPSLCK     = $40           ; BIT 6, SCROLL LOCK ACTIVE (TOGGLED ON)
00CA6A  2               KBD_NUMPAD      = $80           ; BIT 7, NUM PAD KEY (KEY PRESSED IS ON NUM PAD)
00CA6A  2               NOT_KBD_NUMPAD  = $7F           ; BIT 7, NUM PAD KEY (KEY PRESSED IS ON NUM PAD)
00CA6A  2               ;
00CA6A  2               KBD_DEFRPT      = $40           ; DEFAULT REPEAT RATE (.5 SEC DELAY, 30CPS)
00CA6A  2               KBD_DEFSTATE    = KBD_NUMLCK
00CA6A  2               ;
00CA6A  2               ; DEFAULT STATE (NUM LOCK ON)
00CA6A  2               
00CA6A  2               KBD_WAITTO      = $30FF         ; DEFAULT TIMEOUT
00CA6A  2               LPT_WAITTO      = $30FF         ; DEFAULT TIMEOUT
00CA6A  2               ;
00CA6A  2               ;__________________________________________________________________________________________________
00CA6A  2               ; DATA
00CA6A  2               ;__________________________________________________________________________________________________
00CA6A  2               ;
00CA6A  2               TMPKEY:
00CA6A  2  00                   .BYTE   0
00CA6B  2               KBD_SCANCODE:
00CA6B  2  00                   .BYTE   0               ; RAW SCANCODE
00CA6C  2               KBD_KEYCODE:
00CA6C  2  00                   .BYTE   0               ; RESULTANT KEYCODE AFTER DECODING
00CA6D  2               KBD_STATE:
00CA6D  2  20                   .BYTE   KBD_DEFSTATE    ; STATE BITS (SEE ABOVE)
00CA6E  2               KBD_LSTATE:
00CA6E  2  00                   .BYTE   0               ; STATE BITS FOR "LEFT" KEYS
00CA6F  2               KBD_RSTATE:
00CA6F  2  00                   .BYTE   0               ; STATE BITS FOR "RIGHT" KEYS
00CA70  2               KBD_STATUS:
00CA70  2  00                   .BYTE   0               ; CURRENT STATUS BITS (SEE ABOVE)
00CA71  2               KBD_REPEAT:
00CA71  2  40                   .BYTE   KBD_DEFRPT      ; CURRENT REPEAT RATE
00CA72  2               KBD_IDLE:
00CA72  2  00                   .BYTE   0               ; IDLE COUNT
00CA73  2               KBD_TEMP:
00CA73  2  00 00                .BYTE   0,0             ; WORKING STORAGE
00CA75  2               
00CA75  2               ;
00CA75  2               ;  IBM PC STANDARD PARALLEL PORT (SPP):
00CA75  2               ;
00CA75  2               ;  PORT 0 (OUTPUT):
00CA75  2               ;
00CA75  2               ;	D7	D6	D5	D4	D3	D2	D1	D0
00CA75  2               ;     +-------+-------+-------+-------+-------+-------+-------+-------+
00CA75  2               ;     | PD7   | PD6   | PD5   | PD4   | PD3   | PD2   | PD1   | PD0   |
00CA75  2               ;     +-------+-------+-------+-------+-------+-------+-------+-------+
00CA75  2               ;
00CA75  2               ;  PORT 1 (INPUT):
00CA75  2               ;
00CA75  2               ;	D7	D6	D5	D4	D3	D2	D1	D0
00CA75  2               ;     +-------+-------+-------+-------+-------+-------+-------+-------+
00CA75  2               ;     | /BUSY | /ACK  | POUT  | SEL   | /ERR  | 0     | 0     | 0     |
00CA75  2               ;     +-------+-------+-------+-------+-------+-------+-------+-------+
00CA75  2               ;
00CA75  2               ;  PORT 2 (OUTPUT):
00CA75  2               ;
00CA75  2               ;	D7	D6	D5	D4	D3	D2	D1	D0
00CA75  2               ;     +-------+-------+-------+-------+-------+-------+-------+-------+
00CA75  2               ;     | STAT1 | STAT0 | ENBL  | PINT  | SEL   | RES   | LF    | STB   |
00CA75  2               ;     +-------+-------+-------+-------+-------+-------+-------+-------+
00CA75  2               ;
00CA75  2               ;
00CA75  2               ;
00CA75  2               ;
00CA75  2               ;  IEC PORT (OUTPUT):
00CA75  2               ;
00CA75  2               ;	D7	D6	D5	D4	D3	D2	D1	D0
00CA75  2               ;     +-------+-------+-------+-------+-------+-------+-------+-------+
00CA75  2               ;     | 0     | 0     | 0     | 0     | 0     | SERDTA| SERCLK| SERATN|
00CA75  2               ;     +-------+-------+-------+-------+-------+-------+-------+-------+
00CA75  2               ;
00CA75  2               ;  IEC PORT (OUTPUT):
00CA75  2               ;
00CA75  2               ;	D7	D6	D5	D4	D3	D2	D1	D0
00CA75  2               ;     +-------+-------+-------+-------+-------+-------+-------+-------+
00CA75  2               ;     | 0     | 0     | 0     | 0     | 0     | 0     | SERDTA| SERCLK|
00CA75  2               ;     +-------+-------+-------+-------+-------+-------+-------+-------+
00CA75  2               ;
00CA75  2               ;__________________________________________________________________________________________________
00CA75  2               ; MULTI IO INITIALIZATION
00CA75  2               ;__________________________________________________________________________________________________
00CA75  2               ;
00CA75  2               MULTIOINIT:
00CA75  2               ;
00CA75  2  20 89 D1             JSR     LFCR            ; AND CRLF
00CA78  2  A9 40                LDA     #<MIOMESSAGE1   ;
00CA7A  2  85 41                STA     STRPTR          ;
00CA7C  2  A9 CE                LDA     #>MIOMESSAGE1   ;
00CA7E  2  85 42                STA     STRPTR+1        ;
00CA80  2  20 94 D1             JSR     WRSTR           ; DO PROMPT
00CA83  2  20 89 D1             JSR     LFCR            ; AND CRLF
00CA86  2               ; KEYBOARD INITIALIZATION
00CA86  2  A9 55                LDA     #<MESSAGE2      ;
00CA88  2  85 41                STA     STRPTR          ;
00CA8A  2  A9 C3                LDA     #>MESSAGE2      ;
00CA8C  2  85 42                STA     STRPTR+1        ;
00CA8E  2  20 94 D1             JSR     WRSTR           ; DO PROMPT
00CA91  2  A9 E3                LDA     #>MULTIO_BASE   ; GET BASE PORT
00CA93  2  20 A9 D1             JSR     PRINT_BYTE      ; PRINT BASE PORT
00CA96  2  A9 E0                LDA     #<MULTIO_BASE   ; GET BASE PORT
00CA98  2  20 A9 D1             JSR     PRINT_BYTE      ; PRINT BASE PORT
00CA9B  2  20 89 D1             JSR     LFCR            ; AND CRLF
00CA9E  2               ;
00CA9E  2  20 C5 CA             JSR     KBD_PROBE       ; DETECT A KEYBOARD
00CAA1  2               
00CAA1  2               ; LPT INITIALIZATION ROUTINE
00CAA1  2  A9 7C                LDA     #<MIOMESSAGE5   ;
00CAA3  2  85 41                STA     STRPTR          ;
00CAA5  2  A9 CE                LDA     #>MIOMESSAGE5   ;
00CAA7  2  85 42                STA     STRPTR+1        ;
00CAA9  2  20 94 D1             JSR     WRSTR           ; DO PROMPT
00CAAC  2  20 89 D1             JSR     LFCR            ; AND CRLF
00CAAF  2               
00CAAF  2  A9 00                LDA     #$00
00CAB1  2  8D F0 E3             STA     LPT_0           ; PORT 0 (DATA)
00CAB4  2  A9 08                LDA     #%00001000      ; SELECT AND ASSERT RESET, LEDS OFF
00CAB6  2  8D F2 E3             STA     LPT_2           ; PORT 2 (STATUS)
00CAB9  2  20 24 CE             JSR     LDELAY          ; HALF SECOND DELAY
00CABC  2  A9 0C                LDA     #%00001100      ; SELECT AND DEASSERT RESET, LEDS OFF
00CABE  2  8D F2 E3             STA     LPT_2           ; PORT 2 (STATUS)
00CAC1  2               ;
00CAC1  2  18                   CLC                     ; SIGNAL SUCCESS
00CAC2  2  60                   RTS                     ; RETURN
00CAC3  2               :
00CAC3  2  38                   SEC
00CAC4  2  60                   RTS                     ; DONE
00CAC5  2               
00CAC5  2               
00CAC5  2               KBD_PROBE:
00CAC5  2               ;
00CAC5  2  A9 AA                LDA     #$AA            ; CONTROLLER SELF TEST
00CAC7  2  20 36 CB             JSR     KBD_PUTCMD      ; SEND IT
00CACA  2  B0 19                BCS     KBD_TIMEOUT1
00CACC  2  20 7E CB             JSR     KBD_GETDATA     ; CONTROLLER SHOULD RESPOND WITH $55 (ACK)
00CACF  2  B0 25                BCS     KBD_TIMEOUT2
00CAD1  2               ;
00CAD1  2  C9 55                CMP     #$55            ; IS IT THERE?
00CAD3  2  F0 32                BEQ     :+              ; IF SO, CONTINUE
00CAD5  2  A9 4E                LDA     #<MIOMESSAGE3   ;
00CAD7  2  85 41                STA     STRPTR          ;
00CAD9  2  A9 CE                LDA     #>MIOMESSAGE3   ;
00CADB  2  85 42                STA     STRPTR+1        ;
00CADD  2  20 94 D1             JSR     WRSTR
00CAE0  2  20 89 D1             JSR     LFCR            ; AND CRLF
00CAE3  2               ;
00CAE3  2               KBD_ERROR:
00CAE3  2  38                   SEC                     ; SET ERROR
00CAE4  2  60                   RTS                     ; BAIL OUT
00CAE5  2               KBD_TIMEOUT1:
00CAE5  2  A9 90                LDA     #<MIOMESSAGE6   ;
00CAE7  2  85 41                STA     STRPTR          ;
00CAE9  2  A9 CE                LDA     #>MIOMESSAGE6   ;
00CAEB  2  85 42                STA     STRPTR+1        ;
00CAED  2  20 94 D1             JSR     WRSTR
00CAF0  2  20 89 D1             JSR     LFCR            ; AND CRLF
00CAF3  2  4C E3 CA             JMP     KBD_ERROR
00CAF6  2               KBD_TIMEOUT2:
00CAF6  2  A9 AE                LDA     #<MIOMESSAGE7   ;
00CAF8  2  85 41                STA     STRPTR          ;
00CAFA  2  A9 CE                LDA     #>MIOMESSAGE7   ;
00CAFC  2  85 42                STA     STRPTR+1        ;
00CAFE  2  20 94 D1             JSR     WRSTR
00CB01  2  20 89 D1             JSR     LFCR            ; AND CRLF
00CB04  2  4C E3 CA             JMP     KBD_ERROR
00CB07  2               
00CB07  2               ;
00CB07  2               :
00CB07  2  A9 68                LDA     #<MIOMESSAGE4   ;
00CB09  2  85 41                STA     STRPTR          ;
00CB0B  2  A9 CE                LDA     #>MIOMESSAGE4   ;
00CB0D  2  85 42                STA     STRPTR+1        ;
00CB0F  2  20 94 D1             JSR     WRSTR
00CB12  2  20 89 D1             JSR     LFCR            ; AND CRLF
00CB15  2               
00CB15  2               ;
00CB15  2  A9 60                LDA     #$60            ; SET COMMAND REGISTER
00CB17  2  20 36 CB             JSR     KBD_PUTCMD      ; SEND IT
00CB1A  2  B0 C7                BCS     KBD_ERROR
00CB1C  2  A9 20                LDA     #$20            ; XLAT DISABLED, MOUSE DISABLED, NO INTS
00CB1E  2  20 5A CB             JSR     KBD_PUTDATA     ; SEND IT
00CB21  2  B0 C0                BCS     KBD_ERROR
00CB23  2               
00CB23  2  20 7E CB             JSR     KBD_GETDATA     ; GOBBLE UP $AA FROM POWER UP, AS NEEDED
00CB26  2  B0 BB                BCS     KBD_ERROR
00CB28  2               
00CB28  2  20 BA CB             JSR     KBD_RESET       ; RESET THE KEYBOARD
00CB2B  2  20 24 CE             JSR     LDELAY          ; WAIT A BIT
00CB2E  2  20 D9 CB             JSR     KBD_SETLEDS     ; UPDATE LEDS BASED ON CURRENT TOGGLE STATE BITS
00CB31  2  20 03 CC             JSR     KBD_SETRPT      ; UPDATE REPEAT RATE BASED ON CURRENT SETTING
00CB34  2               
00CB34  2  18                   CLC                     ; SIGNAL SUCCESS
00CB35  2  60                   RTS
00CB36  2               
00CB36  2               
00CB36  2               ;
00CB36  2               ;__________________________________________________________________________________________________
00CB36  2               ; HARDWARE INTERFACE
00CB36  2               ;__________________________________________________________________________________________________
00CB36  2               ;
00CB36  2               ;__________________________________________________________________________________________________
00CB36  2               KBD_PUTCMD:
00CB36  2               ; PUT A CMD BYTE FROM A TO THE KEYBOARD INTERFACE WITH TIMEOUT
00CB36  2               ;
00CB36  2  48                   PHA
00CB37  2  A2 FF                LDX     #<KBD_WAITTO    ; SETUP TO LOOP
00CB39  2  A0 30                LDY     #>KBD_WAITTO    ; SETUP TO LOOP
00CB3B  2               KBD_PUTCMD0:
00CB3B  2  AD FF E3             LDA     KBD_ST          ; STATUS PORT
00CB3E  2  29 02                AND     #$02            ; ISOLATE EMPTY BIT
00CB40  2  C9 00                CMP     #$00
00CB42  2  F0 10                BEQ     KBD_PUTCMD1     ; EMPTY, GO TO WRITE
00CB44  2  20 12 CE             JSR     DELAY           ; WAIT A BIT
00CB47  2  CA                   DEX
00CB48  2  E0 00                CPX     #$00
00CB4A  2  D0 EF                BNE     KBD_PUTCMD0     ; LOOP UNTIL COUNTER EXHAUSTED
00CB4C  2  88                   DEY
00CB4D  2  C0 00                CPY     #$00
00CB4F  2  D0 EA                BNE     KBD_PUTCMD0     ; LOOP UNTIL COUNTER EXHAUSTED
00CB51  2  68                   PLA
00CB52  2  38                   SEC                     ; TIMED OUT
00CB53  2  60                   RTS
00CB54  2               KBD_PUTCMD1:
00CB54  2  68                   PLA
00CB55  2  8D FF E3             STA     KBD_CMD         ; WRITE TO COMMAND PORT
00CB58  2  18                   CLC                     ; SIGNAL SUCCESS
00CB59  2  60                   RTS
00CB5A  2               ;
00CB5A  2               ;__________________________________________________________________________________________________
00CB5A  2               KBD_PUTDATA:
00CB5A  2               ;
00CB5A  2               ; PUT A DATA BYTE FROM A TO THE KEYBOARD INTERFACE WITH TIMEOUT
00CB5A  2               ;
00CB5A  2  48                   PHA
00CB5B  2  A2 FF                LDX     #<KBD_WAITTO    ; SETUP TO LOOP
00CB5D  2  A0 30                LDY     #>KBD_WAITTO    ; SETUP TO LOOP
00CB5F  2               KBD_PUTDATA0:
00CB5F  2  AD FF E3             LDA     KBD_ST          ; STATUS PORT
00CB62  2  29 02                AND     #$02            ; ISOLATE OUTPUT EMPTY BIT
00CB64  2  C9 00                CMP     #$00
00CB66  2  F0 10                BEQ     KBD_PUTDATA1    ; EMPTY, GO TO WRITE
00CB68  2  20 12 CE             JSR     DELAY           ; WAIT A BIT
00CB6B  2  CA                   DEX
00CB6C  2  E0 00                CPX     #$00
00CB6E  2  D0 EF                BNE     KBD_PUTDATA0    ; LOOP UNTIL COUNTER EXHAUSTED
00CB70  2  88                   DEY
00CB71  2  C0 00                CPY     #$00
00CB73  2  D0 EA                BNE     KBD_PUTDATA0    ; LOOP UNTIL COUNTER EXHAUSTED
00CB75  2  68                   PLA
00CB76  2  38                   SEC                     ; TIMED OUT
00CB77  2  60                   RTS
00CB78  2               KBD_PUTDATA1:
00CB78  2  68                   PLA
00CB79  2  8D FE E3             STA     KBD_DAT         ; WRITE TO DATA PORT
00CB7C  2  18                   CLC                     ; SIGNAL SUCCESS
00CB7D  2  60                   RTS
00CB7E  2               ;
00CB7E  2               ;__________________________________________________________________________________________________
00CB7E  2               KBD_GETDATA:
00CB7E  2               ;
00CB7E  2               ; GET A RAW DATA BYTE FROM KEYBOARD INTERFACE INTO A WITH TIMEOUT
00CB7E  2               ;
00CB7E  2  8A                   TXA
00CB7F  2  48                   PHA
00CB80  2  98                   TYA
00CB81  2  48                   PHA
00CB82  2  A2 FF                LDX     #<KBD_WAITTO    ; SETUP TO LOOP
00CB84  2  A0 30                LDY     #>KBD_WAITTO    ; SETUP TO LOOP
00CB86  2               KBD_GETDATA0:
00CB86  2  AD FF E3             LDA     KBD_ST          ; GET STATUS PORT
00CB89  2  29 01                AND     #$01            ; ISOLATE INPUT PENDING BIT
00CB8B  2  C9 00                CMP     #$00
00CB8D  2  D0 15                BNE     KBD_GETDATA1    ; READY, GET DATA
00CB8F  2  20 12 CE             JSR     DELAY           ; WAIT A BIT
00CB92  2  CA                   DEX
00CB93  2  E0 00                CPX     #$00
00CB95  2  D0 EF                BNE     KBD_GETDATA0    ; LOOP UNTIL COUNTER EXHAUSTED
00CB97  2  88                   DEY
00CB98  2  C0 00                CPY     #$00
00CB9A  2  D0 EA                BNE     KBD_GETDATA0    ; LOOP UNTIL COUNTER EXHAUSTED
00CB9C  2  68                   PLA
00CB9D  2  A8                   TAY
00CB9E  2  68                   PLA
00CB9F  2  AA                   TAX
00CBA0  2  A9 00                LDA     #$00
00CBA2  2  38                   SEC                     ; NO DATA, RETURN ZERO
00CBA3  2  60                   RTS
00CBA4  2               KBD_GETDATA1:
00CBA4  2  68                   PLA
00CBA5  2  A8                   TAY
00CBA6  2  68                   PLA
00CBA7  2  AA                   TAX
00CBA8  2               KBD_GETDATA1A:
00CBA8  2  AD FE E3             LDA     KBD_DAT         ; GET DATA PORT
00CBAB  2  18                   CLC                     ; SET FLAGS
00CBAC  2  60                   RTS
00CBAD  2               ;
00CBAD  2               ;__________________________________________________________________________________________________
00CBAD  2               KBD_GETDATAX:
00CBAD  2               ;
00CBAD  2               ; GET A RAW DATA BYTE FROM KEYBOARD INTERFACE INTO A WITH NO TIMEOUT
00CBAD  2               ;
00CBAD  2  AD FF E3             LDA     KBD_ST          ; STATUS PORT
00CBB0  2  29 01                AND     #$01            ; ISOLATE INPUT PENDING BIT
00CBB2  2  C9 00                CMP     #$00
00CBB4  2  D0 F2                BNE     KBD_GETDATA1A   ; BYTE PENDING, GO GET IT
00CBB6  2  A9 00                LDA     #$00
00CBB8  2  38                   SEC                     ; NO DATA, RETURN ZERO
00CBB9  2  60                   RTS
00CBBA  2               ;
00CBBA  2               ;__________________________________________________________________________________________________
00CBBA  2               ; RESET KEYBOARD
00CBBA  2               ;__________________________________________________________________________________________________
00CBBA  2               ;
00CBBA  2               KBD_RESET:
00CBBA  2  A9 FF                LDA     #$FF            ; RESET COMMAND
00CBBC  2  20 5A CB             JSR     KBD_PUTDATA     ; SEND IT
00CBBF  2  20 7E CB             JSR     KBD_GETDATA     ; GET THE ACK
00CBC2  2  A2 00                LDX     #$00            ; SETUP LOOP COUNTER
00CBC4  2  A0 F1                LDY     #$F1            ; SETUP LOOP COUNTER
00CBC6  2               KBD_RESET0:
00CBC6  2  20 7E CB             JSR     KBD_GETDATA     ; TRY TO GET THE RESPONSE
00CBC9  2  90 0C                BCC     KBD_RESET1      ; GOT A BYTE?  IF SO, GET OUT OF LOOP
00CBCB  2  CA                   DEX
00CBCC  2  E0 00                CPX     #$00
00CBCE  2  D0 F6                BNE     KBD_RESET0      ; LOOP TILL COUNTER EXHAUSTED
00CBD0  2  88                   DEY
00CBD1  2  C0 00                CPY     #$00
00CBD3  2  D0 F1                BNE     KBD_RESET0      ; LOOP TILL COUNTER EXHAUSTED
00CBD5  2  38                   SEC                     ; SIGNAL FAILURE
00CBD6  2  60                   RTS                     ; DONE
00CBD7  2               KBD_RESET1:
00CBD7  2  18                   CLC                     ; SIGNAL SUCCESS (RESPONSE IS IGNORED...)
00CBD8  2  60                   RTS                     ; DONE
00CBD9  2               ;
00CBD9  2               ;__________________________________________________________________________________________________
00CBD9  2               ; UPDATE KEYBOARD LEDS BASED ON CURRENT TOGGLE FLAGS
00CBD9  2               ;__________________________________________________________________________________________________
00CBD9  2               ;
00CBD9  2               KBD_SETLEDS:
00CBD9  2  A9 ED                LDA     #$ED            ; SET/RESET LED'S COMMAND
00CBDB  2  20 5A CB             JSR     KBD_PUTDATA     ; SEND THE COMMAND
00CBDE  2  20 7E CB             JSR     KBD_GETDATA     ; READ THE RESPONSE
00CBE1  2  C9 FA                CMP     #$FA            ; MAKE SURE WE GET ACK
00CBE3  2  F0 02                BEQ     :+
00CBE5  2               
00CBE5  2  38                   SEC
00CBE6  2  60                   RTS                     ; ABORT IF NO ACK
00CBE7  2               :
00CBE7  2  AD 6D CA             LDA     KBD_STATE       ; LOAD THE STATE BYTE
00CBEA  2  6A                   ROR     A               ; ROTATE TOGGLE KEY BITS AS NEEDED
00CBEB  2  6A                   ROR     A
00CBEC  2  6A                   ROR     A
00CBED  2  6A                   ROR     A
00CBEE  2  29 07                AND     #$07            ; CLEAR THE IRRELEVANT BITS
00CBF0  2  20 5A CB             JSR     KBD_PUTDATA     ; SEND THE LED DATA
00CBF3  2  20 7E CB             JSR     KBD_GETDATA     ; READ THE ACK
00CBF6  2  C9 FA                CMP     #$FA            ; MAKE SURE WE GET ACK
00CBF8  2  F0 02                BEQ     :+
00CBFA  2               
00CBFA  2  38                   SEC
00CBFB  2  60                   RTS                     ; ABORT IF NO ACK
00CBFC  2               :
00CBFC  2  A9 00                LDA     #$00            ; A=0
00CBFE  2  8D 70 CA             STA     KBD_STATUS      ; CLEAR STATUS
00CC01  2  18                   CLC
00CC02  2  60                   RTS
00CC03  2               ;
00CC03  2               ;__________________________________________________________________________________________________
00CC03  2               ; UPDATE KEYBOARD REPEAT RATE BASED ON CURRENT SETTING
00CC03  2               ;__________________________________________________________________________________________________
00CC03  2               ;
00CC03  2               KBD_SETRPT:
00CC03  2  A9 F3                LDA     #$F3            ; COMMAND = SET TYPEMATIC RATE/DELAY
00CC05  2  20 5A CB             JSR     KBD_PUTDATA     ; SEND IT
00CC08  2  20 7E CB             JSR     KBD_GETDATA     ; GET THE ACK
00CC0B  2  C9 FA                CMP     #$FA            ; MAKE SURE WE GET ACK
00CC0D  2  F0 02                BEQ     :+
00CC0F  2               
00CC0F  2  38                   SEC
00CC10  2  60                   RTS                     ; ABORT IF NO ACK
00CC11  2               :
00CC11  2  AD 71 CA             LDA     KBD_REPEAT      ; LOAD THE CURRENT RATE/DELAY BYTE
00CC14  2  20 5A CB             JSR     KBD_PUTDATA     ; SEND IT
00CC17  2  20 7E CB             JSR     KBD_GETDATA     ; GET THE ACK
00CC1A  2  C9 FA                CMP     #$FA            ; MAKE SURE WE GET ACK
00CC1C  2  F0 02                BEQ     :+
00CC1E  2               
00CC1E  2  38                   SEC
00CC1F  2  60                   RTS                     ; ABORT IF NO ACK
00CC20  2               :
00CC20  2  18                   CLC
00CC21  2  60                   RTS
00CC22  2               
00CC22  2               ;__GETKEY__________________________________________________________________________________________
00CC22  2               ; Get char from Keyboard, return in A
00CC22  2               ;__________________________________________________________________________________________________
00CC22  2               KBD_GETKEY:
00CC22  2  20 3A CC             JSR     KBD_DECODE
00CC25  2  90 04                BCC     :+
00CC27  2  A9 FF                LDA     #$FF            ;
00CC29  2  38                   SEC
00CC2A  2  60                   RTS
00CC2B  2               :
00CC2B  2  AD 6C CA             LDA     KBD_KEYCODE
00CC2E  2  48                   PHA
00CC2F  2  AD 70 CA             LDA     KBD_STATUS
00CC32  2  29 7F                AND     #$7F
00CC34  2  8D 70 CA             STA     KBD_STATUS
00CC37  2  68                   PLA
00CC38  2  18                   CLC
00CC39  2  60                   RTS
00CC3A  2               
00CC3A  2               ;
00CC3A  2               ;__________________________________________________________________________________________________
00CC3A  2               ; DECODING ENGINE
00CC3A  2               ;__________________________________________________________________________________________________
00CC3A  2               ;
00CC3A  2               ;__________________________________________________________________________________________________
00CC3A  2               KBD_DECODE:
00CC3A  2               ;
00CC3A  2               ;  RUN THE DECODING ENGINE UNTIL EITHER: 1) NO MORE SCANCODES ARE AVAILABLE
00CC3A  2               ;  FROM THE KEYBOARD, OR 2) A DECODED KEY VALUE IS AVAILABLE
00CC3A  2               ;
00CC3A  2               ;  RETURNS A=0 AND Z SET IF NO KEYCODE READY, OTHERWISE A DECODED KEY VALUE IS AVAILABLE.
00CC3A  2               ;  THE DECODED KEY VALUE AND KEY STATE IS STORED IN KBD_KEYCODE AND KBD_STATE.
00CC3A  2               ;
00CC3A  2               ;  KBD_STATUS IS NOT CLEARED AT START. IT IS THE JSR ER'S RESPONSIBILITY
00CC3A  2               ;  TO CLEAR KBD_STATUS WHEN IT HAS RETRIEVED A PENDING VALUE.  IF DECODE IS JSR ED
00CC3A  2               ;  WITH A KEYCODE STILL PENDING, IT WILL JUST RETURN WITHOUT DOING ANYTHING.
00CC3A  2               ;
00CC3A  2               ; Step 0: Check keycode buffer
00CC3A  2               ;   if status[keyrdy]
00CC3A  2               ;     return
00CC3A  2               ;
00CC3A  2               ; Step 1: Get scancode
00CC3A  2               ;   if no scancode ready
00CC3A  2               ;     return
00CC3A  2               ;   read scancode
00CC3A  2               ;
00CC3A  2               ; Step 2: Detect and handle special keycodes
00CC3A  2               ;   if scancode == $AA
00CC3A  2               ;     *** handle hot insert somehow ***
00CC3A  2               ;
00CC3A  2               ; Step 3: Detect and handle scancode prefixes
00CC3A  2               ;   if scancode == $E0
00CC3A  2               ;     set status[extended]
00CC3A  2               ;     goto Step 1
00CC3A  2               ;
00CC3A  2               ;   if scancode == $E1
00CC3A  2               ;     *** handle pause key somehow ***
00CC3A  2               ;
00CC3A  2               ; Step 4: Detect and flag break event
00CC3A  2               ;   *** scancode set #1 variation ***
00CC3A  2               ;     set status[break] = high bit of scancode
00CC3A  2               ;     clear high order bit
00CC3A  2               ;     continue to Step 5
00CC3A  2               ;   *** scancode set #2 variation ***
00CC3A  2               ;     if scancode == $F0
00CC3A  2               ;       set status[break]
00CC3A  2               ;       goto Step 1
00CC3A  2               ;
00CC3A  2               ; Step 5: Map scancode to keycode
00CC3A  2               ;   if status[extended]
00CC3A  2               ;     apply extended-map[scancode] -> keycode
00CC3A  2               ;   else if state[shifted]
00CC3A  2               ;     apply shifted-map[scancode] -> keycode
00CC3A  2               ;   else
00CC3A  2               ;     apply normal-map[scancode] -> keycode
00CC3A  2               ;
00CC3A  2               ; Step 6: Handle modifier keys
00CC3A  2               ;   if keycode is modifier (shift, ctrl, alt, win)
00CC3A  2               ;     set (l/r)state[<modifier>] = not status[break]
00CC3A  2               ;     clear modifier bits in state
00CC3A  2               ;     set state = (lstate OR rstate OR state)
00CC3A  2               ;     goto New Key
00CC3A  2               ;
00CC3A  2               ; Step 7: Complete procesing of key break events
00CC3A  2               ;   if status[break]
00CC3A  2               ;     goto New Key
00CC3A  2               ;
00CC3A  2               ; Step 8: Handle toggle keys
00CC3A  2               ;   if keycode is toggle (capslock, numlock, scrolllock)
00CC3A  2               ;     invert (XOR) state[<toggle>]
00CC3A  2               ;     update keyboard LED's
00CC3A  2               ;     goto New Key
00CC3A  2               ;
00CC3A  2               ; Step 9: Adjust keycode for control modifier
00CC3A  2               ;   if state[ctrl]
00CC3A  2               ;     if keycode is 'a'-'z'
00CC3A  2               ;       subtract 20 (clear bit 5) from keycode
00CC3A  2               ;     if keycode is '@'-'_'
00CC3A  2               ;       subtract 40 (clear bit 6) from keycode
00CC3A  2               ;
00CC3A  2               ; Step 10: Adjust keycode for caps lock
00CC3A  2               ;   if state[capslock]
00CC3A  2               ;     if keycode is 'a'-'z' OR 'A'-'Z'
00CC3A  2               ;       toggle (XOR) bit 5 of keycode
00CC3A  2               ;
00CC3A  2               ; Step 11: Handle num pad keys
00CC3A  2               ;   clear state[numpad]
00CC3A  2               ;   if keycode is numpad
00CC3A  2               ;     set state[numpad]
00CC3A  2               ;     if state[numlock]
00CC3A  2               ;       toggle (XOR) bit 4 of keycode
00CC3A  2               ;     apply numpad-map[keycode] -> keycode
00CC3A  2               ;
00CC3A  2               ; Step 12: Detect unknown/invalid keycodes
00CC3A  2               ;   if keycode == $FF
00CC3A  2               ;     goto New Key
00CC3A  2               ;
00CC3A  2               ; Step 13: Done
00CC3A  2               ;   set status[keyrdy]
00CC3A  2               ;   return
00CC3A  2               ;
00CC3A  2               ; New Key:
00CC3A  2               ;   clear status
00CC3A  2               ;   goto Step 1
00CC3A  2               ;
00CC3A  2               KBD_DEC0:                       ; CHECK KEYCODE BUFFER
00CC3A  2  AD 70 CA             LDA     KBD_STATUS      ; GET CURRENT STATUS
00CC3D  2  29 80                AND     #KBD_KEYRDY     ; ISOLATE KEY READY FLAG
00CC3F  2  F0 02                BEQ     KBD_DEC1
00CC41  2  38                   SEC
00CC42  2  60                   RTS                     ; ABORT IF KEY IS ALREADY PENDING
00CC43  2               
00CC43  2               KBD_DEC1:                       ; PROCESS NEXT SCANCODE
00CC43  2  20 AD CB             JSR     KBD_GETDATAX    ; GET THE SCANCODE
00CC46  2  90 02                BCC     KBD_DEC2
00CC48  2  38                   SEC
00CC49  2  60                   RTS                     ; NO KEY READY, RETURN WITH A=0, SET ERROR
00CC4A  2               
00CC4A  2               KBD_DEC2:                       ; DETECT AND HANDLE SPECIAL KEYCODES
00CC4A  2  8D 6B CA             STA     KBD_SCANCODE    ; SAVE SCANCODE
00CC4D  2  C9 AA                CMP     #$AA            ; KEYBOARD INSERTION?
00CC4F  2  D0 12                BNE     KBD_DEC3        ; NOPE, BYPASS
00CC51  2  20 24 CE             JSR     LDELAY          ; WAIT A BIT
00CC54  2  20 BA CB             JSR     KBD_RESET       ; RESET KEYBOARD
00CC57  2  20 24 CE             JSR     LDELAY          ; WAIT A BIT
00CC5A  2  20 D9 CB             JSR     KBD_SETLEDS     ; SET LEDS
00CC5D  2  20 03 CC             JSR     KBD_SETRPT      ; SET REPEAT RATE
00CC60  2  4C 0A CE             JMP     KBD_DECNEW      ; RESTART THE ENGINE
00CC63  2               
00CC63  2               KBD_DEC3:                       ; DETECT AND HANDLE SCANCODE PREFIXES
00CC63  2  C9 E0                CMP     #$E0            ; EXTENDED KEY PREFIX $E0?
00CC65  2  D0 0D                BNE     KBD_DEC3B       ; NOPE MOVE ON
00CC67  2  48                   PHA
00CC68  2  AD 70 CA             LDA     KBD_STATUS      ; GET STATUS
00CC6B  2  09 01                ORA     #KBD_EXT        ; SET EXTENDED BIT
00CC6D  2  8D 70 CA             STA     KBD_STATUS      ; SAVE STATUS
00CC70  2  68                   PLA
00CC71  2  4C 43 CC             JMP     KBD_DEC1        ; LOOP TO DO NEXT SCANCODE
00CC74  2               
00CC74  2               KBD_DEC3B:                      ; HANDLE SCANCODE PREFIX $E1 (PAUSE KEY)
00CC74  2  C9 E1                CMP     #$E1            ; EXTENDED KEY PREFIX $E1
00CC76  2  D0 10                BNE     KBD_DEC4        ; NOPE MOVE ON
00CC78  2  A9 EE                LDA     #$EE            ; MAP TO KEYCODE $EE
00CC7A  2  8D 6C CA             STA     KBD_KEYCODE     ; SAVE IT
00CC7D  2               ; SWALLOW NEXT 7 SCANCODES
00CC7D  2  A2 07                LDX     #7              ; LOOP 7 TIMES
00CC7F  2               KBD_DEC3B1:
00CC7F  2  20 7E CB             JSR     KBD_GETDATA     ; RETRIEVE NEXT SCANCODE
00CC82  2  CA                   DEX
00CC83  2  D0 FA                BNE     KBD_DEC3B1      ; LOOP AS NEEDED
00CC85  2  4C E2 CC             JMP     KBD_DEC6        ; RESUME AFTER MAPPING
00CC88  2               
00CC88  2               KBD_DEC4:                       ; DETECT AND FLAG BREAK EVENT
00CC88  2  C9 F0                CMP     #$F0            ; BREAK (KEY UP) PREFIX?
00CC8A  2  D0 0D                BNE     KBD_DEC5        ; NOPE MOVE ON
00CC8C  2  48                   PHA
00CC8D  2  AD 70 CA             LDA     KBD_STATUS      ; GET STATUS
00CC90  2  09 02                ORA     #KBD_BREAK      ; SET BREAK BIT
00CC92  2  8D 70 CA             STA     KBD_STATUS      ; SAVE STATUS
00CC95  2  68                   PLA
00CC96  2  4C 43 CC             JMP     KBD_DEC1        ; LOOP TO DO NEXT SCANCODE
00CC99  2               
00CC99  2               KBD_DEC5:                       ; MAP SCANCODE TO KEYCODE
00CC99  2  AD 70 CA             LDA     KBD_STATUS      ; GET STATUS
00CC9C  2  29 01                AND     #KBD_EXT        ; EXTENDED BIT SET?
00CC9E  2  F0 20                BEQ     KBD_DEC5C       ; NOPE, MOVE ON
00CCA0  2               
00CCA0  2               ; PERFORM EXTENDED KEY MAPPING
00CCA0  2  AE 6B CA             LDX     KBD_SCANCODE    ; GET SCANCODE
00CCA3  2               KBD_DEC5A:
00CCA3  2  BD D5 CF             LDA     KBD_MAPEXT,X    ; GET FIRST BYTE OF PAIR FROM EXT MAP TABLE
00CCA6  2  E8                   INX
00CCA7  2  C9 00                CMP     #$00            ; END OF TABLE?
00CCA9  2  F0 09                BEQ     :+              ; UNKNOWN OR BOGUS, START OVER
00CCAB  2  CD 6B CA             CMP     KBD_SCANCODE    ; DOES MATCH BYTE EQUAL SCANCODE?
00CCAE  2  F0 07                BEQ     KBD_DEC5B       ; YES! JUMP OUT
00CCB0  2  E8                   INX                     ; BUMP TO START OF NEXT PAIR
00CCB1  2  4C A3 CC             JMP     KBD_DEC5A       ; LOOP TO CHECK NEXT TABLE ENTRY
00CCB4  2               :
00CCB4  2  4C 0A CE             JMP     KBD_DECNEW
00CCB7  2               KBD_DEC5B:
00CCB7  2  BD D5 CF             LDA     KBD_MAPEXT,X    ; GET THE KEYCODE VIA MAPPING TABLE
00CCBA  2  8D 6C CA             STA     KBD_KEYCODE     ; SAVE IT
00CCBD  2  4C E2 CC             JMP     KBD_DEC6
00CCC0  2               
00CCC0  2               KBD_DEC5C:                      ; PERFORM REGULAR KEY (NOT EXTENDED) KEY MAPPING
00CCC0  2  AD 6B CA             LDA     KBD_SCANCODE    ; GET THE SCANCODE
00CCC3  2  C9 85                CMP     #KBD_MAPSIZ     ; COMPARE TO SIZE OF TABLE
00CCC5  2  F0 02                BEQ     :+
00CCC7  2  B0 19                BCS     KBD_DEC6        ; PAST END, SKIP OVER LOOKUP
00CCC9  2               :
00CCC9  2               ; SETUP POINTER TO MAPPING TABLE BASED ON SHIFTED OR UNSHIFTED STATE
00CCC9  2  AD 6D CA             LDA     KBD_STATE       ; GET STATE
00CCCC  2  29 01                AND     #KBD_SHIFT      ; SHIFT ACTIVE?
00CCCE  2  F0 09                BEQ     KBD_DEC5D       ; NON-SHIFTED, MOVE ON
00CCD0  2               
00CCD0  2  AE 6B CA             LDX     KBD_SCANCODE    ; GET THE SCANCODE
00CCD3  2  BD 50 CF             LDA     KBD_MAPSHIFT,X  ; GET SHIFTED
00CCD6  2  4C DF CC             JMP     :+
00CCD9  2               KBD_DEC5D:
00CCD9  2  AE 6B CA             LDX     KBD_SCANCODE    ; GET THE SCANCODE
00CCDC  2  BD CB CE             LDA     KBD_MAPSTD,X    ; GET STANDARD
00CCDF  2               :
00CCDF  2  8D 6C CA             STA     KBD_KEYCODE     ; SAVE KEYCODE
00CCE2  2               
00CCE2  2               KBD_DEC6:                       ; HANDLE MODIFIER KEYS
00CCE2  2  AD 6C CA             LDA     KBD_KEYCODE     ; MAKE SURE WE HAVE KEYCODE
00CCE5  2  C9 B8                CMP     #$B8            ; END OF MODIFIER KEYS
00CCE7  2  B0 5F                BCS     KBD_DEC7         ; BYPASS MODIFIER KEY CHECKING
00CCE9  2  C9 B0                CMP     #$B0            ; START OF MODIFIER KEYS
00CCEB  2  90 5B                BCC     KBD_DEC7        ; BYPASS MODIFIER KEY CHECKING
00CCED  2  A2 04                LDX     #4              ; LOOP COUNTER TO LOOP THRU 4 MODIFIER BITS
00CCEF  2  38                   SEC
00CCF0  2  E9 AF                SBC     #$AF            ; SETUP A TO DECREMENT THROUGH MODIFIER VALUES
00CCF2  2  8D 6A CA             STA     TMPKEY
00CCF5  2  A9 00                LDA     #$00            ; SETUP A TO ROATE THROUGH MODIFIER STATE BITS
00CCF7  2  38                   SEC                     ; SET CARRY FOR ROTATE
00CCF8  2               
00CCF8  2               KBD_DEC6A:
00CCF8  2  2A                   ROL     A               ; SHIFT TO NEXT MODIFIER STATE BIT
00CCF9  2  CE 6A CA             DEC     TMPKEY          ; L-MODIFIER?
00CCFC  2  F0 0B                BEQ     KBD_DEC6B       ; YES, HANDLE L-MODIFIER MAKE/BREAK
00CCFE  2  CE 6A CA             DEC     TMPKEY          ; R-MODIFIER?
00CD01  2  F0 0B                BEQ     KBD_DEC6C       ; YES, HANDLE R-MODIFIER MAKE/BREAK
00CD03  2  CA                   DEX
00CD04  2  D0 F2                BNE     KBD_DEC6A       ; LOOP THRU 4 MODIFIER BITS
00CD06  2  4C 48 CD             JMP     KBD_DEC7        ; FAILSAFE, SHOULD NEVER GET HERE!
00CD09  2               
00CD09  2               KBD_DEC6B:
00CD09  2  A2 00                LDX     #0              ; POINT TO LEFT STATE BYTE
00CD0B  2  4C 10 CD             JMP     KBD_DEC6D       ; CONTINUE
00CD0E  2               
00CD0E  2               KBD_DEC6C:
00CD0E  2  A2 01                LDX     #1              ; POINT TO RIGHT STATE BYTE
00CD10  2               
00CD10  2               KBD_DEC6D:                      ; BRANCH BASED ON WHETHER THIS IS A MAKE OR BREAK EVENT
00CD10  2  8D 6A CA             STA     TMPKEY
00CD13  2  AD 70 CA             LDA     KBD_STATUS      ; GET STATUS FLAGS
00CD16  2  29 02                AND     #KBD_BREAK      ; BREAK EVENT?
00CD18  2  F0 03                BEQ     KBD_DEC6E       ; NO, HANDLE A MODIFIER KEY MAKE EVENT
00CD1A  2  4C 29 CD             JMP     KBD_DEC6F       ; YES, HANDLE A MODIFIER BREAK EVENT
00CD1D  2               
00CD1D  2               KBD_DEC6E:                      ; HANDLE STATE KEY MAKE EVENT
00CD1D  2  AD 6A CA             LDA     TMPKEY
00CD20  2  1D 6E CA             ORA     KBD_LSTATE,X    ; OR IN THE BIT TO SET
00CD23  2  9D 6E CA             STA     KBD_LSTATE,X    ; SAVE THE RESULT
00CD26  2  4C 37 CD             JMP     KBD_DEC6G       ; CONTINUE
00CD29  2               
00CD29  2               KBD_DEC6F:                      ; HANDLE STATE KEY BREAK EVENT
00CD29  2  AD 6A CA             LDA     TMPKEY
00CD2C  2  49 FF                EOR     #$FF            ; FLIP ALL BITS TO SETUP FOR A CLEAR OPERATION
00CD2E  2  3D 6E CA             AND     KBD_LSTATE,X    ; AND IN THE FLIPPED BITS TO CLEAR DESIRED BIT
00CD31  2  9D 6E CA             STA     KBD_LSTATE,X    ; SAVE THE RESULT
00CD34  2  4C 37 CD             JMP     KBD_DEC6G       ; CONTINUE
00CD37  2               
00CD37  2               KBD_DEC6G:                      ; COALESCE L/R STATE FLAGS
00CD37  2  AD 6D CA             LDA     KBD_STATE       ; GET EXISTING STATE BITS
00CD3A  2  29 F0                AND     #$F0            ; GET RID OF OLD MODIFIER BITS
00CD3C  2  0D 6E CA             ORA     KBD_LSTATE      ; MERGE IN LEFT STATE BITS
00CD3F  2  0D 6F CA             ORA     KBD_RSTATE      ; MERGE IN RIGHT STATE BITS
00CD42  2  8D 6D CA             STA     KBD_STATE       ; SAVE IT
00CD45  2               :
00CD45  2  4C 0A CE             JMP     KBD_DECNEW      ; DONE WITH CURRENT KEYSTROKE
00CD48  2               
00CD48  2               KBD_DEC7:                       ; COMPLETE PROCESSING OF EXTENDED AND KEY BREAK EVENTS
00CD48  2  AD 70 CA             LDA     KBD_STATUS      ; GET CURRENT STATUS FLAGS
00CD4B  2  29 02                AND     #KBD_BREAK      ; IS THIS A KEY BREAK EVENT?
00CD4D  2  D0 F6                BNE     :-              ; PROCESS NEXT KEY
00CD4F  2               
00CD4F  2               KBD_DEC8:                       ; HANDLE TOGGLE KEYS
00CD4F  2  AD 6C CA             LDA     KBD_KEYCODE     ; GET THE CURRENT KEYCODE INTO A
00CD52  2  A0 40                LDY     #KBD_CAPSLCK    ; SETUP E WITH CAPS LOCK STATE BIT
00CD54  2  C9 BC                CMP     #$BC            ; IS THIS THE CAPS LOCK KEY?
00CD56  2  F0 0F                BEQ     KBD_DEC8A       ; YES, GO TO BIT SET ROUTINE
00CD58  2  A0 20                LDY     #KBD_NUMLCK     ; SETUP E WITH NUM LOCK STATE BIT
00CD5A  2  C9 BD                CMP     #$BD            ; IS THIS THE NUM LOCK KEY?
00CD5C  2  F0 09                BEQ     KBD_DEC8A       ; YES, GO TO BIT SET ROUTINE
00CD5E  2  A0 10                LDY     #KBD_SCRLCK     ; SETUP E WITH SCROLL LOCK STATE BIT
00CD60  2  C9 BE                CMP     #$BE            ; IS THIS THE SCROLL LOCK KEY?
00CD62  2  F0 03                BEQ     KBD_DEC8A       ; YES, GO TO BIT SET ROUTINE
00CD64  2  4C 74 CD             JMP     KBD_DEC9        ; NOT A TOGGLE KEY, CONTINUE
00CD67  2               
00CD67  2               KBD_DEC8A:                      ; RECORD THE TOGGLE
00CD67  2  98                   TYA
00CD68  2  4D 6D CA             EOR     KBD_STATE       ; SET THE TOGGLE KEY BIT FROM ABOVE
00CD6B  2  8D 6D CA             STA     KBD_STATE       ; SAVE IT
00CD6E  2  20 D9 CB             JSR     KBD_SETLEDS     ; UPDATE LED LIGHTS ON KBD
00CD71  2  4C 0A CE             JMP     KBD_DECNEW      ; RESTART DECODER FOR A NEW KEY
00CD74  2               
00CD74  2               KBD_DEC9:                       ; ADJUST KEYCODE FOR CONTROL MODIFIER
00CD74  2  AD 6D CA             LDA     KBD_STATE       ; GET THE CURRENT STATE BITS
00CD77  2  29 02                AND     #KBD_CTRL       ; CHECK THE CONTROL BIT
00CD79  2  F0 1E                BEQ     KBD_DEC10       ; CONTROL KEY NOT PRESSED, MOVE ON
00CD7B  2  AD 6C CA             LDA     KBD_KEYCODE     ; GET CURRENT KEYCODE IN A
00CD7E  2  C9 61                CMP     #'a'            ; COMPARE TO LOWERCASE A
00CD80  2  90 08                BCC     KBD_DEC9A       ; BELOW IT, BYPASS
00CD82  2  C9 7A                CMP     #'z'            ; COMPARE TO LOWERCASE Z+1
00CD84  2  F0 02                BEQ     :+
00CD86  2  B0 02                BCS     KBD_DEC9A       ; ABOVE IT, BYPASS
00CD88  2               :
00CD88  2  29 DF                AND     #$DF            ; KEYCODE IN LOWERCASE A-Z RANGE CLEAR BIT 5 TO MAKE IT UPPERCASE
00CD8A  2               KBD_DEC9A:
00CD8A  2  C9 40                CMP     #'@'            ; COMPARE TO @
00CD8C  2  90 0B                BCC     KBD_DEC10       ; BELOW IT, BYPASS
00CD8E  2  C9 5F                CMP     #'_'            ; COMPARE TO _+1
00CD90  2  F0 02                BEQ     :+
00CD92  2  B0 05                BCS     KBD_DEC10       ; ABOVE IT, BYPASS
00CD94  2               :
00CD94  2  29 BF                AND     #$BF            ; CONVERT TO CONTROL VALUE BY CLEARING BIT 6
00CD96  2  8D 6C CA             STA     KBD_KEYCODE     ; UPDATE KEYCODE TO CONTROL VALUE
00CD99  2               
00CD99  2               KBD_DEC10:                      ; ADJUST KEYCODE FOR CAPS LOCK
00CD99  2  AD 6D CA             LDA     KBD_STATE       ; LOAD THE STATE FLAGS
00CD9C  2  29 40                AND     #KBD_CAPSLCK    ; CHECK CAPS LOCK
00CD9E  2  F0 25                BEQ     KBD_DEC11       ; CAPS LOCK NOT ACTIVE, MOVE ON
00CDA0  2  AD 6C CA             LDA     KBD_KEYCODE     ; GET THE CURRENT KEYCODE VALUE
00CDA3  2  C9 61                CMP     #'a'            ; COMPARE TO LOWERCASE A
00CDA5  2  90 09                BCC     KBD_DEC10A      ; BELOW IT, BYPASS
00CDA7  2  C9 7A                CMP     #'z'            ; COMPARE TO LOWERCASE Z+1
00CDA9  2  F0 02                BEQ     :+
00CDAB  2  B0 03                BCS     KBD_DEC10A      ; ABOVE IT, BYPASS
00CDAD  2               :
00CDAD  2  4C BD CD             JMP     KBD_DEC10B      ; IN RANGE LOWERCASE A-Z, GO TO CASE SWAPPING LOGIC
00CDB0  2               KBD_DEC10A:
00CDB0  2  C9 41                CMP     #'A'            ; COMPARE TO UPPERCASE A
00CDB2  2  90 11                BCC     KBD_DEC11       ; BELOW IT, BYPASS
00CDB4  2  C9 5A                CMP     #'Z'            ; COMPARE TO UPPERCASE Z+1
00CDB6  2  F0 02                BEQ     :+
00CDB8  2  B0 0B                BCS     KBD_DEC11       ; ABOVE IT, BYPASS
00CDBA  2               :
00CDBA  2  4C BD CD             JMP     KBD_DEC10B      ; IN RANGE UPPERCASE A-Z, GO TO CASE SWAPPING LOGIC
00CDBD  2               KBD_DEC10B:
00CDBD  2  AD 6C CA             LDA     KBD_KEYCODE     ; GET THE CURRENT KEYCODE
00CDC0  2  49 20                EOR     #$20            ; FLIP BIT 5 TO SWAP UPPER/LOWER CASE
00CDC2  2  8D 6C CA             STA     KBD_KEYCODE     ; SAVE IT
00CDC5  2               
00CDC5  2               KBD_DEC11:                      ; HANDLE NUM PAD KEYS
00CDC5  2  AD 6D CA             LDA     KBD_STATE       ; GET THE CURRENT STATE FLAGS
00CDC8  2  29 7F                AND     #NOT_KBD_NUMPAD ; ASSUME NOT A NUMPAD KEY, CLEAR THE NUMPAD BIT
00CDCA  2  8D 6D CA             STA     KBD_STATE       ; SAVE IT
00CDCD  2               
00CDCD  2  AD 6C CA             LDA     KBD_KEYCODE     ; GET THE CURRENT KEYCODE
00CDD0  2  29 E0                AND     #%11100000      ; ISOLATE TOP 3 BITS
00CDD2  2  C9 C0                CMP     #%11000000      ; IS IN NUMPAD RANGE?
00CDD4  2  D0 21                BNE     KBD_DEC12       ; NOPE, GET OUT
00CDD6  2               
00CDD6  2  AD 6D CA             LDA     KBD_STATE       ; LOAD THE CURRENT STATE FLAGS
00CDD9  2  09 80                ORA     #KBD_NUMPAD     ; TURN ON THE NUMPAD BIT
00CDDB  2  8D 6D CA             STA     KBD_STATE       ; SAVE IT
00CDDE  2               
00CDDE  2  29 20                AND     #KBD_NUMLCK     ; IS NUM LOCK BIT SET?
00CDE0  2  F0 08                BEQ     KBD_DEC11A      ; NO, SKIP NUMLOCK PROCESSING
00CDE2  2  AD 6C CA             LDA     KBD_KEYCODE     ; GET THE KEYCODE
00CDE5  2  49 10                EOR     #$10            ; FLIP VALUES FOR NUMLOCK
00CDE7  2  8D 6C CA             STA     KBD_KEYCODE     ; SAVE IT
00CDEA  2               
00CDEA  2               KBD_DEC11A:                     ; APPLY NUMPAD MAPPING
00CDEA  2  AD 6C CA             LDA     KBD_KEYCODE     ; GET THE CURRENT KEYCODE
00CDED  2  38                   SEC
00CDEE  2  E9 C0                SBC     #$C0            ; KEYCODES START AT $C0
00CDF0  2  AA                   TAX
00CDF1  2  BD 03 D0             LDA     KBD_MAPNUMPAD,X ; GET IT IN A
00CDF4  2  8D 6C CA             STA     KBD_KEYCODE     ; SAVE IT
00CDF7  2               
00CDF7  2               KBD_DEC12:                      ; DETECT UNKNOWN/INVALID KEYCODES
00CDF7  2  AD 6C CA             LDA     KBD_KEYCODE     ; GET THE FINAL KEYCODE
00CDFA  2  C9 FF                CMP     #$FF            ; IS IT $FF (UNKNOWN/INVALID)
00CDFC  2  F0 0C                BEQ     KBD_DECNEW      ; IF SO, JUST RESTART THE ENGINE
00CDFE  2               
00CDFE  2               KBD_DEC13:                      ; DONE - RECORD RESULTS
00CDFE  2  AD 70 CA             LDA     KBD_STATUS      ; GET CURRENT STATUS
00CE01  2  09 80                ORA     #KBD_KEYRDY     ; SET KEY READY BIT
00CE03  2  8D 70 CA             STA     KBD_STATUS      ; SAVE IT
00CE06  2  A9 00                LDA     #$00            ; A=0
00CE08  2  18                   CLC                     ; SIGNAL SUCCESS WITH A=1, CARRY CLEAR
00CE09  2  60                   RTS
00CE0A  2               
00CE0A  2               KBD_DECNEW:                     ; START NEW KEYPRESS (CLEAR ALL STATUS BITS)
00CE0A  2  A9 00                LDA     #$00            ; A=0
00CE0C  2  8D 70 CA             STA     KBD_STATUS      ; CLEAR STATUS
00CE0F  2  4C 43 CC             JMP     KBD_DEC1        ; RESTART THE ENGINE
00CE12  2               
00CE12  2               DELAY:
00CE12  2  48                   PHA
00CE13  2  98                   TYA
00CE14  2  48                   PHA
00CE15  2  8A                   TXA
00CE16  2  48                   PHA
00CE17  2  A2 25                LDX     #$25
00CE19  2               :
00CE19  2  CA                   DEX
00CE1A  2  E0 00                CPX     #$00
00CE1C  2  D0 FB                BNE     :-
00CE1E  2  68                   PLA
00CE1F  2  AA                   TAX
00CE20  2  68                   PLA
00CE21  2  A8                   TAY
00CE22  2  68                   PLA
00CE23  2  60                   RTS
00CE24  2               
00CE24  2               LDELAY:
00CE24  2  48                   PHA
00CE25  2  8A                   TXA
00CE26  2  48                   PHA
00CE27  2  98                   TYA
00CE28  2  48                   PHA
00CE29  2  A2 00                LDX     #$00
00CE2B  2  A0 03                LDY     #$03
00CE2D  2               :
00CE2D  2  20 12 CE             JSR     DELAY
00CE30  2  CA                   DEX
00CE31  2  E0 00                CPX     #$00
00CE33  2  D0 F8                BNE     :-
00CE35  2  88                   DEY
00CE36  2  C0 00                CPY     #$00
00CE38  2  D0 F3                BNE     :-
00CE3A  2  68                   PLA
00CE3B  2  A8                   TAY
00CE3C  2  68                   PLA
00CE3D  2  AA                   TAX
00CE3E  2  68                   PLA
00CE3F  2  60                   RTS
00CE40  2               
00CE40  2               ;
00CE40  2               ; DRIVER DATA
00CE40  2               ;__________________________________________________________________________________________________
00CE40  2               ; MESSAGES
00CE40  2               ;__________________________________________________________________________________________________
00CE40  2               MIOMESSAGE1:
00CE40  2  49 53 41 20          .BYTE   "ISA MULTI-IO:"
00CE44  2  4D 55 4C 54  
00CE48  2  49 2D 49 4F  
00CE4D  2  00                   .BYTE   00
00CE4E  2               MIOMESSAGE3:
00CE4E  2  20 20 4B 42          .BYTE   "  KBD: VT82C42 NOT FOUND."
00CE52  2  44 3A 20 56  
00CE56  2  54 38 32 43  
00CE67  2  00                   .BYTE   00
00CE68  2               MIOMESSAGE4:
00CE68  2  20 20 4B 42          .BYTE   "  KBD: INITIALIZED."
00CE6C  2  44 3A 20 49  
00CE70  2  4E 49 54 49  
00CE7B  2  00                   .BYTE   00
00CE7C  2               MIOMESSAGE5:
00CE7C  2  20 20 4C 50          .BYTE   "  LPT: INITIALIZED."
00CE80  2  54 3A 20 49  
00CE84  2  4E 49 54 49  
00CE8F  2  00                   .BYTE   00
00CE90  2               MIOMESSAGE6:
00CE90  2  20 20 4B 42          .BYTE   "  KBD: VT82C42 WRITE TIMEOUT."
00CE94  2  44 3A 20 56  
00CE98  2  54 38 32 43  
00CEAD  2  00                   .BYTE   00
00CEAE  2               MIOMESSAGE7:
00CEAE  2  20 20 4B 42          .BYTE   "  KBD: VT82C42 READ TIMEOUT."
00CEB2  2  44 3A 20 56  
00CEB6  2  54 38 32 43  
00CECA  2  00                   .BYTE   00
00CECB  2               
00CECB  2               ;
00CECB  2               ; MAPPING
00CECB  2               ;__________________________________________________________________________________________________
00CECB  2               ;
00CECB  2               KBD_MAPSTD:                     ; SCANCODE IS INDEX INTO TABLE TO RESULTANT LOOKUP KEYCODE
00CECB  2  FF E8 FF E4          .BYTE   $FF,$E8,$FF,$E4,$E2,$E0,$E1,$EB,$FF,$E9,$E7,$E5,$E3,$09,'`',$FF
00CECF  2  E2 E0 E1 EB  
00CED3  2  FF E9 E7 E5  
00CEDB  2  FF B4 B0 FF          .BYTE   $FF,$B4,$B0,$FF,$B2,'q','1',$FF,$FF,$FF,'z','s','a','w','2',$FF
00CEDF  2  B2 71 31 FF  
00CEE3  2  FF FF 7A 73  
00CEEB  2  FF 63 78 64          .BYTE   $FF,'c','x','d','e','4','3',$FF,$FF,' ','v','f','t','r','5',$FF
00CEEF  2  65 34 33 FF  
00CEF3  2  FF 20 76 66  
00CEFB  2  FF 6E 62 68          .BYTE   $FF,'n','b','h','g','y','6',$FF,$FF,$FF,'m','j','u','7','8',$FF
00CEFF  2  67 79 36 FF  
00CF03  2  FF FF 6D 6A  
00CF0B  2  FF 2C 6B 69          .BYTE   $FF,',','k','i','o','0','9',$FF,$FF,'.','/','l',';','p','-',$FF
00CF0F  2  6F 30 39 FF  
00CF13  2  FF 2E 2F 6C  
00CF1B  2  FF FF 27 FF          .BYTE   $FF,$FF,$27,$FF,'[','=',$FF,$FF,$BC,$B1,$0D,']',$FF,'\',$FF,$FF
00CF1F  2  5B 3D FF FF  
00CF23  2  BC B1 0D 5D  
00CF2B  2  FF FF FF FF          .BYTE   $FF,$FF,$FF,$FF,$FF,$FF,$08,$FF,$FF,$C0,$FF,$C3,$C6,$FF,$FF,$FF
00CF2F  2  FF FF 08 FF  
00CF33  2  FF C0 FF C3  
00CF3B  2  C9 CA C1 C4          .BYTE   $C9,$CA,$C1,$C4,$C5,$C7,$1B,$BD,$FA,$CE,$C2,$CD,$CC,$C8,$BE,$FF
00CF3F  2  C5 C7 1B BD  
00CF43  2  FA CE C2 CD  
00CF4B  2  FF FF FF E6          .BYTE   $FF,$FF,$FF,$E6,$EC
00CF4F  2  EC           
00CF50  2               BD_MAPSTDEND:
00CF50  2               ;
00CF50  2               KBD_MAPSIZ      = BD_MAPSTDEND-KBD_MAPSTD
00CF50  2               ;
00CF50  2               KBD_MAPSHIFT:                   ; SCANCODE IS INDEX INTO TABLE TO RESULTANT LOOKUP KEYCODE WHEN SHIFT ACTIVE
00CF50  2  FF E8 FF E4          .BYTE   $FF,$E8,$FF,$E4,$E2,$E0,$E1,$EB,$FF,$E9,$E7,$E5,$E3,$09,'~',$FF
00CF54  2  E2 E0 E1 EB  
00CF58  2  FF E9 E7 E5  
00CF60  2  FF B4 B0 FF          .BYTE   $FF,$B4,$B0,$FF,$B2,'Q','!',$FF,$FF,$FF,'Z','S','A','W','@',$FF
00CF64  2  B2 51 21 FF  
00CF68  2  FF FF 5A 53  
00CF70  2  FF 43 58 44          .BYTE   $FF,'C','X','D','E','$','#',$FF,$FF,' ','V','F','T','R','%',$FF
00CF74  2  45 24 23 FF  
00CF78  2  FF 20 56 46  
00CF80  2  FF 4E 42 48          .BYTE   $FF,'N','B','H','G','Y','^',$FF,$FF,$FF,'M','J','U','&','*',$FF
00CF84  2  47 59 5E FF  
00CF88  2  FF FF 4D 4A  
00CF90  2  FF 3C 4B 49          .BYTE   $FF,'<','K','I','O',')','(',$FF,$FF,'>','?','L',':','P','_',$FF
00CF94  2  4F 29 28 FF  
00CF98  2  FF 3E 3F 4C  
00CFA0  2  FF FF 22 FF          .BYTE   $FF,$FF,$22,$FF,'{','+',$FF,$FF,$BC,$B1,$0D,'}',$FF,'|',$FF,$FF
00CFA4  2  7B 2B FF FF  
00CFA8  2  BC B1 0D 7D  
00CFB0  2  FF FF FF FF          .BYTE   $FF,$FF,$FF,$FF,$FF,$FF,$08,$FF,$FF,$D0,$FF,$D3,$D6,$FF,$FF,$FF
00CFB4  2  FF FF 08 FF  
00CFB8  2  FF D0 FF D3  
00CFC0  2  D9 DA D1 D4          .BYTE   $D9,$DA,$D1,$D4,$D5,$D7,$1B,$BD,$FA,$DE,$D2,$DD,$DC,$D8,$BE,$FF
00CFC4  2  D5 D7 1B BD  
00CFC8  2  FA DE D2 DD  
00CFD0  2  FF FF FF E6          .BYTE   $FF,$FF,$FF,$E6,$EC
00CFD4  2  EC           
00CFD5  2               ;
00CFD5  2               KBD_MAPEXT:                     ; PAIRS ARE [SCANCODE,KEYCODE] FOR EXTENDED SCANCODES
00CFD5  2  11 B5 14 B3          .BYTE   $11,$B5,$14,$B3,$1F,$B6,$27,$B7
00CFD9  2  1F B6 27 B7  
00CFDD  2  2F EF 37 FA          .BYTE   $2F,$EF,$37,$FA,$3F,$FB,$4A,$CB
00CFE1  2  3F FB 4A CB  
00CFE5  2  5A CF 5E FC          .BYTE   $5A,$CF,$5E,$FC,$69,$F3,$6B,$F8
00CFE9  2  69 F3 6B F8  
00CFED  2  6C F2 70 F0          .BYTE   $6C,$F2,$70,$F0,$71,$F1,$72,$F7
00CFF1  2  71 F1 72 F7  
00CFF5  2  74 F9 75 F6          .BYTE   $74,$F9,$75,$F6,$7A,$F5,$7C,$ED
00CFF9  2  7A F5 7C ED  
00CFFD  2  7D F4 7E FD          .BYTE   $7D,$F4,$7E,$FD,$00,$00
00D001  2  00 00        
00D003  2               ;
00D003  2               KBD_MAPNUMPAD:                  ; KEYCODE TRANSLATION FROM NUMPAD RANGE TO STD ASCII/KEYCODES
00D003  2  F3 F7 F5 F8          .BYTE   $F3,$F7,$F5,$F8,$FF,$F9,$F2,$F6,$F4,$F0,$F1,$2F,$2A,$2D,$2B,$0D
00D007  2  FF F9 F2 F6  
00D00B  2  F4 F0 F1 2F  
00D013  2  31 32 33 34          .BYTE   $31,$32,$33,$34,$35,$36,$37,$38,$39,$30,$2E,$2F,$2A,$2D,$2B,$0D
00D017  2  35 36 37 38  
00D01B  2  39 30 2E 2F  
00D023  2               ;
00D023  2               ;
00D023  2               ;__________________________________________________________________________________________________
00D023  2               ; KEYCODE VALUES RETURNED BY THE DECODER
00D023  2               ;__________________________________________________________________________________________________
00D023  2               ;
00D023  2               ; VALUES 0-127 ARE STANDARD ASCII, SPECIAL KEYS WILL HAVE THE FOLLOWING VALUES:
00D023  2               ;
00D023  2               ; F1		$E0
00D023  2               ; F2		$E1
00D023  2               ; F3		$E2
00D023  2               ; F4		$E3
00D023  2               ; F5		$E4
00D023  2               ; F6		$E5
00D023  2               ; F7		$E6
00D023  2               ; F8		$E7
00D023  2               ; F9		$E8
00D023  2               ; F10		$E9
00D023  2               ; F11		$EA
00D023  2               ; F12		$EB
00D023  2               ; SYSRQ		$EC
00D023  2               ; PRTSC		$ED
00D023  2               ; PAUSE		$EE
00D023  2               ; APP		$EF
00D023  2               ; INS		$F0
00D023  2               ; DEL		$F1
00D023  2               ; HOME		$F2
00D023  2               ; END		$F3
00D023  2               ; PGUP		$F4
00D023  2               ; PGDN		$F5
00D023  2               ; UP		$F6
00D023  2               ; DOWN		$F7
00D023  2               ; LEFT		$F8
00D023  2               ; RIGHT		$F9
00D023  2               ; POWER		$FA
00D023  2               ; SLEEP		$FB
00D023  2               ; WAKE		$FC
00D023  2               ; BREAK		$FD
00D023  2               ;___________________________________________________________________________________________________________________
00D023  2               ;
00D023  2               ; CENTRONICS (LPT) INTERFACE DRIVER
00D023  2               ;___________________________________________________________________________________________________________________
00D023  2               ;
00D023  2               ; BYTE OUTPUT
00D023  2               ;
00D023  2               LPT_OUT:
00D023  2  48                   PHA
00D024  2  A2 FF                LDX     #<LPT_WAITTO
00D026  2  A0 30                LDY     #>LPT_WAITTO
00D028  2               :
00D028  2  20 50 D0             JSR     LPT_OST         ; READY TO SEND?
00D02B  2  D0 0D                BNE     :+              ; GO IF READY
00D02D  2  CA                   DEX
00D02E  2  E0 00                CPX     #$00
00D030  2  D0 F6                BNE     :-              ; LOOP IF NOT READY
00D032  2  88                   DEY
00D033  2  C0 00                CPY     #$00
00D035  2  D0 F1                BNE     :-              ; LOOP IF NOT READY
00D037  2  68                   PLA
00D038  2  38                   SEC                     ; SIGNAL ERROR
00D039  2  60                   RTS
00D03A  2               :
00D03A  2  68                   PLA
00D03B  2  8D F0 E3             STA     LPT_0           ; OUTPUT TO PORT 0 (DATA)
00D03E  2  A9 0D                LDA     #%00001101      ; SELECT & STROBE, LEDS OFF
00D040  2  8D F2 E3             STA     LPT_2           ; OUTPUT DATA TO PORT
00D043  2  20 12 CE             JSR     DELAY
00D046  2  A9 0C                LDA     #%00001100      ; SELECT, LEDS OFF
00D048  2  8D F2 E3             STA     LPT_2           ; OUTPUT DATA TO PORT
00D04B  2  20 12 CE             JSR     DELAY
00D04E  2  18                   CLC
00D04F  2  60                   RTS
00D050  2               ;
00D050  2               ; OUTPUT STATUS
00D050  2               ;
00D050  2               LPT_OST:
00D050  2  AD F1 E3             LDA     LPT_1           ; GET STATUS INFO
00D053  2  29 80                AND     #%10000000      ; ISOLATE /BUSY
00D055  2  60                   RTS                     ; DONE
00D056  2               
00D056  1                       .INCLUDE "bios_rtc.asm"
00D056  2               
00D056  2               
00D056  2               ;__RTC DRIVERS___________________________________________________________________________________________________________________
00D056  2               ;
00D056  2               ; 	DOS REAL TIME CLOCK drivers
00D056  2               ;
00D056  2               ;	Entry points:
00D056  2               ;		DOSREADRTC   - called to RETURN RTC
00D056  2               ;________________________________________________________________________________________________________________________________
00D056  2               ;
00D056  2               ;*
00D056  2               ;* HARDWARE I/O ADDRESSES
00D056  2               ;*
00D056  2               RTCBASE         = PC6502_IOSPACE+$90;
00D056  2               
00D056  2               
00D056  2               ;__RTC_WRITE____________________________________________________
00D056  2               ; write a value to the RTC
00D056  2               ; address in X
00D056  2               ; value in Y
00D056  2               ;_______________________________________________________________
00D056  2               RTC_WRITE:
00D056  2  E0 07                CPX     #7
00D058  2  B0 43                BCS     :++
00D05A  2  E0 06                CPX     #6
00D05C  2  D0 01                BNE     :+
00D05E  2  CA                   DEX
00D05F  2               :
00D05F  2  8C 50 D1             STY     RTCWORK
00D062  2  8A                   TXA
00D063  2  18                   CLC
00D064  2  2A                   ROL     A               ; ADDRESS * 2
00D065  2  29 0F                AND     #$0F            ; CLEAR UPPER BITS
00D067  2  AA                   TAX                     ; address in x
00D068  2  A9 02                LDA     #$02
00D06A  2  8D 9F EF             STA     RTCBASE+$0F
00D06D  2  AD 50 D1             LDA     RTCWORK         ; value in A
00D070  2  29 0F                AND     #$0F
00D072  2  9D 90 EF             STA     RTCBASE,X       ; SET LOW NIBBLE OF VALUE
00D075  2  E8                   INX
00D076  2  AD 50 D1             LDA     RTCWORK         ; value in A
00D079  2  29 F0                AND     #$F0
00D07B  2  18                   CLC
00D07C  2  6A                   ROR     A
00D07D  2  6A                   ROR     A
00D07E  2  6A                   ROR     A
00D07F  2  6A                   ROR     A
00D080  2  9D 90 EF             STA     RTCBASE,X       ; SET HIGH NIBBLE OF VALUE
00D083  2  A9 00                LDA     #$00
00D085  2  8D 9D EF             STA     RTCBASE + $0D
00D088  2  8D 9E EF             STA     RTCBASE + $0E
00D08B  2  A9 01                LDA     #$01
00D08D  2  8D 9F EF             STA     RTCBASE + $0F
00D090  2  A9 05                LDA     #$05
00D092  2  8D 9F EF             STA     RTCBASE + $0F
00D095  2  A9 04                LDA     #$04
00D097  2  8D 9F EF             STA     RTCBASE + $0F
00D09A  2  A9 00                LDA     #$00
00D09C  2  60                   RTS
00D09D  2               :
00D09D  2  A9 FF                LDA     #$FF
00D09F  2  60                   RTS
00D0A0  2               
00D0A0  2               
00D0A0  2               ;__RTC_READ______________________________________________________
00D0A0  2               ; read a value from the RTC
00D0A0  2               ; address in X
00D0A0  2               ; value in Y
00D0A0  2               ;_______________________________________________________________
00D0A0  2               RTC_READ:
00D0A0  2  E0 06                CPX     #6
00D0A2  2  D0 01                BNE     :+
00D0A4  2  CA                   DEX
00D0A5  2               :
00D0A5  2  8A                   TXA
00D0A6  2  18                   CLC                     ; CLEAR CARRY
00D0A7  2  2A                   ROL     A               ; ADDRESS * 2
00D0A8  2  29 0F                AND     #$0F            ; CLEAR UPPER BITS
00D0AA  2  AA                   TAX                     ; address in x
00D0AB  2  BD 90 EF             LDA     RTCBASE,X       ; GET LOW NIBBLE OF VALUE
00D0AE  2  29 0F                AND     #$0F
00D0B0  2  8D 50 D1             STA     RTCWORK
00D0B3  2  E8                   INX
00D0B4  2  BD 90 EF             LDA     RTCBASE,X       ; GET HIGH NIBBLE OF VALUE
00D0B7  2  2A                   ROL     A
00D0B8  2  2A                   ROL     A
00D0B9  2  2A                   ROL     A
00D0BA  2  2A                   ROL     A
00D0BB  2  29 F0                AND     #$F0
00D0BD  2  0D 50 D1             ORA     RTCWORK         ; return value in a
00D0C0  2  A8                   TAY
00D0C1  2  A9 00                LDA     #$00
00D0C3  2  60                   RTS
00D0C4  2               
00D0C4  2               ;_______________________________________________________________
00D0C4  2               ; function RTC_BEEP
00D0C4  2               ;
00D0C4  2               ;_______________________________________________________________
00D0C4  2               RTC_BEEP:
00D0C4  2  60                   RTS                     ; NOT SUPPORTED NO HARDWARE
00D0C5  2               
00D0C5  2               ;_______________________________________________________________
00D0C5  2               ; function RTC_BUTTON
00D0C5  2               ;
00D0C5  2               ;_______________________________________________________________
00D0C5  2               RTC_BUTTON:
00D0C5  2  A9 FF                LDA     #$FF
00D0C7  2  60                   RTS                     ; NOT SUPPORTED NO HARDWARE
00D0C8  2               
00D0C8  2               ;_______________________________________________________________
00D0C8  2               ; function RTC_LED
00D0C8  2               ;
00D0C8  2               ;_______________________________________________________________
00D0C8  2               RTC_LED:
00D0C8  2  60                   RTS                     ; NOT SUPPORTED NO HARDWARE
00D0C9  2               
00D0C9  2               ;__RTC_INIT________________________________________________________________________________________
00D0C9  2               ;
00D0C9  2               ;  INIT AND DISPLAY RTC INFO
00D0C9  2               ;____________________________________________________________________________________________________
00D0C9  2               ;
00D0C9  2               RTC_INIT:
00D0C9  2  20 89 D1             JSR     LFCR            ; AND CRLF
00D0CC  2  A9 51                LDA     #<RTCMESSAGE1   ;
00D0CE  2  85 41                STA     STRPTR          ;
00D0D0  2  A9 D1                LDA     #>RTCMESSAGE1   ;
00D0D2  2  85 42                STA     STRPTR+1        ;
00D0D4  2  20 94 D1             JSR     WRSTR
00D0D7  2  20 89 D1             JSR     LFCR            ; AND CRLF
00D0DA  2  A9 55                LDA     #<MESSAGE2      ;
00D0DC  2  85 41                STA     STRPTR          ;
00D0DE  2  A9 C3                LDA     #>MESSAGE2      ;
00D0E0  2  85 42                STA     STRPTR+1        ;
00D0E2  2  20 94 D1             JSR     WRSTR
00D0E5  2  A9 EF                LDA     #>RTCBASE
00D0E7  2  20 A9 D1             JSR     PRINT_BYTE
00D0EA  2  A9 90                LDA     #<RTCBASE
00D0EC  2  20 A9 D1             JSR     PRINT_BYTE
00D0EF  2  20 89 D1             JSR     LFCR            ; AND CRLF
00D0F2  2  A9 56                LDA     #<RTCMESSAGE2   ;
00D0F4  2  85 41                STA     STRPTR          ;
00D0F6  2  A9 D1                LDA     #>RTCMESSAGE2   ;
00D0F8  2  85 42                STA     STRPTR+1        ;
00D0FA  2  20 94 D1             JSR     WRSTR
00D0FD  2  A2 02                LDX     #2
00D0FF  2  20 A0 D0             JSR     RTC_READ
00D102  2  98                   TYA
00D103  2  20 A9 D1             JSR     PRINT_BYTE
00D106  2  A9 3A                LDA     #':'
00D108  2  20 80 D1             JSR     DFT_CONSOLE_OUT
00D10B  2  A2 01                LDX     #1
00D10D  2  20 A0 D0             JSR     RTC_READ
00D110  2  98                   TYA
00D111  2  20 A9 D1             JSR     PRINT_BYTE
00D114  2  A9 3A                LDA     #':'
00D116  2  20 80 D1             JSR     DFT_CONSOLE_OUT
00D119  2  A2 00                LDX     #0
00D11B  2  20 A0 D0             JSR     RTC_READ
00D11E  2  98                   TYA
00D11F  2  20 A9 D1             JSR     PRINT_BYTE
00D122  2  A9 20                LDA     #' '
00D124  2  20 80 D1             JSR     DFT_CONSOLE_OUT
00D127  2  A2 04                LDX     #4
00D129  2  20 A0 D0             JSR     RTC_READ
00D12C  2  98                   TYA
00D12D  2  20 A9 D1             JSR     PRINT_BYTE
00D130  2  A9 2F                LDA     #'/'
00D132  2  20 80 D1             JSR     DFT_CONSOLE_OUT
00D135  2  A2 03                LDX     #3
00D137  2  20 A0 D0             JSR     RTC_READ
00D13A  2  98                   TYA
00D13B  2  20 A9 D1             JSR     PRINT_BYTE
00D13E  2  A9 2F                LDA     #'/'
00D140  2  20 80 D1             JSR     DFT_CONSOLE_OUT
00D143  2  A2 06                LDX     #6
00D145  2  20 A0 D0             JSR     RTC_READ
00D148  2  98                   TYA
00D149  2  20 A9 D1             JSR     PRINT_BYTE
00D14C  2  20 89 D1             JSR     LFCR            ; AND CRLF
00D14F  2  60                   RTS
00D150  2               
00D150  2               
00D150  2               
00D150  2               RTCWORK:
00D150  2  00                   .BYTE   00
00D151  2               
00D151  2               
00D151  2               RTCMESSAGE1:
00D151  2  52 54 43 3A          .BYTE   "RTC:"
00D155  2  00                   .BYTE   00
00D156  2               RTCMESSAGE2:
00D156  2  20 43 55 52          .BYTE   " CURRENT DATE/TIME:  "
00D15A  2  52 45 4E 54  
00D15E  2  20 44 41 54  
00D16B  2  00                   .BYTE   00
00D16C  2               
00D16C  1               
00D16C  1               
00D16C  1               
00D16C  1               
00D16C  1               ;__DFT_CONSOLE___________________________________________________________________________________________________________________
00D16C  1               ;
00D16C  1               ;	      TRANSFER CONSOLE COMMAND TO DESIGNATED CONSOLE
00D16C  1               ;________________________________________________________________________________________________________________________________
00D16C  1               DFT_CONSOLE:
00D16C  1  8D 7E D1             STA     drvtmp
00D16F  1  A5 3A                LDA     CONSOLE
00D171  1  18                   CLC
00D172  1  65 32                ADC     farfunct
00D174  1  85 32                STA     farfunct
00D176  1  68                   PLA
00D177  1  68                   PLA
00D178  1  AD 7E D1             LDA     drvtmp
00D17B  1  4C 00 C0             JMP     FUNCTION_DISPATCHER1
00D17E  1               drvtmp:
00D17E  1  00                   .BYTE   00
00D17F  1               
00D17F  1               drv_noop:
00D17F  1  60                   RTS
00D180  1               
00D180  1               DFT_CONSOLE_OUT:
00D180  1  48                   pha
00D181  1  A5 3A                LDA    CONSOLE
00D183  1  85 32                sta    farfunct
00D185  1  68                   pla
00D186  1  4C 00 C0             JMP    FUNCTION_DISPATCHER1
00D189  1               
00D189  1               ;------------------------------------------------------------------------
00D189  1               LFCR:
00D189  1  A9 0A                LDA     #10
00D18B  1  20 80 D1             JSR     DFT_CONSOLE_OUT ; PRINT CHAR IN ACC
00D18E  1  A9 0D                LDA     #13
00D190  1  20 80 D1             JSR     DFT_CONSOLE_OUT ; PRINT CHAR IN ACC
00D193  1  60                   RTS
00D194  1               
00D194  1               ;__WRSTR_______________________________________________________
00D194  1               ;
00D194  1               ; OUTPUT THE STRING POINTED TO BY OUTSTR TO THE SCREEN
00D194  1               ;
00D194  1               ;______________________________________________________________
00D194  1               WRSTR:
00D194  1  A0 00                LDY     #$00            ; LOAD $00 INTO Y
00D196  1               OUTSTRLP:
00D196  1  B1 41                LDA     (STRPTR),Y      ; LOAD NEXT CHAR FROM STRING INTO ACC
00D198  1  C9 00                CMP     #$00            ; IS NULL?
00D19A  1  F0 0C                BEQ     ENDOUTSTR       ; YES, END PRINT OUT
00D19C  1  20 80 D1             JSR     DFT_CONSOLE_OUT ; PRINT CHAR IN ACC
00D19F  1  E6 41                INC     STRPTR
00D1A1  1  D0 F3                BNE     OUTSTRLP
00D1A3  1  E6 42                INC     STRPTR+1
00D1A5  1  4C 96 D1             JMP     OUTSTRLP        ; DO NEXT CHAR
00D1A8  1               ENDOUTSTR:
00D1A8  1  60                   RTS                     ; RETURN
00D1A9  1               
00D1A9  1               PRINT_BYTE:
00D1A9  1  8E CE D1             STX     SAVX            ; save X
00D1AC  1  20 B9 D1             JSR     ASCTWO          ; get hex chars for byte in X (lower) and A (upper)
00D1AF  1  20 80 D1             JSR     DFT_CONSOLE_OUT ; output upper nybble
00D1B2  1  8A                   TXA                     ; transfer lower to A
00D1B3  1  AE CE D1             LDX     SAVX            ; restore X
00D1B6  1  4C 80 D1             JMP     DFT_CONSOLE_OUT ; output lower nybble
00D1B9  1               ASCTWO:
00D1B9  1  48                   PHA                     ; save byte
00D1BA  1  20 C3 D1             JSR     ASCII           ; do low nybble
00D1BD  1  AA                   TAX                     ; save in X
00D1BE  1  68                   PLA                     ; restore byte
00D1BF  1  4A                   LSR     A               ; shift upper nybble down
00D1C0  1  4A                   LSR     A
00D1C1  1  4A                   LSR     A
00D1C2  1  4A                   LSR     A
00D1C3  1               ; convert low nybble in A to hex digit
00D1C3  1               ASCII:
00D1C3  1  29 0F                AND     #$0F            ; clear upper nibble
00D1C5  1  C9 0A                CMP     #$0A            ; if less than A, skip next step
00D1C7  1  90 02                BCC     ASC1
00D1C9  1  69 06                ADC     #6              ; skip ascii chars between 9 and A
00D1CB  1               ASC1:
00D1CB  1  69 30                ADC     #$30            ; add ascii char 0 to value
00D1CD  1  60                   RTS
00D1CE  1               SAVX:
00D1CE  1  00                   .BYTE   00
00D1CE  1               
